DateTimeUTC,Meter_Hydros21_Cond,Meter_Hydros21_Depth,Meter_Hydros21_Temp,air_temp_c,rain_mm,shortwave_radiation
2026-01-05 08:00:00,209.0,246.2,11.8,8.8,0.0,0.0
2026-01-05 08:15:00,211.0,243.2,11.7,8.8,0.0,0.0
2026-01-05 08:30:00,212.2,242.7,11.7,8.8,0.0,0.0
2026-01-05 08:45:00,214.2,242.2,11.7,8.8,0.0,0.0
2026-01-05 09:15:00,214.2,239.2,11.7,8.6,0.0,0.0
2026-01-05 09:30:00,216.5,239.2,11.7,8.6,0.0,0.0
2026-01-05 09:45:00,218.0,237.0,11.7,8.6,0.0,0.0
2026-01-05 10:00:00,217.5,237.7,11.7,8.7,0.075,0.0
2026-01-05 10:15:00,222.8,237.2,11.7,8.7,0.075,0.0
2026-01-05 10:30:00,219.2,236.7,11.62,8.7,0.075,0.0
2026-01-05 10:45:00,222.2,235.7,11.6,8.7,0.075,0.0
2026-01-05 11:00:00,222.3,233.8,11.6,8.9,0.025,0.0
2026-01-05 11:15:00,223.0,233.2,11.6,8.9,0.025,0.0
2026-01-05 11:30:00,224.8,232.2,11.6,8.9,0.025,0.0
2026-01-05 11:45:00,224.7,231.5,11.6,8.9,0.025,0.0
2026-01-05 12:15:00,226.3,230.7,11.6,9.4,0.3,0.0
2026-01-05 12:30:00,227.7,228.5,11.6,9.4,0.3,0.0
2026-01-05 12:45:00,227.3,230.7,11.6,9.4,0.3,0.0
2026-01-05 13:00:00,228.8,229.3,11.6,9.4,0.025,0.0
2026-01-05 13:15:00,229.7,229.8,11.6,9.4,0.025,0.0
2026-01-05 13:30:00,230.5,227.2,11.6,9.4,0.025,0.0
2026-01-05 13:45:00,232.0,226.5,11.6,9.4,0.025,0.0
2026-01-05 14:00:00,230.5,226.5,11.6,9.5,0.025,0.0
2026-01-05 14:15:00,231.3,226.5,11.6,9.5,0.025,0.0
2026-01-05 14:30:00,233.8,225.0,11.6,9.5,0.025,0.0
2026-01-05 14:45:00,231.5,224.0,11.6,9.5,0.025,0.0
2026-01-05 15:00:00,233.7,223.2,11.6,9.4,0.0,0.0
2026-01-05 15:15:00,235.0,222.5,11.6,9.4,0.0,0.0
2026-01-05 15:30:00,233.3,222.7,11.6,9.4,0.0,0.0
2026-01-05 15:45:00,235.2,222.0,11.6,9.4,0.0,0.0
2026-01-05 16:15:00,237.5,220.3,11.6,9.5,0.025,5.0
2026-01-05 16:30:00,239.7,219.7,11.6,9.5,0.025,5.0
2026-01-05 16:45:00,238.3,219.2,11.6,9.5,0.025,5.0
2026-01-05 17:15:00,241.7,218.3,11.6,10.5,0.0,53.0
2026-01-05 17:30:00,244.2,217.5,11.7,10.5,0.0,53.0
2026-01-05 17:45:00,242.5,216.5,11.7,10.5,0.0,53.0
2026-01-05 18:15:00,249.2,215.2,11.7,12.1,0.0,158.0
2026-01-05 18:45:00,251.3,215.7,11.7,12.1,0.0,158.0
2026-01-05 19:00:00,250.3,214.5,11.7,12.1,0.1,196.0
2026-01-05 19:15:00,250.7,214.0,11.7,12.1,0.1,196.0
2026-01-05 20:00:00,258.3,211.3,11.9,12.5,0.2,326.0
2026-01-05 20:15:00,259.3,212.3,11.9,12.5,0.2,326.0
2026-01-05 21:15:00,251.3,212.7,11.82,11.8,0.125,76.0
2026-01-05 21:30:00,253.7,211.7,11.8,11.8,0.125,76.0
2026-01-05 21:45:00,257.7,212.7,11.8,11.8,0.125,76.0
2026-01-05 22:00:00,255.7,214.0,11.8,10.9,0.425,48.0
2026-01-05 22:15:00,251.0,215.8,11.8,10.9,0.425,48.0
2026-01-05 22:30:00,243.7,216.3,11.8,10.9,0.425,48.0
2026-01-05 23:15:00,227.8,225.2,11.8,10.8,0.775,31.0
2026-01-05 23:30:00,224.5,228.8,11.8,10.8,0.775,31.0
2026-01-06 00:00:00,200.7,248.8,11.7,10.9,0.875,16.0
2026-01-06 00:30:00,189.7,268.8,11.7,10.9,0.875,16.0
2026-01-06 01:00:00,165.3,294.2,11.7,10.5,0.8,7.0
2026-01-06 02:15:00,150.5,330.3,11.8,10.3,1.575,0.0
2026-01-06 02:30:00,152.0,326.5,11.8,10.3,1.575,0.0
2026-01-06 02:45:00,152.7,322.3,11.8,10.3,1.575,0.0
2026-01-06 03:00:00,154.5,318.3,11.8,10.2,0.525,0.0
2026-01-06 03:15:00,158.0,311.3,11.8,10.2,0.525,0.0
2026-01-06 03:30:00,158.3,307.2,11.8,10.2,0.525,0.0
2026-01-06 03:45:00,164.8,298.8,11.8,10.2,0.525,0.0
2026-01-06 04:30:00,172.0,289.7,11.8,10.2,0.225,0.0
2026-01-06 04:45:00,174.8,285.8,11.8,10.2,0.225,0.0
2026-01-06 05:00:00,179.8,284.2,11.8,10.3,0.15,0.0
2026-01-06 05:15:00,177.0,281.3,11.8,10.3,0.15,0.0
2026-01-06 05:30:00,176.7,280.2,11.8,10.3,0.15,0.0
2026-01-06 05:45:00,178.7,280.7,11.8,10.3,0.15,0.0
2026-01-06 06:00:00,178.2,279.0,11.8,10.2,0.05,0.0
2026-01-06 06:15:00,168.8,278.8,11.8,10.2,0.05,0.0
2026-01-06 06:30:00,177.3,280.2,11.8,10.2,0.05,0.0
2026-01-06 06:45:00,172.5,277.0,11.8,10.2,0.05,0.0
2026-01-06 07:00:00,177.8,275.3,11.8,9.8,0.0,0.0
2026-01-06 07:15:00,179.3,273.0,11.8,9.8,0.0,0.0
2026-01-06 07:30:00,180.0,271.8,11.8,9.8,0.0,0.0
2026-01-06 07:45:00,183.5,269.0,11.8,9.8,0.0,0.0
2026-01-06 08:00:00,184.2,266.2,11.8,9.2,0.075,0.0
2026-01-06 08:15:00,186.0,265.2,11.8,9.2,0.075,0.0
2026-01-06 08:30:00,187.8,263.2,11.8,9.2,0.075,0.0
2026-01-06 08:45:00,187.5,262.3,11.8,9.2,0.075,0.0
2026-01-06 09:00:00,189.8,260.2,11.8,9.2,0.05,0.0
2026-01-06 10:15:00,192.7,253.8,11.7,8.8,0.025,0.0
2026-01-06 10:30:00,191.5,251.8,11.72,8.8,0.025,0.0
2026-01-06 11:15:00,202.5,248.7,11.8,9.2,0.025,0.0
2026-01-06 11:30:00,207.5,247.2,11.8,9.2,0.025,0.0
2026-01-06 12:00:00,210.0,245.3,11.8,9.4,0.0,0.0
2026-01-06 12:15:00,209.5,244.5,11.8,9.4,0.0,0.0
2026-01-06 12:30:00,211.8,243.2,11.8,9.4,0.0,0.0
2026-01-06 12:45:00,213.0,241.3,11.8,9.4,0.0,0.0
2026-01-06 13:00:00,213.7,241.2,11.8,9.3,0.0,0.0
2026-01-06 13:15:00,217.7,240.8,11.8,9.3,0.0,0.0
2026-01-06 13:30:00,221.0,239.5,11.8,9.3,0.0,0.0
2026-01-06 13:45:00,217.3,238.8,11.7,9.3,0.0,0.0
2026-01-06 14:00:00,218.3,238.3,11.7,9.2,0.0,0.0
2026-01-06 14:15:00,222.5,236.8,11.7,9.2,0.0,0.0
2026-01-06 14:30:00,220.2,236.3,11.67,9.2,0.0,0.0
2026-01-06 14:45:00,223.0,235.2,11.6,9.2,0.0,0.0
2026-01-06 15:00:00,223.8,234.7,11.6,9.1,0.0,0.0
2026-01-06 15:15:00,227.0,234.7,11.6,9.1,0.0,0.0
2026-01-06 15:30:00,229.2,233.5,11.6,9.1,0.0,0.0
2026-01-06 15:45:00,231.8,231.8,11.5,9.1,0.0,0.0
2026-01-06 16:00:00,230.2,231.5,11.6,9.1,0.0,6.0
2026-01-06 16:15:00,230.7,230.5,11.6,9.1,0.0,6.0
2026-01-06 16:30:00,232.8,229.8,11.6,9.1,0.0,6.0
2026-01-06 16:45:00,234.8,229.8,11.6,9.1,0.0,6.0
2026-01-06 17:15:00,235.8,228.8,11.6,10.7,0.0,125.0
2026-01-06 17:30:00,238.3,227.5,11.6,10.7,0.0,125.0
2026-01-06 17:45:00,238.5,227.3,11.7,10.7,0.0,125.0
2026-01-06 18:00:00,240.0,225.5,11.7,12.8,0.0,273.0
2026-01-06 18:15:00,238.0,225.3,11.8,12.8,0.0,273.0
2026-01-06 18:30:00,241.5,225.0,11.9,12.8,0.0,273.0
2026-01-06 19:00:00,245.7,223.3,12.0,13.4,0.0,334.0
2026-01-06 19:15:00,242.3,223.8,12.1,13.4,0.0,334.0
2026-01-06 19:30:00,246.8,223.3,12.1,13.4,0.0,334.0
2026-01-06 19:45:00,246.5,222.7,12.1,13.4,0.0,334.0
2026-01-06 20:00:00,248.8,222.3,12.2,13.0,0.0,238.0
2026-01-06 20:15:00,247.3,221.5,12.2,13.0,0.0,238.0
2026-01-06 20:30:00,248.3,221.0,12.2,13.0,0.0,238.0
2026-01-06 20:45:00,250.2,221.5,12.2,13.0,0.0,238.0
2026-01-06 21:00:00,251.7,220.3,12.3,13.4,0.0,228.0
2026-01-06 21:15:00,254.2,220.2,12.3,13.4,0.0,228.0
2026-01-06 21:30:00,254.5,218.8,12.3,13.4,0.0,228.0
2026-01-06 21:45:00,255.0,218.7,12.4,13.4,0.0,228.0
2026-01-06 22:00:00,249.5,218.7,12.4,14.6,0.0,379.0
2026-01-06 22:15:00,253.2,217.8,12.4,14.6,0.0,379.0
2026-01-06 22:30:00,251.8,216.8,12.4,14.6,0.0,379.0
2026-01-06 22:45:00,253.0,215.5,12.4,14.6,0.0,379.0
2026-01-06 23:00:00,255.7,215.2,12.4,14.7,0.0,293.0
2026-01-06 23:15:00,257.0,214.7,12.3,14.7,0.0,293.0
2026-01-06 23:30:00,258.3,214.0,12.3,14.7,0.0,293.0
2026-01-07 00:15:00,265.5,213.0,12.2,14.2,0.0,161.0
2026-01-07 00:45:00,268.8,212.8,12.2,14.2,0.0,161.0
2026-01-07 01:00:00,269.8,211.8,12.1,12.6,0.0,52.0
2026-01-07 01:45:00,272.8,211.3,12.0,12.6,0.0,52.0
2026-01-07 02:00:00,272.0,211.8,11.9,11.3,0.0,0.0
2026-01-07 02:15:00,268.8,209.8,11.9,11.3,0.0,0.0
2026-01-07 02:30:00,270.3,209.8,11.9,11.3,0.0,0.0
2026-01-07 03:00:00,271.2,210.3,11.8,10.0,0.0,0.0
2026-01-07 03:30:00,278.5,208.8,11.8,10.0,0.0,0.0
2026-01-07 03:45:00,277.0,208.7,11.7,10.0,0.0,0.0
2026-01-07 04:00:00,280.2,207.5,11.7,9.4,0.0,0.0
2026-01-07 04:15:00,277.8,206.8,11.7,9.4,0.0,0.0
2026-01-07 04:30:00,281.3,206.8,11.6,9.4,0.0,0.0
2026-01-07 04:45:00,278.0,206.2,11.6,9.4,0.0,0.0
2026-01-07 05:00:00,278.5,206.8,11.6,8.6,0.0,0.0
2026-01-07 05:15:00,275.7,205.3,11.5,8.6,0.0,0.0
2026-01-07 05:30:00,277.2,204.3,11.5,8.6,0.0,0.0
2026-01-07 05:45:00,280.2,204.7,11.5,8.6,0.0,0.0
2026-01-07 06:15:00,278.2,204.3,11.4,9.1,0.0,0.0
2026-01-07 06:30:00,281.2,203.3,11.4,9.1,0.0,0.0
2026-01-07 06:45:00,284.5,203.8,11.4,9.1,0.0,0.0
2026-01-07 07:00:00,285.0,202.3,11.4,9.0,0.0,0.0
2026-01-07 07:15:00,287.2,201.8,11.4,9.0,0.0,0.0
2026-01-07 07:30:00,286.3,201.7,11.38,9.0,0.0,0.0
2026-01-07 07:45:00,287.7,202.5,11.3,9.0,0.0,0.0
2026-01-07 08:00:00,290.5,201.5,11.3,9.6,0.0,0.0
2026-01-07 08:15:00,290.7,200.7,11.3,9.6,0.0,0.0
2026-01-07 08:30:00,290.2,201.7,11.3,9.6,0.0,0.0
2026-01-07 08:45:00,290.5,199.8,11.3,9.6,0.0,0.0
2026-01-07 09:00:00,288.2,200.7,11.32,9.3,0.0,0.0
2026-01-07 09:15:00,291.5,199.0,11.4,9.3,0.0,0.0
2026-01-07 09:30:00,293.8,199.2,11.4,9.3,0.0,0.0
2026-01-07 10:00:00,293.7,199.5,11.4,9.7,0.0,0.0
2026-01-07 10:15:00,295.2,203.5,11.47,9.7,0.0,0.0
2026-01-07 10:30:00,293.8,198.8,11.5,9.7,0.0,0.0
2026-01-07 11:00:00,297.8,198.7,11.5,9.6,0.0,0.0
2026-01-07 11:15:00,298.8,197.5,11.5,9.6,0.0,0.0
2026-01-07 11:30:00,300.5,197.2,11.4,9.6,0.0,0.0
2026-01-07 12:00:00,303.2,195.5,11.3,8.7,0.0,0.0
2026-01-07 12:15:00,305.0,196.0,11.3,8.7,0.0,0.0
2026-01-07 12:30:00,306.5,195.2,11.3,8.7,0.0,0.0
2026-01-07 12:45:00,307.5,195.7,11.3,8.7,0.0,0.0
2026-01-07 13:00:00,307.8,195.5,11.4,8.8,0.0,0.0
2026-01-07 13:15:00,308.8,195.7,11.4,8.8,0.0,0.0
2026-01-07 13:30:00,310.5,194.8,11.4,8.8,0.0,0.0
2026-01-07 13:45:00,311.8,195.0,11.4,8.8,0.0,0.0
2026-01-07 14:00:00,312.7,194.8,11.5,8.3,0.025,0.0
2026-01-07 14:15:00,313.7,194.3,11.5,8.3,0.025,0.0
2026-01-07 14:30:00,309.2,193.8,11.4,8.3,0.025,0.0
2026-01-07 14:45:00,310.5,194.0,11.4,8.3,0.025,0.0
2026-01-07 15:00:00,308.2,193.5,11.4,8.2,0.0,0.0
2026-01-07 15:15:00,309.3,192.7,11.3,8.2,0.0,0.0
2026-01-07 15:45:00,306.3,193.5,11.2,8.2,0.0,0.0
2026-01-07 16:00:00,306.2,192.3,11.2,7.5,0.0,11.0
2026-01-07 16:30:00,309.2,191.5,11.2,7.5,0.0,11.0
2026-01-07 16:45:00,310.8,190.3,11.3,7.5,0.0,11.0
2026-01-07 17:00:00,311.8,191.7,11.3,9.7,0.0,107.0
2026-01-07 17:15:00,312.7,191.3,11.4,9.7,0.0,107.0
2026-01-07 17:30:00,314.3,190.7,11.4,9.7,0.0,107.0
2026-01-07 17:45:00,315.7,190.2,11.4,9.7,0.0,107.0
2026-01-07 18:00:00,317.3,189.0,11.4,11.1,0.0,244.0
2026-01-07 18:15:00,318.7,189.3,11.5,11.1,0.0,244.0
2026-01-07 18:30:00,320.2,190.2,11.5,11.1,0.0,244.0
2026-01-07 19:00:00,321.0,189.8,11.5,12.3,0.0,397.0
2026-01-07 20:15:00,324.7,187.3,11.7,13.3,0.0,475.0
2026-01-07 20:30:00,326.0,188.2,11.8,13.3,0.0,475.0
2026-01-07 21:45:00,331.5,186.2,12.1,14.3,0.0,456.0
2026-01-07 22:00:00,333.0,186.0,12.18,14.6,0.0,420.0
2026-01-07 23:00:00,339.3,185.8,12.3,14.0,0.0,328.0
2026-01-07 23:15:00,340.2,184.7,12.3,14.0,0.0,328.0
2026-01-07 23:30:00,341.0,184.5,12.3,14.0,0.0,328.0
2026-01-07 23:45:00,341.7,186.0,12.32,14.0,0.0,328.0
2026-01-08 00:00:00,342.3,185.0,12.3,13.0,0.0,196.0
2026-01-08 00:15:00,343.7,184.3,12.2,13.0,0.0,196.0
2026-01-08 00:45:00,344.3,184.8,12.0,13.0,0.0,196.0
2026-01-08 01:00:00,345.5,184.5,11.9,11.1,0.0,58.0
2026-01-08 01:15:00,347.0,183.5,11.7,11.1,0.0,58.0
2026-01-08 01:30:00,346.0,183.5,11.6,11.1,0.0,58.0
2026-01-08 02:00:00,347.5,182.8,11.5,9.8,0.0,0.0
2026-01-08 02:15:00,348.8,183.3,11.4,9.8,0.0,0.0
2026-01-08 02:45:00,349.7,183.5,11.3,9.8,0.0,0.0
2026-01-08 03:00:00,348.8,182.5,11.2,9.3,0.0,0.0
2026-01-08 03:15:00,347.5,183.2,11.2,9.3,0.0,0.0
2026-01-08 04:30:00,352.8,181.3,11.0,9.1,0.0,0.0
2026-01-08 05:00:00,354.7,180.5,10.9,8.8,0.0,0.0
2026-01-08 05:30:00,357.0,180.3,10.9,8.8,0.0,0.0
2026-01-08 06:00:00,358.3,180.8,11.0,8.8,0.05,0.0
2026-01-08 06:15:00,359.2,180.2,11.0,8.8,0.05,0.0
2026-01-08 06:45:00,361.0,180.2,11.03,8.8,0.05,0.0
2026-01-08 07:00:00,361.2,179.5,11.1,9.4,0.025,0.0
2026-01-08 07:15:00,359.8,180.5,11.1,9.4,0.025,0.0
2026-01-08 07:30:00,351.8,183.3,11.1,9.4,0.025,0.0
2026-01-08 07:45:00,347.3,179.5,11.1,9.4,0.025,0.0
2026-01-08 08:00:00,350.8,179.8,11.0,8.7,0.0,0.0
2026-01-08 08:15:00,353.7,179.5,11.0,8.7,0.0,0.0
2026-01-08 08:30:00,354.0,178.3,11.0,8.7,0.0,0.0
2026-01-08 08:45:00,354.2,178.8,10.9,8.7,0.0,0.0
2026-01-08 09:00:00,354.5,180.0,10.9,8.3,0.0,0.0
2026-01-08 09:15:00,355.7,179.2,10.9,8.3,0.0,0.0
2026-01-08 09:45:00,358.3,178.3,10.75,8.3,0.0,0.0
2026-01-08 10:00:00,359.2,178.8,10.7,7.9,0.0,0.0
2026-01-08 10:15:00,360.5,178.3,10.6,7.9,0.0,0.0
2026-01-08 10:30:00,361.7,177.3,10.5,7.9,0.0,0.0
2026-01-08 10:45:00,362.7,177.2,10.43,7.9,0.0,0.0
2026-01-08 11:00:00,364.2,177.0,10.4,7.6,0.0,0.0
2026-01-08 11:15:00,364.3,177.2,10.3,7.6,0.0,0.0
2026-01-08 11:30:00,364.7,176.5,10.3,7.6,0.0,0.0
2026-01-08 12:00:00,367.0,176.5,10.2,7.7,0.0,0.0
2026-01-08 12:15:00,368.2,176.0,10.1,7.7,0.0,0.0
2026-01-08 12:30:00,368.7,176.0,10.1,7.7,0.0,0.0
2026-01-08 12:45:00,370.0,174.8,10.0,7.7,0.0,0.0
2026-01-08 13:00:00,371.0,174.7,10.0,6.9,0.0,0.0
2026-01-08 13:15:00,372.0,175.0,9.9,6.9,0.0,0.0
2026-01-08 13:30:00,373.3,174.0,9.9,6.9,0.0,0.0
2026-01-08 13:45:00,373.7,174.5,9.8,6.9,0.0,0.0
2026-01-08 14:00:00,374.3,173.5,9.8,6.2,0.0,0.0
2026-01-08 14:15:00,375.0,174.5,9.7,6.2,0.0,0.0
2026-01-08 14:30:00,376.2,174.5,9.7,6.2,0.0,0.0
2026-01-08 14:45:00,377.2,174.5,9.6,6.2,0.0,0.0
2026-01-08 15:00:00,376.7,174.2,9.6,5.6,0.0,0.0
2026-01-08 15:15:00,378.5,174.7,9.6,5.6,0.0,0.0
2026-01-08 15:30:00,378.3,175.0,9.5,5.6,0.0,0.0
2026-01-08 15:45:00,379.2,173.2,9.5,5.6,0.0,0.0
2026-01-08 16:00:00,379.5,173.2,9.5,5.6,0.0,13.0
2026-01-08 16:15:00,380.7,174.0,9.47,5.6,0.0,13.0
2026-01-08 16:30:00,380.3,173.2,9.4,5.6,0.0,13.0
2026-01-08 16:45:00,381.3,173.2,9.4,5.6,0.0,13.0
2026-01-08 17:00:00,382.2,171.3,9.4,7.1,0.0,137.0
2026-01-08 17:15:00,382.2,172.2,9.4,7.1,0.0,137.0
2026-01-08 17:30:00,382.5,171.2,9.4,7.1,0.0,137.0
2026-01-08 17:45:00,384.2,171.7,9.5,7.1,0.0,137.0
2026-01-08 18:00:00,384.5,171.0,9.5,8.7,0.0,295.0
2026-01-08 18:15:00,385.7,171.0,9.6,8.7,0.0,295.0
2026-01-08 18:30:00,385.7,171.8,9.6,8.7,0.0,295.0
2026-01-08 19:30:00,386.7,172.2,9.9,10.1,0.0,422.0
2026-01-08 19:45:00,386.8,171.8,9.9,10.1,0.0,422.0
2026-01-08 20:00:00,387.7,172.5,10.0,11.1,0.0,498.0
2026-01-08 20:15:00,388.7,170.8,10.1,11.1,0.0,498.0
2026-01-08 20:30:00,388.8,171.3,10.2,11.1,0.0,498.0
2026-01-08 20:45:00,389.3,171.2,10.2,11.1,0.0,498.0
2026-01-08 21:00:00,389.7,171.7,10.3,11.9,0.0,514.0
2026-01-08 21:30:00,390.2,170.2,10.5,11.9,0.0,514.0
2026-01-08 22:00:00,391.2,169.8,10.6,11.9,0.0,469.0
2026-01-08 22:45:00,389.0,170.3,10.6,11.9,0.0,469.0
2026-01-08 23:00:00,388.2,170.7,10.6,11.7,0.0,368.0
2026-01-08 23:15:00,388.2,170.5,10.5,11.7,0.0,368.0
2026-01-08 23:45:00,388.2,171.5,10.4,11.7,0.0,368.0
2026-01-09 00:00:00,389.2,170.2,10.3,11.6,0.0,225.0
2026-01-09 00:15:00,389.2,170.8,10.3,11.6,0.0,225.0
2026-01-09 00:30:00,388.5,171.2,10.2,11.6,0.0,225.0
2026-01-09 01:00:00,388.3,170.3,10.1,9.4,0.0,67.0
2026-01-09 01:15:00,388.3,169.5,10.0,9.4,0.0,67.0
2026-01-09 01:30:00,389.2,169.8,10.0,9.4,0.0,67.0
2026-01-09 01:45:00,389.5,170.2,9.9,9.4,0.0,67.0
2026-01-09 02:00:00,390.2,170.5,9.8,7.9,0.0,0.0
2026-01-09 02:15:00,390.2,169.8,9.8,7.9,0.0,0.0
2026-01-09 02:30:00,390.7,170.5,9.7,7.9,0.0,0.0
2026-01-09 02:45:00,391.0,169.8,9.6,7.9,0.0,0.0
2026-01-09 03:00:00,391.8,168.7,9.6,7.3,0.0,0.0
2026-01-09 03:15:00,392.7,169.5,9.5,7.3,0.0,0.0
2026-01-09 03:45:00,394.0,169.0,9.5,7.3,0.0,0.0
2026-01-09 04:15:00,394.5,169.2,9.4,6.9,0.0,0.0
2026-01-09 04:30:00,394.8,169.7,9.3,6.9,0.0,0.0
2026-01-09 05:00:00,394.8,168.2,9.2,7.0,0.0,0.0
2026-01-09 05:30:00,391.7,168.2,9.12,7.0,0.0,0.0
2026-01-09 05:45:00,392.5,167.5,9.1,7.0,0.0,0.0
2026-01-09 06:00:00,392.7,167.3,9.1,7.0,0.0,0.0
2026-01-09 06:15:00,393.0,168.0,9.0,7.0,0.0,0.0
2026-01-09 06:30:00,393.0,166.3,9.0,7.0,0.0,0.0
2026-01-09 06:45:00,394.0,167.5,8.9,7.0,0.0,0.0
2026-01-09 07:00:00,392.8,167.3,8.9,6.6,0.0,0.0
2026-01-09 07:15:00,393.8,166.7,8.9,6.6,0.0,0.0
2026-01-09 07:30:00,394.0,168.2,8.9,6.6,0.0,0.0
2026-01-09 07:45:00,394.3,168.3,8.9,6.6,0.0,0.0
2026-01-09 08:00:00,394.7,167.3,8.9,6.1,0.0,0.0
2026-01-09 08:15:00,395.0,166.8,8.9,6.1,0.0,0.0
2026-01-09 08:30:00,395.0,167.2,8.8,6.1,0.0,0.0
2026-01-09 08:45:00,394.8,166.8,8.8,6.1,0.0,0.0
2026-01-09 09:00:00,395.2,167.2,8.7,5.8,0.0,0.0
2026-01-09 09:15:00,394.7,164.5,8.7,5.8,0.0,0.0
2026-01-09 09:30:00,395.3,164.8,8.6,5.8,0.0,0.0
2026-01-09 09:45:00,395.8,164.0,8.6,5.8,0.0,0.0
2026-01-09 10:00:00,395.2,164.7,8.6,5.7,0.0,0.0
2026-01-09 10:15:00,395.3,164.7,8.5,5.7,0.0,0.0
2026-01-09 10:30:00,395.3,163.8,8.5,5.7,0.0,0.0
2026-01-09 10:45:00,396.2,163.7,8.5,5.7,0.0,0.0
2026-01-09 11:00:00,396.2,164.2,8.4,6.0,0.0,0.0
2026-01-09 11:15:00,396.2,164.0,8.4,6.0,0.0,0.0
2026-01-09 11:30:00,396.5,164.8,8.4,6.0,0.0,0.0
2026-01-09 11:45:00,397.0,165.7,8.3,6.0,0.0,0.0
2026-01-09 12:00:00,397.0,164.8,8.3,5.2,0.0,0.0
2026-01-09 12:15:00,397.5,164.5,8.3,5.2,0.0,0.0
2026-01-09 12:30:00,397.5,163.0,8.3,5.2,0.0,0.0
2026-01-09 12:45:00,397.8,164.5,8.22,5.2,0.0,0.0
2026-01-09 13:00:00,397.8,163.5,8.2,5.2,0.0,0.0
2026-01-09 13:15:00,398.3,163.8,8.2,5.2,0.0,0.0
2026-01-09 13:30:00,398.2,162.2,8.2,5.2,0.0,0.0
2026-01-09 13:45:00,398.2,162.2,8.2,5.2,0.0,0.0
2026-01-09 14:00:00,398.3,163.2,8.2,5.2,0.0,0.0
2026-01-09 14:15:00,398.5,163.0,8.2,5.2,0.0,0.0
2026-01-09 14:30:00,398.5,162.2,8.2,5.2,0.0,0.0
2026-01-09 14:45:00,398.8,163.3,8.2,5.2,0.0,0.0
2026-01-09 15:00:00,398.7,163.0,8.2,5.4,0.0,0.0
2026-01-09 15:15:00,398.7,163.5,8.2,5.4,0.0,0.0
2026-01-09 15:30:00,399.8,162.8,8.2,5.4,0.0,0.0
2026-01-09 15:45:00,399.3,163.3,8.2,5.4,0.0,0.0
2026-01-09 16:00:00,399.7,163.5,8.2,5.6,0.0,13.0
2026-01-09 16:15:00,400.2,162.7,8.2,5.6,0.0,13.0
2026-01-09 16:30:00,400.3,163.5,8.2,5.6,0.0,13.0
2026-01-09 16:45:00,400.2,162.2,8.2,5.6,0.0,13.0
2026-01-09 17:00:00,401.0,163.2,8.2,6.7,0.0,139.0
2026-01-09 17:15:00,401.2,162.2,8.3,6.7,0.0,139.0
2026-01-09 17:45:00,401.5,161.8,8.3,6.7,0.0,139.0
2026-01-09 18:00:00,401.5,163.2,8.4,8.3,0.0,297.0
2026-01-09 18:15:00,402.0,162.7,8.47,8.3,0.0,297.0
2026-01-09 18:30:00,402.2,162.5,8.5,8.3,0.0,297.0
2026-01-09 18:45:00,402.5,162.7,8.6,8.3,0.0,297.0
2026-01-09 19:15:00,402.5,163.8,8.8,9.3,0.0,422.0
2026-01-09 19:30:00,402.7,162.8,8.8,9.3,0.0,422.0
2026-01-09 19:45:00,403.0,162.8,8.9,9.3,0.0,422.0
2026-01-09 20:00:00,402.5,162.5,9.0,10.1,0.0,498.0
2026-01-09 20:15:00,403.3,162.2,9.1,10.1,0.0,498.0
2026-01-09 20:30:00,403.3,160.7,9.2,10.1,0.0,498.0
2026-01-09 20:45:00,399.3,161.3,9.3,10.1,0.0,498.0
2026-01-09 21:00:00,401.7,162.5,9.4,10.8,0.0,514.0
2026-01-09 21:15:00,403.8,162.0,9.6,10.8,0.0,514.0
2026-01-09 21:30:00,402.8,162.3,9.7,10.8,0.0,514.0
2026-01-09 21:45:00,399.5,161.5,9.8,10.8,0.0,514.0
2026-01-09 22:00:00,398.7,162.0,9.8,11.2,0.0,470.0
2026-01-09 22:15:00,398.7,162.2,9.9,11.2,0.0,470.0
2026-01-09 23:00:00,398.2,162.5,9.9,11.2,0.0,369.0
2026-01-09 23:30:00,398.8,161.8,9.9,11.2,0.0,369.0
2026-01-09 23:45:00,399.2,162.5,9.9,11.2,0.0,369.0
2026-01-10 00:00:00,399.2,163.0,9.87,11.1,0.0,225.0
2026-01-10 00:15:00,398.8,163.0,9.8,11.1,0.0,225.0
2026-01-10 00:30:00,399.0,162.3,9.8,11.1,0.0,225.0
2026-01-10 00:45:00,399.3,163.2,9.8,11.1,0.0,225.0
2026-01-10 01:00:00,399.2,162.3,9.7,8.9,0.0,68.0
2026-01-10 01:15:00,399.2,162.3,9.7,8.9,0.0,68.0
2026-01-10 01:30:00,398.7,161.3,9.6,8.9,0.0,68.0
2026-01-10 01:45:00,398.7,161.8,9.5,8.9,0.0,68.0
2026-01-10 02:00:00,398.5,162.5,9.5,7.6,0.0,0.0
2026-01-10 02:15:00,398.7,162.5,9.4,7.6,0.0,0.0
2026-01-10 02:30:00,398.7,161.7,9.4,7.6,0.0,0.0
2026-01-10 02:45:00,399.0,162.3,9.3,7.6,0.0,0.0
2026-01-10 03:00:00,399.0,160.5,9.2,6.4,0.0,0.0
2026-01-10 03:15:00,399.0,161.2,9.2,6.4,0.0,0.0
2026-01-10 03:30:00,398.8,161.8,9.12,6.4,0.0,0.0
2026-01-10 03:45:00,398.5,162.3,9.1,6.4,0.0,0.0
2026-01-10 04:15:00,398.8,161.2,9.0,5.2,0.0,0.0
2026-01-10 04:30:00,399.0,161.0,9.0,5.2,0.0,0.0
2026-01-10 04:45:00,399.5,161.0,9.0,5.2,0.0,0.0
2026-01-10 05:00:00,399.2,159.8,8.9,4.4,0.0,0.0
2026-01-10 05:30:00,399.0,161.0,8.9,4.4,0.0,0.0
2026-01-10 05:45:00,399.0,161.0,8.8,4.4,0.0,0.0
2026-01-10 06:00:00,398.7,161.2,8.8,4.0,0.0,0.0
2026-01-10 06:15:00,398.7,160.7,8.8,4.0,0.0,0.0
2026-01-10 06:30:00,398.5,159.8,8.8,4.0,0.0,0.0
2026-01-10 06:45:00,398.7,161.2,8.7,4.0,0.0,0.0
2026-01-10 07:00:00,398.5,161.3,8.7,3.9,0.0,0.0
2026-01-10 07:15:00,398.5,161.2,8.7,3.9,0.0,0.0
2026-01-10 07:30:00,398.7,161.5,8.7,3.9,0.0,0.0
2026-01-10 07:45:00,398.5,161.8,8.7,3.9,0.0,0.0
2026-01-10 08:00:00,398.5,160.5,8.7,3.4,0.0,0.0
2026-01-10 08:15:00,398.7,160.2,8.7,3.4,0.0,0.0
2026-01-10 08:30:00,398.3,161.2,8.7,3.4,0.0,0.0
2026-01-10 08:45:00,398.2,160.5,8.68,3.4,0.0,0.0
2026-01-10 09:00:00,398.2,162.3,8.6,3.0,0.0,0.0
2026-01-10 09:15:00,398.3,162.5,8.6,3.0,0.0,0.0
2026-01-10 09:30:00,398.2,161.0,8.6,3.0,0.0,0.0
2026-01-10 09:45:00,398.2,162.2,8.6,3.0,0.0,0.0
2026-01-10 10:00:00,397.8,161.2,8.6,3.0,0.0,0.0
2026-01-10 10:15:00,397.8,160.7,8.6,3.0,0.0,0.0
2026-01-10 10:30:00,397.8,159.7,8.5,3.0,0.0,0.0
2026-01-10 10:45:00,399.3,161.2,8.5,3.0,0.0,0.0
2026-01-10 11:00:00,401.2,160.2,8.5,3.1,0.0,0.0
2026-01-10 11:15:00,401.5,161.8,8.5,3.1,0.0,0.0
2026-01-10 11:30:00,401.2,161.2,8.5,3.1,0.0,0.0
2026-01-10 11:45:00,399.2,161.8,8.5,3.1,0.0,0.0
2026-01-10 12:00:00,396.2,162.2,8.4,2.5,0.0,0.0
2026-01-10 12:15:00,395.3,160.7,8.4,2.5,0.0,0.0
2026-01-10 12:30:00,395.2,161.0,8.4,2.5,0.0,0.0
2026-01-10 12:45:00,395.3,160.3,8.4,2.5,0.0,0.0
2026-01-10 13:00:00,396.5,161.0,8.4,2.0,0.0,0.0
2026-01-10 13:15:00,396.0,160.7,8.38,2.0,0.0,0.0
2026-01-10 13:30:00,396.8,161.5,8.3,2.0,0.0,0.0
2026-01-10 13:45:00,397.0,159.5,8.3,2.0,0.0,0.0
2026-01-10 14:00:00,397.2,161.0,8.3,2.1,0.0,0.0
2026-01-10 14:15:00,397.2,160.7,8.3,2.1,0.0,0.0
2026-01-10 14:30:00,397.5,160.2,8.3,2.1,0.0,0.0
2026-01-10 14:45:00,397.3,160.5,8.2,2.1,0.0,0.0
2026-01-10 15:00:00,397.2,159.2,8.2,2.1,0.0,0.0
2026-01-10 15:15:00,397.7,159.7,8.2,2.1,0.0,0.0
2026-01-10 15:30:00,397.7,158.7,8.2,2.1,0.0,0.0
2026-01-10 15:45:00,398.0,159.3,8.2,2.1,0.0,0.0
2026-01-10 16:00:00,397.8,159.7,8.2,2.7,0.0,12.0
2026-01-10 16:15:00,397.8,159.5,8.2,2.7,0.0,12.0
2026-01-10 16:30:00,397.3,160.7,8.3,2.7,0.0,12.0
2026-01-10 16:45:00,397.8,158.8,8.3,2.7,0.0,12.0
2026-01-10 17:00:00,398.0,159.2,8.3,5.1,0.0,127.0
2026-01-10 17:30:00,398.0,159.7,8.4,5.1,0.0,127.0
2026-01-10 17:45:00,397.5,160.0,8.5,5.1,0.0,127.0
2026-01-10 18:00:00,397.3,159.2,8.5,7.8,0.0,283.0
2026-01-10 18:15:00,398.2,159.0,8.6,7.8,0.0,283.0
2026-01-10 18:45:00,398.0,160.2,8.8,7.8,0.0,283.0
2026-01-10 19:00:00,397.5,159.5,8.9,9.1,0.0,415.0
2026-01-10 19:30:00,398.0,160.0,9.1,9.1,0.0,415.0
2026-01-10 19:45:00,397.8,158.5,9.3,9.1,0.0,415.0
2026-01-10 20:00:00,398.7,158.7,9.4,10.8,0.0,493.0
2026-01-10 20:15:00,398.3,159.0,9.5,10.8,0.0,493.0
2026-01-10 20:30:00,398.0,159.8,9.6,10.8,0.0,493.0
2026-01-10 20:45:00,397.7,161.0,9.8,10.8,0.0,493.0
2026-01-10 21:00:00,397.3,160.7,9.9,12.2,0.0,510.0
2026-01-10 21:15:00,396.8,158.7,10.1,12.2,0.0,510.0
2026-01-10 21:30:00,396.7,159.3,10.2,12.2,0.0,510.0
2026-01-10 21:45:00,396.7,158.3,10.3,12.2,0.0,510.0
2026-01-10 22:00:00,397.3,160.3,10.4,12.8,0.0,460.0
2026-01-10 22:30:00,397.7,159.2,10.5,12.8,0.0,460.0
2026-01-10 23:00:00,396.8,158.8,10.6,12.5,0.0,370.0
2026-01-10 23:15:00,397.2,159.3,10.6,12.5,0.0,370.0
2026-01-10 23:30:00,397.0,159.7,10.6,12.5,0.0,370.0
2026-01-10 23:45:00,397.2,161.0,10.58,12.5,0.0,370.0
2026-01-11 00:15:00,397.8,160.7,10.5,11.7,0.0,215.0
2026-01-11 00:30:00,397.3,160.8,10.4,11.7,0.0,215.0
2026-01-11 00:45:00,397.5,159.2,10.4,11.7,0.0,215.0
2026-01-11 01:15:00,397.2,160.0,10.3,9.4,0.0,66.0
2026-01-11 01:30:00,397.5,160.5,10.2,9.4,0.0,66.0
2026-01-11 01:45:00,397.2,159.7,10.1,9.4,0.0,66.0
2026-01-11 02:00:00,397.5,161.2,10.02,7.8,0.0,0.0
2026-01-11 02:15:00,397.0,160.2,10.0,7.8,0.0,0.0
2026-01-11 02:30:00,396.8,160.0,9.9,7.8,0.0,0.0
2026-01-11 02:45:00,397.0,159.5,9.9,7.8,0.0,0.0
2026-01-11 03:15:00,396.7,161.5,9.8,7.0,0.0,0.0
2026-01-11 03:30:00,396.3,160.7,9.75,7.0,0.0,0.0
2026-01-11 03:45:00,396.3,159.7,9.7,7.0,0.0,0.0
2026-01-11 04:00:00,396.8,158.3,9.7,6.2,0.0,0.0
2026-01-11 04:15:00,396.7,159.5,9.6,6.2,0.0,0.0
2026-01-11 04:30:00,396.7,159.2,9.6,6.2,0.0,0.0
2026-01-11 04:45:00,396.8,159.7,9.5,6.2,0.0,0.0
2026-01-11 05:00:00,397.0,159.3,9.5,5.8,0.0,0.0
2026-01-11 05:15:00,396.5,159.3,9.5,5.8,0.0,0.0
2026-01-11 05:30:00,396.7,159.0,9.4,5.8,0.0,0.0
2026-01-11 05:45:00,396.5,158.3,9.4,5.8,0.0,0.0
2026-01-11 06:00:00,396.5,158.5,9.3,5.7,0.0,0.0
2026-01-11 06:15:00,396.0,158.2,9.3,5.7,0.0,0.0
2026-01-11 06:30:00,395.5,158.8,9.2,5.7,0.0,0.0
2026-01-11 06:45:00,396.3,158.8,9.2,5.7,0.0,0.0
2026-01-11 07:00:00,395.5,158.0,9.2,5.8,0.0,0.0
2026-01-11 07:15:00,395.5,158.0,9.13,5.8,0.0,0.0
2026-01-11 07:30:00,395.5,157.5,9.1,5.8,0.0,0.0
2026-01-11 07:45:00,395.3,158.5,9.1,5.8,0.0,0.0
2026-01-11 08:00:00,395.5,157.7,9.1,5.7,0.0,0.0
2026-01-11 08:15:00,395.7,158.2,9.1,5.7,0.0,0.0
2026-01-11 08:30:00,395.2,157.2,9.1,5.7,0.0,0.0
2026-01-11 08:45:00,395.5,157.0,9.0,5.7,0.0,0.0
2026-01-11 09:00:00,394.7,157.3,9.0,5.1,0.0,0.0
2026-01-11 09:30:00,395.0,158.2,9.0,5.1,0.0,0.0
2026-01-11 09:45:00,395.3,158.0,8.9,5.1,0.0,0.0
2026-01-11 10:00:00,395.0,158.3,8.9,4.6,0.0,0.0
2026-01-11 10:15:00,395.0,160.0,8.9,4.6,0.0,0.0
2026-01-11 10:30:00,394.7,157.5,8.8,4.6,0.0,0.0
2026-01-11 10:45:00,394.5,158.2,8.8,4.6,0.0,0.0
2026-01-11 11:00:00,394.7,158.7,8.8,4.3,0.0,0.0
2026-01-11 11:30:00,395.0,158.2,8.7,4.3,0.0,0.0
2026-01-11 11:45:00,395.3,158.3,8.7,4.3,0.0,0.0
2026-01-11 12:00:00,395.3,159.2,8.68,3.8,0.0,0.0
2026-01-11 12:15:00,395.3,159.3,8.6,3.8,0.0,0.0
2026-01-11 12:30:00,395.0,158.7,8.6,3.8,0.0,0.0
2026-01-11 12:45:00,394.7,158.8,8.6,3.8,0.0,0.0
2026-01-11 13:00:00,394.7,157.8,8.6,3.2,0.0,0.0
2026-01-11 13:15:00,394.5,157.8,8.6,3.2,0.0,0.0
2026-01-11 13:30:00,394.0,157.7,8.6,3.2,0.0,0.0
2026-01-11 13:45:00,394.2,158.2,8.5,3.2,0.0,0.0
2026-01-11 14:15:00,394.7,157.3,8.5,3.0,0.0,0.0
2026-01-11 14:30:00,394.3,157.2,8.5,3.0,0.0,0.0
2026-01-11 14:45:00,394.2,157.8,8.5,3.0,0.0,0.0
2026-01-11 15:00:00,393.5,157.8,8.5,3.3,0.0,0.0
2026-01-11 15:15:00,393.5,156.5,8.5,3.3,0.0,0.0
2026-01-11 15:30:00,392.8,157.7,8.5,3.3,0.0,0.0
2026-01-11 15:45:00,392.7,156.3,8.5,3.3,0.0,0.0
2026-01-11 16:00:00,393.0,157.3,8.4,4.1,0.0,13.0
2026-01-11 16:15:00,392.8,156.7,8.4,4.1,0.0,13.0
2026-01-11 16:30:00,392.7,156.5,8.42,4.1,0.0,13.0
2026-01-11 16:45:00,392.5,157.2,8.5,4.1,0.0,13.0
2026-01-11 17:00:00,392.3,156.7,8.5,7.3,0.0,136.0
2026-01-11 17:30:00,392.0,157.3,8.57,7.3,0.0,136.0
2026-01-11 17:45:00,392.7,158.0,8.6,7.3,0.0,136.0
2026-01-11 18:00:00,392.5,156.3,8.7,10.9,0.0,289.0
2026-01-11 18:15:00,392.5,157.0,8.8,10.9,0.0,289.0
2026-01-11 18:30:00,392.5,156.7,8.9,10.9,0.0,289.0
2026-01-11 18:45:00,392.2,157.3,9.0,10.9,0.0,289.0
2026-01-11 19:00:00,392.5,158.2,9.1,12.6,0.0,410.0
2026-01-11 19:15:00,392.2,157.7,9.2,12.6,0.0,410.0
2026-01-11 19:30:00,392.0,157.0,9.32,12.6,0.0,410.0
2026-01-11 19:45:00,391.5,157.3,9.5,12.6,0.0,410.0
2026-01-11 20:00:00,391.8,156.3,9.6,14.0,0.0,489.0
2026-01-11 20:15:00,391.5,156.0,9.7,14.0,0.0,489.0
2026-01-11 20:30:00,392.0,156.2,9.9,14.0,0.0,489.0
2026-01-11 20:45:00,392.3,157.0,10.1,14.0,0.0,489.0
2026-01-11 21:15:00,399.7,158.3,10.5,14.5,0.0,504.0
2026-01-11 21:30:00,403.5,157.8,10.7,14.5,0.0,504.0
2026-01-11 21:45:00,403.5,158.2,10.8,14.5,0.0,504.0
2026-01-11 22:00:00,401.3,158.5,10.9,14.3,0.0,454.0
2026-01-11 22:15:00,399.2,158.8,11.0,14.3,0.0,454.0
2026-01-11 22:30:00,397.2,159.5,11.0,14.3,0.0,454.0
2026-01-11 22:45:00,395.5,158.7,11.1,14.3,0.0,454.0
2026-01-11 23:00:00,394.5,157.5,11.2,13.6,0.0,355.0
2026-01-11 23:15:00,393.7,159.2,11.2,13.6,0.0,355.0
2026-01-11 23:30:00,393.0,158.0,11.2,13.6,0.0,355.0
2026-01-11 23:45:00,393.5,159.0,11.2,13.6,0.0,355.0
2026-01-12 00:00:00,395.0,158.7,11.2,13.0,0.0,208.0
2026-01-12 00:15:00,396.7,158.7,11.2,13.0,0.0,208.0
2026-01-12 00:45:00,396.8,159.2,11.1,13.0,0.0,208.0
2026-01-12 01:00:00,396.2,160.7,11.0,10.6,0.0,53.0
2026-01-12 01:15:00,395.2,159.3,10.9,10.6,0.0,53.0
2026-01-12 01:30:00,394.2,158.8,10.8,10.6,0.0,53.0
2026-01-12 01:45:00,393.0,158.8,10.7,10.6,0.0,53.0
2026-01-12 02:00:00,392.7,158.2,10.6,8.6,0.0,0.0
2026-01-12 02:15:00,393.7,157.5,10.5,8.6,0.0,0.0
2026-01-12 02:45:00,395.5,158.8,10.3,8.6,0.0,0.0
2026-01-12 03:00:00,395.2,158.5,10.2,7.4,0.0,0.0
2026-01-12 03:15:00,395.8,159.8,10.1,7.4,0.0,0.0
2026-01-12 03:30:00,397.7,158.5,10.0,7.4,0.0,0.0
2026-01-12 03:45:00,398.3,159.8,10.0,7.4,0.0,0.0
2026-01-12 04:00:00,395.2,159.7,9.9,6.7,0.0,0.0
2026-01-12 04:15:00,389.3,159.5,9.8,6.7,0.0,0.0
2026-01-12 04:30:00,382.0,159.2,9.8,6.7,0.0,0.0
2026-01-12 04:45:00,375.3,159.0,9.7,6.7,0.0,0.0
2026-01-12 05:00:00,372.2,159.0,9.7,6.1,0.0,0.0
2026-01-12 05:15:00,371.8,158.0,9.6,6.1,0.0,0.0
2026-01-12 05:30:00,372.8,158.0,9.6,6.1,0.0,0.0
2026-01-12 05:45:00,374.2,157.2,9.6,6.1,0.0,0.0
2026-01-12 06:00:00,375.7,158.2,9.5,5.6,0.0,0.0
2026-01-12 06:15:00,377.0,158.8,9.5,5.6,0.0,0.0
2026-01-12 06:30:00,379.0,159.3,9.5,5.6,0.0,0.0
2026-01-12 06:45:00,380.0,158.0,9.5,5.6,0.0,0.0
2026-01-12 07:00:00,382.0,157.2,9.43,5.5,0.0,0.0
2026-01-12 07:15:00,382.7,158.0,9.4,5.5,0.0,0.0
2026-01-12 07:30:00,383.5,157.5,9.4,5.5,0.0,0.0
2026-01-12 07:45:00,384.5,157.3,9.4,5.5,0.0,0.0
2026-01-12 08:00:00,384.5,157.7,9.4,5.5,0.0,0.0
2026-01-12 08:15:00,385.3,158.2,9.4,5.5,0.0,0.0
2026-01-12 08:30:00,385.3,158.2,9.4,5.5,0.0,0.0
2026-01-12 08:45:00,385.7,158.8,9.4,5.5,0.0,0.0
2026-01-12 09:00:00,386.7,157.8,9.3,5.5,0.0,0.0
2026-01-12 09:15:00,386.5,158.3,9.3,5.5,0.0,0.0
2026-01-12 09:30:00,386.8,157.8,9.3,5.5,0.0,0.0
2026-01-12 09:45:00,386.8,158.2,9.3,5.5,0.0,0.0
2026-01-12 10:00:00,387.0,158.2,9.3,5.3,0.0,0.0
2026-01-12 10:15:00,387.0,158.8,9.25,5.3,0.0,0.0
2026-01-12 10:30:00,387.0,158.5,9.2,5.3,0.0,0.0
2026-01-12 10:45:00,386.7,157.2,9.2,5.3,0.0,0.0
2026-01-12 11:00:00,386.8,158.5,9.2,4.5,0.0,0.0
2026-01-12 11:15:00,386.7,158.2,9.1,4.5,0.0,0.0
2026-01-12 11:30:00,387.3,157.3,9.1,4.5,0.0,0.0
2026-01-12 11:45:00,386.3,157.3,9.1,4.5,0.0,0.0
2026-01-12 12:00:00,386.7,157.5,9.1,4.2,0.0,0.0
2026-01-12 12:15:00,386.3,158.0,9.02,4.2,0.0,0.0
2026-01-12 12:30:00,386.8,159.0,9.0,4.2,0.0,0.0
2026-01-12 12:45:00,386.5,158.2,9.0,4.2,0.0,0.0
2026-01-12 13:00:00,386.7,158.8,9.0,3.2,0.0,0.0
2026-01-12 13:15:00,386.8,157.3,9.0,3.2,0.0,0.0
2026-01-12 13:30:00,387.3,157.7,8.9,3.2,0.0,0.0
2026-01-12 13:45:00,387.0,158.0,8.9,3.2,0.0,0.0
2026-01-12 14:00:00,387.2,157.0,8.9,2.9,0.0,0.0
2026-01-12 14:15:00,386.3,158.2,8.9,2.9,0.0,0.0
2026-01-12 14:30:00,387.0,157.0,8.9,2.9,0.0,0.0
2026-01-12 14:45:00,387.0,157.8,8.9,2.9,0.0,0.0
2026-01-12 15:00:00,387.2,157.2,8.87,2.6,0.0,0.0
2026-01-12 15:15:00,387.2,157.5,8.8,2.6,0.0,0.0
2026-01-12 15:30:00,386.8,158.2,8.8,2.6,0.0,0.0
2026-01-12 15:45:00,387.2,158.7,8.8,2.6,0.0,0.0
2026-01-12 16:00:00,387.2,158.2,8.8,2.9,0.0,13.0
2026-01-12 16:15:00,387.5,157.7,8.8,2.9,0.0,13.0
2026-01-12 17:00:00,386.7,157.2,8.8,5.9,0.0,124.0
2026-01-12 17:15:00,386.7,156.8,8.8,5.9,0.0,124.0
2026-01-12 17:30:00,386.7,157.0,8.85,5.9,0.0,124.0
2026-01-12 17:45:00,386.2,156.8,8.9,5.9,0.0,124.0
2026-01-12 18:00:00,386.3,157.7,8.9,9.3,0.0,273.0
2026-01-12 18:15:00,386.3,157.2,9.0,9.3,0.0,273.0
2026-01-12 18:30:00,386.0,156.7,9.1,9.3,0.0,273.0
2026-01-12 18:45:00,386.0,156.5,9.2,9.3,0.0,273.0
2026-01-12 19:00:00,385.3,155.5,9.3,11.2,0.0,402.0
2026-01-12 19:15:00,385.5,157.0,9.4,11.2,0.0,402.0
2026-01-12 19:30:00,386.0,157.0,9.5,11.2,0.0,402.0
2026-01-12 19:45:00,386.0,157.0,9.7,11.2,0.0,402.0
2026-01-12 20:00:00,387.0,157.8,9.8,12.1,0.0,489.0
2026-01-12 20:15:00,387.2,157.2,9.98,12.1,0.0,489.0
2026-01-12 20:30:00,386.2,156.7,10.1,12.1,0.0,489.0
2026-01-12 20:45:00,384.8,156.7,10.3,12.1,0.0,489.0
2026-01-12 21:00:00,384.5,156.5,10.43,12.6,0.0,508.0
2026-01-12 21:15:00,383.8,156.8,10.6,12.6,0.0,508.0
2026-01-12 21:30:00,384.2,157.7,10.8,12.6,0.0,508.0
2026-01-12 21:45:00,384.5,157.0,10.9,12.6,0.0,508.0
2026-01-12 22:00:00,384.3,157.3,11.0,12.7,0.0,458.0
2026-01-12 22:15:00,384.5,157.0,11.0,12.7,0.0,458.0
2026-01-12 22:30:00,384.5,156.7,11.0,12.7,0.0,458.0
2026-01-12 23:00:00,384.8,158.7,11.1,12.7,0.0,371.0
2026-01-12 23:15:00,384.5,157.5,11.1,12.7,0.0,371.0
2026-01-12 23:30:00,384.5,158.2,11.0,12.7,0.0,371.0
2026-01-13 00:00:00,384.7,159.2,10.9,13.0,0.0,234.0
2026-01-13 00:15:00,385.3,157.5,10.9,13.0,0.0,234.0
2026-01-13 00:30:00,384.8,157.5,10.8,13.0,0.0,234.0
2026-01-13 00:45:00,383.8,157.5,10.8,13.0,0.0,234.0
2026-01-13 01:00:00,383.3,158.3,10.7,10.7,0.0,76.0
2026-01-13 01:15:00,383.2,158.2,10.6,10.7,0.0,76.0
2026-01-13 01:30:00,382.8,158.2,10.5,10.7,0.0,76.0
2026-01-13 01:45:00,382.8,157.8,10.5,10.7,0.0,76.0
2026-01-13 02:00:00,383.2,158.7,10.4,8.2,0.0,0.0
2026-01-13 02:15:00,383.8,157.5,10.4,8.2,0.0,0.0
2026-01-13 02:30:00,383.7,157.8,10.3,8.2,0.0,0.0
2026-01-13 02:45:00,383.5,156.8,10.28,8.2,0.0,0.0
2026-01-13 03:00:00,384.2,157.5,10.2,6.9,0.0,0.0
2026-01-13 03:15:00,383.7,157.7,10.1,6.9,0.0,0.0
2026-01-13 03:30:00,384.5,157.2,10.1,6.9,0.0,0.0
2026-01-13 03:45:00,384.3,157.3,10.0,6.9,0.0,0.0
2026-01-13 04:00:00,385.2,156.7,10.0,6.6,0.0,0.0
2026-01-13 04:15:00,385.0,157.2,9.9,6.6,0.0,0.0
2026-01-13 04:30:00,385.0,157.3,9.9,6.6,0.0,0.0
2026-01-13 04:45:00,383.7,156.5,9.83,6.6,0.0,0.0
2026-01-13 05:00:00,383.7,157.5,9.8,6.4,0.0,0.0
2026-01-13 05:15:00,383.2,158.3,9.78,6.4,0.0,0.0
2026-01-13 05:30:00,383.0,157.5,9.7,6.4,0.0,0.0
2026-01-13 05:45:00,383.0,157.7,9.7,6.4,0.0,0.0
2026-01-13 06:00:00,383.5,156.7,9.6,5.2,0.0,0.0
2026-01-13 06:15:00,383.8,157.0,9.6,5.2,0.0,0.0
2026-01-13 06:30:00,383.5,157.2,9.6,5.2,0.0,0.0
2026-01-13 06:45:00,384.2,155.7,9.5,5.2,0.0,0.0
2026-01-13 07:00:00,383.8,157.5,9.5,4.6,0.0,0.0
2026-01-13 07:15:00,384.0,155.8,9.4,4.6,0.0,0.0
2026-01-13 07:30:00,384.0,157.0,9.4,4.6,0.0,0.0
2026-01-13 07:45:00,383.7,156.7,9.4,4.6,0.0,0.0
2026-01-13 08:00:00,383.8,155.5,9.3,4.1,0.0,0.0
2026-01-13 08:15:00,383.5,156.7,9.3,4.1,0.0,0.0
2026-01-13 08:30:00,383.8,157.2,9.2,4.1,0.0,0.0
2026-01-13 08:45:00,383.7,156.0,9.2,4.1,0.0,0.0
2026-01-13 09:00:00,383.7,156.8,9.2,4.2,0.0,0.0
2026-01-13 09:15:00,383.5,156.5,9.1,4.2,0.0,0.0
2026-01-13 09:30:00,383.0,156.5,9.1,4.2,0.0,0.0
2026-01-13 10:00:00,383.2,156.0,9.1,3.7,0.0,0.0
2026-01-13 10:15:00,384.0,156.0,9.02,3.7,0.0,0.0
2026-01-13 10:45:00,383.3,156.0,9.0,3.7,0.0,0.0
2026-01-13 11:15:00,383.2,156.8,9.0,4.1,0.0,0.0
2026-01-13 11:30:00,383.2,155.5,9.0,4.1,0.0,0.0
2026-01-13 12:00:00,384.0,157.2,9.0,4.8,0.0,0.0
2026-01-13 12:15:00,384.7,155.3,9.0,4.8,0.0,0.0
2026-01-13 12:30:00,384.7,156.3,9.0,4.8,0.0,0.0
2026-01-13 12:45:00,384.2,156.5,9.1,4.8,0.0,0.0
2026-01-13 13:00:00,384.2,156.2,9.1,3.6,0.0,0.0
2026-01-13 13:15:00,383.3,155.8,9.1,3.6,0.0,0.0
2026-01-13 13:30:00,383.7,156.3,9.1,3.6,0.0,0.0
2026-01-13 13:45:00,383.8,156.3,9.0,3.6,0.0,0.0
2026-01-13 14:00:00,383.3,155.2,9.0,2.7,0.0,0.0
2026-01-13 14:15:00,383.7,156.5,9.0,2.7,0.0,0.0
2026-01-13 14:30:00,383.3,156.5,8.9,2.7,0.0,0.0
2026-01-13 14:45:00,383.5,156.0,8.9,2.7,0.0,0.0
2026-01-13 15:00:00,383.7,157.0,8.9,2.4,0.0,0.0
2026-01-13 15:15:00,383.2,157.0,8.8,2.4,0.0,0.0
2026-01-13 15:30:00,383.3,156.0,8.8,2.4,0.0,0.0
2026-01-13 15:45:00,383.3,156.0,8.8,2.4,0.0,0.0
2026-01-13 16:00:00,383.3,155.0,8.72,3.0,0.0,15.0
2026-01-13 16:15:00,383.0,156.5,8.7,3.0,0.0,15.0
2026-01-13 16:30:00,383.2,156.5,8.7,3.0,0.0,15.0
2026-01-13 16:45:00,382.5,156.3,8.7,3.0,0.0,15.0
2026-01-13 17:00:00,382.7,156.8,8.8,6.4,0.0,147.0
2026-01-13 17:15:00,382.0,155.7,8.8,6.4,0.0,147.0
2026-01-13 17:30:00,382.2,155.8,8.8,6.4,0.0,147.0
2026-01-13 17:45:00,382.2,155.7,8.9,6.4,0.0,147.0
2026-01-13 18:00:00,381.8,156.7,8.9,9.9,0.0,306.0
2026-01-13 18:15:00,382.7,155.2,9.0,9.9,0.0,306.0
2026-01-13 18:30:00,382.0,155.3,9.1,9.9,0.0,306.0
2026-01-13 18:45:00,382.5,155.5,9.2,9.9,0.0,306.0
2026-01-13 19:00:00,382.0,154.0,9.3,12.5,0.0,429.0
2026-01-13 19:15:00,382.7,153.7,9.4,12.5,0.0,429.0
2026-01-13 19:30:00,382.8,154.0,9.6,12.5,0.0,429.0
2026-01-13 19:45:00,383.2,155.0,9.7,12.5,0.0,429.0
2026-01-13 20:00:00,384.8,154.7,9.9,14.3,0.0,510.0
2026-01-13 20:15:00,388.2,155.7,10.0,14.3,0.0,510.0
2026-01-13 20:30:00,394.7,156.3,10.2,14.3,0.0,510.0
2026-01-13 20:45:00,399.8,155.0,10.4,14.3,0.0,510.0
2026-01-13 21:00:00,401.2,155.7,10.6,15.1,0.0,528.0
2026-01-13 21:15:00,400.3,156.8,10.9,15.1,0.0,528.0
2026-01-13 21:30:00,398.3,156.5,11.1,15.1,0.0,528.0
2026-01-13 21:45:00,395.7,157.2,11.3,15.1,0.0,528.0
2026-01-13 22:00:00,392.2,157.5,11.4,15.3,0.0,484.0
2026-01-13 22:15:00,388.8,157.0,11.5,15.3,0.0,484.0
2026-01-13 22:30:00,387.8,156.7,11.5,15.3,0.0,484.0
2026-01-13 22:45:00,386.7,156.3,11.6,15.3,0.0,484.0
2026-01-13 23:00:00,385.7,156.7,11.6,15.2,0.0,386.0
2026-01-13 23:15:00,384.5,157.7,11.6,15.2,0.0,386.0
2026-01-13 23:30:00,385.2,157.7,11.68,15.2,0.0,386.0
2026-01-13 23:45:00,384.5,157.2,11.63,15.2,0.0,386.0
2026-01-14 00:00:00,385.2,158.8,11.6,15.0,0.0,242.0
2026-01-14 00:15:00,385.2,157.7,11.6,15.0,0.0,242.0
2026-01-14 00:30:00,384.3,157.8,11.5,15.0,0.0,242.0
2026-01-14 00:45:00,384.2,158.0,11.4,15.0,0.0,242.0
2026-01-14 01:15:00,383.7,157.2,11.3,12.1,0.0,79.0
2026-01-14 01:30:00,384.3,157.3,11.2,12.1,0.0,79.0
2026-01-14 01:45:00,384.3,157.0,11.1,12.1,0.0,79.0
2026-01-14 02:00:00,384.0,157.7,11.0,9.6,0.0,1.0
2026-01-14 02:15:00,383.5,157.2,10.9,9.6,0.0,1.0
2026-01-14 02:30:00,383.3,157.3,10.8,9.6,0.0,1.0
2026-01-14 02:45:00,382.8,158.2,10.7,9.6,0.0,1.0
2026-01-14 03:00:00,383.2,157.7,10.6,8.2,0.0,0.0
2026-01-14 03:15:00,383.0,157.3,10.5,8.2,0.0,0.0
2026-01-14 03:30:00,383.2,158.2,10.5,8.2,0.0,0.0
2026-01-14 03:45:00,382.7,156.8,10.4,8.2,0.0,0.0
2026-01-14 04:00:00,382.7,156.8,10.3,7.4,0.0,0.0
2026-01-14 04:15:00,383.7,156.0,10.3,7.4,0.0,0.0
2026-01-14 04:30:00,383.2,156.7,10.2,7.4,0.0,0.0
2026-01-14 04:45:00,382.3,157.2,10.2,7.4,0.0,0.0
2026-01-14 05:00:00,381.5,158.3,10.1,7.2,0.0,0.0
2026-01-14 05:15:00,381.2,157.7,10.1,7.2,0.0,0.0
2026-01-14 05:30:00,381.8,156.3,10.1,7.2,0.0,0.0
2026-01-14 05:45:00,381.3,158.3,10.0,7.2,0.0,0.0
2026-01-14 06:00:00,381.2,157.3,10.0,6.9,0.0,0.0
2026-01-14 06:15:00,381.2,157.7,10.0,6.9,0.0,0.0
2026-01-14 06:30:00,381.3,158.2,9.9,6.9,0.0,0.0
2026-01-14 06:45:00,381.3,158.0,9.9,6.9,0.0,0.0
2026-01-14 07:00:00,381.3,156.7,9.9,6.7,0.0,0.0
2026-01-14 07:15:00,381.8,156.2,9.87,6.7,0.0,0.0
2026-01-14 07:30:00,381.3,157.3,9.8,6.7,0.0,0.0
2026-01-14 07:45:00,381.8,157.5,9.8,6.7,0.0,0.0
2026-01-14 08:00:00,381.5,156.5,9.8,6.4,0.0,0.0
2026-01-14 08:15:00,381.7,156.8,9.8,6.4,0.0,0.0
2026-01-14 08:30:00,381.7,156.5,9.7,6.4,0.0,0.0
2026-01-14 08:45:00,381.8,157.0,9.7,6.4,0.0,0.0
2026-01-14 09:00:00,382.2,157.2,9.7,6.0,0.0,0.0
2026-01-14 09:15:00,382.5,158.2,9.7,6.0,0.0,0.0
2026-01-14 09:30:00,381.8,157.0,9.7,6.0,0.0,0.0
2026-01-14 09:45:00,382.7,156.8,9.62,6.0,0.0,0.0
2026-01-14 10:00:00,382.5,156.3,9.6,5.5,0.0,0.0
2026-01-14 10:15:00,383.2,157.2,9.6,5.5,0.0,0.0
2026-01-14 10:30:00,383.0,157.0,9.6,5.5,0.0,0.0
2026-01-14 10:45:00,382.5,156.3,9.6,5.5,0.0,0.0
2026-01-14 11:00:00,382.8,156.7,9.6,5.2,0.0,0.0
2026-01-14 11:30:00,382.7,156.3,9.5,5.2,0.0,0.0
2026-01-14 11:45:00,383.5,156.3,9.5,5.2,0.0,0.0
2026-01-14 12:00:00,382.7,156.8,9.5,5.3,0.0,0.0
2026-01-14 12:15:00,383.0,157.5,9.5,5.3,0.0,0.0
2026-01-14 12:30:00,382.5,158.2,9.5,5.3,0.0,0.0
2026-01-14 12:45:00,382.0,157.3,9.5,5.3,0.0,0.0
2026-01-14 13:00:00,381.8,157.0,9.5,5.0,0.0,0.0
2026-01-14 13:15:00,381.5,156.5,9.4,5.0,0.0,0.0
2026-01-14 13:30:00,381.2,157.0,9.4,5.0,0.0,0.0
2026-01-14 13:45:00,381.0,157.2,9.4,5.0,0.0,0.0
2026-01-14 14:00:00,381.3,155.8,9.4,4.7,0.0,0.0
2026-01-14 14:15:00,381.0,155.8,9.4,4.7,0.0,0.0
2026-01-14 14:30:00,381.2,156.3,9.4,4.7,0.0,0.0
2026-01-14 14:45:00,381.3,155.8,9.4,4.7,0.0,0.0
2026-01-14 15:00:00,381.7,155.2,9.4,4.5,0.0,0.0
2026-01-14 15:15:00,382.0,155.8,9.4,4.5,0.0,0.0
2026-01-14 15:30:00,382.5,155.8,9.3,4.5,0.0,0.0
2026-01-14 15:45:00,382.2,155.7,9.3,4.5,0.0,0.0
2026-01-14 16:00:00,382.3,155.5,9.3,4.8,0.0,14.0
2026-01-14 16:15:00,382.5,155.0,9.3,4.8,0.0,14.0
2026-01-14 16:30:00,382.3,155.2,9.3,4.8,0.0,14.0
2026-01-14 16:45:00,382.7,155.7,9.3,4.8,0.0,14.0
2026-01-14 17:00:00,382.3,155.8,9.3,8.0,0.0,133.0
2026-01-14 17:30:00,382.0,154.7,9.3,8.0,0.0,133.0
2026-01-14 17:45:00,382.7,155.2,9.3,8.0,0.0,133.0
2026-01-14 18:00:00,382.8,156.0,9.4,11.9,0.0,289.0
2026-01-14 18:15:00,382.5,157.0,9.5,11.9,0.0,289.0
2026-01-14 18:30:00,381.7,156.7,9.6,11.9,0.0,289.0
2026-01-14 18:45:00,381.7,156.0,9.73,11.9,0.0,289.0
2026-01-14 19:00:00,381.2,155.5,9.9,13.8,0.0,417.0
2026-01-14 19:30:00,374.3,156.8,10.2,13.8,0.0,417.0
2026-01-14 19:45:00,372.8,157.5,10.3,13.8,0.0,417.0
2026-01-14 20:00:00,372.7,158.0,10.4,14.9,0.0,488.0
2026-01-14 20:15:00,372.0,157.3,10.6,14.9,0.0,488.0
2026-01-14 20:30:00,372.3,157.0,10.7,14.9,0.0,488.0
2026-01-14 20:45:00,372.7,156.2,10.9,14.9,0.0,488.0
2026-01-14 21:00:00,373.5,157.0,11.1,15.4,0.0,513.0
2026-01-14 21:15:00,374.0,156.0,11.3,15.4,0.0,513.0
2026-01-14 21:30:00,374.8,156.8,11.5,15.4,0.0,513.0
2026-01-14 21:45:00,376.5,156.8,11.6,15.4,0.0,513.0
2026-01-14 22:00:00,377.5,157.5,11.7,15.3,0.0,473.0
2026-01-14 22:15:00,378.5,157.2,11.8,15.3,0.0,473.0
2026-01-14 22:30:00,379.0,158.0,11.8,15.3,0.0,473.0
2026-01-14 22:45:00,379.8,157.2,11.8,15.3,0.0,473.0
2026-01-14 23:00:00,380.7,156.5,11.8,15.0,0.0,378.0
2026-01-14 23:15:00,382.2,157.2,11.8,15.0,0.0,378.0
2026-01-14 23:30:00,385.3,158.0,11.8,15.0,0.0,378.0
2026-01-14 23:45:00,386.7,157.7,11.8,15.0,0.0,378.0
2026-01-15 00:00:00,387.7,158.2,11.8,15.8,0.0,239.0
2026-01-15 00:15:00,388.7,158.8,11.7,15.8,0.0,239.0
2026-01-15 00:30:00,388.5,157.3,11.7,15.8,0.0,239.0
2026-01-15 00:45:00,387.5,158.3,11.6,15.8,0.0,239.0
2026-01-15 01:00:00,386.5,158.0,11.6,13.0,0.0,80.0
2026-01-15 01:15:00,385.3,158.3,11.5,13.0,0.0,80.0
2026-01-15 01:30:00,384.7,156.8,11.5,13.0,0.0,80.0
2026-01-15 01:45:00,383.8,158.3,11.4,13.0,0.0,80.0
2026-01-15 02:00:00,383.2,156.8,11.32,10.4,0.0,1.0
2026-01-15 02:15:00,384.5,158.3,11.3,10.4,0.0,1.0
2026-01-15 02:30:00,384.2,158.2,11.2,10.4,0.0,1.0
2026-01-15 02:45:00,384.5,157.5,11.1,10.4,0.0,1.0
2026-01-15 03:00:00,384.5,157.7,11.1,9.1,0.0,0.0
2026-01-15 03:15:00,384.2,158.7,11.0,9.1,0.0,0.0
2026-01-15 03:30:00,383.5,157.8,10.9,9.1,0.0,0.0
2026-01-15 03:45:00,382.5,157.2,10.9,9.1,0.0,0.0
2026-01-15 04:00:00,382.0,158.2,10.9,8.1,0.0,0.0
2026-01-15 04:15:00,380.7,157.2,10.8,8.1,0.0,0.0
2026-01-15 04:30:00,380.3,158.3,10.8,8.1,0.0,0.0
2026-01-15 04:45:00,380.2,159.3,10.7,8.1,0.0,0.0
2026-01-15 05:00:00,380.0,157.7,10.7,7.3,0.0,0.0
2026-01-15 05:15:00,380.5,159.0,10.7,7.3,0.0,0.0
2026-01-15 05:30:00,380.5,158.0,10.7,7.3,0.0,0.0
2026-01-15 05:45:00,380.7,157.7,10.68,7.3,0.0,0.0
2026-01-15 06:00:00,381.0,159.3,10.6,6.7,0.0,0.0
2026-01-15 06:15:00,380.7,158.0,10.6,6.7,0.0,0.0
2026-01-15 06:30:00,380.5,157.0,10.6,6.7,0.0,0.0
2026-01-15 06:45:00,380.5,156.8,10.6,6.7,0.0,0.0
2026-01-15 07:00:00,380.0,157.2,10.6,6.5,0.0,0.0
2026-01-15 07:15:00,378.7,157.5,10.6,6.5,0.0,0.0
2026-01-15 07:30:00,377.7,156.8,10.5,6.5,0.0,0.0
2026-01-15 07:45:00,377.2,157.7,10.5,6.5,0.0,0.0
2026-01-15 08:00:00,377.8,157.2,10.5,5.9,0.0,0.0
2026-01-15 08:15:00,377.7,157.3,10.5,5.9,0.0,0.0
2026-01-15 08:30:00,376.5,156.3,10.4,5.9,0.0,0.0
2026-01-15 08:45:00,376.2,158.0,10.4,5.9,0.0,0.0
2026-01-15 09:00:00,375.8,157.3,10.4,5.4,0.0,0.0
2026-01-15 09:15:00,375.7,158.3,10.4,5.4,0.0,0.0
2026-01-15 09:30:00,376.2,156.7,10.3,5.4,0.0,0.0
2026-01-15 09:45:00,377.8,156.8,10.3,5.4,0.0,0.0
2026-01-15 10:00:00,378.3,157.2,10.3,5.2,0.0,0.0
2026-01-15 10:15:00,378.7,157.2,10.23,5.2,0.0,0.0
2026-01-15 10:30:00,379.3,156.8,10.2,5.2,0.0,0.0
2026-01-15 10:45:00,379.7,157.5,10.2,5.2,0.0,0.0
2026-01-15 11:00:00,379.8,156.8,10.2,4.9,0.0,0.0
2026-01-15 11:15:00,380.2,156.8,10.1,4.9,0.0,0.0
2026-01-15 11:30:00,380.7,157.3,10.1,4.9,0.0,0.0
2026-01-15 11:45:00,381.0,157.0,10.1,4.9,0.0,0.0
2026-01-15 12:00:00,380.8,156.7,10.0,4.5,0.0,0.0
2026-01-15 12:15:00,381.3,157.0,10.0,4.5,0.0,0.0
2026-01-15 12:30:00,381.2,156.5,10.0,4.5,0.0,0.0
2026-01-15 12:45:00,381.3,156.2,9.9,4.5,0.0,0.0
2026-01-15 13:00:00,381.2,156.3,9.9,3.7,0.0,0.0
2026-01-15 13:15:00,381.5,157.7,9.9,3.7,0.0,0.0
2026-01-15 13:30:00,381.5,156.2,9.9,3.7,0.0,0.0
2026-01-15 13:45:00,381.8,156.0,9.8,3.7,0.0,0.0
2026-01-15 14:00:00,381.7,156.8,9.8,3.6,0.0,0.0
2026-01-15 14:15:00,382.2,156.2,9.8,3.6,0.0,0.0
2026-01-15 14:30:00,382.0,156.7,9.7,3.6,0.0,0.0
2026-01-15 14:45:00,381.8,156.8,9.7,3.6,0.0,0.0
2026-01-15 15:00:00,382.0,156.5,9.7,4.0,0.0,0.0
2026-01-15 15:15:00,381.2,157.8,9.7,4.0,0.0,0.0
2026-01-15 15:30:00,381.0,157.5,9.6,4.0,0.0,0.0
2026-01-15 15:45:00,381.3,157.7,9.6,4.0,0.0,0.0
2026-01-15 16:00:00,381.3,156.0,9.6,4.7,0.0,15.0
2026-01-15 16:15:00,381.3,157.0,9.6,4.7,0.0,15.0
2026-01-15 16:30:00,381.2,156.0,9.6,4.7,0.0,15.0
2026-01-15 16:45:00,381.2,156.2,9.6,4.7,0.0,15.0
2026-01-15 17:00:00,381.7,156.8,9.6,7.3,0.0,145.0
2026-01-15 17:15:00,381.2,156.7,9.6,7.3,0.0,145.0
2026-01-15 17:30:00,381.0,157.3,9.7,7.3,0.0,145.0
2026-01-15 18:00:00,381.7,156.3,9.8,11.2,0.0,303.0
2026-01-15 18:30:00,381.5,157.0,10.1,11.2,0.0,303.0
2026-01-15 18:45:00,381.3,156.7,10.2,11.2,0.0,303.0
2026-01-15 19:00:00,381.0,156.3,10.4,13.5,0.0,437.0
2026-01-15 19:15:00,381.3,156.8,10.5,13.5,0.0,437.0
2026-01-15 19:30:00,380.8,155.7,10.7,13.5,0.0,437.0
2026-01-15 19:45:00,381.0,156.7,10.82,13.5,0.0,437.0
2026-01-15 20:00:00,380.5,156.2,11.0,15.2,0.0,509.0
2026-01-15 20:15:00,380.8,155.7,11.2,15.2,0.0,509.0
2026-01-15 20:30:00,380.8,157.2,11.3,15.2,0.0,509.0
2026-01-15 20:45:00,380.5,156.7,11.5,15.2,0.0,509.0
2026-01-15 21:00:00,380.5,157.0,11.7,16.2,0.0,529.0
2026-01-15 21:15:00,381.0,157.0,11.9,16.2,0.0,529.0
2026-01-15 21:30:00,381.2,156.0,12.1,16.2,0.0,529.0
2026-01-15 21:45:00,381.0,158.0,12.3,16.2,0.0,529.0
2026-01-15 22:00:00,382.2,158.0,12.4,16.7,0.0,486.0
2026-01-15 22:15:00,382.3,158.8,12.4,16.7,0.0,486.0
2026-01-15 22:30:00,382.5,158.2,12.42,16.7,0.0,486.0
2026-01-15 22:45:00,382.0,158.5,12.5,16.7,0.0,486.0
2026-01-15 23:00:00,382.5,157.8,12.5,16.9,0.0,388.0
2026-01-15 23:15:00,382.5,158.2,12.5,16.9,0.0,388.0
2026-01-15 23:30:00,382.7,158.8,12.5,16.9,0.0,388.0
2026-01-15 23:45:00,382.2,158.5,12.5,16.9,0.0,388.0
2026-01-16 00:00:00,381.5,159.0,12.4,16.8,0.0,245.0
2026-01-16 00:15:00,381.5,159.3,12.4,16.8,0.0,245.0
2026-01-16 00:30:00,380.8,158.3,12.3,16.8,0.0,245.0
2026-01-16 00:45:00,380.7,158.0,12.2,16.8,0.0,245.0
2026-01-16 01:00:00,380.7,157.0,12.2,14.2,0.0,83.0
2026-01-16 01:15:00,381.2,157.5,12.1,14.2,0.0,83.0
2026-01-16 01:30:00,381.0,157.3,12.0,14.2,0.0,83.0
2026-01-16 01:45:00,381.3,157.5,11.9,14.2,0.0,83.0
2026-01-16 02:00:00,381.0,157.3,11.9,11.9,0.0,1.0
2026-01-16 02:15:00,381.3,156.5,11.8,11.9,0.0,1.0
2026-01-16 02:30:00,381.2,156.3,11.7,11.9,0.0,1.0
2026-01-16 02:45:00,381.0,156.3,11.7,11.9,0.0,1.0
2026-01-16 03:00:00,381.2,157.3,11.6,10.3,0.0,0.0
2026-01-16 03:15:00,380.5,157.8,11.5,10.3,0.0,0.0
2026-01-16 03:30:00,380.7,155.7,11.5,10.3,0.0,0.0
2026-01-16 03:45:00,380.8,155.0,11.4,10.3,0.0,0.0
2026-01-16 04:00:00,380.5,156.0,11.3,9.1,0.0,0.0
2026-01-16 04:15:00,379.8,155.8,11.3,9.1,0.0,0.0
2026-01-16 04:30:00,380.7,155.8,11.2,9.1,0.0,0.0
2026-01-16 04:45:00,380.7,156.8,11.2,9.1,0.0,0.0
2026-01-16 05:00:00,380.5,157.3,11.1,8.5,0.0,0.0
2026-01-16 05:15:00,380.3,156.8,11.1,8.5,0.0,0.0
2026-01-16 05:30:00,380.5,156.8,11.0,8.5,0.0,0.0
2026-01-16 05:45:00,380.2,156.7,11.0,8.5,0.0,0.0
2026-01-16 06:00:00,380.5,155.7,11.0,8.6,0.0,0.0
2026-01-16 06:15:00,380.3,156.2,10.9,8.6,0.0,0.0
2026-01-16 06:30:00,380.3,156.2,10.9,8.6,0.0,0.0
2026-01-16 06:45:00,380.5,156.7,10.9,8.6,0.0,0.0
2026-01-16 07:00:00,380.7,156.8,10.8,9.1,0.0,0.0
2026-01-16 07:15:00,380.0,157.0,10.8,9.1,0.0,0.0
2026-01-16 07:30:00,380.2,156.2,10.8,9.1,0.0,0.0
2026-01-16 07:45:00,380.0,156.3,10.7,9.1,0.0,0.0
2026-01-16 08:00:00,379.5,156.3,10.7,9.5,0.0,0.0
2026-01-16 08:15:00,379.5,156.2,10.7,9.5,0.0,0.0
2026-01-16 08:30:00,379.8,155.7,10.6,9.5,0.0,0.0
2026-01-16 08:45:00,379.7,155.2,10.6,9.5,0.0,0.0
2026-01-16 09:00:00,380.3,155.8,10.6,9.8,0.0,0.0
2026-01-16 09:15:00,380.5,156.2,10.58,9.8,0.0,0.0
2026-01-16 09:30:00,380.2,155.7,10.5,9.8,0.0,0.0
2026-01-16 09:45:00,380.7,156.2,10.5,9.8,0.0,0.0
2026-01-16 10:00:00,380.8,155.7,10.5,9.4,0.0,0.0
2026-01-16 10:15:00,381.2,155.8,10.43,9.4,0.0,0.0
2026-01-16 10:30:00,380.8,156.3,10.4,9.4,0.0,0.0
2026-01-16 10:45:00,380.8,155.8,10.4,9.4,0.0,0.0
2026-01-16 11:00:00,380.8,155.8,10.4,9.1,0.0,0.0
2026-01-16 11:15:00,381.3,156.3,10.4,9.1,0.0,0.0
2026-01-16 11:30:00,381.3,156.2,10.4,9.1,0.0,0.0
2026-01-16 11:45:00,381.0,156.2,10.4,9.1,0.0,0.0
2026-01-16 12:00:00,381.2,155.5,10.4,10.5,0.0,0.0
2026-01-16 12:15:00,381.2,156.3,10.4,10.5,0.0,0.0
2026-01-16 12:30:00,381.3,156.7,10.5,10.5,0.0,0.0
2026-01-16 12:45:00,381.3,157.0,10.5,10.5,0.0,0.0
2026-01-16 13:00:00,381.5,156.3,10.5,8.4,0.0,0.0
2026-01-16 13:15:00,381.3,155.8,10.5,8.4,0.0,0.0
2026-01-16 13:30:00,381.2,156.0,10.5,8.4,0.0,0.0
2026-01-16 13:45:00,381.7,155.2,10.5,8.4,0.0,0.0
2026-01-16 14:00:00,381.3,157.3,10.5,7.5,0.0,0.0
2026-01-16 14:15:00,380.8,157.7,10.5,7.5,0.0,0.0
2026-01-16 14:30:00,381.2,157.3,10.5,7.5,0.0,0.0
2026-01-16 14:45:00,381.2,156.2,10.5,7.5,0.0,0.0
2026-01-16 15:00:00,381.3,156.3,10.5,7.0,0.0,0.0
2026-01-16 15:15:00,381.5,157.3,10.5,7.0,0.0,0.0
2026-01-16 15:30:00,381.5,156.8,10.5,7.0,0.0,0.0
2026-01-16 15:45:00,382.7,157.2,10.5,7.0,0.0,0.0
2026-01-16 16:00:00,382.3,157.0,10.5,7.2,0.0,16.0
2026-01-16 16:15:00,382.3,157.0,10.42,7.2,0.0,16.0
2026-01-16 16:30:00,381.8,158.0,10.4,7.2,0.0,16.0
2026-01-16 16:45:00,381.2,156.0,10.4,7.2,0.0,16.0
2026-01-16 17:00:00,381.3,155.5,10.45,10.2,0.0,146.0
2026-01-16 17:15:00,380.8,155.0,10.5,10.2,0.0,146.0
2026-01-16 17:30:00,380.7,157.2,10.5,10.2,0.0,146.0
2026-01-16 17:45:00,380.8,157.0,10.5,10.2,0.0,146.0
2026-01-16 18:00:00,381.0,156.2,10.5,14.0,0.0,306.0
2026-01-16 18:15:00,380.7,157.2,10.6,14.0,0.0,306.0
2026-01-16 18:30:00,381.2,156.0,10.6,14.0,0.0,306.0
2026-01-16 18:45:00,381.5,156.2,10.7,14.0,0.0,306.0
2026-01-16 19:00:00,381.3,156.5,10.8,15.4,0.0,436.0
2026-01-16 19:15:00,381.2,155.5,10.9,15.4,0.0,436.0
2026-01-16 19:30:00,381.2,156.2,11.0,15.4,0.0,436.0
2026-01-16 19:45:00,380.7,156.0,11.1,15.4,0.0,436.0
2026-01-16 20:00:00,381.0,154.8,11.2,16.4,0.0,521.0
2026-01-16 20:15:00,381.2,157.2,11.3,16.4,0.0,521.0
2026-01-16 20:30:00,381.3,155.5,11.4,16.4,0.0,521.0
2026-01-16 20:45:00,382.0,155.7,11.5,16.4,0.0,521.0
2026-01-16 21:00:00,383.2,155.5,11.7,17.2,0.0,539.0
2026-01-16 21:15:00,384.2,155.7,11.9,17.2,0.0,539.0
2026-01-16 21:30:00,384.5,156.5,12.1,17.2,0.0,539.0
2026-01-16 21:45:00,384.7,156.5,12.2,17.2,0.0,539.0
2026-01-16 22:00:00,384.2,156.7,12.3,17.4,0.0,496.0
2026-01-16 22:15:00,383.8,157.7,12.4,17.4,0.0,496.0
2026-01-16 22:30:00,383.0,157.3,12.32,17.4,0.0,496.0
2026-01-16 23:15:00,381.8,156.8,12.4,16.8,0.0,396.0
2026-01-16 23:30:00,381.0,157.0,12.4,16.8,0.0,396.0
2026-01-16 23:45:00,381.5,156.8,12.32,16.8,0.0,396.0
2026-01-17 00:00:00,381.0,157.5,12.3,16.8,0.0,251.0
2026-01-17 00:15:00,380.7,157.2,12.2,16.8,0.0,251.0
2026-01-17 00:30:00,380.7,157.8,12.2,16.8,0.0,251.0
2026-01-17 00:45:00,380.3,158.2,12.1,16.8,0.0,251.0
2026-01-17 01:00:00,380.2,157.8,12.1,13.8,0.0,88.0
2026-01-17 01:15:00,380.0,157.5,12.0,13.8,0.0,88.0
2026-01-17 01:30:00,380.2,158.0,11.9,13.8,0.0,88.0
2026-01-17 01:45:00,379.0,158.2,11.9,13.8,0.0,88.0
2026-01-17 02:00:00,379.3,157.8,11.8,11.3,0.0,1.0
2026-01-17 02:15:00,379.7,157.0,11.7,11.3,0.0,1.0
2026-01-17 02:30:00,379.5,157.2,11.6,11.3,0.0,1.0
2026-01-17 02:45:00,379.3,156.2,11.5,11.3,0.0,1.0
2026-01-17 03:00:00,379.3,157.8,11.5,10.1,0.0,0.0
2026-01-17 03:15:00,379.3,157.0,11.4,10.1,0.0,0.0
2026-01-17 03:30:00,379.2,156.7,11.3,10.1,0.0,0.0
2026-01-17 03:45:00,379.0,157.8,11.2,10.1,0.0,0.0
2026-01-17 04:00:00,378.5,157.0,11.2,9.7,0.0,0.0
2026-01-17 04:15:00,379.0,157.8,11.1,9.7,0.0,0.0
2026-01-17 04:30:00,378.7,156.3,11.1,9.7,0.0,0.0
2026-01-17 04:45:00,378.7,157.8,11.0,9.7,0.0,0.0
2026-01-17 05:00:00,379.3,157.0,10.9,9.4,0.0,0.0
2026-01-17 05:15:00,379.0,157.0,10.9,9.4,0.0,0.0
2026-01-17 05:30:00,378.7,157.3,10.8,9.4,0.0,0.0
2026-01-17 05:45:00,379.0,157.3,10.8,9.4,0.0,0.0
2026-01-17 06:00:00,378.8,156.8,10.7,9.0,0.0,0.0
2026-01-17 06:15:00,379.3,157.5,10.7,9.0,0.0,0.0
2026-01-17 06:30:00,379.3,156.3,10.7,9.0,0.0,0.0
2026-01-17 06:45:00,379.7,156.3,10.6,9.0,0.0,0.0
2026-01-17 07:00:00,379.3,156.7,10.6,8.8,0.0,0.0
2026-01-17 07:15:00,379.3,156.8,10.52,8.8,0.0,0.0
2026-01-17 07:30:00,379.5,156.5,10.5,8.8,0.0,0.0
2026-01-17 07:45:00,379.3,155.8,10.5,8.8,0.0,0.0
2026-01-17 08:00:00,379.3,155.8,10.47,8.4,0.0,0.0
2026-01-17 08:15:00,379.2,156.0,10.4,8.4,0.0,0.0
2026-01-17 08:30:00,379.2,156.5,10.4,8.4,0.0,0.0
2026-01-17 08:45:00,379.2,156.2,10.4,8.4,0.0,0.0
2026-01-17 09:00:00,379.5,156.0,10.4,7.4,0.0,0.0
2026-01-17 09:15:00,378.5,155.7,10.3,7.4,0.0,0.0
2026-01-17 09:30:00,378.0,155.3,10.3,7.4,0.0,0.0
2026-01-17 09:45:00,378.0,155.7,10.3,7.4,0.0,0.0
2026-01-17 10:00:00,377.8,154.2,10.3,6.4,0.0,0.0
2026-01-17 10:15:00,377.8,155.7,10.3,6.4,0.0,0.0
2026-01-17 10:30:00,376.8,155.3,10.2,6.4,0.0,0.0
2026-01-17 10:45:00,376.8,155.7,10.2,6.4,0.0,0.0
2026-01-17 11:00:00,377.0,157.5,10.2,5.7,0.0,0.0
2026-01-17 11:15:00,377.3,156.3,10.2,5.7,0.0,0.0
2026-01-17 11:30:00,376.3,156.5,10.2,5.7,0.0,0.0
2026-01-17 11:45:00,376.3,158.2,10.2,5.7,0.0,0.0
2026-01-17 12:00:00,376.3,155.2,10.2,5.8,0.0,0.0
2026-01-17 12:15:00,376.2,156.0,10.2,5.8,0.0,0.0
2026-01-17 12:30:00,376.2,155.2,10.27,5.8,0.0,0.0
2026-01-17 12:45:00,376.7,155.8,10.3,5.8,0.0,0.0
2026-01-17 13:00:00,376.8,155.3,10.3,4.7,0.0,0.0
2026-01-17 13:15:00,377.2,156.2,10.3,4.7,0.0,0.0
2026-01-17 13:30:00,377.2,155.7,10.3,4.7,0.0,0.0
2026-01-17 13:45:00,377.2,155.5,10.3,4.7,0.0,0.0
2026-01-17 14:00:00,378.0,156.5,10.3,4.5,0.0,0.0
2026-01-17 14:15:00,378.2,156.2,10.3,4.5,0.0,0.0
2026-01-17 14:30:00,378.7,156.0,10.3,4.5,0.0,0.0
2026-01-17 14:45:00,379.0,155.7,10.3,4.5,0.0,0.0
2026-01-17 15:00:00,379.2,155.0,10.3,4.7,0.0,0.0
2026-01-17 15:15:00,379.3,154.8,10.3,4.7,0.0,0.0
2026-01-17 15:30:00,379.7,155.3,10.2,4.7,0.0,0.0
2026-01-17 15:45:00,379.3,155.5,10.2,4.7,0.0,0.0
2026-01-17 16:00:00,380.0,155.7,10.2,5.2,0.0,15.0
2026-01-17 16:15:00,380.2,155.8,10.2,5.2,0.0,15.0
2026-01-17 16:30:00,379.8,155.5,10.2,5.2,0.0,15.0
2026-01-17 16:45:00,380.3,155.3,10.2,5.2,0.0,15.0
2026-01-17 17:00:00,380.5,155.8,10.2,7.6,0.0,129.0
2026-01-17 17:15:00,380.0,155.2,10.3,7.6,0.0,129.0
2026-01-17 17:30:00,379.7,155.2,10.3,7.6,0.0,129.0
2026-01-17 17:45:00,379.7,155.0,10.4,7.6,0.0,129.0
2026-01-17 18:00:00,379.8,156.2,10.5,10.9,0.0,294.0
2026-01-17 18:15:00,379.7,155.7,10.5,10.9,0.0,294.0
2026-01-17 18:30:00,379.7,155.5,10.6,10.9,0.0,294.0
2026-01-17 18:45:00,379.2,155.0,10.7,10.9,0.0,294.0
2026-01-17 19:00:00,379.5,154.8,10.8,13.5,0.0,423.0
2026-01-17 19:15:00,379.0,154.3,10.9,13.5,0.0,423.0
2026-01-17 19:30:00,378.8,154.3,11.1,13.5,0.0,423.0
2026-01-17 19:45:00,379.2,155.3,11.2,13.5,0.0,423.0
2026-01-17 20:00:00,378.8,155.8,11.3,15.2,0.0,513.0
2026-01-17 20:15:00,378.8,155.5,11.5,15.2,0.0,513.0
2026-01-17 20:30:00,379.0,154.8,11.6,15.2,0.0,513.0
2026-01-17 20:45:00,378.8,156.2,11.7,15.2,0.0,513.0
2026-01-17 21:00:00,379.8,156.2,11.9,15.8,0.0,503.0
2026-01-17 21:15:00,380.2,156.8,12.0,15.8,0.0,503.0
2026-01-17 21:30:00,380.7,156.3,12.2,15.8,0.0,503.0
2026-01-17 21:45:00,380.7,154.8,12.3,15.8,0.0,503.0
2026-01-17 22:00:00,380.5,157.7,12.4,16.1,0.0,465.0
2026-01-17 22:15:00,380.5,158.3,12.4,16.1,0.0,465.0
2026-01-17 22:30:00,380.5,157.0,12.4,16.1,0.0,465.0
2026-01-17 22:45:00,380.8,156.5,12.4,16.1,0.0,465.0
2026-01-17 23:00:00,382.0,156.2,12.4,15.8,0.0,361.0
2026-01-17 23:15:00,381.5,157.5,12.4,15.8,0.0,361.0
2026-01-17 23:30:00,380.3,157.2,12.4,15.8,0.0,361.0
2026-01-17 23:45:00,379.7,158.2,12.4,15.8,0.0,361.0
2026-01-18 00:00:00,378.3,157.0,12.4,15.0,0.0,219.0
2026-01-18 00:15:00,377.8,158.0,12.3,15.0,0.0,219.0
2026-01-18 00:30:00,377.8,157.8,12.3,15.0,0.0,219.0
2026-01-18 00:45:00,377.8,158.3,12.3,15.0,0.0,219.0
2026-01-18 01:00:00,378.0,157.0,12.2,12.6,0.0,66.0
2026-01-18 01:15:00,378.2,156.7,12.1,12.6,0.0,66.0
2026-01-18 01:30:00,378.3,159.0,12.1,12.6,0.0,66.0
2026-01-18 01:45:00,378.7,157.3,12.0,12.6,0.0,66.0
2026-01-18 02:00:00,378.8,157.0,11.9,10.2,0.0,1.0
2026-01-18 02:15:00,380.0,157.7,11.8,10.2,0.0,1.0
2026-01-18 02:30:00,380.7,157.0,11.7,10.2,0.0,1.0
2026-01-18 02:45:00,381.2,156.2,11.7,10.2,0.0,1.0
2026-01-18 03:00:00,381.3,156.2,11.6,8.8,0.0,0.0
2026-01-18 03:15:00,381.5,156.2,11.5,8.8,0.0,0.0
2026-01-18 03:30:00,381.7,156.5,11.4,8.8,0.0,0.0
2026-01-18 03:45:00,381.8,156.7,11.3,8.8,0.0,0.0
2026-01-18 04:00:00,381.0,156.7,11.2,8.0,0.0,0.0
2026-01-18 04:15:00,381.2,156.7,11.2,8.0,0.0,0.0
2026-01-18 04:30:00,381.2,156.2,11.1,8.0,0.0,0.0
2026-01-18 04:45:00,381.2,156.5,11.1,8.0,0.0,0.0
2026-01-18 05:00:00,380.2,156.8,11.1,7.4,0.0,0.0
2026-01-18 05:15:00,380.2,157.2,11.1,7.4,0.0,0.0
2026-01-18 05:30:00,379.5,157.0,11.0,7.4,0.0,0.0
2026-01-18 05:45:00,379.5,155.8,11.0,7.4,0.0,0.0
2026-01-18 06:00:00,379.7,156.7,11.0,7.4,0.0,0.0
2026-01-18 06:15:00,379.0,157.2,11.0,7.4,0.0,0.0
2026-01-18 06:30:00,379.3,156.0,10.9,7.4,0.0,0.0
2026-01-18 06:45:00,379.7,156.2,10.9,7.4,0.0,0.0
2026-01-18 07:30:00,379.7,156.0,10.77,6.8,0.0,0.0
2026-01-18 07:45:00,379.8,155.8,10.7,6.8,0.0,0.0
2026-01-18 08:15:00,380.0,156.5,10.7,6.0,0.0,0.0
2026-01-18 08:30:00,379.8,156.5,10.7,6.0,0.0,0.0
2026-01-18 08:45:00,379.8,155.2,10.67,6.0,0.0,0.0
2026-01-18 09:30:00,381.0,155.3,10.6,5.3,0.0,0.0
2026-01-18 09:45:00,381.7,156.7,10.6,5.3,0.0,0.0
2026-01-18 10:00:00,382.2,157.0,10.6,5.1,0.0,0.0
2026-01-18 10:15:00,382.8,156.3,10.6,5.1,0.0,0.0
2026-01-18 10:30:00,383.5,157.0,10.6,5.1,0.0,0.0
2026-01-18 10:45:00,384.2,157.0,10.6,5.1,0.0,0.0
2026-01-18 11:00:00,384.0,156.0,10.6,4.8,0.0,0.0
2026-01-18 11:45:00,382.8,157.3,10.5,4.8,0.0,0.0
2026-01-18 12:00:00,382.5,157.0,10.5,5.4,0.0,0.0
2026-01-18 12:30:00,381.8,156.3,10.4,5.4,0.0,0.0
2026-01-18 12:45:00,381.3,156.8,10.4,5.4,0.0,0.0
2026-01-18 13:00:00,381.3,157.0,10.4,5.1,0.0,0.0
2026-01-18 13:15:00,381.3,156.0,10.4,5.1,0.0,0.0
2026-01-18 13:30:00,380.8,156.7,10.4,5.1,0.0,0.0
2026-01-18 13:45:00,381.0,156.2,10.4,5.1,0.0,0.0
2026-01-18 14:15:00,380.5,157.0,10.4,5.2,0.0,0.0
2026-01-18 14:45:00,379.5,157.7,10.4,5.2,0.0,0.0
2026-01-18 15:00:00,378.5,156.8,10.4,5.2,0.0,0.0
2026-01-18 15:15:00,378.7,156.3,10.4,5.2,0.0,0.0
2026-01-18 15:30:00,378.0,157.2,10.4,5.2,0.0,0.0
2026-01-18 15:45:00,378.2,157.3,10.5,5.2,0.0,0.0
2026-01-18 16:30:00,379.2,157.0,10.6,5.2,0.0,16.0
2026-01-18 16:45:00,379.2,157.5,10.6,5.2,0.0,16.0
2026-01-18 17:15:00,380.7,156.7,10.8,8.2,0.0,142.0
2026-01-18 17:30:00,380.8,157.5,10.8,8.2,0.0,142.0
2026-01-18 17:45:00,380.5,156.7,10.9,8.2,0.0,142.0
2026-01-18 18:30:00,380.5,157.5,11.0,10.9,0.0,304.0
2026-01-18 18:45:00,380.8,156.7,11.1,10.9,0.0,304.0
2026-01-18 19:30:00,381.5,156.5,11.4,13.9,0.0,437.0
2026-01-18 19:45:00,381.3,156.0,11.6,13.9,0.0,437.0
2026-01-18 20:30:00,382.0,156.0,11.93,15.7,0.0,514.0
2026-01-18 20:45:00,382.3,156.0,12.1,15.7,0.0,514.0
2026-01-18 21:00:00,382.3,157.2,12.3,16.6,0.0,505.0
2026-01-18 21:45:00,382.7,157.3,12.9,16.6,0.0,505.0
2026-01-18 22:00:00,382.5,158.2,13.0,16.5,0.0,433.0
2026-01-18 22:30:00,382.3,157.2,13.0,16.5,0.0,433.0
2026-01-18 23:30:00,382.0,158.0,13.07,16.3,0.0,340.0
2026-01-18 23:45:00,381.8,157.5,13.0,16.3,0.0,340.0
2026-01-19 00:00:00,381.7,157.2,13.0,16.1,0.0,235.0
2026-01-19 00:30:00,382.0,156.8,12.9,16.1,0.0,235.0
2026-01-19 00:45:00,383.0,158.0,12.8,16.1,0.0,235.0
2026-01-19 01:15:00,390.0,156.8,12.7,13.2,0.0,90.0
2026-01-19 02:30:00,389.8,157.5,12.1,10.6,0.0,2.0
2026-01-19 02:45:00,388.0,157.8,12.0,10.6,0.0,2.0
2026-01-19 03:30:00,383.3,158.2,11.7,9.1,0.0,0.0
2026-01-19 03:45:00,383.5,157.7,11.6,9.1,0.0,0.0
2026-01-19 04:45:00,383.2,157.0,11.3,8.5,0.0,0.0
2026-01-19 05:15:00,383.0,157.0,11.2,8.1,0.0,0.0
2026-01-19 05:30:00,382.8,158.0,11.1,8.1,0.0,0.0
2026-01-19 05:45:00,383.2,157.0,11.1,8.1,0.0,0.0
2026-01-19 06:15:00,383.2,157.5,11.0,7.1,0.0,0.0
2026-01-19 06:45:00,382.8,157.5,10.9,7.1,0.0,0.0
2026-01-19 07:00:00,382.2,156.7,10.8,7.3,0.0,0.0
2026-01-19 07:15:00,381.7,157.2,10.8,7.3,0.0,0.0
2026-01-19 07:30:00,382.0,156.7,10.8,7.3,0.0,0.0
2026-01-19 07:45:00,381.8,156.7,10.7,7.3,0.0,0.0
2026-01-19 08:00:00,382.7,157.3,10.7,7.1,0.0,0.0
2026-01-19 08:15:00,382.0,156.8,10.7,7.1,0.0,0.0
2026-01-19 09:00:00,382.3,157.5,10.6,7.0,0.0,0.0
2026-01-19 09:15:00,382.3,156.7,10.58,7.0,0.0,0.0
2026-01-19 09:30:00,382.2,157.0,10.5,7.0,0.0,0.0
2026-01-19 09:45:00,382.2,156.2,10.5,7.0,0.0,0.0
2026-01-19 10:30:00,380.8,157.3,10.4,7.1,0.0,0.0
2026-01-19 10:45:00,380.7,156.7,10.4,7.1,0.0,0.0
2026-01-19 11:00:00,381.7,157.2,10.4,7.1,0.0,0.0
2026-01-19 11:15:00,381.2,157.0,10.3,7.1,0.0,0.0
2026-01-19 11:30:00,380.3,157.2,10.3,7.1,0.0,0.0
2026-01-19 12:00:00,380.0,156.0,10.3,6.7,0.0,0.0
2026-01-19 12:30:00,380.3,156.5,10.2,6.7,0.0,0.0
2026-01-19 13:00:00,379.7,155.7,10.2,5.6,0.0,0.0
2026-01-19 13:45:00,382.5,156.3,10.2,5.6,0.0,0.0
2026-01-19 14:00:00,383.3,157.0,10.2,4.7,0.0,0.0
2026-01-19 14:30:00,383.5,155.7,10.1,4.7,0.0,0.0
2026-01-19 14:45:00,383.3,156.0,10.1,4.7,0.0,0.0
2026-01-19 15:00:00,383.2,155.8,10.1,4.5,0.0,0.0
2026-01-19 15:15:00,382.8,156.5,10.0,4.5,0.0,0.0
2026-01-19 15:45:00,383.0,156.0,10.0,4.5,0.0,0.0
2026-01-19 16:00:00,383.0,157.3,10.0,4.6,0.0,15.0
2026-01-19 16:15:00,383.0,156.2,9.98,4.6,0.0,15.0
2026-01-19 16:30:00,383.7,155.8,9.9,4.6,0.0,15.0
2026-01-19 17:00:00,384.0,157.7,10.0,7.7,0.0,125.0
2026-01-19 17:30:00,383.7,157.2,10.0,7.7,0.0,125.0
2026-01-19 17:45:00,383.7,156.7,10.1,7.7,0.0,125.0
2026-01-19 18:00:00,383.3,156.5,10.2,10.5,0.0,261.0
2026-01-19 18:30:00,383.7,156.3,10.4,10.5,0.0,261.0
2026-01-19 18:45:00,383.8,157.0,10.4,10.5,0.0,261.0
2026-01-19 19:00:00,383.8,156.7,10.55,13.3,0.0,406.0
2026-01-19 19:15:00,383.3,156.8,10.7,13.3,0.0,406.0
2026-01-19 19:30:00,383.3,157.3,10.8,13.3,0.0,406.0
2026-01-19 19:45:00,383.3,157.0,10.9,13.3,0.0,406.0
2026-01-19 20:45:00,383.3,157.5,11.6,14.8,0.0,511.0
2026-01-19 21:00:00,384.0,157.7,11.7,15.1,0.0,535.0
2026-01-19 21:15:00,384.0,157.7,11.9,15.1,0.0,535.0
2026-01-19 21:45:00,383.5,157.5,12.3,15.1,0.0,535.0
2026-01-19 22:00:00,383.2,157.8,12.4,15.0,0.0,499.0
2026-01-19 22:15:00,382.8,158.2,12.4,15.0,0.0,499.0
2026-01-19 22:30:00,382.7,158.0,12.4,15.0,0.0,499.0
2026-01-19 22:45:00,383.0,158.8,12.4,15.0,0.0,499.0
2026-01-19 23:00:00,383.0,157.7,12.4,14.7,0.0,397.0
2026-01-19 23:30:00,385.0,158.0,12.4,14.7,0.0,397.0
2026-01-19 23:45:00,385.3,157.8,12.3,14.7,0.0,397.0
2026-01-20 00:00:00,386.2,158.2,12.3,15.0,0.0,257.0
2026-01-20 00:30:00,385.7,158.0,12.1,15.0,0.0,257.0
2026-01-20 00:45:00,385.5,157.7,12.08,15.0,0.0,257.0
2026-01-20 01:30:00,384.2,158.8,11.8,12.0,0.0,95.0
2026-01-20 01:45:00,384.5,158.2,11.8,12.0,0.0,95.0
2026-01-20 02:30:00,383.0,158.2,11.5,9.5,0.0,2.0
2026-01-20 03:00:00,382.8,158.8,11.3,8.2,0.0,0.0
2026-01-20 03:30:00,382.5,158.2,11.1,8.2,0.0,0.0
2026-01-20 03:45:00,382.8,157.8,11.1,8.2,0.0,0.0
2026-01-20 04:15:00,382.0,157.7,10.9,7.4,0.0,0.0
2026-01-20 04:30:00,381.8,157.2,10.9,7.4,0.0,0.0
2026-01-20 04:45:00,382.0,158.2,10.8,7.4,0.0,0.0
2026-01-20 05:00:00,382.2,158.3,10.8,7.0,0.0,0.0
2026-01-20 05:15:00,381.3,158.5,10.7,7.0,0.0,0.0
2026-01-20 05:45:00,381.7,157.7,10.7,7.0,0.0,0.0
2026-01-20 06:00:00,381.7,157.3,10.6,7.0,0.0,0.0
2026-01-20 06:45:00,382.8,157.5,10.58,7.0,0.0,0.0
2026-01-20 07:30:00,382.5,156.7,10.5,6.7,0.0,0.0
2026-01-20 07:45:00,382.3,157.2,10.5,6.7,0.0,0.0
2026-01-20 08:00:00,382.2,158.0,10.4,5.9,0.0,0.0
2026-01-20 08:15:00,382.0,156.8,10.4,5.9,0.0,0.0
2026-01-20 08:30:00,382.0,157.0,10.4,5.9,0.0,0.0
2026-01-20 08:45:00,382.7,157.0,10.3,5.9,0.0,0.0
2026-01-20 09:00:00,382.2,156.8,10.3,5.6,0.0,0.0
2026-01-20 09:30:00,380.0,158.2,10.3,5.6,0.0,0.0
2026-01-20 09:45:00,379.8,158.5,10.3,5.6,0.0,0.0
2026-01-20 10:15:00,379.5,157.0,10.3,5.4,0.0,0.0
2026-01-20 10:30:00,379.3,157.0,10.3,5.4,0.0,0.0
2026-01-20 10:45:00,379.7,157.8,10.3,5.4,0.0,0.0
2026-01-20 11:00:00,379.8,157.5,10.3,5.5,0.0,0.0
2026-01-20 11:30:00,378.7,157.0,10.2,5.5,0.0,0.0
2026-01-20 11:45:00,377.7,156.8,10.2,5.5,0.0,0.0
2026-01-20 12:45:00,379.8,156.8,10.2,5.6,0.0,0.0
2026-01-20 13:00:00,380.8,157.0,10.2,5.2,0.0,0.0
2026-01-20 13:45:00,381.5,157.3,10.2,5.2,0.0,0.0
2026-01-20 14:00:00,381.5,157.3,10.3,4.9,0.0,0.0
2026-01-20 14:15:00,381.8,156.2,10.3,4.9,0.0,0.0
2026-01-20 14:30:00,382.0,157.3,10.3,4.9,0.0,0.0
2026-01-20 14:45:00,382.2,157.7,10.3,4.9,0.0,0.0
2026-01-20 15:00:00,382.2,157.2,10.28,5.1,0.0,0.0
2026-01-20 15:45:00,383.0,157.0,10.2,5.1,0.0,0.0
2026-01-20 16:00:00,383.2,156.2,10.2,5.1,0.0,14.0
2026-01-20 16:15:00,383.3,156.0,10.3,5.1,0.0,14.0
2026-01-20 16:30:00,383.5,156.3,10.3,5.1,0.0,14.0
2026-01-20 16:45:00,384.2,156.0,10.3,5.1,0.0,14.0
2026-01-20 17:15:00,384.3,157.8,10.3,7.2,0.0,106.0
2026-01-20 17:30:00,385.8,157.8,10.3,7.2,0.0,106.0
2026-01-20 17:45:00,387.2,157.2,10.4,7.2,0.0,106.0
2026-01-20 18:00:00,388.3,157.0,10.4,9.2,0.0,251.0
2026-01-20 18:15:00,388.3,157.7,10.5,9.2,0.0,251.0
2026-01-20 18:30:00,387.8,158.2,10.6,9.2,0.0,251.0
2026-01-20 18:45:00,387.7,157.5,10.6,9.2,0.0,251.0
2026-01-20 19:00:00,386.7,155.7,10.7,11.3,0.0,378.0
2026-01-20 19:15:00,385.8,157.2,10.88,11.3,0.0,378.0
2026-01-20 19:45:00,384.3,156.2,11.1,11.3,0.0,378.0
2026-01-20 20:00:00,384.0,156.2,11.2,12.6,0.0,442.0
2026-01-20 20:15:00,383.8,157.5,11.4,12.6,0.0,442.0
2026-01-20 20:30:00,382.8,156.5,11.5,12.6,0.0,442.0
2026-01-20 21:00:00,382.8,157.5,11.7,13.8,0.0,457.0
2026-01-20 21:15:00,382.7,157.5,11.8,13.8,0.0,457.0
2026-01-20 21:45:00,382.8,156.7,11.9,13.8,0.0,457.0
2026-01-20 23:00:00,381.7,159.7,12.1,13.7,0.0,245.0
2026-01-20 23:15:00,380.8,158.3,12.2,13.7,0.0,245.0
2026-01-20 23:30:00,377.7,158.3,12.2,13.7,0.0,245.0
2026-01-21 00:45:00,368.3,157.2,11.9,12.8,0.0,94.0
2026-01-21 01:00:00,370.3,156.3,11.9,11.0,0.0,50.0
2026-01-21 01:15:00,371.5,157.5,11.8,11.0,0.0,50.0
2026-01-21 01:45:00,374.8,156.5,11.7,11.0,0.0,50.0
2026-01-21 02:15:00,377.2,156.8,11.5,9.2,0.0,2.0
2026-01-21 02:30:00,378.7,156.8,11.5,9.2,0.0,2.0
2026-01-21 02:45:00,379.0,157.0,11.4,9.2,0.0,2.0
2026-01-21 03:00:00,379.8,156.3,11.4,8.4,0.0,0.0
2026-01-21 03:30:00,380.5,156.7,11.22,8.4,0.0,0.0
2026-01-21 03:45:00,381.3,155.7,11.2,8.4,0.0,0.0
2026-01-21 04:45:00,381.8,158.5,11.1,7.7,0.0,0.0
2026-01-21 05:00:00,382.5,157.2,11.0,7.2,0.0,0.0
2026-01-21 05:45:00,382.7,156.2,10.9,7.2,0.0,0.0
2026-01-21 06:00:00,382.8,156.8,10.9,7.0,0.0,0.0
2026-01-21 06:15:00,382.7,156.8,10.9,7.0,0.0,0.0
2026-01-21 06:30:00,383.2,156.5,10.8,7.0,0.0,0.0
2026-01-21 07:00:00,383.0,156.0,10.8,7.4,0.0,0.0
2026-01-21 07:45:00,382.7,156.3,10.7,7.4,0.0,0.0
2026-01-21 08:00:00,382.8,155.5,10.7,7.1,0.0,0.0
2026-01-21 08:30:00,383.2,156.2,10.7,7.1,0.0,0.0
2026-01-21 08:45:00,382.7,154.8,10.7,7.1,0.0,0.0
2026-01-21 09:45:00,383.5,155.7,10.7,6.7,0.0,0.0
2026-01-21 10:15:00,382.5,156.2,10.7,6.5,0.0,0.0
2026-01-21 10:45:00,381.2,156.5,10.6,6.5,0.0,0.0
2026-01-21 11:15:00,381.8,157.3,10.6,6.2,0.0,0.0
2026-01-21 11:45:00,380.5,156.8,10.5,6.2,0.0,0.0
2026-01-21 12:30:00,380.5,156.5,10.4,6.4,0.0,0.0
2026-01-21 12:45:00,380.3,156.3,10.4,6.4,0.0,0.0
2026-01-21 13:00:00,380.5,157.2,10.4,5.9,0.0,0.0
2026-01-21 14:00:00,383.7,157.2,10.3,5.6,0.0,0.0
2026-01-21 14:15:00,384.2,157.2,10.2,5.6,0.0,0.0
2026-01-21 14:45:00,384.5,155.7,10.2,5.6,0.0,0.0
2026-01-21 15:00:00,385.2,156.0,10.13,5.1,0.0,0.0
2026-01-21 15:30:00,385.8,154.7,10.1,5.1,0.0,0.0
2026-01-21 15:45:00,385.2,155.0,10.1,5.1,0.0,0.0
2026-01-21 16:00:00,385.5,155.0,10.1,5.4,0.0,14.0
2026-01-21 16:15:00,385.8,154.5,10.1,5.4,0.0,14.0
2026-01-21 16:30:00,385.8,154.2,10.1,5.4,0.0,14.0
2026-01-21 17:45:00,386.0,155.0,10.5,8.4,0.0,106.0
2026-01-21 18:00:00,386.2,154.7,10.57,9.7,0.0,179.0
2026-01-21 18:15:00,386.3,155.0,10.6,9.7,0.0,179.0
2026-01-21 18:30:00,386.3,155.2,10.7,9.7,0.0,179.0
2026-01-21 18:45:00,386.3,154.8,10.9,9.7,0.0,179.0
2026-01-21 19:00:00,386.3,155.5,11.0,11.2,0.0,251.0
2026-01-21 19:30:00,385.8,154.7,11.2,11.2,0.0,251.0
2026-01-21 19:45:00,385.7,155.3,11.3,11.2,0.0,251.0
2026-01-21 20:00:00,385.7,155.0,11.3,12.3,0.0,300.0
2026-01-21 20:45:00,385.8,156.0,11.6,12.3,0.0,300.0
2026-01-21 21:00:00,385.8,155.0,11.7,12.9,0.0,288.0
2026-01-21 21:30:00,385.5,154.2,11.9,12.9,0.0,288.0
2026-01-21 21:45:00,385.5,155.7,12.0,12.9,0.0,288.0
2026-01-21 22:30:00,385.3,156.7,12.2,13.3,0.0,291.0
2026-01-21 23:15:00,385.5,158.3,12.2,13.4,0.0,212.0
2026-01-22 00:30:00,385.5,156.7,12.1,11.9,0.0,84.0
2026-01-22 00:45:00,385.7,156.8,12.1,11.9,0.0,84.0
2026-01-22 01:30:00,386.8,156.5,11.9,10.4,0.0,32.0
2026-01-22 02:00:00,386.8,157.3,11.8,9.3,0.0,1.0
2026-01-22 02:15:00,386.7,157.8,11.8,9.3,0.0,1.0
2026-01-22 02:30:00,386.7,157.2,11.7,9.3,0.0,1.0
2026-01-22 02:45:00,386.7,157.5,11.7,9.3,0.0,1.0
2026-01-22 03:00:00,386.7,156.8,11.7,9.1,0.0,0.0
2026-01-22 03:30:00,386.2,157.2,11.6,9.1,0.0,0.0
2026-01-22 03:45:00,386.3,156.3,11.5,9.1,0.0,0.0
2026-01-22 04:00:00,386.5,156.3,11.5,8.5,0.0,0.0
2026-01-22 04:15:00,386.5,156.2,11.5,8.5,0.0,0.0
2026-01-22 04:45:00,386.5,156.7,11.4,8.5,0.0,0.0
2026-01-22 05:30:00,386.5,157.2,11.38,8.2,0.0,0.0
2026-01-22 05:45:00,386.3,157.2,11.3,8.2,0.0,0.0
2026-01-22 06:00:00,386.7,156.8,11.3,8.0,0.0,0.0
2026-01-22 06:30:00,386.5,156.7,11.3,8.0,0.0,0.0
2026-01-22 06:45:00,386.2,156.3,11.3,8.0,0.0,0.0
2026-01-22 07:00:00,386.3,157.3,11.23,8.2,0.0,0.0
2026-01-22 07:30:00,386.3,156.3,11.2,8.2,0.0,0.0
2026-01-22 07:45:00,386.3,156.3,11.2,8.2,0.0,0.0
2026-01-22 08:00:00,386.0,156.5,11.2,8.3,0.0,0.0
2026-01-22 08:45:00,386.8,156.2,11.2,8.3,0.0,0.0
2026-01-22 09:15:00,384.8,156.7,11.1,8.2,0.0,0.0
2026-01-22 09:30:00,384.0,157.0,11.1,8.2,0.0,0.0
2026-01-22 09:45:00,383.8,156.2,11.1,8.2,0.0,0.0
2026-01-22 10:30:00,381.7,155.7,11.1,7.9,0.0,0.0
2026-01-22 10:45:00,381.5,156.8,11.1,7.9,0.0,0.0
2026-01-22 11:15:00,381.3,156.8,11.1,7.4,0.0,0.0
2026-01-22 11:30:00,380.7,157.0,11.1,7.4,0.0,0.0
2026-01-22 11:45:00,379.8,156.0,11.0,7.4,0.0,0.0
2026-01-22 12:00:00,380.2,156.2,11.0,7.2,0.0,0.0
2026-01-22 12:15:00,380.2,155.7,11.0,7.2,0.0,0.0
2026-01-22 12:45:00,381.2,156.2,11.0,7.2,0.0,0.0
2026-01-22 13:00:00,381.7,156.2,10.9,6.1,0.0,0.0
2026-01-22 13:30:00,382.2,158.0,10.8,6.1,0.0,0.0
2026-01-22 13:45:00,383.0,156.8,10.7,6.1,0.0,0.0
2026-01-22 14:00:00,383.3,156.2,10.7,6.2,0.0,0.0
2026-01-22 14:30:00,384.8,156.5,10.6,6.2,0.0,0.0
2026-01-22 14:45:00,384.8,156.3,10.5,6.2,0.0,0.0
2026-01-22 15:00:00,385.3,156.0,10.5,6.1,0.0,0.0
2026-01-22 15:30:00,386.0,157.0,10.4,6.1,0.0,0.0
2026-01-22 15:45:00,386.2,155.3,10.4,6.1,0.0,0.0
2026-01-22 16:15:00,386.7,156.0,10.3,7.1,0.0,17.0
2026-01-22 16:30:00,385.5,155.8,10.3,7.1,0.0,17.0
2026-01-22 16:45:00,386.5,157.0,10.3,7.1,0.0,17.0
2026-01-22 17:00:00,386.0,155.3,10.3,9.6,0.0,143.0
2026-01-22 17:15:00,385.7,155.3,10.4,9.6,0.0,143.0
2026-01-22 17:30:00,386.0,154.3,10.4,9.6,0.0,143.0
2026-01-22 17:45:00,386.2,155.7,10.4,9.6,0.0,143.0
2026-01-22 18:00:00,386.2,155.7,10.4,11.4,0.0,261.0
2026-01-22 18:30:00,386.5,155.8,10.6,11.4,0.0,261.0
2026-01-22 19:45:00,387.3,154.8,11.1,13.3,0.0,401.0
2026-01-22 20:00:00,387.5,155.3,11.3,14.5,0.0,478.0
2026-01-22 20:30:00,387.7,155.5,11.6,14.5,0.0,478.0
2026-01-22 20:45:00,387.5,155.8,11.8,14.5,0.0,478.0
2026-01-22 23:30:00,387.0,157.2,12.8,15.7,0.0,400.0
2026-01-23 00:45:00,386.7,157.0,12.58,16.1,0.0,261.0
2026-01-23 01:00:00,386.5,157.5,12.5,13.4,0.0,100.0
2026-01-23 01:15:00,386.0,157.8,12.4,13.4,0.0,100.0
2026-01-23 01:45:00,385.8,157.5,12.3,13.4,0.0,100.0
2026-01-23 02:00:00,386.5,157.0,12.2,10.8,0.0,3.0
2026-01-23 02:30:00,386.7,156.7,12.0,10.8,0.0,3.0
2026-01-23 02:45:00,385.8,156.2,11.9,10.8,0.0,3.0
2026-01-23 03:00:00,386.2,156.5,11.8,9.7,0.0,0.0
2026-01-23 03:15:00,385.5,157.3,11.7,9.7,0.0,0.0
2026-01-23 03:45:00,386.0,156.2,11.5,9.7,0.0,0.0
2026-01-23 04:15:00,385.7,156.8,11.4,9.6,0.0,0.0
2026-01-23 04:45:00,385.5,156.7,11.2,9.6,0.0,0.0
2026-01-23 05:00:00,386.0,157.3,11.13,9.1,0.0,0.0
2026-01-23 05:15:00,385.3,156.3,11.1,9.1,0.0,0.0
2026-01-23 05:45:00,385.5,156.3,10.97,9.1,0.0,0.0
2026-01-23 06:45:00,385.7,155.5,10.7,8.3,0.0,0.0
2026-01-23 07:00:00,385.8,155.5,10.7,8.3,0.0,0.0
2026-01-23 07:15:00,386.0,155.7,10.6,8.3,0.0,0.0
2026-01-23 07:45:00,385.7,155.7,10.6,8.3,0.0,0.0
2026-01-23 08:15:00,385.8,154.2,10.7,8.5,0.0,0.0
2026-01-23 09:15:00,385.8,156.5,10.8,8.4,0.0,0.0
2026-01-23 09:30:00,385.2,157.2,10.8,8.4,0.0,0.0
2026-01-23 09:45:00,385.3,157.3,10.8,8.4,0.0,0.0
2026-01-23 10:00:00,385.5,157.8,10.7,8.3,0.0,0.0
2026-01-23 10:15:00,384.7,157.2,10.6,8.3,0.0,0.0
2026-01-23 10:30:00,383.7,158.0,10.6,8.3,0.0,0.0
2026-01-23 11:30:00,383.5,155.5,10.4,8.7,0.0,0.0
2026-01-23 11:45:00,382.8,157.2,10.4,8.7,0.0,0.0
2026-01-23 12:00:00,383.7,157.2,10.4,8.8,0.0,0.0
2026-01-23 12:30:00,384.2,157.8,10.5,8.8,0.0,0.0
2026-01-23 12:45:00,384.0,156.2,10.6,8.8,0.0,0.0
2026-01-23 13:30:00,386.3,157.7,10.7,9.0,0.0,0.0
2026-01-23 13:45:00,387.5,156.7,10.7,9.0,0.0,0.0
2026-01-23 14:15:00,388.8,156.7,10.8,8.8,0.0,0.0
2026-01-23 14:45:00,389.2,155.0,10.8,8.8,0.0,0.0
2026-01-23 15:00:00,389.2,157.5,10.8,8.9,0.0,0.0
2026-01-23 16:00:00,389.8,156.2,10.8,8.8,0.0,9.0
2026-01-23 16:45:00,389.5,156.7,10.9,8.8,0.0,9.0
2026-01-23 17:15:00,389.5,156.3,10.9,9.1,0.0,87.0
2026-01-23 17:30:00,389.0,155.2,11.0,9.1,0.0,87.0
2026-01-23 17:45:00,388.7,154.8,11.0,9.1,0.0,87.0
2026-01-23 18:15:00,388.3,154.3,11.1,9.8,0.0,201.0
2026-01-23 18:30:00,387.8,155.5,11.1,9.8,0.0,201.0
2026-01-23 18:45:00,387.8,156.0,11.2,9.8,0.0,201.0
2026-01-23 19:00:00,387.8,156.0,11.2,11.2,0.0,293.0
2026-01-23 19:30:00,387.5,156.0,11.4,11.2,0.0,293.0
2026-01-23 19:45:00,387.2,156.3,11.5,11.2,0.0,293.0
2026-01-23 20:45:00,387.0,156.2,11.8,11.9,0.0,317.0
2026-01-23 21:30:00,387.0,157.0,11.9,12.5,0.0,346.0
2026-01-23 21:45:00,386.8,157.5,12.0,12.5,0.0,346.0
2026-01-23 22:15:00,386.3,157.3,12.1,13.0,0.0,388.0
2026-01-23 22:30:00,386.5,157.0,12.1,13.0,0.0,388.0
2026-01-23 22:45:00,386.7,157.2,12.1,13.0,0.0,388.0
2026-01-23 23:45:00,386.7,157.7,12.2,12.7,0.0,351.0
2026-01-24 00:30:00,387.5,157.5,12.0,12.0,0.0,265.0
2026-01-24 00:45:00,387.8,157.8,12.0,12.0,0.0,265.0
2026-01-24 01:45:00,387.7,158.3,11.7,10.7,0.0,101.0
2026-01-24 02:00:00,388.3,157.0,11.6,8.9,0.0,4.0
2026-01-24 02:15:00,388.5,157.2,11.5,8.9,0.0,4.0
2026-01-24 02:30:00,388.0,157.0,11.4,8.9,0.0,4.0
2026-01-24 02:45:00,388.3,157.7,11.4,8.9,0.0,4.0
2026-01-24 03:00:00,388.3,157.2,11.3,8.3,0.0,0.0
2026-01-24 03:45:00,387.8,155.7,11.1,8.3,0.0,0.0
2026-01-24 04:00:00,387.7,157.0,11.0,7.6,0.0,0.0
2026-01-24 04:45:00,387.7,157.3,11.0,7.6,0.0,0.0
2026-01-24 05:15:00,387.7,157.0,11.0,7.1,0.0,0.0
2026-01-24 05:30:00,387.5,157.8,11.0,7.1,0.0,0.0
2026-01-24 05:45:00,387.7,157.7,10.9,7.1,0.0,0.0
2026-01-24 06:15:00,387.3,156.8,10.8,8.2,0.0,0.0
2026-01-24 06:30:00,387.5,157.7,10.72,8.2,0.0,0.0
2026-01-24 06:45:00,387.2,157.5,10.7,8.2,0.0,0.0
2026-01-24 07:00:00,387.0,156.2,10.6,8.2,0.0,0.0
2026-01-24 07:30:00,387.8,156.5,10.5,8.2,0.0,0.0
2026-01-24 07:45:00,387.3,155.3,10.5,8.2,0.0,0.0
2026-01-24 08:00:00,387.7,157.0,10.58,8.7,0.0,0.0
2026-01-24 08:45:00,387.0,156.8,10.6,8.7,0.0,0.0
2026-01-24 09:00:00,387.0,156.8,10.6,8.8,0.0,0.0
2026-01-24 09:30:00,385.5,157.3,10.6,8.8,0.0,0.0
2026-01-24 09:45:00,385.3,158.2,10.6,8.8,0.0,0.0
2026-01-24 10:15:00,384.0,157.7,10.6,8.9,0.0,0.0
2026-01-24 10:30:00,383.3,156.2,10.6,8.9,0.0,0.0
2026-01-24 10:45:00,382.8,157.3,10.6,8.9,0.0,0.0
2026-01-24 11:30:00,381.8,157.0,10.6,8.8,0.0,0.0
2026-01-24 11:45:00,381.0,157.2,10.5,8.8,0.0,0.0
2026-01-24 12:00:00,381.3,158.2,10.5,6.8,0.0,0.0
2026-01-24 12:15:00,381.7,159.3,10.5,6.8,0.0,0.0
2026-01-24 12:45:00,381.7,158.2,10.4,6.8,0.0,0.0
2026-01-24 13:45:00,383.0,156.8,10.1,6.6,0.0,0.0
2026-01-24 14:45:00,385.7,155.5,9.8,6.3,0.0,0.0
2026-01-24 15:00:00,386.0,156.2,9.8,5.8,0.0,0.0
2026-01-24 15:15:00,386.2,154.5,9.7,5.8,0.0,0.0
2026-01-24 15:30:00,386.2,156.5,9.6,5.8,0.0,0.0
2026-01-24 15:45:00,386.0,157.3,9.6,5.8,0.0,0.0
2026-01-24 16:00:00,386.2,156.8,9.5,6.5,0.0,18.0
2026-01-24 16:15:00,386.3,157.0,9.5,6.5,0.0,18.0
2026-01-24 16:30:00,386.3,156.5,9.5,6.5,0.0,18.0
2026-01-24 16:45:00,386.8,156.0,9.4,6.5,0.0,18.0
2026-01-24 17:15:00,387.0,155.8,9.4,9.0,0.0,137.0
2026-01-24 17:30:00,386.2,156.2,9.4,9.0,0.0,137.0
2026-01-24 17:45:00,386.8,155.8,9.5,9.0,0.0,137.0
2026-01-24 18:00:00,386.5,155.7,9.5,11.3,0.0,312.0
2026-01-24 18:15:00,385.8,157.0,9.6,11.3,0.0,312.0
2026-01-24 18:30:00,386.2,155.7,9.7,11.3,0.0,312.0
2026-01-24 19:00:00,386.5,156.2,9.8,13.0,0.0,455.0
2026-01-24 19:15:00,386.5,156.2,9.9,13.0,0.0,455.0
2026-01-24 19:45:00,385.3,155.8,10.2,13.0,0.0,455.0
2026-01-24 20:00:00,386.2,156.0,10.3,14.5,0.0,552.0
2026-01-24 20:15:00,385.3,156.2,10.4,14.5,0.0,552.0
2026-01-24 20:30:00,385.3,156.5,10.6,14.5,0.0,552.0
2026-01-24 21:00:00,386.0,156.0,10.9,15.7,0.0,579.0
2026-01-24 21:30:00,385.8,156.2,11.3,15.7,0.0,579.0
2026-01-24 22:15:00,385.5,157.3,11.5,16.2,0.0,541.0
2026-01-24 22:30:00,384.7,157.5,11.5,16.2,0.0,541.0
2026-01-24 22:45:00,385.0,156.5,11.5,16.2,0.0,541.0
2026-01-24 23:00:00,385.0,157.2,11.5,16.0,0.0,441.0
2026-01-24 23:15:00,385.0,157.2,11.5,16.0,0.0,441.0
2026-01-24 23:30:00,384.7,157.8,11.5,16.0,0.0,441.0
2026-01-24 23:45:00,384.7,157.5,11.42,16.0,0.0,441.0
2026-01-25 00:00:00,384.5,158.2,11.4,16.2,0.0,291.0
2026-01-25 00:45:00,384.2,157.8,11.2,16.2,0.0,291.0
2026-01-25 01:00:00,384.2,157.0,11.1,13.5,0.0,118.0
2026-01-25 01:15:00,385.0,157.2,11.0,13.5,0.0,118.0
2026-01-25 01:30:00,385.0,157.2,11.0,13.5,0.0,118.0
2026-01-25 01:45:00,384.5,157.8,10.9,13.5,0.0,118.0
2026-01-25 02:00:00,385.2,158.8,10.8,10.7,0.0,5.0
2026-01-25 02:15:00,386.5,157.3,10.7,10.7,0.0,5.0
2026-01-25 02:30:00,388.7,157.5,10.6,10.7,0.0,5.0
2026-01-25 02:45:00,390.3,157.0,10.5,10.7,0.0,5.0
2026-01-25 03:15:00,387.8,157.7,10.2,9.5,0.0,0.0
2026-01-25 03:45:00,383.0,157.2,10.1,9.5,0.0,0.0
2026-01-25 04:45:00,379.5,156.7,9.8,8.9,0.0,0.0
2026-01-25 05:30:00,381.2,155.5,9.5,8.2,0.0,0.0
2026-01-25 05:45:00,381.2,156.0,9.5,8.2,0.0,0.0
2026-01-25 06:15:00,382.2,156.0,9.3,7.3,0.0,0.0
2026-01-25 06:30:00,382.0,157.3,9.3,7.3,0.0,0.0
2026-01-25 07:00:00,382.8,155.8,9.2,7.8,0.0,0.0
2026-01-25 07:15:00,382.8,156.5,9.1,7.8,0.0,0.0
2026-01-25 07:30:00,382.8,156.0,9.1,7.8,0.0,0.0
2026-01-25 08:00:00,383.0,156.8,9.1,8.3,0.0,0.0
2026-01-25 08:15:00,383.0,156.5,9.1,8.3,0.0,0.0
2026-01-25 08:45:00,383.5,157.7,9.1,8.3,0.0,0.0
2026-01-25 09:00:00,383.5,157.0,9.1,7.0,0.0,0.0
2026-01-25 09:15:00,383.5,155.3,9.07,7.0,0.0,0.0
2026-01-25 09:45:00,384.2,157.2,9.0,7.0,0.0,0.0
2026-01-25 10:00:00,384.0,156.8,9.0,5.2,0.0,0.0
2026-01-25 10:15:00,384.5,156.7,9.0,5.2,0.0,0.0
2026-01-25 10:30:00,384.0,156.0,9.0,5.2,0.0,0.0
2026-01-25 10:45:00,384.0,155.5,9.0,5.2,0.0,0.0
2026-01-25 11:00:00,384.7,156.8,9.0,3.6,0.0,0.0
2026-01-25 11:15:00,384.3,156.7,9.0,3.6,0.0,0.0
2026-01-25 11:30:00,384.3,156.8,9.0,3.6,0.0,0.0
2026-01-25 12:00:00,384.3,156.3,9.0,3.5,0.0,0.0
2026-01-25 12:30:00,384.3,157.0,9.0,3.5,0.0,0.0
2026-01-25 12:45:00,384.7,154.8,9.0,3.5,0.0,0.0
2026-01-25 13:00:00,384.3,155.5,8.97,3.3,0.0,0.0
2026-01-25 13:30:00,384.5,157.0,8.9,3.3,0.0,0.0
2026-01-25 13:45:00,384.5,157.3,8.9,3.3,0.0,0.0
2026-01-25 14:15:00,384.2,156.7,8.9,3.1,0.0,0.0
2026-01-25 14:30:00,384.2,156.8,8.9,3.1,0.0,0.0
2026-01-25 14:45:00,384.0,156.0,8.9,3.1,0.0,0.0
2026-01-25 15:15:00,384.0,156.0,8.9,3.0,0.0,0.0
2026-01-25 15:45:00,384.2,156.8,8.9,3.0,0.0,0.0
2026-01-25 16:00:00,384.2,155.5,8.9,3.5,0.0,14.0
2026-01-25 16:30:00,384.0,155.5,9.0,3.5,0.0,14.0
2026-01-25 16:45:00,383.7,156.8,9.0,3.5,0.0,14.0
2026-01-25 17:15:00,383.0,155.5,9.1,5.2,0.0,85.0
2026-01-25 17:30:00,383.0,156.3,9.2,5.2,0.0,85.0
2026-01-25 18:00:00,382.8,155.3,9.3,6.9,0.0,150.0
2026-01-25 18:45:00,382.5,155.2,9.5,6.9,0.0,150.0
2026-01-25 20:15:00,389.5,156.2,10.1,9.6,0.0,322.0
2026-01-25 20:45:00,391.3,156.8,10.4,9.6,0.0,322.0
2026-01-25 21:45:00,378.8,157.2,10.9,10.5,0.0,376.0
2026-01-25 22:45:00,378.5,155.3,10.9,10.9,0.0,361.0
2026-01-25 23:00:00,379.0,156.5,10.9,11.1,0.0,300.0
2026-01-25 23:15:00,379.3,156.7,10.9,11.1,0.0,300.0
2026-01-26 00:00:00,380.7,157.2,10.9,9.8,0.0,141.0
2026-01-26 00:30:00,380.8,156.2,10.9,9.8,0.0,141.0
2026-01-26 00:45:00,381.3,155.7,10.8,9.8,0.0,141.0
2026-01-26 01:00:00,381.5,156.2,10.8,8.4,0.0,66.0
2026-01-26 01:30:00,381.8,157.5,10.7,8.4,0.0,66.0
2026-01-26 01:45:00,381.8,155.3,10.68,8.4,0.0,66.0
2026-01-26 02:30:00,381.8,156.7,10.4,6.7,0.0,4.0
2026-01-26 02:45:00,381.3,157.0,10.3,6.7,0.0,4.0
2026-01-26 03:15:00,381.7,156.5,10.2,6.1,0.0,0.0
2026-01-26 03:45:00,382.3,155.2,10.1,6.1,0.0,0.0
2026-01-26 04:30:00,381.7,155.8,10.0,5.7,0.0,0.0
2026-01-26 04:45:00,381.3,157.7,9.9,5.7,0.0,0.0
2026-01-26 05:30:00,381.2,157.8,9.8,5.4,0.0,0.0
2026-01-26 05:45:00,381.3,157.2,9.8,5.4,0.0,0.0
2026-01-26 06:30:00,381.3,156.0,9.7,5.3,0.0,0.0
2026-01-26 07:15:00,381.3,157.0,9.6,5.4,0.0,0.0
2026-01-26 07:45:00,382.0,156.5,9.6,5.4,0.0,0.0
2026-01-26 08:30:00,382.0,156.3,9.6,5.4,0.0,0.0
2026-01-26 08:45:00,382.7,156.8,9.6,5.4,0.0,0.0
2026-01-26 09:45:00,385.0,155.8,9.6,5.1,0.0,0.0
2026-01-26 10:30:00,382.5,156.3,9.6,4.9,0.0,0.0
2026-01-26 10:45:00,382.3,156.7,9.6,4.9,0.0,0.0
2026-01-26 11:15:00,381.8,156.3,9.6,4.8,0.0,0.0
2026-01-26 11:30:00,381.0,156.2,9.6,4.8,0.0,0.0
2026-01-26 11:45:00,380.5,158.0,9.6,4.8,0.0,0.0
2026-01-26 12:30:00,380.5,156.2,9.6,5.2,0.0,0.0
2026-01-26 12:45:00,379.7,157.0,9.6,5.2,0.0,0.0
2026-01-26 13:00:00,380.3,157.2,9.6,5.0,0.0,0.0
2026-01-26 13:30:00,382.2,156.5,9.6,5.0,0.0,0.0
2026-01-26 13:45:00,383.0,156.3,9.6,5.0,0.0,0.0
2026-01-26 14:00:00,383.8,156.8,9.6,4.5,0.0,0.0
2026-01-26 14:15:00,384.2,155.0,9.6,4.5,0.0,0.0
2026-01-26 14:45:00,384.5,155.2,9.55,4.5,0.0,0.0
2026-01-26 15:30:00,385.0,156.2,9.5,4.2,0.0,0.0
2026-01-26 15:45:00,385.8,156.2,9.4,4.2,0.0,0.0
2026-01-26 16:15:00,386.3,156.7,9.3,4.0,0.0,18.0
2026-01-26 16:45:00,385.5,154.0,9.2,4.0,0.0,18.0
2026-01-26 17:30:00,385.5,154.3,9.12,5.6,0.0,127.0
2026-01-26 17:45:00,385.5,155.7,9.2,5.6,0.0,127.0
2026-01-26 18:30:00,384.8,157.0,9.3,7.7,0.0,279.0
2026-01-26 18:45:00,384.8,156.7,9.4,7.7,0.0,279.0
2026-01-26 19:00:00,384.2,156.2,9.5,10.6,0.0,426.0
2026-01-26 20:15:00,383.7,155.7,10.3,12.7,0.0,553.0
2026-01-26 20:30:00,383.7,155.5,10.4,12.7,0.0,553.0
2026-01-26 20:45:00,383.8,155.0,10.6,12.7,0.0,553.0
2026-01-26 21:00:00,383.5,155.2,10.8,14.1,0.0,573.0
2026-01-26 21:45:00,383.0,155.5,11.5,14.1,0.0,573.0
2026-01-26 22:30:00,383.8,156.7,11.7,14.7,0.0,531.0
2026-01-26 23:15:00,384.0,157.7,11.8,14.6,0.0,425.0
2026-01-26 23:45:00,384.2,158.2,11.8,14.6,0.0,425.0
2026-01-27 00:00:00,384.0,157.3,11.7,13.8,0.0,284.0
2026-01-27 00:15:00,383.8,157.8,11.7,13.8,0.0,284.0
2026-01-27 00:30:00,384.0,158.2,11.6,13.8,0.0,284.0
2026-01-27 00:45:00,384.0,158.2,11.6,13.8,0.0,284.0
2026-01-27 01:30:00,383.5,157.8,11.37,11.5,0.0,114.0
2026-01-27 02:30:00,383.2,158.3,11.0,8.9,0.0,6.0
2026-01-27 02:45:00,383.2,159.2,10.9,8.9,0.0,6.0
2026-01-27 03:00:00,383.2,158.7,10.8,7.3,0.0,0.0
2026-01-27 03:15:00,383.0,158.2,10.7,7.3,0.0,0.0
2026-01-27 03:45:00,383.0,158.5,10.5,7.3,0.0,0.0
2026-01-27 04:15:00,382.7,158.5,10.3,6.3,0.0,0.0
2026-01-27 04:30:00,383.5,158.3,10.3,6.3,0.0,0.0
2026-01-27 05:00:00,383.0,157.7,10.12,5.8,0.0,0.0
2026-01-27 05:30:00,382.8,157.0,10.05,5.8,0.0,0.0
2026-01-27 05:45:00,382.8,156.8,10.0,5.8,0.0,0.0
2026-01-27 06:15:00,382.7,156.7,9.9,5.5,0.0,0.0
2026-01-27 06:45:00,382.7,156.2,9.8,5.5,0.0,0.0
2026-01-27 07:00:00,382.8,156.2,9.8,5.1,0.0,0.0
2026-01-27 07:15:00,383.0,155.7,9.8,5.1,0.0,0.0
2026-01-27 07:30:00,382.7,156.5,9.8,5.1,0.0,0.0
2026-01-27 07:45:00,383.0,156.0,9.7,5.1,0.0,0.0
2026-01-27 08:15:00,384.2,156.2,9.7,4.8,0.0,0.0
2026-01-27 08:30:00,384.0,157.0,9.7,4.8,0.0,0.0
2026-01-27 09:00:00,385.3,156.8,9.7,4.7,0.0,0.0
2026-01-27 09:15:00,386.0,156.7,9.7,4.7,0.0,0.0
2026-01-27 09:30:00,385.8,157.0,9.6,4.7,0.0,0.0
2026-01-27 09:45:00,386.7,158.3,9.6,4.7,0.0,0.0
2026-01-27 10:00:00,386.7,158.2,9.6,4.5,0.0,0.0
2026-01-27 10:15:00,385.8,157.3,9.6,4.5,0.0,0.0
2026-01-27 10:30:00,384.7,157.7,9.6,4.5,0.0,0.0
2026-01-27 10:45:00,383.2,157.7,9.5,4.5,0.0,0.0
2026-01-27 11:30:00,380.0,158.0,9.5,4.7,0.0,0.0
2026-01-27 11:45:00,379.0,157.3,9.5,4.7,0.0,0.0
2026-01-27 12:15:00,378.5,157.5,9.4,4.4,0.0,0.0
2026-01-27 12:30:00,378.5,157.2,9.4,4.4,0.0,0.0
2026-01-27 12:45:00,379.3,157.7,9.4,4.4,0.0,0.0
2026-01-27 13:00:00,379.2,157.2,9.4,3.8,0.0,0.0
2026-01-27 13:30:00,379.5,157.0,9.3,3.8,0.0,0.0
2026-01-27 13:45:00,379.7,156.8,9.3,3.8,0.0,0.0
2026-01-27 14:30:00,381.0,156.0,9.2,3.7,0.0,0.0
2026-01-27 14:45:00,381.7,157.7,9.1,3.7,0.0,0.0
2026-01-27 15:00:00,381.8,156.0,9.1,3.9,0.0,0.0
2026-01-27 15:15:00,382.2,156.8,9.1,3.9,0.0,0.0
2026-01-27 17:00:00,384.5,156.0,9.1,7.1,0.0,114.0
2026-01-27 18:30:00,383.2,157.7,9.48,9.5,0.0,273.0
2026-01-27 18:45:00,382.8,157.7,9.53,9.5,0.0,273.0
2026-01-27 19:15:00,369.5,155.5,10.0,12.8,0.0,423.0
2026-01-27 20:30:00,367.8,157.3,10.8,15.1,0.0,541.0
2026-01-27 21:00:00,377.2,157.2,11.0,16.1,0.0,501.0
2026-01-27 21:15:00,379.0,157.2,11.0,16.1,0.0,501.0
2026-01-27 21:45:00,380.2,156.5,11.1,16.1,0.0,501.0
2026-01-27 22:30:00,381.5,156.3,11.3,15.2,0.0,386.0
2026-01-27 22:45:00,381.3,156.8,11.4,15.2,0.0,386.0
2026-01-27 23:00:00,381.5,156.7,11.4,15.2,0.0,269.0
2026-01-27 23:30:00,382.2,158.0,11.4,15.2,0.0,269.0
2026-01-28 00:15:00,381.7,156.3,11.4,15.3,0.0,163.0
2026-01-28 00:30:00,382.2,155.8,11.4,15.3,0.0,163.0
2026-01-28 01:15:00,383.5,156.8,11.4,14.5,0.0,39.0
2026-01-28 02:00:00,387.7,156.7,11.3,13.5,0.0,4.0
2026-01-28 02:30:00,386.5,156.7,11.2,13.5,0.0,4.0
2026-01-28 02:45:00,386.3,158.3,11.2,13.5,0.0,4.0
2026-01-28 04:15:00,377.3,158.8,11.2,12.2,0.175,0.0
2026-01-28 04:30:00,378.2,157.3,11.2,12.2,0.175,0.0
2026-01-28 04:45:00,379.7,157.8,11.2,12.2,0.175,0.0
2026-01-28 05:30:00,379.7,157.8,11.2,11.7,0.0,0.0
2026-01-28 05:45:00,379.8,156.8,11.2,11.7,0.0,0.0
2026-01-28 06:45:00,381.5,157.5,11.22,11.8,0.025,0.0
2026-01-28 07:30:00,382.0,157.8,11.3,11.4,0.0,0.0
2026-01-28 07:45:00,383.3,158.0,11.3,11.4,0.0,0.0
2026-01-28 09:00:00,384.8,156.8,11.3,11.8,0.0,0.0
2026-01-28 09:15:00,384.0,158.8,11.3,11.8,0.0,0.0
2026-01-28 09:30:00,384.7,157.3,11.3,11.8,0.0,0.0
2026-01-28 09:45:00,385.0,158.2,11.3,11.8,0.0,0.0
2026-01-28 10:30:00,381.5,157.8,11.3,11.5,0.075,0.0
2026-01-28 10:45:00,381.8,157.0,11.3,11.5,0.075,0.0
2026-01-28 11:15:00,381.5,158.3,11.3,11.1,0.1,0.0
2026-01-28 11:45:00,378.7,157.8,11.3,11.1,0.1,0.0
2026-01-28 12:30:00,380.2,158.3,11.2,10.7,0.075,0.0
2026-01-28 12:45:00,379.2,158.7,11.2,10.7,0.075,0.0
2026-01-28 13:15:00,381.2,158.3,11.1,10.1,0.0,0.0
2026-01-28 13:30:00,382.3,159.0,11.0,10.1,0.0,0.0
2026-01-28 13:45:00,360.8,158.7,10.9,10.1,0.0,0.0
2026-01-28 14:45:00,385.5,159.2,10.7,9.7,0.0,0.0
2026-01-28 15:00:00,385.2,158.3,10.7,9.2,0.0,0.0
2026-01-28 15:15:00,385.3,158.2,10.6,9.2,0.0,0.0
2026-01-28 15:30:00,385.3,157.8,10.6,9.2,0.0,0.0
2026-01-28 15:45:00,385.3,157.2,10.5,9.2,0.0,0.0
2026-01-28 16:00:00,385.5,157.5,10.5,8.8,0.0,16.0
2026-01-28 16:15:00,385.2,156.5,10.5,8.8,0.0,16.0
2026-01-28 17:30:00,385.2,156.3,10.5,11.1,0.0,136.0
2026-01-28 17:45:00,384.8,156.3,10.6,11.1,0.0,136.0
2026-01-28 18:00:00,385.2,157.0,10.7,13.4,0.0,298.0
2026-01-28 18:15:00,385.2,156.7,10.7,13.4,0.0,298.0
2026-01-28 18:45:00,384.8,156.8,10.9,13.4,0.0,298.0
2026-01-28 19:00:00,385.0,157.8,11.0,14.4,0.0,432.0
2026-01-28 19:15:00,384.2,156.5,11.1,14.4,0.0,432.0
2026-01-28 19:30:00,384.0,155.8,11.2,14.4,0.0,432.0
2026-01-28 19:45:00,383.8,156.8,11.4,14.4,0.0,432.0
2026-01-28 20:00:00,383.2,157.5,11.5,14.8,0.0,493.0
2026-01-28 20:15:00,383.3,158.7,11.68,14.8,0.0,493.0
2026-01-28 20:30:00,383.3,158.0,11.8,14.8,0.0,493.0
2026-01-28 20:45:00,383.7,157.3,11.9,14.8,0.0,493.0
2026-01-28 21:00:00,383.5,157.7,12.0,15.3,0.0,515.0
2026-01-28 21:15:00,383.7,157.0,12.2,15.3,0.0,515.0
2026-01-28 21:30:00,383.5,157.2,12.3,15.3,0.0,515.0
2026-01-28 21:45:00,383.7,158.0,12.5,15.3,0.0,515.0
2026-01-28 22:00:00,383.5,157.5,12.6,15.6,0.0,480.0
2026-01-28 22:15:00,383.5,157.8,12.7,15.6,0.0,480.0
2026-01-28 22:30:00,383.7,157.0,12.7,15.6,0.0,480.0
2026-01-28 22:45:00,383.8,157.0,12.7,15.6,0.0,480.0
2026-01-28 23:15:00,383.5,157.8,12.8,15.8,0.0,413.0
2026-01-28 23:30:00,383.7,157.2,12.8,15.8,0.0,413.0
2026-01-28 23:45:00,384.3,158.5,12.8,15.8,0.0,413.0
2026-01-29 00:00:00,384.0,157.7,12.77,15.7,0.0,284.0
2026-01-29 00:15:00,384.5,158.5,12.7,15.7,0.0,284.0
2026-01-29 00:30:00,384.7,159.2,12.6,15.7,0.0,284.0
2026-01-29 00:45:00,384.2,158.5,12.6,15.7,0.0,284.0
2026-01-29 01:00:00,383.8,159.0,12.5,14.2,0.0,121.0
2026-01-29 01:15:00,383.3,159.2,12.4,14.2,0.0,121.0
2026-01-29 01:30:00,384.0,158.5,12.35,14.2,0.0,121.0
2026-01-29 01:45:00,379.5,158.5,12.23,14.2,0.0,121.0
2026-01-29 02:00:00,384.2,158.7,12.1,12.3,0.0,7.0
2026-01-29 02:15:00,384.2,158.8,12.08,12.3,0.0,7.0
2026-01-29 02:30:00,384.5,158.2,12.0,12.3,0.0,7.0
2026-01-29 02:45:00,384.0,156.5,11.9,12.3,0.0,7.0
2026-01-29 03:00:00,384.2,157.8,11.8,11.2,0.0,0.0
2026-01-29 03:15:00,384.3,156.7,11.7,11.2,0.0,0.0
2026-01-29 03:30:00,383.7,158.0,11.6,11.2,0.0,0.0
2026-01-29 03:45:00,383.7,156.2,11.5,11.2,0.0,0.0
2026-01-29 04:00:00,383.7,157.2,11.5,10.3,0.0,0.0
2026-01-29 04:15:00,382.8,156.3,11.4,10.3,0.0,0.0
2026-01-29 04:30:00,383.0,157.8,11.3,10.3,0.0,0.0
2026-01-29 04:45:00,382.8,156.7,11.3,10.3,0.0,0.0
2026-01-29 05:00:00,383.0,157.0,11.2,9.3,0.0,0.0
2026-01-29 05:15:00,383.2,157.0,11.1,9.3,0.0,0.0
2026-01-29 05:30:00,383.2,156.5,11.1,9.3,0.0,0.0
2026-01-29 05:45:00,382.5,156.3,11.0,9.3,0.0,0.0
2026-01-29 06:15:00,382.7,155.2,10.9,8.4,0.0,0.0
2026-01-29 06:30:00,382.8,154.8,10.9,8.4,0.0,0.0
2026-01-29 06:45:00,383.2,155.5,10.8,8.4,0.0,0.0
2026-01-29 07:00:00,383.5,156.0,10.8,8.2,0.0,0.0
2026-01-29 07:15:00,383.3,155.2,10.8,8.2,0.0,0.0
2026-01-29 07:30:00,383.5,154.7,10.7,8.2,0.0,0.0
2026-01-29 07:45:00,384.0,154.7,10.7,8.2,0.0,0.0
2026-01-29 08:00:00,384.2,155.5,10.7,7.5,0.0,0.0
2026-01-29 08:15:00,384.3,156.0,10.6,7.5,0.0,0.0
2026-01-29 08:30:00,384.5,156.0,10.6,7.5,0.0,0.0
2026-01-29 08:45:00,385.2,155.2,10.5,7.5,0.0,0.0
2026-01-29 09:00:00,386.2,155.0,10.5,6.9,0.0,0.0
2026-01-29 09:15:00,386.0,154.3,10.5,6.9,0.0,0.0
2026-01-29 09:30:00,386.0,155.7,10.5,6.9,0.0,0.0
2026-01-29 09:45:00,387.0,156.7,10.5,6.9,0.0,0.0
2026-01-29 10:00:00,387.2,156.0,10.4,6.5,0.0,0.0
2026-01-29 10:15:00,385.3,155.7,10.4,6.5,0.0,0.0
2026-01-29 10:30:00,384.5,156.0,10.4,6.5,0.0,0.0
2026-01-29 10:45:00,382.8,156.5,10.4,6.5,0.0,0.0
2026-01-29 11:00:00,382.8,157.0,10.3,6.2,0.0,0.0
2026-01-29 11:15:00,381.0,156.5,10.3,6.2,0.0,0.0
2026-01-29 11:30:00,379.3,155.3,10.3,6.2,0.0,0.0
2026-01-29 11:45:00,378.2,156.5,10.2,6.2,0.0,0.0
2026-01-29 12:00:00,377.8,155.8,10.2,5.8,0.0,0.0
2026-01-29 12:15:00,376.7,156.2,10.2,5.8,0.0,0.0
2026-01-29 12:30:00,376.8,154.8,10.1,5.8,0.0,0.0
2026-01-29 12:45:00,377.5,155.3,10.1,5.8,0.0,0.0
2026-01-29 13:00:00,377.3,155.7,10.1,5.4,0.0,0.0
2026-01-29 13:15:00,377.8,156.3,10.0,5.4,0.0,0.0
2026-01-29 13:30:00,377.8,156.3,10.0,5.4,0.0,0.0
2026-01-29 13:45:00,378.7,156.0,10.0,5.4,0.0,0.0
2026-01-29 14:00:00,379.0,156.8,10.0,5.0,0.0,0.0
2026-01-29 14:15:00,379.7,156.7,10.0,5.0,0.0,0.0
2026-01-29 14:30:00,381.0,155.2,9.9,5.0,0.0,0.0
2026-01-29 14:45:00,380.7,156.3,9.9,5.0,0.0,0.0
2026-01-29 15:15:00,381.5,155.3,9.9,4.6,0.0,0.0
2026-01-29 15:30:00,381.8,155.7,9.8,4.6,0.0,0.0
2026-01-29 15:45:00,382.3,155.8,9.8,4.6,0.0,0.0
2026-01-29 16:00:00,382.5,156.0,9.8,5.4,0.0,23.0
2026-01-29 16:15:00,382.5,156.3,9.8,5.4,0.0,23.0
2026-01-29 16:30:00,382.7,156.5,9.8,5.4,0.0,23.0
2026-01-29 16:45:00,383.0,155.3,9.8,5.4,0.0,23.0
2026-01-29 17:00:00,382.5,155.8,9.8,9.1,0.0,155.0
2026-01-29 17:15:00,382.2,155.3,9.9,9.1,0.0,155.0
2026-01-29 17:30:00,382.5,154.8,9.9,9.1,0.0,155.0
2026-01-29 17:45:00,382.3,154.8,10.0,9.1,0.0,155.0
2026-01-29 18:15:00,382.5,154.8,10.1,12.8,0.0,331.0
2026-01-29 18:30:00,382.3,153.8,10.2,12.8,0.0,331.0
2026-01-29 18:45:00,382.3,154.0,10.3,12.8,0.0,331.0
2026-01-29 19:00:00,383.2,153.3,10.4,14.8,0.0,463.0
2026-01-29 19:15:00,382.0,153.7,10.5,14.8,0.0,463.0
2026-01-29 19:30:00,381.8,154.2,10.7,14.8,0.0,463.0
2026-01-29 19:45:00,382.3,154.3,10.8,14.8,0.0,463.0
2026-01-29 20:00:00,381.8,154.2,11.0,15.8,0.0,549.0
2026-01-29 20:15:00,381.3,154.3,11.2,15.8,0.0,549.0
2026-01-29 20:30:00,381.5,155.7,11.4,15.8,0.0,549.0
2026-01-29 20:45:00,381.8,154.0,11.6,15.8,0.0,549.0
2026-01-29 21:15:00,382.5,153.7,12.0,16.1,0.0,579.0
2026-01-29 21:30:00,382.0,154.0,12.3,16.1,0.0,579.0
2026-01-29 21:45:00,381.8,154.3,12.5,16.1,0.0,579.0
2026-01-29 22:00:00,381.7,156.8,12.6,16.2,0.0,539.0
2026-01-29 22:15:00,382.2,155.7,12.6,16.2,0.0,539.0
2026-01-29 22:30:00,382.0,156.5,12.7,16.2,0.0,539.0
2026-01-29 22:45:00,382.0,158.0,12.7,16.2,0.0,539.0
2026-01-29 23:00:00,382.0,157.0,12.7,16.2,0.0,442.0
2026-01-29 23:15:00,382.3,157.5,12.7,16.2,0.0,442.0
2026-01-29 23:30:00,382.7,157.0,12.7,16.2,0.0,442.0
2026-01-29 23:45:00,382.2,155.5,12.7,16.2,0.0,442.0
2026-01-30 00:00:00,382.3,156.2,12.6,16.0,0.0,298.0
2026-01-30 00:15:00,382.5,155.8,12.6,16.0,0.0,298.0
2026-01-30 00:30:00,382.8,155.7,12.5,16.0,0.0,298.0
2026-01-30 00:45:00,383.2,155.7,12.4,16.0,0.0,298.0
2026-01-30 01:00:00,382.8,156.0,12.4,14.0,0.0,129.0
2026-01-30 01:15:00,382.8,155.2,12.3,14.0,0.0,129.0
2026-01-30 01:30:00,382.7,155.2,12.2,14.0,0.0,129.0
2026-01-30 01:45:00,382.8,155.5,12.1,14.0,0.0,129.0
2026-01-30 02:00:00,382.8,155.8,11.9,11.4,0.0,9.0
2026-01-30 02:15:00,382.7,156.2,11.9,11.4,0.0,9.0
2026-01-30 02:30:00,382.5,155.0,11.73,11.4,0.0,9.0
2026-01-30 02:45:00,383.0,155.2,11.6,11.4,0.0,9.0
2026-01-30 03:15:00,382.5,156.0,11.4,9.7,0.0,0.0
2026-01-30 03:30:00,382.0,156.0,11.3,9.7,0.0,0.0
2026-01-30 03:45:00,381.7,156.2,11.2,9.7,0.0,0.0
2026-01-30 04:00:00,381.7,154.8,11.1,8.6,0.0,0.0
2026-01-30 04:15:00,381.5,155.0,11.03,8.6,0.0,0.0
2026-01-30 04:30:00,381.0,154.2,11.0,8.6,0.0,0.0
2026-01-30 04:45:00,381.2,155.2,10.9,8.6,0.0,0.0
2026-01-30 05:00:00,381.7,154.2,10.9,7.9,0.0,0.0
2026-01-30 05:15:00,381.7,153.5,10.8,7.9,0.0,0.0
2026-01-30 05:30:00,382.5,155.0,10.8,7.9,0.0,0.0
2026-01-30 05:45:00,381.5,153.3,10.7,7.9,0.0,0.0
2026-01-30 06:00:00,381.8,153.5,10.7,7.4,0.0,0.0
2026-01-30 06:15:00,381.5,153.0,10.6,7.4,0.0,0.0
2026-01-30 06:30:00,381.5,154.0,10.6,7.4,0.0,0.0
2026-01-30 06:45:00,381.8,152.3,10.5,7.4,0.0,0.0
2026-01-30 07:00:00,381.8,153.0,10.5,7.2,0.0,0.0
2026-01-30 07:15:00,382.0,153.8,10.5,7.2,0.0,0.0
2026-01-30 07:30:00,381.7,154.3,10.5,7.2,0.0,0.0
2026-01-30 08:00:00,382.8,153.5,10.4,6.4,0.0,0.0
2026-01-30 08:15:00,382.2,152.7,10.4,6.4,0.0,0.0
2026-01-30 08:30:00,382.7,153.0,10.4,6.4,0.0,0.0
2026-01-30 08:45:00,382.8,152.8,10.4,6.4,0.0,0.0
2026-01-30 09:00:00,383.2,153.2,10.4,6.1,0.0,0.0
2026-01-30 09:15:00,382.7,152.5,10.3,6.1,0.0,0.0
2026-01-30 09:30:00,382.5,154.7,10.3,6.1,0.0,0.0
2026-01-30 09:45:00,382.3,154.3,10.3,6.1,0.0,0.0
2026-01-30 10:00:00,382.3,152.8,10.2,6.1,0.0,0.0
2026-01-30 10:15:00,380.8,153.8,10.2,6.1,0.0,0.0
2026-01-30 10:30:00,380.0,153.3,10.2,6.1,0.0,0.0
2026-01-30 10:45:00,379.3,153.2,10.1,6.1,0.0,0.0
2026-01-30 11:00:00,379.7,152.7,10.1,5.9,0.0,0.0
2026-01-30 11:15:00,379.3,154.2,10.0,5.9,0.0,0.0
2026-01-30 11:30:00,378.7,153.7,10.0,5.9,0.0,0.0
2026-01-30 11:45:00,377.8,155.0,10.0,5.9,0.0,0.0
2026-01-30 12:00:00,378.7,154.2,9.9,5.3,0.0,0.0
2026-01-30 12:15:00,379.2,154.0,9.9,5.3,0.0,0.0
2026-01-30 12:30:00,378.5,153.7,9.9,5.3,0.0,0.0
2026-01-30 12:45:00,377.7,152.7,9.9,5.3,0.0,0.0
2026-01-30 13:00:00,378.2,152.3,9.9,5.1,0.0,0.0
2026-01-30 13:15:00,378.8,153.0,9.9,5.1,0.0,0.0
2026-01-30 13:30:00,379.5,153.8,9.9,5.1,0.0,0.0
2026-01-30 13:45:00,380.7,153.5,9.83,5.1,0.0,0.0
2026-01-30 14:15:00,381.3,153.0,9.8,4.7,0.0,0.0
2026-01-30 14:30:00,381.3,153.7,9.8,4.7,0.0,0.0
2026-01-30 14:45:00,381.5,152.7,9.8,4.7,0.0,0.0
2026-01-30 15:00:00,382.0,152.2,9.8,4.2,0.0,0.0
2026-01-30 15:15:00,382.3,152.2,9.8,4.2,0.0,0.0
2026-01-30 15:30:00,382.2,152.7,9.8,4.2,0.0,0.0
2026-01-30 15:45:00,383.0,154.2,9.77,4.2,0.0,0.0
2026-01-30 16:00:00,383.5,152.8,9.7,4.9,0.0,26.0
2026-01-30 16:15:00,383.5,153.5,9.72,4.9,0.0,26.0
2026-01-30 16:30:00,383.3,152.7,9.8,4.9,0.0,26.0
2026-01-30 16:45:00,383.3,152.0,9.8,4.9,0.0,26.0
2026-01-30 17:15:00,383.2,152.7,10.0,8.4,0.0,171.0
2026-01-30 17:30:00,383.3,153.0,10.1,8.4,0.0,171.0
2026-01-30 17:45:00,382.8,152.7,10.2,8.4,0.0,171.0
2026-01-30 18:15:00,382.8,152.5,10.4,11.5,0.0,320.0
2026-01-30 18:30:00,382.7,153.0,10.5,11.5,0.0,320.0
2026-01-30 18:45:00,383.0,153.3,10.6,11.5,0.0,320.0
2026-01-30 19:00:00,382.5,152.8,10.7,13.6,0.0,469.0
2026-01-30 19:15:00,382.8,152.3,10.9,13.6,0.0,469.0
2026-01-30 19:30:00,382.5,152.3,11.0,13.6,0.0,469.0
2026-01-30 19:45:00,382.7,153.5,11.2,13.6,0.0,469.0
2026-01-30 20:00:00,382.3,152.3,11.4,14.1,0.0,521.0
2026-01-30 20:15:00,382.7,152.3,11.6,14.1,0.0,521.0
2026-01-30 20:30:00,382.2,153.2,11.7,14.1,0.0,521.0
2026-01-30 20:45:00,382.3,153.3,11.9,14.1,0.0,521.0
2026-01-30 21:00:00,382.5,154.2,12.1,13.8,0.0,526.0
2026-01-30 21:15:00,382.3,153.5,12.3,13.8,0.0,526.0
2026-01-30 21:30:00,382.0,155.2,12.5,13.8,0.0,526.0
2026-01-30 21:45:00,381.5,154.7,12.7,13.8,0.0,526.0
2026-01-30 22:00:00,382.0,153.8,12.8,14.4,0.0,495.0
2026-01-30 22:15:00,381.2,154.0,12.9,14.4,0.0,495.0
2026-01-30 22:30:00,381.7,155.2,12.9,14.4,0.0,495.0
2026-01-30 22:45:00,381.5,156.0,12.9,14.4,0.0,495.0
2026-01-30 23:00:00,382.0,155.0,12.9,14.6,0.0,409.0
2026-01-30 23:15:00,381.5,155.0,12.9,14.6,0.0,409.0
2026-01-30 23:30:00,381.8,154.3,12.9,14.6,0.0,409.0
2026-01-30 23:45:00,382.3,155.3,12.9,14.6,0.0,409.0
2026-01-31 00:00:00,383.0,155.3,12.9,14.6,0.0,282.0
2026-01-31 00:15:00,383.2,154.2,12.8,14.6,0.0,282.0
2026-01-31 00:30:00,383.8,154.0,12.8,14.6,0.0,282.0
2026-01-31 00:45:00,383.7,153.0,12.7,14.6,0.0,282.0
2026-01-31 01:00:00,385.3,154.3,12.7,12.9,0.0,122.0
2026-01-31 01:15:00,387.0,154.2,12.6,12.9,0.0,122.0
2026-01-31 01:30:00,388.5,153.2,12.5,12.9,0.0,122.0
2026-01-31 01:45:00,388.8,154.8,12.4,12.9,0.0,122.0
2026-01-31 02:15:00,388.0,155.2,12.2,10.6,0.0,9.0
2026-01-31 02:30:00,387.5,154.8,12.1,10.6,0.0,9.0
2026-01-31 02:45:00,386.3,155.0,12.0,10.6,0.0,9.0
2026-01-31 03:00:00,382.7,154.3,11.9,9.7,0.0,0.0
2026-01-31 03:15:00,380.8,156.0,11.8,9.7,0.0,0.0
2026-01-31 03:30:00,378.8,153.8,11.8,9.7,0.0,0.0
2026-01-31 03:45:00,377.8,153.7,11.7,9.7,0.0,0.0
2026-01-31 04:00:00,377.5,153.8,11.7,9.3,0.0,0.0
2026-01-31 04:15:00,377.3,153.3,11.6,9.3,0.0,0.0
2026-01-31 04:30:00,378.3,153.5,11.6,9.3,0.0,0.0
2026-01-31 04:45:00,378.5,154.0,11.6,9.3,0.0,0.0
2026-01-31 05:00:00,379.2,154.3,11.5,8.6,0.0,0.0
2026-01-31 05:15:00,379.5,153.8,11.5,8.6,0.0,0.0
2026-01-31 05:30:00,380.0,152.8,11.42,8.6,0.0,0.0
2026-01-31 05:45:00,380.7,152.8,11.4,8.6,0.0,0.0
2026-01-31 06:00:00,381.2,153.3,11.4,8.5,0.0,0.0
2026-01-31 06:15:00,381.7,150.8,11.3,8.5,0.0,0.0
2026-01-31 06:30:00,381.3,153.7,11.3,8.5,0.0,0.0
2026-01-31 06:45:00,381.3,152.8,11.2,8.5,0.0,0.0
2026-01-31 07:00:00,381.3,154.0,11.2,8.2,0.0,0.0
2026-01-31 07:15:00,382.0,154.2,11.1,8.2,0.0,0.0
2026-01-31 07:30:00,382.5,153.8,11.1,8.2,0.0,0.0
2026-01-31 07:45:00,382.8,153.8,11.0,8.2,0.0,0.0
2026-01-31 08:00:00,383.0,153.3,11.0,7.7,0.0,0.0
2026-01-31 08:15:00,383.0,155.0,10.97,7.7,0.0,0.0
2026-01-31 08:30:00,382.8,155.0,10.9,7.7,0.0,0.0
2026-01-31 08:45:00,382.5,153.8,10.9,7.7,0.0,0.0
2026-01-31 09:00:00,381.8,152.8,10.82,7.4,0.0,0.0
2026-01-31 09:15:00,380.7,154.5,10.8,7.4,0.0,0.0
2026-01-31 09:30:00,379.7,153.2,10.8,7.4,0.0,0.0
2026-01-31 09:45:00,379.7,154.3,10.7,7.4,0.0,0.0
2026-01-31 10:00:00,379.5,153.5,10.7,7.0,0.0,0.0
2026-01-31 10:15:00,379.0,153.8,10.7,7.0,0.0,0.0
2026-01-31 10:30:00,377.5,154.2,10.6,7.0,0.0,0.0
2026-01-31 10:45:00,377.5,154.8,10.6,7.0,0.0,0.0
2026-01-31 11:00:00,377.7,153.5,10.6,6.3,0.0,0.0
2026-01-31 11:15:00,377.0,154.2,10.5,6.3,0.0,0.0
2026-01-31 11:30:00,375.8,154.3,10.5,6.3,0.0,0.0
2026-01-31 11:45:00,375.2,153.2,10.5,6.3,0.0,0.0
2026-01-31 12:00:00,374.8,153.7,10.4,6.3,0.0,0.0
2026-01-31 12:15:00,375.3,153.2,10.4,6.3,0.0,0.0
2026-01-31 12:30:00,375.2,153.8,10.4,6.3,0.0,0.0
2026-01-31 12:45:00,376.2,152.8,10.4,6.3,0.0,0.0
2026-01-31 13:00:00,377.2,153.2,10.3,5.3,0.0,0.0
2026-01-31 13:15:00,377.0,153.0,10.3,5.3,0.0,0.0
2026-01-31 13:30:00,377.8,153.2,10.3,5.3,0.0,0.0
2026-01-31 13:45:00,379.5,152.8,10.25,5.3,0.0,0.0
2026-01-31 14:00:00,379.8,152.7,10.2,5.0,0.0,0.0
2026-01-31 14:15:00,379.2,152.5,10.2,5.0,0.0,0.0
2026-01-31 14:30:00,379.7,153.3,10.2,5.0,0.0,0.0
2026-01-31 14:45:00,380.3,153.2,10.2,5.0,0.0,0.0
2026-01-31 15:00:00,380.7,153.3,10.1,4.7,0.0,0.0
2026-01-31 15:15:00,380.8,152.7,10.1,4.7,0.0,0.0
2026-01-31 15:30:00,381.3,153.3,10.1,4.7,0.0,0.0
2026-01-31 15:45:00,381.2,152.8,10.1,4.7,0.0,0.0
2026-01-31 16:00:00,381.7,152.5,10.1,5.4,0.0,25.0
2026-01-31 16:15:00,380.8,152.7,10.1,5.4,0.0,25.0
2026-01-31 16:30:00,380.5,153.0,10.2,5.4,0.0,25.0
2026-01-31 16:45:00,380.0,152.7,10.2,5.4,0.0,25.0
2026-01-31 17:15:00,379.5,152.2,10.4,8.0,0.0,138.0
2026-01-31 17:30:00,380.0,153.3,10.5,8.0,0.0,138.0
2026-01-31 17:45:00,380.2,153.0,10.6,8.0,0.0,138.0
2026-01-31 18:00:00,380.0,152.8,10.7,10.2,0.0,266.0
2026-01-31 18:15:00,381.3,153.0,10.8,10.2,0.0,266.0
2026-01-31 18:30:00,381.2,152.3,10.9,10.2,0.0,266.0
2026-01-31 18:45:00,380.8,152.5,11.0,10.2,0.0,266.0
2026-01-31 19:00:00,380.7,153.8,11.1,12.5,0.0,376.0
2026-01-31 19:15:00,381.0,153.3,11.3,12.5,0.0,376.0
2026-01-31 19:30:00,380.7,153.5,11.4,12.5,0.0,376.0
2026-01-31 19:45:00,380.5,153.3,11.5,12.5,0.0,376.0
2026-01-31 20:00:00,380.3,152.7,11.7,14.2,0.0,486.0
2026-01-31 20:15:00,379.8,153.0,11.9,14.2,0.0,486.0
2026-01-31 20:30:00,380.3,153.7,12.0,14.2,0.0,486.0
2026-01-31 20:45:00,380.7,154.0,12.2,14.2,0.0,486.0
2026-01-31 21:00:00,380.7,155.2,12.4,15.6,0.0,542.0
2026-01-31 21:15:00,380.7,154.8,12.6,15.6,0.0,542.0
2026-01-31 21:30:00,380.5,154.7,12.8,15.6,0.0,542.0
2026-01-31 21:45:00,380.7,155.0,13.0,15.6,0.0,542.0
2026-01-31 22:00:00,380.8,154.8,13.1,15.6,0.0,478.0
2026-01-31 22:15:00,380.8,155.8,13.1,15.6,0.0,478.0
2026-01-31 22:30:00,381.2,156.2,13.2,15.6,0.0,478.0
2026-01-31 22:45:00,380.5,155.2,13.2,15.6,0.0,478.0
2026-01-31 23:00:00,380.7,155.7,13.2,15.3,0.0,408.0
2026-01-31 23:15:00,381.0,155.2,13.2,15.3,0.0,408.0
2026-01-31 23:30:00,381.2,154.5,13.2,15.3,0.0,408.0
2026-01-31 23:45:00,381.0,155.0,13.2,15.3,0.0,408.0
2026-02-01 00:00:00,381.3,154.3,13.2,14.8,0.0,286.0
2026-02-01 00:15:00,382.0,154.5,13.2,14.8,0.0,286.0
2026-02-01 00:30:00,382.2,154.2,13.2,14.8,0.0,286.0
2026-02-01 00:45:00,382.0,154.3,13.1,14.8,0.0,286.0
2026-02-01 01:00:00,382.2,153.7,13.1,13.0,0.0,136.0
2026-02-01 01:15:00,382.2,155.0,13.0,13.0,0.0,136.0
2026-02-01 01:30:00,382.2,155.2,12.9,13.0,0.0,136.0
2026-02-01 01:45:00,382.0,153.8,12.8,13.0,0.0,136.0
2026-02-01 02:15:00,382.5,154.8,12.5,10.4,0.0,10.0
2026-02-01 02:30:00,381.5,153.3,12.4,10.4,0.0,10.0
2026-02-01 02:45:00,381.7,153.3,12.3,10.4,0.0,10.0
2026-02-01 03:00:00,381.5,154.2,12.1,9.1,0.0,0.0
2026-02-01 03:15:00,381.2,154.5,12.0,9.1,0.0,0.0
2026-02-01 03:30:00,381.7,154.8,12.0,9.1,0.0,0.0
2026-02-01 03:45:00,381.0,153.3,11.9,9.1,0.0,0.0
2026-02-01 04:15:00,380.8,155.2,11.7,8.2,0.0,0.0
2026-02-01 04:30:00,380.8,156.0,11.7,8.2,0.0,0.0
2026-02-01 04:45:00,380.8,153.7,11.6,8.2,0.0,0.0
2026-02-01 05:00:00,380.8,155.0,11.5,7.8,0.0,0.0
2026-02-01 05:15:00,380.7,153.3,11.5,7.8,0.0,0.0
2026-02-01 05:30:00,380.5,154.3,11.4,7.8,0.0,0.0
2026-02-01 05:45:00,380.5,154.2,11.38,7.8,0.0,0.0
2026-02-01 06:00:00,380.7,153.8,11.3,7.2,0.0,0.0
2026-02-01 06:15:00,380.3,154.5,11.3,7.2,0.0,0.0
2026-02-01 06:30:00,380.3,154.2,11.2,7.2,0.0,0.0
2026-02-01 06:45:00,380.3,154.0,11.2,7.2,0.0,0.0
2026-02-01 07:15:00,380.0,154.3,11.1,7.5,0.0,0.0
2026-02-01 07:30:00,380.0,154.3,11.1,7.5,0.0,0.0
2026-02-01 07:45:00,379.2,153.8,11.0,7.5,0.0,0.0
2026-02-01 08:00:00,380.0,153.5,11.0,7.3,0.0,0.0
2026-02-01 08:15:00,380.2,153.5,11.0,7.3,0.0,0.0
2026-02-01 08:30:00,380.0,153.2,10.9,7.3,0.0,0.0
2026-02-01 08:45:00,380.2,154.8,10.9,7.3,0.0,0.0
2026-02-01 09:00:00,380.0,154.5,10.9,7.6,0.0,0.0
2026-02-01 09:15:00,380.0,155.0,10.8,7.6,0.0,0.0
2026-02-01 09:30:00,380.3,154.2,10.8,7.6,0.0,0.0
2026-02-01 09:45:00,379.7,153.5,10.8,7.6,0.0,0.0
2026-02-01 10:00:00,379.8,153.5,10.8,7.9,0.0,0.0
2026-02-01 10:15:00,380.3,154.3,10.7,7.9,0.0,0.0
2026-02-01 10:30:00,380.5,154.5,10.7,7.9,0.0,0.0
2026-02-01 10:45:00,380.2,154.8,10.7,7.9,0.0,0.0
2026-02-01 11:00:00,379.8,153.3,10.6,7.6,0.0,0.0
2026-02-01 11:15:00,380.2,154.0,10.6,7.6,0.0,0.0
2026-02-01 11:30:00,380.0,154.3,10.6,7.6,0.0,0.0
2026-02-01 11:45:00,380.0,154.8,10.5,7.6,0.0,0.0
2026-02-01 12:00:00,379.8,155.7,10.5,6.3,0.0,0.0
2026-02-01 12:15:00,380.2,155.3,10.5,6.3,0.0,0.0
2026-02-01 12:30:00,381.0,154.5,10.4,6.3,0.0,0.0
2026-02-01 12:45:00,380.8,153.8,10.4,6.3,0.0,0.0
2026-02-01 13:00:00,380.8,153.2,10.4,5.3,0.0,0.0
2026-02-01 13:15:00,380.7,153.2,10.4,5.3,0.0,0.0
2026-02-01 13:30:00,380.5,153.2,10.3,5.3,0.0,0.0
2026-02-01 13:45:00,381.2,154.0,10.3,5.3,0.0,0.0
2026-02-01 14:00:00,381.8,153.5,10.3,5.6,0.0,0.0
2026-02-01 14:15:00,382.0,152.8,10.3,5.6,0.0,0.0
2026-02-01 14:30:00,382.0,152.0,10.2,5.6,0.0,0.0
2026-02-01 14:45:00,381.8,153.0,10.2,5.6,0.0,0.0
2026-02-01 15:00:00,381.7,153.3,10.2,5.4,0.0,0.0
2026-02-01 15:15:00,381.7,154.3,10.2,5.4,0.0,0.0
2026-02-01 15:30:00,381.7,152.7,10.1,5.4,0.0,0.0
2026-02-01 15:45:00,381.3,154.8,10.1,5.4,0.0,0.0
2026-02-01 16:00:00,381.2,154.3,10.1,6.5,0.0,25.0
2026-02-01 16:15:00,381.2,153.5,10.1,6.5,0.0,25.0
2026-02-01 16:30:00,380.3,152.5,10.1,6.5,0.0,25.0
2026-02-01 16:45:00,380.2,152.2,10.2,6.5,0.0,25.0
2026-02-01 17:00:00,380.5,152.7,10.2,8.8,0.0,132.0
2026-02-01 17:15:00,380.5,153.7,10.3,8.8,0.0,132.0
2026-02-01 17:30:00,380.0,152.8,10.4,8.8,0.0,132.0
2026-02-01 17:45:00,380.0,152.3,10.5,8.8,0.0,132.0
2026-02-01 18:00:00,379.5,152.0,10.5,10.9,0.0,248.0
2026-02-01 18:15:00,380.0,151.8,10.6,10.9,0.0,248.0
2026-02-01 18:30:00,380.0,152.8,10.7,10.9,0.0,248.0
2026-02-01 18:45:00,379.2,152.7,10.8,10.9,0.0,248.0
2026-02-01 19:00:00,379.0,152.7,10.9,13.0,0.0,367.0
2026-02-01 19:15:00,378.3,152.3,11.1,13.0,0.0,367.0
2026-02-01 19:30:00,379.2,150.5,11.2,13.0,0.0,367.0
2026-02-01 19:45:00,379.3,151.2,11.3,13.0,0.0,367.0
2026-02-01 20:00:00,379.2,151.2,11.5,15.3,0.0,504.0
2026-02-01 20:15:00,380.0,152.2,11.7,15.3,0.0,504.0
2026-02-01 20:30:00,381.8,152.2,11.9,15.3,0.0,504.0
2026-02-01 20:45:00,386.7,153.3,12.1,15.3,0.0,504.0
2026-02-01 21:00:00,395.3,154.2,12.4,17.0,0.0,547.0
2026-02-01 21:15:00,397.8,154.8,12.7,17.0,0.0,547.0
2026-02-01 21:30:00,398.0,154.8,12.92,17.0,0.0,547.0
2026-02-01 21:45:00,393.7,156.7,13.1,17.0,0.0,547.0
2026-02-01 22:00:00,386.3,155.2,13.2,17.7,0.0,539.0
2026-02-01 22:15:00,376.2,155.7,13.3,17.7,0.0,539.0
2026-02-01 22:30:00,368.7,155.5,13.3,17.7,0.0,539.0
2026-02-01 23:00:00,366.0,157.0,13.3,17.4,0.0,418.0
2026-02-01 23:15:00,366.7,155.5,13.3,17.4,0.0,418.0
2026-02-01 23:30:00,367.7,155.0,13.2,17.4,0.0,418.0
2026-02-01 23:45:00,369.3,155.0,13.2,17.4,0.0,418.0
2026-02-02 00:00:00,370.0,154.2,13.1,16.9,0.0,253.0
2026-02-02 00:15:00,371.2,153.7,13.1,16.9,0.0,253.0
2026-02-02 00:30:00,372.0,153.0,13.0,16.9,0.0,253.0
2026-02-02 00:45:00,374.0,153.8,13.0,16.9,0.0,253.0
2026-02-02 01:00:00,374.8,153.0,12.9,14.6,0.0,104.0
2026-02-02 01:15:00,376.0,153.8,12.9,14.6,0.0,104.0
2026-02-02 01:30:00,376.3,153.8,12.8,14.6,0.0,104.0
2026-02-02 01:45:00,377.0,154.8,12.7,14.6,0.0,104.0
2026-02-02 02:00:00,377.0,155.3,12.6,12.8,0.0,9.0
2026-02-02 02:15:00,377.3,154.3,12.5,12.8,0.0,9.0
2026-02-02 02:30:00,377.2,154.3,12.3,12.8,0.0,9.0
2026-02-02 02:45:00,377.8,153.3,12.2,12.8,0.0,9.0
2026-02-02 03:00:00,378.0,153.0,12.1,11.9,0.0,0.0
2026-02-02 03:15:00,378.0,154.5,12.0,11.9,0.0,0.0
2026-02-02 03:30:00,377.8,154.3,11.9,11.9,0.0,0.0
2026-02-02 03:45:00,377.2,152.3,11.8,11.9,0.0,0.0
2026-02-02 04:15:00,377.5,153.3,11.6,11.3,0.0,0.0
2026-02-02 04:30:00,377.5,152.5,11.52,11.3,0.0,0.0
2026-02-02 04:45:00,377.3,153.0,11.5,11.3,0.0,0.0
2026-02-02 05:00:00,377.5,151.8,11.4,10.3,0.0,0.0
2026-02-02 05:15:00,377.2,153.3,11.3,10.3,0.0,0.0
2026-02-02 05:30:00,377.8,153.2,11.3,10.3,0.0,0.0
2026-02-02 05:45:00,377.0,152.8,11.2,10.3,0.0,0.0
2026-02-02 06:00:00,377.5,152.7,11.1,9.2,0.0,0.0
2026-02-02 06:15:00,377.3,154.0,11.1,9.2,0.0,0.0
2026-02-02 06:30:00,377.5,153.2,11.0,9.2,0.0,0.0
2026-02-02 06:45:00,377.7,151.8,11.0,9.2,0.0,0.0
2026-02-02 07:15:00,377.5,153.2,10.9,9.2,0.0,0.0
2026-02-02 07:30:00,377.5,153.2,10.8,9.2,0.0,0.0
2026-02-02 07:45:00,377.8,152.8,10.8,9.2,0.0,0.0
2026-02-02 08:00:00,378.0,151.7,10.8,9.3,0.0,0.0
2026-02-02 08:15:00,377.8,153.2,10.7,9.3,0.0,0.0
2026-02-02 08:45:00,378.2,152.2,10.7,9.3,0.0,0.0
2026-02-02 09:15:00,378.2,150.3,10.6,8.9,0.0,0.0
2026-02-02 09:30:00,378.7,151.8,10.6,8.9,0.0,0.0
2026-02-02 09:45:00,380.0,151.7,10.6,8.9,0.0,0.0
2026-02-02 10:00:00,380.5,152.7,10.5,8.2,0.0,0.0
2026-02-02 10:15:00,380.5,151.8,10.5,8.2,0.0,0.0
2026-02-02 10:30:00,379.3,152.7,10.5,8.2,0.0,0.0
2026-02-02 10:45:00,378.7,151.8,10.4,8.2,0.0,0.0
2026-02-02 11:00:00,378.2,152.0,10.4,7.9,0.0,0.0
2026-02-02 11:15:00,378.0,153.2,10.4,7.9,0.0,0.0
2026-02-02 11:30:00,376.8,152.5,10.4,7.9,0.0,0.0
2026-02-02 11:45:00,376.3,152.3,10.3,7.9,0.0,0.0
2026-02-02 12:00:00,376.2,152.7,10.3,6.1,0.0,0.0
2026-02-02 12:15:00,376.0,151.7,10.3,6.1,0.0,0.0
2026-02-02 12:30:00,375.8,151.7,10.22,6.1,0.0,0.0
2026-02-02 12:45:00,375.0,151.7,10.2,6.1,0.0,0.0
2026-02-02 13:00:00,374.3,151.5,10.2,5.2,0.0,0.0
2026-02-02 13:15:00,375.0,151.3,10.2,5.2,0.0,0.0
2026-02-02 13:30:00,375.7,151.0,10.1,5.2,0.0,0.0
2026-02-02 13:45:00,376.5,151.5,10.1,5.2,0.0,0.0
2026-02-02 14:00:00,377.2,152.0,10.1,5.6,0.0,0.0
2026-02-02 14:15:00,378.0,152.3,10.1,5.6,0.0,0.0
2026-02-02 14:30:00,378.7,151.7,10.0,5.6,0.0,0.0
2026-02-02 14:45:00,378.3,151.0,10.0,5.6,0.0,0.0
2026-02-02 15:00:00,379.2,151.3,10.0,5.8,0.0,0.0
2026-02-02 15:15:00,380.2,151.2,10.0,5.8,0.0,0.0
2026-02-02 15:30:00,380.7,151.7,9.9,5.8,0.0,0.0
2026-02-02 15:45:00,379.3,151.3,9.9,5.8,0.0,0.0
2026-02-02 16:00:00,371.8,151.0,9.9,6.7,0.0,27.0
2026-02-02 16:15:00,379.0,151.0,9.9,6.7,0.0,27.0
2026-02-02 16:30:00,380.5,151.0,9.9,6.7,0.0,27.0
2026-02-02 16:45:00,379.7,151.8,9.9,6.7,0.0,27.0
2026-02-02 17:00:00,381.7,152.2,9.9,10.2,0.0,161.0
2026-02-02 17:15:00,380.2,151.2,10.0,10.2,0.0,161.0
2026-02-02 17:30:00,381.3,151.2,10.0,10.2,0.0,161.0
2026-02-02 17:45:00,380.2,150.8,10.1,10.2,0.0,161.0
2026-02-02 18:00:00,379.3,151.0,10.2,13.2,0.0,302.0
2026-02-02 18:15:00,379.5,151.8,10.3,13.2,0.0,302.0
2026-02-02 18:30:00,379.5,151.2,10.3,13.2,0.0,302.0
2026-02-02 18:45:00,379.5,151.2,10.4,13.2,0.0,302.0
2026-02-02 19:00:00,379.2,152.0,10.5,15.6,0.0,454.0
2026-02-02 19:15:00,378.8,152.0,10.6,15.6,0.0,454.0
2026-02-02 19:30:00,378.8,151.5,10.8,15.6,0.0,454.0
2026-02-02 19:45:00,378.3,152.0,11.0,15.6,0.0,454.0
2026-02-02 20:00:00,378.7,151.7,11.2,16.8,0.0,544.0
2026-02-02 20:15:00,378.5,152.2,11.4,16.8,0.0,544.0
2026-02-02 20:30:00,377.8,152.3,11.68,16.8,0.0,544.0
2026-02-02 20:45:00,377.8,151.8,11.9,16.8,0.0,544.0
2026-02-02 21:00:00,378.2,152.8,12.1,17.5,0.0,583.0
2026-02-02 21:15:00,378.2,153.2,12.3,17.5,0.0,583.0
2026-02-02 21:30:00,377.7,152.0,12.7,17.5,0.0,583.0
2026-02-02 21:45:00,378.2,152.3,12.9,17.5,0.0,583.0
2026-02-02 22:00:00,378.2,153.0,13.1,18.0,0.0,561.0
2026-02-02 22:15:00,377.8,153.7,13.2,18.0,0.0,561.0
2026-02-02 22:30:00,377.8,154.5,13.2,18.0,0.0,561.0
2026-02-02 22:45:00,378.5,154.3,13.3,18.0,0.0,561.0
2026-02-02 23:00:00,378.0,153.8,13.3,17.8,0.0,459.0
2026-02-02 23:15:00,378.3,154.0,13.38,17.8,0.0,459.0
2026-02-02 23:30:00,378.3,154.0,13.4,17.8,0.0,459.0
2026-02-02 23:45:00,378.2,154.0,13.32,17.8,0.0,459.0
2026-02-03 00:00:00,378.8,153.8,13.3,17.7,0.0,311.0
2026-02-03 00:15:00,379.0,154.8,13.2,17.7,0.0,311.0
2026-02-03 00:30:00,379.0,155.3,13.2,17.7,0.0,311.0
2026-02-03 00:45:00,379.0,154.8,13.1,17.7,0.0,311.0
2026-02-03 01:00:00,379.2,154.3,13.0,15.2,0.0,143.0
2026-02-03 01:15:00,378.8,155.0,12.9,15.2,0.0,143.0
2026-02-03 01:30:00,379.2,154.2,12.8,15.2,0.0,143.0
2026-02-03 01:45:00,379.7,154.0,12.7,15.2,0.0,143.0
2026-02-03 02:15:00,379.0,153.8,12.5,12.8,0.0,13.0
2026-02-03 02:30:00,378.8,152.5,12.4,12.8,0.0,13.0
2026-02-03 02:45:00,378.7,153.3,12.3,12.8,0.0,13.0
2026-02-03 03:15:00,378.0,153.0,12.1,11.7,0.0,0.0
2026-02-03 03:30:00,377.8,153.7,12.0,11.7,0.0,0.0
2026-02-03 03:45:00,377.7,154.2,11.9,11.7,0.0,0.0
2026-02-03 04:00:00,378.0,154.0,11.8,11.7,0.0,0.0
2026-02-03 04:15:00,378.0,153.7,11.8,11.7,0.0,0.0
2026-02-03 04:30:00,378.2,154.7,11.7,11.7,0.0,0.0
2026-02-03 04:45:00,377.7,153.3,11.6,11.7,0.0,0.0
2026-02-03 05:00:00,377.5,154.2,11.6,11.6,0.0,0.0
2026-02-03 05:15:00,377.5,154.0,11.5,11.6,0.0,0.0
2026-02-03 05:30:00,377.8,153.5,11.5,11.6,0.0,0.0
2026-02-03 05:45:00,377.5,153.7,11.4,11.6,0.0,0.0
2026-02-03 06:00:00,376.8,153.7,11.4,10.6,0.0,0.0
2026-02-03 06:15:00,376.7,153.7,11.3,10.6,0.0,0.0
2026-02-03 06:30:00,377.0,153.2,11.3,10.6,0.0,0.0
2026-02-03 06:45:00,377.2,152.8,11.2,10.6,0.0,0.0
2026-02-03 07:00:00,377.2,152.8,11.2,10.5,0.0,0.0
2026-02-03 07:15:00,377.0,152.2,11.1,10.5,0.0,0.0
2026-02-03 07:30:00,377.2,152.2,11.1,10.5,0.0,0.0
2026-02-03 07:45:00,377.5,152.2,11.1,10.5,0.0,0.0
2026-02-03 08:00:00,377.5,152.5,11.0,9.6,0.0,0.0
2026-02-03 08:15:00,378.0,151.0,11.0,9.6,0.0,0.0
2026-02-03 08:30:00,377.7,153.0,11.0,9.6,0.0,0.0
2026-02-03 08:45:00,378.0,152.7,10.9,9.6,0.0,0.0
2026-02-03 09:00:00,378.2,152.2,10.9,9.0,0.0,0.0
2026-02-03 09:15:00,378.2,151.5,10.9,9.0,0.0,0.0
2026-02-03 09:30:00,378.3,153.8,10.8,9.0,0.0,0.0
2026-02-03 09:45:00,378.5,153.2,10.8,9.0,0.0,0.0
2026-02-03 10:00:00,378.8,153.3,10.8,8.5,0.0,0.0
2026-02-03 10:15:00,379.7,152.7,10.8,8.5,0.0,0.0
2026-02-03 10:30:00,379.3,153.2,10.7,8.5,0.0,0.0
2026-02-03 10:45:00,378.2,153.7,10.7,8.5,0.0,0.0
2026-02-03 11:00:00,377.5,153.2,10.7,7.8,0.0,0.0
2026-02-03 11:15:00,376.8,153.0,10.7,7.8,0.0,0.0
2026-02-03 11:30:00,374.8,153.3,10.65,7.8,0.0,0.0
2026-02-03 11:45:00,374.2,153.2,10.6,7.8,0.0,0.0
2026-02-03 12:00:00,373.2,153.8,10.6,6.5,0.0,0.0
2026-02-03 12:15:00,373.0,153.7,10.6,6.5,0.0,0.0
2026-02-03 12:30:00,373.0,154.8,10.6,6.5,0.0,0.0
2026-02-03 12:45:00,373.3,153.2,10.5,6.5,0.0,0.0
2026-02-03 13:00:00,373.8,153.0,10.5,5.7,0.0,0.0
2026-02-03 13:15:00,373.7,154.5,10.5,5.7,0.0,0.0
2026-02-03 13:30:00,373.8,154.2,10.5,5.7,0.0,0.0
2026-02-03 13:45:00,373.5,153.3,10.4,5.7,0.0,0.0
2026-02-03 14:00:00,374.2,153.5,10.4,5.3,0.0,0.0
2026-02-03 14:15:00,374.2,152.3,10.4,5.3,0.0,0.0
2026-02-03 14:30:00,374.8,152.8,10.4,5.3,0.0,0.0
2026-02-03 14:45:00,375.0,152.2,10.4,5.3,0.0,0.0
2026-02-03 15:00:00,375.5,152.7,10.4,4.8,0.0,0.0
2026-02-03 15:15:00,376.0,153.0,10.37,4.8,0.0,0.0
2026-02-03 15:30:00,376.0,154.0,10.3,4.8,0.0,0.0
2026-02-03 15:45:00,376.0,153.0,10.3,4.8,0.0,0.0
2026-02-03 16:00:00,376.2,152.0,10.3,5.8,0.0,29.0
2026-02-03 16:15:00,376.3,152.8,10.3,5.8,0.0,29.0
2026-02-03 16:30:00,376.7,153.2,10.3,5.8,0.0,29.0
2026-02-03 16:45:00,376.7,153.0,10.3,5.8,0.0,29.0
2026-02-03 17:00:00,376.2,151.7,10.4,9.2,0.0,169.0
2026-02-03 17:15:00,376.0,152.0,10.4,9.2,0.0,169.0
2026-02-03 17:30:00,376.2,153.8,10.5,9.2,0.0,169.0
2026-02-03 17:45:00,376.2,152.0,10.6,9.2,0.0,169.0
2026-02-03 18:15:00,376.2,152.2,10.8,11.7,0.0,333.0
2026-02-03 18:30:00,376.2,152.2,10.9,11.7,0.0,333.0
2026-02-03 18:45:00,376.2,152.8,11.0,11.7,0.0,333.0
2026-02-03 19:00:00,376.0,152.7,11.1,14.2,0.0,481.0
2026-02-03 19:15:00,375.7,153.8,11.2,14.2,0.0,481.0
2026-02-03 19:30:00,375.7,152.5,11.3,14.2,0.0,481.0
2026-02-03 19:45:00,373.0,154.2,11.5,14.2,0.0,481.0
2026-02-03 20:00:00,372.7,153.7,11.7,15.6,0.0,583.0
2026-02-03 20:15:00,373.8,153.3,11.9,15.6,0.0,583.0
2026-02-03 20:30:00,374.5,154.5,12.1,15.6,0.0,583.0
2026-02-03 20:45:00,374.7,153.8,12.3,15.6,0.0,583.0
2026-02-03 21:00:00,375.2,153.8,12.52,16.3,0.0,605.0
2026-02-03 21:15:00,375.2,155.0,12.8,16.3,0.0,605.0
2026-02-03 21:30:00,374.7,155.2,13.1,16.3,0.0,605.0
2026-02-03 21:45:00,374.7,154.5,13.4,16.3,0.0,605.0
2026-02-03 22:00:00,374.5,155.5,13.5,16.8,0.0,567.0
2026-02-03 22:15:00,374.7,155.0,13.6,16.8,0.0,567.0
2026-02-03 22:30:00,374.8,156.5,13.6,16.8,0.0,567.0
2026-02-03 22:45:00,374.7,156.5,13.7,16.8,0.0,567.0
2026-02-03 23:00:00,374.3,154.0,13.7,17.1,0.0,474.0
2026-02-03 23:15:00,375.2,155.3,13.7,17.1,0.0,474.0
2026-02-03 23:30:00,375.2,155.7,13.7,17.1,0.0,474.0
2026-02-03 23:45:00,375.7,155.7,13.7,17.1,0.0,474.0
2026-02-04 00:00:00,376.0,155.2,13.6,17.4,0.0,329.0
2026-02-04 00:15:00,375.5,156.0,13.5,17.4,0.0,329.0
2026-02-04 00:30:00,375.8,156.7,13.5,17.4,0.0,329.0
2026-02-04 00:45:00,375.8,156.0,13.4,17.4,0.0,329.0
2026-02-04 01:00:00,381.5,155.7,13.3,15.5,0.0,151.0
2026-02-04 01:15:00,376.3,156.2,13.22,15.5,0.0,151.0
2026-02-04 01:30:00,376.7,155.3,13.17,15.5,0.0,151.0
2026-02-04 01:45:00,376.8,155.5,13.1,15.5,0.0,151.0
2026-02-04 02:00:00,375.8,156.2,13.0,12.7,0.0,14.0
2026-02-04 02:15:00,376.0,155.3,12.83,12.7,0.0,14.0
2026-02-04 02:30:00,376.8,153.8,12.7,12.7,0.0,14.0
2026-02-04 02:45:00,377.0,154.7,12.6,12.7,0.0,14.0
2026-02-04 03:00:00,377.2,157.0,12.5,10.8,0.0,0.0
2026-02-04 03:15:00,377.3,155.3,12.4,10.8,0.0,0.0
2026-02-04 03:30:00,376.7,155.2,12.3,10.8,0.0,0.0
2026-02-04 03:45:00,376.3,155.5,12.2,10.8,0.0,0.0
2026-02-04 04:00:00,376.8,154.3,12.1,9.7,0.0,0.0
2026-02-04 04:15:00,376.8,155.0,12.1,9.7,0.0,0.0
2026-02-04 04:30:00,377.0,154.7,12.0,9.7,0.0,0.0
2026-02-04 04:45:00,376.5,154.5,11.9,9.7,0.0,0.0
2026-02-04 05:00:00,376.2,154.3,11.9,9.2,0.0,0.0
2026-02-04 05:15:00,376.0,154.0,11.8,9.2,0.0,0.0
2026-02-04 05:30:00,375.7,154.2,11.7,9.2,0.0,0.0
2026-02-04 05:45:00,375.8,155.2,11.7,9.2,0.0,0.0
2026-02-04 06:00:00,375.7,154.5,11.6,8.4,0.0,0.0
2026-02-04 06:15:00,375.7,155.3,11.5,8.4,0.0,0.0
2026-02-04 06:30:00,376.2,154.5,11.5,8.4,0.0,0.0
2026-02-04 06:45:00,376.0,155.8,11.4,8.4,0.0,0.0
2026-02-04 07:15:00,376.2,155.7,11.3,7.9,0.0,0.0
2026-02-04 07:30:00,376.0,155.7,11.2,7.9,0.0,0.0
2026-02-04 07:45:00,376.7,155.0,11.2,7.9,0.0,0.0
2026-02-04 08:00:00,375.8,154.5,11.1,7.0,0.0,0.0
2026-02-04 08:15:00,377.0,154.2,11.1,7.0,0.0,0.0
2026-02-04 08:30:00,377.3,153.8,11.0,7.0,0.0,0.0
2026-02-04 08:45:00,378.0,155.2,11.0,7.0,0.0,0.0
2026-02-04 09:15:00,378.8,154.2,10.9,6.4,0.0,0.0
2026-02-04 09:30:00,379.8,154.7,10.8,6.4,0.0,0.0
2026-02-04 09:45:00,381.2,155.0,10.8,6.4,0.0,0.0
2026-02-04 10:00:00,381.3,154.2,10.8,5.8,0.0,0.0
2026-02-04 10:15:00,381.0,154.8,10.7,5.8,0.0,0.0
2026-02-04 10:30:00,379.0,155.8,10.7,5.8,0.0,0.0
2026-02-04 10:45:00,377.8,154.2,10.7,5.8,0.0,0.0
2026-02-04 11:00:00,377.2,155.7,10.6,5.4,0.0,0.0
2026-02-04 11:15:00,376.8,154.3,10.6,5.4,0.0,0.0
2026-02-04 11:30:00,375.5,154.8,10.5,5.4,0.0,0.0
2026-02-04 11:45:00,375.0,155.2,10.5,5.4,0.0,0.0
2026-02-04 12:00:00,374.7,153.5,10.5,4.9,0.0,0.0
2026-02-04 12:15:00,375.3,153.0,10.5,4.9,0.0,0.0
2026-02-04 12:30:00,375.2,154.7,10.4,4.9,0.0,0.0
2026-02-04 12:45:00,373.8,155.0,10.4,4.9,0.0,0.0
2026-02-04 13:00:00,374.0,155.2,10.4,4.1,0.0,0.0
2026-02-04 13:15:00,374.7,153.3,10.4,4.1,0.0,0.0
2026-02-04 13:30:00,374.5,153.7,10.3,4.1,0.0,0.0
2026-02-04 13:45:00,375.2,154.3,10.3,4.1,0.0,0.0
2026-02-04 14:00:00,376.3,155.7,10.3,3.7,0.0,0.0
2026-02-04 14:15:00,377.7,153.8,10.3,3.7,0.0,0.0
2026-02-04 14:30:00,378.0,153.8,10.3,3.7,0.0,0.0
2026-02-04 14:45:00,377.7,153.5,10.2,3.7,0.0,0.0
2026-02-04 15:00:00,378.0,155.2,10.2,4.0,0.0,0.0
2026-02-04 15:15:00,378.2,154.2,10.2,4.0,0.0,0.0
2026-02-04 15:30:00,378.3,154.0,10.2,4.0,0.0,0.0
2026-02-04 15:45:00,378.3,154.0,10.2,4.0,0.0,0.0
2026-02-04 16:00:00,378.3,154.2,10.2,5.3,0.0,34.0
2026-02-04 16:15:00,379.2,154.3,10.17,5.3,0.0,34.0
2026-02-04 16:30:00,378.8,153.7,10.2,5.3,0.0,34.0
2026-02-04 16:45:00,377.8,153.5,10.2,5.3,0.0,34.0
2026-02-04 17:00:00,377.7,153.3,10.2,8.8,0.0,178.0
2026-02-04 17:15:00,378.0,153.7,10.2,8.8,0.0,178.0
2026-02-04 17:30:00,377.0,153.8,10.3,8.8,0.0,178.0
2026-02-04 17:45:00,377.3,154.0,10.4,8.8,0.0,178.0
2026-02-04 18:00:00,377.8,152.8,10.4,12.0,0.0,345.0
2026-02-04 18:15:00,377.5,153.7,10.5,12.0,0.0,345.0
2026-02-04 18:30:00,378.0,153.2,10.6,12.0,0.0,345.0
2026-02-04 18:45:00,378.0,154.5,10.7,12.0,0.0,345.0
2026-02-04 19:15:00,377.3,155.3,11.0,14.3,0.0,502.0
2026-02-04 19:30:00,377.0,154.8,11.2,14.3,0.0,502.0
2026-02-04 19:45:00,376.8,153.3,11.4,14.3,0.0,502.0
2026-02-04 20:00:00,376.8,153.3,11.7,15.5,0.0,582.0
2026-02-04 20:15:00,377.2,153.3,11.9,15.5,0.0,582.0
2026-02-04 20:30:00,377.7,155.2,12.2,15.5,0.0,582.0
2026-02-04 20:45:00,376.8,154.0,12.4,15.5,0.0,582.0
2026-02-04 21:00:00,377.2,154.8,12.7,16.6,0.0,607.0
2026-02-04 21:15:00,376.3,154.8,13.0,16.6,0.0,607.0
2026-02-04 21:30:00,376.5,156.5,13.3,16.6,0.0,607.0
2026-02-04 21:45:00,376.3,155.8,13.5,16.6,0.0,607.0
2026-02-04 22:00:00,376.7,156.3,13.7,17.4,0.0,581.0
2026-02-04 22:15:00,376.5,155.5,13.8,17.4,0.0,581.0
2026-02-04 22:30:00,376.7,156.7,13.8,17.4,0.0,581.0
2026-02-04 22:45:00,376.8,156.8,13.8,17.4,0.0,581.0
2026-02-04 23:00:00,377.0,156.5,13.9,17.7,0.0,482.0
2026-02-04 23:30:00,377.0,157.2,13.9,17.7,0.0,482.0
2026-02-04 23:45:00,377.0,157.2,13.9,17.7,0.0,482.0
2026-02-05 00:00:00,377.0,157.2,13.8,17.9,0.0,335.0
2026-02-05 00:15:00,376.7,156.2,13.7,17.9,0.0,335.0
2026-02-05 00:30:00,377.2,156.8,13.7,17.9,0.0,335.0
2026-02-05 00:45:00,376.7,157.3,13.6,17.9,0.0,335.0
2026-02-05 01:15:00,376.5,156.0,13.4,15.8,0.0,157.0
2026-02-05 01:30:00,377.3,155.2,13.3,15.8,0.0,157.0
2026-02-05 01:45:00,377.3,155.5,13.2,15.8,0.0,157.0
2026-02-05 02:00:00,377.3,156.2,13.1,12.4,0.0,16.0
2026-02-05 02:15:00,377.0,155.7,13.0,12.4,0.0,16.0
2026-02-05 02:30:00,377.5,155.7,12.8,12.4,0.0,16.0
2026-02-05 02:45:00,377.3,156.2,12.7,12.4,0.0,16.0
2026-02-05 03:15:00,377.8,156.0,12.5,10.3,0.0,0.0
2026-02-05 03:30:00,377.0,156.5,12.4,10.3,0.0,0.0
2026-02-05 03:45:00,377.3,154.8,12.2,10.3,0.0,0.0
2026-02-05 04:00:00,377.3,155.0,12.1,8.9,0.0,0.0
2026-02-05 04:15:00,376.8,154.3,12.0,8.9,0.0,0.0
2026-02-05 04:30:00,377.0,154.5,11.9,8.9,0.0,0.0
2026-02-05 04:45:00,377.0,153.7,11.9,8.9,0.0,0.0
2026-02-05 05:00:00,377.0,155.3,11.8,7.8,0.0,0.0
2026-02-05 05:15:00,377.0,155.0,11.7,7.8,0.0,0.0
2026-02-05 05:30:00,377.3,155.3,11.6,7.8,0.0,0.0
2026-02-05 05:45:00,377.2,155.5,11.6,7.8,0.0,0.0
2026-02-05 06:00:00,377.3,154.8,11.5,7.9,0.0,0.0
2026-02-05 06:15:00,377.2,154.5,11.5,7.9,0.0,0.0
2026-02-05 06:30:00,376.7,153.8,11.4,7.9,0.0,0.0
2026-02-05 06:45:00,377.2,154.0,11.4,7.9,0.0,0.0
2026-02-05 07:00:00,376.7,154.8,11.3,7.3,0.0,0.0
2026-02-05 07:15:00,377.3,154.5,11.3,7.3,0.0,0.0
2026-02-05 07:30:00,376.8,154.8,11.2,7.3,0.0,0.0
2026-02-05 07:45:00,377.7,154.3,11.2,7.3,0.0,0.0
2026-02-05 08:00:00,377.8,153.8,11.1,6.6,0.0,0.0
2026-02-05 08:15:00,378.0,152.7,11.1,6.6,0.0,0.0
2026-02-05 08:30:00,378.7,154.5,11.1,6.6,0.0,0.0
2026-02-05 08:45:00,378.7,154.3,11.1,6.6,0.0,0.0
2026-02-05 09:00:00,379.3,154.7,11.0,6.1,0.0,0.0
2026-02-05 09:15:00,378.8,153.2,11.0,6.1,0.0,0.0
2026-02-05 09:30:00,379.0,154.3,11.0,6.1,0.0,0.0
2026-02-05 09:45:00,379.0,154.3,10.9,6.1,0.0,0.0
2026-02-05 10:00:00,379.5,154.0,10.9,6.4,0.0,0.0
2026-02-05 10:15:00,378.8,153.0,10.9,6.4,0.0,0.0
2026-02-05 10:30:00,377.5,154.0,10.9,6.4,0.0,0.0
2026-02-05 10:45:00,377.2,154.0,10.9,6.4,0.0,0.0
2026-02-05 11:00:00,377.2,155.3,10.8,6.2,0.0,0.0
2026-02-05 11:15:00,376.7,154.8,10.8,6.2,0.0,0.0
2026-02-05 11:30:00,374.3,154.7,10.8,6.2,0.0,0.0
2026-02-05 11:45:00,374.3,155.8,10.8,6.2,0.0,0.0
2026-02-05 12:00:00,374.2,155.0,10.8,6.5,0.0,0.0
2026-02-05 12:15:00,372.7,154.2,10.7,6.5,0.0,0.0
2026-02-05 12:30:00,373.3,154.3,10.7,6.5,0.0,0.0
2026-02-05 12:45:00,373.2,154.7,10.7,6.5,0.0,0.0
2026-02-05 13:00:00,373.8,154.0,10.7,5.5,0.0,0.0
2026-02-05 13:15:00,373.7,153.7,10.7,5.5,0.0,0.0
2026-02-05 13:30:00,374.3,153.8,10.62,5.5,0.0,0.0
2026-02-05 13:45:00,373.0,153.3,10.6,5.5,0.0,0.0
2026-02-05 14:00:00,374.0,154.0,10.6,4.9,0.0,0.0
2026-02-05 14:15:00,374.2,153.8,10.6,4.9,0.0,0.0
2026-02-05 14:30:00,374.7,153.3,10.6,4.9,0.0,0.0
2026-02-05 14:45:00,375.3,154.3,10.6,4.9,0.0,0.0
2026-02-05 15:00:00,375.5,153.8,10.6,5.0,0.0,0.0
2026-02-05 15:15:00,376.0,154.7,10.6,5.0,0.0,0.0
2026-02-05 15:30:00,376.0,153.3,10.6,5.0,0.0,0.0
2026-02-05 15:45:00,376.3,153.3,10.6,5.0,0.0,0.0
2026-02-05 16:00:00,377.0,153.8,10.6,6.1,0.0,28.0
2026-02-05 16:15:00,377.0,154.2,10.6,6.1,0.0,28.0
2026-02-05 16:30:00,376.2,153.3,10.6,6.1,0.0,28.0
2026-02-05 16:45:00,376.8,153.3,10.7,6.1,0.0,28.0
2026-02-05 17:00:00,376.5,152.8,10.7,9.2,0.0,154.0
2026-02-05 17:15:00,376.2,153.3,10.8,9.2,0.0,154.0
2026-02-05 17:30:00,376.8,154.3,10.9,9.2,0.0,154.0
2026-02-05 17:45:00,376.7,154.2,11.0,9.2,0.0,154.0
2026-02-05 18:00:00,377.3,153.3,11.1,12.5,0.0,320.0
2026-02-05 18:15:00,377.3,152.0,11.1,12.5,0.0,320.0
2026-02-05 18:30:00,377.3,153.8,11.2,12.5,0.0,320.0
2026-02-05 18:45:00,377.2,154.3,11.3,12.5,0.0,320.0
2026-02-05 19:00:00,376.7,153.5,11.48,14.7,0.0,424.0
2026-02-05 19:15:00,376.8,152.8,11.6,14.7,0.0,424.0
2026-02-05 19:30:00,376.8,154.0,11.7,14.7,0.0,424.0
2026-02-05 19:45:00,376.3,152.7,11.9,14.7,0.0,424.0
2026-02-05 20:00:00,376.3,152.2,12.1,16.9,0.0,552.0
2026-02-05 20:15:00,376.2,153.3,12.4,16.9,0.0,552.0
2026-02-05 20:30:00,376.0,154.0,12.6,16.9,0.0,552.0
2026-02-05 20:45:00,375.5,154.0,12.9,16.9,0.0,552.0
2026-02-05 21:00:00,376.2,154.5,13.1,18.6,0.0,597.0
2026-02-05 21:15:00,375.7,153.8,13.4,18.6,0.0,597.0
2026-02-05 21:30:00,375.8,154.0,13.7,18.6,0.0,597.0
2026-02-05 21:45:00,376.2,155.0,13.9,18.6,0.0,597.0
2026-02-05 22:00:00,375.8,155.7,14.1,19.5,0.0,562.0
2026-02-05 22:15:00,375.8,155.0,14.2,19.5,0.0,562.0
2026-02-05 22:30:00,375.0,156.0,14.2,19.5,0.0,562.0
2026-02-05 22:45:00,373.3,157.2,14.3,19.5,0.0,562.0
2026-02-05 23:00:00,371.7,156.8,14.3,19.9,0.0,474.0
2026-02-05 23:15:00,369.5,156.7,14.3,19.9,0.0,474.0
2026-02-05 23:30:00,365.2,158.2,14.3,19.9,0.0,474.0
2026-02-05 23:45:00,363.0,157.7,14.3,19.9,0.0,474.0
2026-02-06 00:00:00,361.3,157.3,14.2,19.3,0.0,329.0
2026-02-06 00:15:00,360.5,157.3,14.1,19.3,0.0,329.0
2026-02-06 00:30:00,359.8,157.7,14.1,19.3,0.0,329.0
2026-02-06 00:45:00,359.5,156.0,14.0,19.3,0.0,329.0
2026-02-06 01:00:00,360.8,156.3,14.0,17.0,0.0,138.0
2026-02-06 01:15:00,363.7,156.8,14.0,17.0,0.0,138.0
2026-02-06 01:30:00,364.2,155.0,13.9,17.0,0.0,138.0
2026-02-06 01:45:00,364.8,156.2,13.8,17.0,0.0,138.0
2026-02-06 02:15:00,366.3,156.3,13.7,14.4,0.0,13.0
2026-02-06 02:30:00,367.3,155.3,13.57,14.4,0.0,13.0
2026-02-06 02:45:00,367.5,156.0,13.4,14.4,0.0,13.0
2026-02-06 03:00:00,368.5,156.2,13.3,12.8,0.0,0.0
2026-02-06 03:15:00,368.8,155.3,13.2,12.8,0.0,0.0
2026-02-06 03:30:00,369.3,156.3,13.1,12.8,0.0,0.0
2026-02-06 03:45:00,369.7,155.2,13.1,12.8,0.0,0.0
2026-02-06 04:00:00,370.2,155.0,13.0,12.0,0.0,0.0
2026-02-06 04:15:00,370.3,154.3,12.9,12.0,0.0,0.0
2026-02-06 04:30:00,370.8,153.7,12.9,12.0,0.0,0.0
2026-02-06 04:45:00,371.5,154.7,12.8,12.0,0.0,0.0
2026-02-06 05:00:00,371.5,153.7,12.8,11.4,0.0,0.0
2026-02-06 05:15:00,371.8,154.3,12.7,11.4,0.0,0.0
2026-02-06 05:30:00,371.7,154.5,12.7,11.4,0.0,0.0
2026-02-06 05:45:00,371.7,153.7,12.6,11.4,0.0,0.0
2026-02-06 06:00:00,372.3,154.2,12.52,10.8,0.0,0.0
2026-02-06 06:15:00,372.3,155.0,12.5,10.8,0.0,0.0
2026-02-06 06:30:00,372.2,156.0,12.5,10.8,0.0,0.0
2026-02-06 06:45:00,372.3,155.2,12.4,10.8,0.0,0.0
2026-02-06 07:00:00,371.7,155.5,12.4,10.1,0.0,0.0
2026-02-06 07:15:00,371.0,155.0,12.37,10.1,0.0,0.0
2026-02-06 07:30:00,371.5,154.3,12.3,10.1,0.0,0.0
2026-02-06 07:45:00,371.7,154.2,12.2,10.1,0.0,0.0
2026-02-06 08:00:00,372.8,155.7,12.2,10.4,0.0,0.0
2026-02-06 08:15:00,373.2,154.2,12.1,10.4,0.0,0.0
2026-02-06 08:30:00,372.3,153.3,12.1,10.4,0.0,0.0
2026-02-06 08:45:00,373.8,154.8,12.1,10.4,0.0,0.0
2026-02-06 09:00:00,374.3,154.8,12.1,11.1,0.0,0.0
2026-02-06 09:15:00,374.5,155.2,12.1,11.1,0.0,0.0
2026-02-06 09:30:00,375.2,154.3,12.1,11.1,0.0,0.0
2026-02-06 09:45:00,375.3,154.0,12.1,11.1,0.0,0.0
2026-02-06 10:00:00,375.5,155.3,12.1,11.4,0.05,0.0
2026-02-06 10:15:00,375.2,154.0,12.1,11.4,0.05,0.0
2026-02-06 10:30:00,374.8,154.7,12.1,11.4,0.05,0.0
2026-02-06 10:45:00,373.8,154.2,12.1,11.4,0.05,0.0
2026-02-06 11:00:00,373.2,154.2,12.0,11.0,0.0,0.0
2026-02-06 11:15:00,372.8,155.7,12.0,11.0,0.0,0.0
2026-02-06 11:30:00,372.0,154.8,11.9,11.0,0.0,0.0
2026-02-06 11:45:00,371.3,155.7,11.9,11.0,0.0,0.0
2026-02-06 12:00:00,371.7,155.0,11.9,10.0,0.0,0.0
2026-02-06 12:15:00,372.0,155.3,11.8,10.0,0.0,0.0
2026-02-06 12:30:00,372.8,154.8,11.8,10.0,0.0,0.0
2026-02-06 12:45:00,373.2,156.2,11.7,10.0,0.0,0.0
2026-02-06 13:15:00,372.5,154.5,11.6,10.1,0.0,0.0
2026-02-06 13:30:00,372.8,154.2,11.6,10.1,0.0,0.0
2026-02-06 13:45:00,372.2,155.0,11.5,10.1,0.0,0.0
2026-02-06 14:00:00,372.2,154.2,11.5,9.9,0.0,0.0
2026-02-06 14:15:00,372.3,153.8,11.4,9.9,0.0,0.0
2026-02-06 14:30:00,373.3,154.5,11.4,9.9,0.0,0.0
2026-02-06 14:45:00,373.8,154.8,11.3,9.9,0.0,0.0
2026-02-06 15:00:00,372.7,154.2,11.3,8.3,0.0,0.0
2026-02-06 15:15:00,372.5,154.7,11.28,8.3,0.0,0.0
2026-02-06 15:30:00,372.8,154.3,11.2,8.3,0.0,0.0
2026-02-06 15:45:00,373.2,154.2,11.2,8.3,0.0,0.0
2026-02-06 16:00:00,372.8,153.5,11.2,9.4,0.0,36.0
2026-02-06 16:15:00,373.3,153.7,11.12,9.4,0.0,36.0
2026-02-06 16:30:00,374.0,154.0,11.1,9.4,0.0,36.0
2026-02-06 16:45:00,374.0,153.0,11.1,9.4,0.0,36.0
2026-02-06 17:00:00,374.8,152.3,11.2,12.8,0.0,191.0
2026-02-06 17:15:00,375.0,153.0,11.2,12.8,0.0,191.0
2026-02-06 17:30:00,375.2,153.2,11.2,12.8,0.0,191.0
2026-02-06 17:45:00,375.5,153.3,11.3,12.8,0.0,191.0
2026-02-06 18:00:00,375.7,153.3,11.4,15.1,0.0,365.0
2026-02-06 18:15:00,375.8,152.7,11.4,15.1,0.0,365.0
2026-02-06 18:30:00,376.0,153.7,11.5,15.1,0.0,365.0
2026-02-06 18:45:00,376.2,153.3,11.6,15.1,0.0,365.0
2026-02-06 19:00:00,376.3,153.7,11.7,16.7,0.0,493.0
2026-02-06 19:15:00,375.8,154.0,11.8,16.7,0.0,493.0
2026-02-06 19:30:00,375.8,153.3,11.95,16.7,0.0,493.0
2026-02-06 19:45:00,374.8,153.2,12.1,16.7,0.0,493.0
2026-02-06 20:00:00,375.2,153.7,12.3,17.6,0.0,537.0
2026-02-06 20:30:00,373.0,153.7,12.8,17.6,0.0,537.0
2026-02-06 21:00:00,372.7,154.2,13.1,18.5,0.0,603.0
2026-02-06 21:15:00,371.7,153.8,13.4,18.5,0.0,603.0
2026-02-06 21:30:00,372.0,154.2,13.7,18.5,0.0,603.0
2026-02-06 21:45:00,371.8,155.0,13.9,18.5,0.0,603.0
2026-02-06 22:00:00,371.0,154.7,14.0,18.5,0.0,567.0
2026-02-06 22:15:00,372.0,156.7,14.1,18.5,0.0,567.0
2026-02-06 22:30:00,371.8,154.8,14.1,18.5,0.0,567.0
2026-02-06 22:45:00,372.2,155.2,14.1,18.5,0.0,567.0
2026-02-06 23:00:00,372.5,154.5,14.2,18.3,0.0,469.0
2026-02-06 23:15:00,372.2,153.8,14.2,18.3,0.0,469.0
2026-02-06 23:30:00,372.8,153.8,14.2,18.3,0.0,469.0
2026-02-06 23:45:00,373.0,154.3,14.1,18.3,0.0,469.0
2026-02-07 00:00:00,374.3,154.7,14.1,19.0,0.0,326.0
2026-02-07 00:15:00,374.8,156.0,14.0,19.0,0.0,326.0
2026-02-07 00:30:00,376.3,155.2,14.0,19.0,0.0,326.0
2026-02-07 00:45:00,377.3,155.2,13.9,19.0,0.0,326.0
2026-02-07 01:00:00,378.8,154.7,13.88,16.8,0.0,155.0
2026-02-07 01:15:00,379.0,156.2,13.8,16.8,0.0,155.0
2026-02-07 01:30:00,380.0,155.8,13.7,16.8,0.0,155.0
2026-02-07 01:45:00,380.7,155.0,13.6,16.8,0.0,155.0
2026-02-07 02:00:00,380.2,155.0,13.5,13.7,0.0,17.0
2026-02-07 02:15:00,380.3,154.8,13.4,13.7,0.0,17.0
2026-02-07 02:30:00,380.0,155.0,13.27,13.7,0.0,17.0
2026-02-07 02:45:00,379.2,155.3,13.1,13.7,0.0,17.0
2026-02-07 03:00:00,378.5,154.2,13.0,12.1,0.0,0.0
2026-02-07 03:15:00,377.8,155.2,12.9,12.1,0.0,0.0
2026-02-07 03:30:00,377.7,154.7,12.8,12.1,0.0,0.0
2026-02-07 03:45:00,377.0,154.7,12.7,12.1,0.0,0.0
2026-02-07 04:00:00,376.8,154.3,12.6,11.2,0.0,0.0
2026-02-07 04:15:00,377.0,153.8,12.5,11.2,0.0,0.0
2026-02-07 04:30:00,376.5,154.5,12.4,11.2,0.0,0.0
2026-02-07 04:45:00,375.7,154.7,12.3,11.2,0.0,0.0
2026-02-07 05:00:00,374.8,154.8,12.2,10.9,0.0,0.0
2026-02-07 05:15:00,374.5,154.0,12.2,10.9,0.0,0.0
2026-02-07 05:30:00,374.0,154.3,12.1,10.9,0.0,0.0
2026-02-07 05:45:00,373.5,154.2,12.0,10.9,0.0,0.0
2026-02-07 06:00:00,374.3,153.0,11.92,10.0,0.0,0.0
2026-02-07 06:15:00,373.5,153.5,11.9,10.0,0.0,0.0
2026-02-07 06:30:00,372.3,153.5,11.8,10.0,0.0,0.0
2026-02-07 06:45:00,373.3,154.0,11.8,10.0,0.0,0.0
2026-02-07 07:00:00,373.5,152.5,11.7,10.2,0.0,0.0
2026-02-07 07:15:00,373.2,153.0,11.7,10.2,0.0,0.0
2026-02-07 07:30:00,373.0,152.8,11.7,10.2,0.0,0.0
2026-02-07 07:45:00,373.3,152.2,11.7,10.2,0.0,0.0
2026-02-07 08:00:00,372.8,152.8,11.7,10.1,0.0,0.0
2026-02-07 08:15:00,373.3,153.3,11.7,10.1,0.0,0.0
2026-02-07 08:30:00,372.7,154.3,11.7,10.1,0.0,0.0
2026-02-07 08:45:00,372.7,154.0,11.7,10.1,0.0,0.0
2026-02-07 09:00:00,372.3,154.2,11.7,9.7,0.0,0.0
2026-02-07 09:15:00,372.0,154.5,11.7,9.7,0.0,0.0
2026-02-07 09:30:00,371.3,154.0,11.6,9.7,0.0,0.0
2026-02-07 09:45:00,370.8,153.7,11.5,9.7,0.0,0.0
2026-02-07 10:00:00,368.3,153.3,11.4,9.7,0.0,0.0
2026-02-07 10:15:00,367.7,154.8,11.4,9.7,0.0,0.0
2026-02-07 10:30:00,368.0,153.8,11.3,9.7,0.0,0.0
2026-02-07 10:45:00,368.3,155.8,11.2,9.7,0.0,0.0
2026-02-07 11:00:00,369.0,153.7,11.1,9.5,0.0,0.0
2026-02-07 11:15:00,368.7,156.0,11.0,9.5,0.0,0.0
2026-02-07 11:30:00,368.5,154.8,11.0,9.5,0.0,0.0
2026-02-07 11:45:00,367.5,153.0,10.9,9.5,0.0,0.0
2026-02-07 12:00:00,365.8,153.5,10.9,8.3,0.0,0.0
2026-02-07 12:15:00,365.2,153.0,11.0,8.3,0.0,0.0
2026-02-07 12:30:00,365.7,155.0,11.0,8.3,0.0,0.0
2026-02-07 12:45:00,363.8,154.2,11.0,8.3,0.0,0.0
2026-02-07 13:00:00,365.0,155.0,10.9,8.6,0.0,0.0
2026-02-07 13:15:00,366.3,155.0,10.9,8.6,0.0,0.0
2026-02-07 13:30:00,365.7,155.0,10.9,8.6,0.0,0.0
2026-02-07 13:45:00,364.0,155.3,10.8,8.6,0.0,0.0
2026-02-07 14:00:00,362.8,155.2,10.8,8.1,0.0,0.0
2026-02-07 14:15:00,362.2,154.8,10.8,8.1,0.0,0.0
2026-02-07 14:30:00,361.3,155.8,10.7,8.1,0.0,0.0
2026-02-07 14:45:00,361.0,155.8,10.7,8.1,0.0,0.0
2026-02-07 15:00:00,362.3,154.7,10.7,7.9,0.0,0.0
2026-02-07 15:15:00,361.7,154.2,10.7,7.9,0.0,0.0
2026-02-07 15:30:00,362.3,153.2,10.7,7.9,0.0,0.0
2026-02-07 15:45:00,363.3,153.0,10.7,7.9,0.0,0.0
2026-02-07 16:00:00,364.3,152.5,10.8,8.3,0.0,20.0
2026-02-07 16:15:00,364.7,153.0,10.8,8.3,0.0,20.0
2026-02-07 16:30:00,364.7,154.0,10.8,8.3,0.0,20.0
2026-02-07 16:45:00,365.0,152.8,10.9,8.3,0.0,20.0
2026-02-07 17:00:00,364.8,153.3,10.9,9.9,0.0,113.0
2026-02-07 17:15:00,365.5,152.7,11.0,9.9,0.0,113.0
2026-02-07 17:30:00,365.7,152.5,11.0,9.9,0.0,113.0
2026-02-07 17:45:00,366.7,154.2,11.1,9.9,0.0,113.0
2026-02-07 18:00:00,367.0,153.8,11.2,11.2,0.0,236.0
2026-02-07 18:15:00,367.5,152.8,11.2,11.2,0.0,236.0
2026-02-07 18:30:00,368.0,154.2,11.3,11.2,0.0,236.0
2026-02-07 18:45:00,367.8,153.8,11.4,11.2,0.0,236.0
2026-02-07 19:00:00,368.8,153.2,11.5,13.1,0.0,412.0
2026-02-07 19:15:00,369.0,153.5,11.6,13.1,0.0,412.0
2026-02-07 19:30:00,369.0,155.2,11.7,13.1,0.0,412.0
2026-02-07 19:45:00,369.5,152.7,11.9,13.1,0.0,412.0
2026-02-07 20:00:00,369.0,153.8,12.0,14.8,0.0,544.0
2026-02-07 20:15:00,370.5,153.8,12.3,14.8,0.0,544.0
2026-02-07 20:30:00,369.5,155.2,12.6,14.8,0.0,544.0
2026-02-07 20:45:00,369.2,154.5,12.8,14.8,0.0,544.0
2026-02-07 21:00:00,369.3,154.2,13.0,16.6,0.0,585.0
2026-02-07 21:15:00,369.5,153.8,13.3,16.6,0.0,585.0
2026-02-07 21:30:00,369.8,154.5,13.5,16.6,0.0,585.0
2026-02-07 21:45:00,369.3,156.2,13.6,16.6,0.0,585.0
2026-02-07 22:00:00,369.5,155.0,13.7,16.3,0.0,490.0
2026-02-07 22:15:00,370.2,155.7,13.8,16.3,0.0,490.0
2026-02-07 22:30:00,370.2,154.5,13.8,16.3,0.0,490.0
2026-02-07 22:45:00,370.5,154.8,13.8,16.3,0.0,490.0
2026-02-07 23:00:00,370.7,154.2,13.7,16.0,0.0,400.0
2026-02-07 23:15:00,371.3,155.5,13.7,16.0,0.0,400.0
2026-02-07 23:30:00,371.2,155.8,13.7,16.0,0.0,400.0
2026-02-07 23:45:00,371.2,154.7,13.6,16.0,0.0,400.0
2026-02-08 00:00:00,371.8,153.8,13.6,16.3,0.0,312.0
2026-02-08 00:15:00,371.8,153.0,13.6,16.3,0.0,312.0
2026-02-08 00:30:00,371.7,154.3,13.6,16.3,0.0,312.0
2026-02-08 00:45:00,372.2,154.8,13.5,16.3,0.0,312.0
2026-02-08 01:00:00,373.0,154.0,13.5,15.4,0.0,134.0
2026-02-08 01:15:00,372.5,153.2,13.4,15.4,0.0,134.0
2026-02-08 01:30:00,372.8,153.3,13.4,15.4,0.0,134.0
2026-02-08 01:45:00,374.2,153.3,13.3,15.4,0.0,134.0
2026-02-08 02:00:00,374.3,154.0,13.2,13.1,0.0,18.0
2026-02-08 02:15:00,374.3,155.2,13.1,13.1,0.0,18.0
2026-02-08 02:30:00,374.2,154.0,12.9,13.1,0.0,18.0
2026-02-08 02:45:00,374.2,153.5,12.8,13.1,0.0,18.0
2026-02-08 03:00:00,374.3,153.2,12.7,11.8,0.0,0.0
2026-02-08 03:15:00,374.3,152.8,12.5,11.8,0.0,0.0
2026-02-08 03:30:00,374.0,152.8,12.4,11.8,0.0,0.0
2026-02-08 03:45:00,374.0,152.0,12.3,11.8,0.0,0.0
2026-02-08 04:00:00,374.0,152.3,12.2,10.4,0.0,0.0
2026-02-08 04:15:00,374.2,153.5,12.1,10.4,0.0,0.0
2026-02-08 04:30:00,372.8,153.5,12.0,10.4,0.0,0.0
2026-02-08 04:45:00,373.5,153.5,11.9,10.4,0.0,0.0
2026-02-08 05:00:00,373.3,153.7,11.9,10.4,0.0,0.0
2026-02-08 05:15:00,373.3,152.7,11.8,10.4,0.0,0.0
2026-02-08 05:30:00,373.0,152.0,11.77,10.4,0.0,0.0
2026-02-08 05:45:00,373.3,151.2,11.7,10.4,0.0,0.0
2026-02-08 06:00:00,373.5,150.0,11.6,9.9,0.0,0.0
2026-02-08 06:15:00,373.8,150.8,11.6,9.9,0.0,0.0
2026-02-08 06:30:00,373.2,150.2,11.5,9.9,0.0,0.0
2026-02-08 06:45:00,372.8,150.3,11.5,9.9,0.0,0.0
2026-02-08 07:00:00,373.2,150.3,11.4,9.9,0.0,0.0
2026-02-08 07:15:00,373.3,150.0,11.4,9.9,0.0,0.0
2026-02-08 07:30:00,373.2,150.5,11.3,9.9,0.0,0.0
2026-02-08 07:45:00,373.0,149.7,11.3,9.9,0.0,0.0
2026-02-08 08:00:00,373.0,150.7,11.2,8.5,0.0,0.0
2026-02-08 08:15:00,373.2,152.0,11.2,8.5,0.0,0.0
2026-02-08 08:30:00,372.8,151.0,11.2,8.5,0.0,0.0
2026-02-08 08:45:00,373.2,152.0,11.1,8.5,0.0,0.0
2026-02-08 09:00:00,373.0,151.2,11.1,9.2,0.0,0.0
2026-02-08 09:15:00,373.0,151.0,11.1,9.2,0.0,0.0
2026-02-08 09:30:00,373.2,150.8,11.0,9.2,0.0,0.0
2026-02-08 09:45:00,373.2,151.0,11.0,9.2,0.0,0.0
2026-02-08 10:00:00,373.5,151.2,11.0,9.2,0.0,0.0
2026-02-08 10:15:00,374.2,151.7,10.9,9.2,0.0,0.0
2026-02-08 10:30:00,374.0,151.2,10.9,9.2,0.0,0.0
2026-02-08 10:45:00,373.8,151.8,10.9,9.2,0.0,0.0
2026-02-08 11:00:00,374.3,151.7,10.8,8.0,0.0,0.0
2026-02-08 11:15:00,374.3,150.3,10.8,8.0,0.0,0.0
2026-02-08 11:30:00,374.0,150.7,10.8,8.0,0.0,0.0
2026-02-08 11:45:00,374.0,151.3,10.8,8.0,0.0,0.0
2026-02-08 12:00:00,373.8,152.0,10.7,8.3,0.0,0.0
2026-02-08 12:15:00,374.5,151.2,10.7,8.3,0.0,0.0
2026-02-08 12:30:00,374.3,151.0,10.7,8.3,0.0,0.0
2026-02-08 12:45:00,374.3,150.7,10.7,8.3,0.0,0.0
2026-02-08 13:00:00,374.0,150.8,10.7,8.2,0.0,0.0
2026-02-08 13:15:00,374.5,150.3,10.7,8.2,0.0,0.0
2026-02-08 13:30:00,374.2,150.5,10.6,8.2,0.0,0.0
2026-02-08 13:45:00,373.5,151.7,10.6,8.2,0.0,0.0
2026-02-08 14:00:00,373.7,149.7,10.6,8.2,0.0,0.0
2026-02-08 14:15:00,374.2,151.0,10.6,8.2,0.0,0.0
2026-02-08 14:30:00,374.3,150.5,10.6,8.2,0.0,0.0
2026-02-08 14:45:00,374.2,149.8,10.5,8.2,0.0,0.0
2026-02-08 15:00:00,374.3,150.2,10.5,8.3,0.0,0.0
2026-02-08 15:15:00,374.2,149.7,10.5,8.3,0.0,0.0
2026-02-08 15:30:00,374.3,150.0,10.5,8.3,0.0,0.0
2026-02-08 15:45:00,374.7,150.0,10.5,8.3,0.0,0.0
2026-02-08 16:00:00,374.5,149.7,10.45,9.0,0.0,28.0
2026-02-08 16:15:00,374.7,150.8,10.4,9.0,0.0,28.0
2026-02-08 16:30:00,374.3,150.0,10.4,9.0,0.0,28.0
2026-02-08 16:45:00,374.3,150.8,10.4,9.0,0.0,28.0
2026-02-08 17:00:00,374.0,149.5,10.5,10.5,0.0,133.0
2026-02-08 17:15:00,374.2,150.2,10.5,10.5,0.0,133.0
2026-02-08 17:30:00,374.2,149.7,10.5,10.5,0.0,133.0
2026-02-08 17:45:00,374.0,150.8,10.6,10.5,0.0,133.0
2026-02-08 18:00:00,373.7,150.7,10.7,12.2,0.0,301.0
2026-02-08 18:15:00,373.7,151.3,10.8,12.2,0.0,301.0
2026-02-08 18:30:00,373.8,151.0,10.9,12.2,0.0,301.0
2026-02-08 18:45:00,373.7,151.0,11.0,12.2,0.0,301.0
2026-02-08 19:00:00,373.5,151.0,11.1,13.9,0.0,451.0
2026-02-08 19:15:00,373.5,150.0,11.2,13.9,0.0,451.0
2026-02-08 19:30:00,373.3,149.8,11.4,13.9,0.0,451.0
2026-02-08 19:45:00,373.2,150.0,11.6,13.9,0.0,451.0
2026-02-08 20:00:00,372.3,150.5,11.8,15.3,0.0,548.0
2026-02-08 20:15:00,372.5,150.2,12.0,15.3,0.0,548.0
2026-02-08 20:30:00,372.8,149.7,12.3,15.3,0.0,548.0
2026-02-08 20:45:00,373.3,149.3,12.5,15.3,0.0,548.0
2026-02-08 21:00:00,372.5,150.3,12.8,16.5,0.0,602.0
2026-02-08 21:15:00,373.5,152.0,13.1,16.5,0.0,602.0
2026-02-08 21:30:00,374.0,153.2,13.4,16.5,0.0,602.0
2026-02-08 21:45:00,374.0,152.5,13.7,16.5,0.0,602.0
2026-02-08 22:00:00,374.3,152.0,13.9,16.9,0.0,566.0
2026-02-08 22:15:00,374.7,152.2,14.0,16.9,0.0,566.0
2026-02-08 22:30:00,375.8,151.8,14.0,16.9,0.0,566.0
2026-02-08 22:45:00,376.0,152.3,14.1,16.9,0.0,566.0
2026-02-08 23:00:00,376.7,152.5,14.1,15.1,0.0,450.0
2026-02-08 23:15:00,377.0,153.5,14.0,15.1,0.0,450.0
2026-02-08 23:30:00,376.8,153.3,14.0,15.1,0.0,450.0
2026-02-08 23:45:00,376.5,152.5,13.9,15.1,0.0,450.0
2026-02-09 00:00:00,376.5,151.8,13.8,14.3,0.0,274.0
2026-02-09 00:15:00,376.8,152.8,13.7,14.3,0.0,274.0
2026-02-09 00:30:00,377.0,152.3,13.6,14.3,0.0,274.0
2026-02-09 00:45:00,376.7,151.5,13.5,14.3,0.0,274.0
2026-02-09 01:00:00,376.2,152.8,13.5,14.1,0.0,148.0
2026-02-09 01:15:00,376.3,152.5,13.4,14.1,0.0,148.0
2026-02-09 01:30:00,376.0,152.0,13.3,14.1,0.0,148.0
2026-02-09 01:45:00,375.8,151.8,13.3,14.1,0.0,148.0
2026-02-09 02:00:00,376.3,152.3,13.2,12.9,0.0,15.0
2026-02-09 02:15:00,377.3,149.8,13.2,12.9,0.0,15.0
2026-02-09 02:30:00,377.5,148.5,13.1,12.9,0.0,15.0
2026-02-09 02:45:00,378.5,147.8,13.1,12.9,0.0,15.0
2026-02-09 03:00:00,379.3,145.3,13.1,12.9,0.0,0.0
2026-02-09 03:15:00,379.5,146.3,13.1,12.9,0.0,0.0
2026-02-09 03:30:00,379.3,146.2,13.0,12.9,0.0,0.0
2026-02-09 03:45:00,380.7,144.0,13.0,12.9,0.0,0.0
2026-02-09 04:00:00,383.0,145.5,13.0,13.1,0.0,0.0
2026-02-09 04:15:00,383.2,145.5,13.0,13.1,0.0,0.0
2026-02-09 04:30:00,384.0,144.2,13.0,13.1,0.0,0.0
2026-02-09 04:45:00,385.5,142.7,12.9,13.1,0.0,0.0
2026-02-09 05:00:00,387.0,144.5,12.9,13.1,0.0,0.0
2026-02-09 05:15:00,389.7,144.0,12.9,13.1,0.0,0.0
2026-02-09 05:30:00,392.0,145.0,12.8,13.1,0.0,0.0
2026-02-09 05:45:00,394.5,144.5,12.8,13.1,0.0,0.0
2026-02-09 06:00:00,397.0,144.2,12.7,12.9,0.0,0.0
2026-02-09 06:15:00,399.7,145.2,12.6,12.9,0.0,0.0
2026-02-09 06:30:00,404.2,143.8,12.6,12.9,0.0,0.0
2026-02-09 06:45:00,407.8,143.2,12.5,12.9,0.0,0.0
2026-02-09 07:00:00,411.7,144.0,12.5,12.9,0.0,0.0
2026-02-09 07:15:00,416.0,142.8,12.5,12.9,0.0,0.0
2026-02-09 07:30:00,421.3,143.5,12.45,12.9,0.0,0.0
2026-02-09 07:45:00,427.3,142.3,12.4,12.9,0.0,0.0
2026-02-09 08:00:00,432.2,143.3,12.4,12.7,0.0,0.0
2026-02-09 08:15:00,438.0,142.3,12.4,12.7,0.0,0.0
2026-02-09 08:30:00,443.8,142.2,12.4,12.7,0.0,0.0
2026-02-09 08:45:00,450.7,143.2,12.3,12.7,0.0,0.0
2026-02-09 09:00:00,457.2,143.2,12.2,11.8,0.0,0.0
2026-02-09 09:15:00,464.3,141.3,12.2,11.8,0.0,0.0
2026-02-09 09:30:00,471.3,142.7,12.1,11.8,0.0,0.0
2026-02-09 09:45:00,478.5,143.0,12.0,11.8,0.0,0.0
2026-02-09 10:00:00,486.3,142.2,12.0,10.8,0.0,0.0
2026-02-09 10:15:00,494.3,142.0,11.9,10.8,0.0,0.0
2026-02-09 10:30:00,504.3,142.5,11.9,10.8,0.0,0.0
2026-02-09 10:45:00,515.2,144.2,11.9,10.8,0.0,0.0
2026-02-09 11:00:00,524.0,142.7,11.8,10.2,0.0,0.0
2026-02-09 11:15:00,533.7,142.0,11.7,10.2,0.0,0.0
2026-02-09 11:30:00,544.2,141.2,11.7,10.2,0.0,0.0
2026-02-09 11:45:00,552.5,142.0,11.7,10.2,0.0,0.0
2026-02-09 12:00:00,562.0,142.8,11.6,10.0,0.0,0.0
2026-02-09 12:15:00,575.7,143.0,11.6,10.0,0.0,0.0
2026-02-09 12:30:00,581.2,142.2,11.5,10.0,0.0,0.0
2026-02-09 12:45:00,587.5,142.3,11.5,10.0,0.0,0.0
2026-02-09 13:00:00,594.7,143.0,11.4,9.3,0.0,0.0
2026-02-09 13:15:00,599.2,141.8,11.4,9.3,0.0,0.0
2026-02-09 13:30:00,605.2,141.2,11.4,9.3,0.0,0.0
2026-02-09 13:45:00,609.8,142.8,11.3,9.3,0.0,0.0
2026-02-09 14:00:00,612.8,142.2,11.3,9.1,0.0,0.0
2026-02-09 14:15:00,618.2,142.5,11.2,9.1,0.0,0.0
2026-02-09 14:30:00,623.0,144.7,11.2,9.1,0.0,0.0
2026-02-09 14:45:00,621.5,143.5,11.1,9.1,0.0,0.0
2026-02-09 15:00:00,626.0,144.2,11.1,9.2,0.0,0.0
2026-02-09 15:15:00,629.5,145.2,11.0,9.2,0.0,0.0
2026-02-09 15:30:00,632.0,143.8,11.0,9.2,0.0,0.0
2026-02-09 15:45:00,634.5,142.5,10.9,9.2,0.0,0.0
2026-02-09 16:00:00,636.2,142.3,10.9,9.5,0.0,30.0
2026-02-09 16:15:00,638.7,141.5,10.9,9.5,0.0,30.0
2026-02-09 16:30:00,640.5,141.5,10.9,9.5,0.0,30.0
2026-02-09 17:00:00,642.2,146.3,11.0,11.0,0.0,137.0
2026-02-09 17:15:00,643.8,148.3,11.0,11.0,0.0,137.0
2026-02-09 17:30:00,644.5,148.3,11.1,11.0,0.0,137.0
2026-02-09 17:45:00,646.0,149.3,11.15,11.0,0.0,137.0
2026-02-09 18:00:00,647.5,150.2,11.2,13.2,0.0,346.0
2026-02-09 18:15:00,648.0,151.3,11.3,13.2,0.0,346.0
2026-02-09 18:30:00,628.7,150.3,11.4,13.2,0.0,346.0
2026-02-09 18:45:00,590.3,151.3,11.5,13.2,0.0,346.0
2026-02-09 19:00:00,560.0,153.2,11.6,14.3,0.0,361.0
2026-02-09 19:15:00,530.5,151.8,11.7,14.3,0.0,361.0
2026-02-09 19:30:00,501.7,151.8,11.8,14.3,0.0,361.0
2026-02-09 19:45:00,477.8,152.8,11.9,14.3,0.0,361.0
2026-02-09 20:00:00,464.5,152.5,12.0,15.6,0.0,493.0
2026-02-09 20:15:00,450.0,152.3,12.1,15.6,0.0,493.0
2026-02-09 20:30:00,439.5,151.7,12.2,15.6,0.0,493.0
2026-02-09 20:45:00,432.5,152.5,12.2,15.6,0.0,493.0
2026-02-09 21:00:00,426.2,152.2,12.3,15.7,0.0,415.0
2026-02-09 21:15:00,422.0,153.5,12.3,15.7,0.0,415.0
2026-02-09 21:30:00,419.5,153.3,12.4,15.7,0.0,415.0
2026-02-09 21:45:00,417.5,153.0,12.42,15.7,0.0,415.0
2026-02-09 22:00:00,415.0,152.8,12.5,16.4,0.0,488.0
2026-02-09 22:15:00,411.8,151.2,12.6,16.4,0.0,488.0
2026-02-09 22:30:00,411.5,152.7,12.7,16.4,0.0,488.0
2026-02-09 22:45:00,408.3,152.8,12.8,16.4,0.0,488.0
2026-02-09 23:00:00,406.2,152.3,12.8,17.0,0.0,443.0
2026-02-09 23:15:00,404.7,152.8,12.8,17.0,0.0,443.0
2026-02-09 23:30:00,403.0,153.0,12.9,17.0,0.0,443.0
2026-02-09 23:45:00,403.0,151.8,12.9,17.0,0.0,443.0
2026-02-10 00:00:00,401.2,152.0,12.8,16.7,0.0,345.0
2026-02-10 00:15:00,399.3,151.7,12.8,16.7,0.0,345.0
2026-02-10 00:30:00,398.2,151.5,12.8,16.7,0.0,345.0
2026-02-10 00:45:00,398.3,151.7,12.8,16.7,0.0,345.0
2026-02-10 01:00:00,397.8,151.8,12.7,15.2,0.0,84.0
2026-02-10 01:15:00,397.2,151.3,12.7,15.2,0.0,84.0
2026-02-10 01:30:00,397.5,152.5,12.6,15.2,0.0,84.0
2026-02-10 01:45:00,398.0,150.5,12.5,15.2,0.0,84.0
2026-02-10 02:00:00,398.3,151.2,12.5,13.2,0.0,10.0
2026-02-10 02:15:00,399.2,149.0,12.4,13.2,0.0,10.0
2026-02-10 02:30:00,399.3,149.2,12.3,13.2,0.0,10.0
2026-02-10 02:45:00,399.8,147.5,12.2,13.2,0.0,10.0
2026-02-10 03:00:00,400.0,146.8,12.2,12.5,0.0,0.0
2026-02-10 03:15:00,400.2,146.2,12.1,12.5,0.0,0.0
2026-02-10 03:30:00,400.7,145.2,12.0,12.5,0.0,0.0
2026-02-10 03:45:00,402.0,144.8,12.0,12.5,0.0,0.0
2026-02-10 04:00:00,404.3,145.7,11.9,11.9,0.0,0.0
2026-02-10 04:15:00,406.3,145.0,11.9,11.9,0.0,0.0
2026-02-10 04:30:00,413.5,143.3,11.8,11.9,0.0,0.0
2026-02-10 04:45:00,418.2,144.3,11.8,11.9,0.0,0.0
2026-02-10 05:00:00,424.0,143.7,11.7,11.1,0.0,0.0
2026-02-10 05:15:00,426.3,145.0,11.7,11.1,0.0,0.0
2026-02-10 05:30:00,431.3,143.2,11.6,11.1,0.0,0.0
2026-02-10 05:45:00,435.3,143.2,11.5,11.1,0.0,0.0
2026-02-10 06:00:00,442.3,143.5,11.47,10.0,0.0,0.0
2026-02-10 06:15:00,449.2,143.0,11.4,10.0,0.0,0.0
2026-02-10 06:30:00,460.5,141.3,11.3,10.0,0.0,0.0
2026-02-10 06:45:00,468.7,142.7,11.2,10.0,0.0,0.0
2026-02-10 07:00:00,474.3,143.0,11.1,9.4,0.0,0.0
2026-02-10 07:15:00,483.2,143.2,11.1,9.4,0.0,0.0
2026-02-10 07:30:00,496.7,142.0,11.0,9.4,0.0,0.0
2026-02-10 07:45:00,506.2,141.3,11.0,9.4,0.0,0.0
2026-02-10 08:00:00,515.2,142.0,10.9,9.9,0.0,0.0
2026-02-10 08:15:00,523.3,140.5,10.9,9.9,0.0,0.0
2026-02-10 08:30:00,532.7,141.8,10.8,9.9,0.0,0.0
2026-02-10 08:45:00,541.2,143.2,10.8,9.9,0.0,0.0
2026-02-10 09:00:00,547.0,141.0,10.7,9.8,0.0,0.0
2026-02-10 09:15:00,552.3,141.7,10.7,9.8,0.0,0.0
2026-02-10 09:30:00,559.3,140.8,10.6,9.8,0.0,0.0
2026-02-10 09:45:00,564.0,141.3,10.6,9.8,0.0,0.0
2026-02-10 10:00:00,569.7,141.2,10.5,9.2,0.0,0.0
2026-02-10 10:15:00,575.0,141.5,10.5,9.2,0.0,0.0
2026-02-10 10:30:00,580.5,140.8,10.4,9.2,0.0,0.0
2026-02-10 10:45:00,587.2,141.3,10.4,9.2,0.0,0.0
2026-02-10 11:00:00,592.2,142.3,10.4,7.9,0.0,0.0
2026-02-10 11:15:00,596.8,142.2,10.3,7.9,0.0,0.0
2026-02-10 11:30:00,600.3,142.3,10.3,7.9,0.0,0.0
2026-02-10 11:45:00,605.7,141.5,10.3,7.9,0.0,0.0
2026-02-10 12:00:00,608.3,144.0,10.3,7.2,0.0,0.0
2026-02-10 12:15:00,612.2,143.0,10.2,7.2,0.0,0.0
2026-02-10 12:30:00,615.3,142.5,10.2,7.2,0.0,0.0
2026-02-10 12:45:00,621.5,142.8,10.2,7.2,0.0,0.0
2026-02-10 13:00:00,624.2,143.0,10.1,6.6,0.0,0.0
2026-02-10 13:15:00,626.5,144.0,10.1,6.6,0.0,0.0
2026-02-10 13:30:00,629.0,144.3,10.1,6.6,0.0,0.0
2026-02-10 13:45:00,630.5,143.8,10.08,6.6,0.0,0.0
2026-02-10 14:00:00,632.2,145.2,10.0,6.2,0.0,0.0
2026-02-10 14:15:00,632.3,145.0,10.0,6.2,0.0,0.0
2026-02-10 14:30:00,631.0,146.0,10.0,6.2,0.0,0.0
2026-02-10 14:45:00,628.0,144.0,10.0,6.2,0.0,0.0
2026-02-10 15:00:00,610.7,143.5,9.9,5.6,0.0,0.0
2026-02-10 15:15:00,620.2,143.2,9.9,5.6,0.0,0.0
2026-02-10 15:30:00,599.2,144.3,9.9,5.6,0.0,0.0
2026-02-10 15:45:00,614.2,143.5,9.98,5.6,0.0,0.0
2026-02-10 16:00:00,612.7,143.2,10.0,6.9,0.0,22.0
2026-02-10 16:15:00,612.0,144.8,10.0,6.9,0.0,22.0
2026-02-10 16:30:00,611.2,143.2,10.0,6.9,0.0,22.0
2026-02-10 16:45:00,612.0,143.8,10.1,6.9,0.0,22.0
2026-02-10 17:00:00,612.7,147.5,10.2,9.9,0.0,188.0
2026-02-10 17:15:00,613.0,148.0,10.28,9.9,0.0,188.0
2026-02-10 17:30:00,614.2,149.5,10.37,9.9,0.0,188.0
2026-02-10 17:45:00,616.0,149.8,10.5,9.9,0.0,188.0
2026-02-10 18:00:00,619.7,150.3,10.6,10.8,0.0,193.0
2026-02-10 18:15:00,620.0,152.5,10.68,10.8,0.0,193.0
2026-02-10 18:30:00,604.3,152.0,10.8,10.8,0.0,193.0
2026-02-10 18:45:00,573.5,152.0,10.9,10.8,0.0,193.0
2026-02-10 19:00:00,536.3,152.0,11.0,12.4,0.05,356.0
2026-02-10 19:30:00,485.7,152.0,11.27,12.4,0.05,356.0
2026-02-10 19:45:00,475.7,153.3,11.4,12.4,0.05,356.0
2026-02-10 20:00:00,455.8,153.0,11.6,14.1,0.0,516.0
2026-02-10 20:15:00,444.0,153.3,11.7,14.1,0.0,516.0
2026-02-10 20:30:00,433.0,153.2,11.8,14.1,0.0,516.0
2026-02-10 20:45:00,430.2,151.5,11.9,14.1,0.0,516.0
2026-02-10 21:00:00,423.0,152.8,12.0,14.3,0.0,341.0
2026-02-10 21:15:00,420.0,153.0,12.1,14.3,0.0,341.0
2026-02-10 21:30:00,410.3,153.5,12.1,14.3,0.0,341.0
2026-02-10 21:45:00,407.0,153.5,12.1,14.3,0.0,341.0
2026-02-10 22:00:00,409.3,153.8,12.0,13.4,0.1,268.0
2026-02-10 22:15:00,408.2,153.7,12.0,13.4,0.1,268.0
2026-02-10 22:30:00,407.5,154.0,12.0,13.4,0.1,268.0
2026-02-10 22:45:00,405.8,153.5,12.0,13.4,0.1,268.0
2026-02-10 23:00:00,404.0,153.3,12.0,13.0,0.1,114.0
2026-02-10 23:15:00,402.8,153.3,12.0,13.0,0.1,114.0
2026-02-10 23:30:00,402.0,153.0,12.0,13.0,0.1,114.0
2026-02-10 23:45:00,399.8,152.7,12.0,13.0,0.1,114.0
2026-02-11 00:00:00,398.8,153.5,12.0,11.4,0.1,81.0
2026-02-11 00:15:00,396.7,154.5,12.0,11.4,0.1,81.0
2026-02-11 00:30:00,392.3,154.5,11.9,11.4,0.1,81.0
2026-02-11 00:45:00,390.2,153.5,11.9,11.4,0.1,81.0
2026-02-11 01:00:00,390.3,153.8,11.9,11.0,0.425,32.0
2026-02-11 01:15:00,390.7,153.2,11.9,11.0,0.425,32.0
2026-02-11 01:30:00,388.7,151.3,11.9,11.0,0.425,32.0
2026-02-11 01:45:00,389.5,153.2,11.8,11.0,0.425,32.0
2026-02-11 02:00:00,391.3,153.7,11.8,10.6,0.15,11.0
2026-02-11 02:15:00,382.3,153.7,11.7,10.6,0.15,11.0
2026-02-11 02:30:00,378.3,153.5,11.7,10.6,0.15,11.0
2026-02-11 02:45:00,377.7,152.2,11.7,10.6,0.15,11.0
2026-02-11 03:00:00,374.7,152.2,11.7,10.0,0.05,0.0
2026-02-11 03:15:00,372.5,152.8,11.6,10.0,0.05,0.0
2026-02-11 03:30:00,371.3,151.3,11.6,10.0,0.05,0.0
2026-02-11 03:45:00,375.3,151.5,11.6,10.0,0.05,0.0
2026-02-11 04:00:00,377.0,149.8,11.6,9.8,0.15,0.0
2026-02-11 04:15:00,380.0,148.2,11.6,9.8,0.15,0.0
2026-02-11 04:30:00,382.8,147.8,11.6,9.8,0.15,0.0
2026-02-11 04:45:00,385.8,146.5,11.5,9.8,0.15,0.0
2026-02-11 05:00:00,388.7,146.8,11.5,9.9,0.75,0.0
2026-02-11 05:15:00,392.3,146.8,11.5,9.9,0.75,0.0
2026-02-11 05:30:00,398.2,146.0,11.4,9.9,0.75,0.0
2026-02-11 05:45:00,402.3,145.8,11.4,9.9,0.75,0.0
2026-02-11 06:00:00,408.0,145.0,11.4,10.2,0.3,0.0
2026-02-11 06:15:00,413.8,144.8,11.4,10.2,0.3,0.0
2026-02-11 06:30:00,419.7,145.3,11.4,10.2,0.3,0.0
2026-02-11 06:45:00,425.8,144.7,11.4,10.2,0.3,0.0
2026-02-11 07:00:00,432.0,145.8,11.4,10.1,0.175,0.0
2026-02-11 07:15:00,442.5,145.2,11.32,10.1,0.175,0.0
2026-02-11 07:30:00,449.0,144.5,11.32,10.1,0.175,0.0
2026-02-11 07:45:00,457.0,144.7,11.33,10.1,0.175,0.0
2026-02-11 08:00:00,465.8,145.0,11.37,10.4,0.1,0.0
2026-02-11 08:15:00,474.2,145.2,11.4,10.4,0.1,0.0
2026-02-11 08:30:00,482.0,146.2,11.4,10.4,0.1,0.0
2026-02-11 08:45:00,488.5,151.3,11.4,10.4,0.1,0.0
2026-02-11 09:00:00,497.8,153.0,11.4,11.2,0.1,0.0
2026-02-11 09:15:00,507.3,153.0,11.4,11.2,0.1,0.0
2026-02-11 09:30:00,501.7,154.0,11.4,11.2,0.1,0.0
2026-02-11 09:45:00,486.5,152.2,11.4,11.2,0.1,0.0
2026-02-11 10:00:00,486.3,151.2,11.4,11.3,0.025,0.0
2026-02-11 10:15:00,486.8,149.3,11.43,11.3,0.025,0.0
2026-02-11 10:30:00,488.8,149.2,11.5,11.3,0.025,0.0
2026-02-11 10:45:00,493.5,148.0,11.5,11.3,0.025,0.0
2026-02-11 11:00:00,497.3,149.0,11.5,10.8,0.05,0.0
2026-02-11 11:15:00,500.3,148.7,11.5,10.8,0.05,0.0
2026-02-11 11:30:00,503.8,148.7,11.5,10.8,0.05,0.0
2026-02-11 11:45:00,509.7,148.8,11.5,10.8,0.05,0.0
2026-02-11 12:00:00,514.2,147.5,11.5,11.0,0.0,0.0
2026-02-11 12:15:00,518.8,148.0,11.42,11.0,0.0,0.0
2026-02-11 12:30:00,524.5,147.2,11.4,11.0,0.0,0.0
2026-02-11 12:45:00,528.7,148.8,11.4,11.0,0.0,0.0
2026-02-11 13:00:00,533.2,148.0,11.4,10.4,0.025,0.0
2026-02-11 13:15:00,537.8,147.2,11.4,10.4,0.025,0.0
2026-02-11 13:30:00,542.2,147.3,11.4,10.4,0.025,0.0
2026-02-11 13:45:00,546.0,147.5,11.4,10.4,0.025,0.0
2026-02-11 14:00:00,551.0,146.2,11.4,10.0,0.05,0.0
2026-02-11 14:15:00,555.0,146.0,11.3,10.0,0.05,0.0
2026-02-11 14:30:00,561.0,145.2,11.3,10.0,0.05,0.0
2026-02-11 14:45:00,567.7,146.7,11.2,10.0,0.05,0.0
2026-02-11 15:00:00,574.8,144.8,11.2,10.1,0.025,0.0
2026-02-11 15:15:00,578.8,145.0,11.2,10.1,0.025,0.0
2026-02-11 15:30:00,586.5,144.8,11.2,10.1,0.025,0.0
2026-02-11 15:45:00,592.3,145.2,11.1,10.1,0.025,0.0
2026-02-11 16:00:00,594.8,143.7,11.1,10.4,0.025,36.0
2026-02-11 16:15:00,599.5,142.8,11.1,10.4,0.025,36.0
2026-02-11 16:30:00,600.7,145.2,11.1,10.4,0.025,36.0
2026-02-11 16:45:00,600.8,145.8,11.1,10.4,0.025,36.0
2026-02-11 17:00:00,547.0,151.8,11.27,11.9,0.0,193.0
2026-02-11 17:15:00,535.0,152.0,11.4,11.9,0.0,193.0
2026-02-11 17:30:00,552.5,153.5,11.4,11.9,0.0,193.0
2026-02-11 17:45:00,566.2,152.5,11.3,11.9,0.0,193.0
2026-02-11 18:00:00,574.2,153.8,11.3,12.9,0.0,336.0
2026-02-11 18:15:00,571.7,153.0,11.4,12.9,0.0,336.0
2026-02-11 18:30:00,541.5,152.5,11.5,12.9,0.0,336.0
2026-02-11 18:45:00,506.8,151.3,11.6,12.9,0.0,336.0
2026-02-11 19:00:00,475.5,152.0,11.6,13.4,0.05,322.0
2026-02-11 19:15:00,458.2,152.2,11.7,13.4,0.05,322.0
2026-02-11 19:30:00,444.2,151.8,11.8,13.4,0.05,322.0
2026-02-11 19:45:00,435.0,153.3,11.83,13.4,0.05,322.0
2026-02-11 20:15:00,420.3,153.0,11.9,12.9,0.25,427.0
2026-02-11 20:30:00,413.5,152.8,11.9,12.9,0.25,427.0
2026-02-11 20:45:00,406.0,152.8,12.0,12.9,0.25,427.0
2026-02-11 21:00:00,398.7,154.5,12.0,12.2,0.125,261.0
2026-02-11 21:15:00,392.2,156.5,12.0,12.2,0.125,261.0
2026-02-11 21:30:00,375.5,156.7,12.0,12.2,0.125,261.0
2026-02-11 21:45:00,373.0,156.3,12.1,12.2,0.125,261.0
2026-02-11 22:00:00,361.0,154.7,12.1,12.0,0.075,165.0
2026-02-11 22:15:00,363.8,154.5,12.2,12.0,0.075,165.0
2026-02-11 22:30:00,369.2,154.2,12.2,12.0,0.075,165.0
2026-02-11 22:45:00,372.7,154.3,12.3,12.0,0.075,165.0
2026-02-11 23:00:00,377.0,154.2,12.3,12.1,0.025,135.0
2026-02-11 23:15:00,377.8,152.2,12.3,12.1,0.025,135.0
2026-02-12 00:15:00,231.8,175.8,12.0,11.6,0.025,143.0
2026-02-12 00:45:00,300.2,169.0,12.0,11.6,0.025,143.0
2026-02-12 01:00:00,327.5,167.7,12.1,11.2,0.075,50.0
2026-02-12 01:15:00,346.0,166.8,12.0,11.2,0.075,50.0
2026-02-12 01:45:00,354.2,164.2,12.0,11.2,0.075,50.0
2026-02-12 02:00:00,351.3,162.3,12.0,10.5,0.075,12.0
2026-02-12 02:30:00,367.5,157.7,11.9,10.5,0.075,12.0
2026-02-12 02:45:00,376.5,156.2,11.9,10.5,0.075,12.0
2026-02-12 03:00:00,387.5,156.0,11.9,10.1,0.025,0.0
2026-02-12 03:15:00,398.7,156.0,11.8,10.1,0.025,0.0
2026-02-12 03:30:00,410.2,154.3,11.8,10.1,0.025,0.0
2026-02-12 03:45:00,420.3,153.8,11.7,10.1,0.025,0.0
2026-02-12 04:00:00,429.2,153.2,11.7,9.6,0.0,0.0
2026-02-12 04:15:00,438.3,151.8,11.7,9.6,0.0,0.0
2026-02-12 04:30:00,446.5,151.3,11.7,9.6,0.0,0.0
2026-02-12 04:45:00,454.8,151.3,11.6,9.6,0.0,0.0
2026-02-12 05:00:00,462.0,152.2,11.6,9.4,0.0,0.0
2026-02-12 05:15:00,468.8,151.2,11.6,9.4,0.0,0.0
2026-02-12 05:30:00,474.3,150.2,11.5,9.4,0.0,0.0
2026-02-12 05:45:00,480.5,149.0,11.5,9.4,0.0,0.0
2026-02-12 06:00:00,489.3,148.8,11.4,9.9,0.0,0.0
2026-02-12 06:15:00,493.8,148.7,11.4,9.9,0.0,0.0
2026-02-12 06:30:00,498.7,149.5,11.3,9.9,0.0,0.0
2026-02-12 06:45:00,503.0,150.3,11.3,9.9,0.0,0.0
2026-02-12 07:00:00,507.5,148.7,11.3,9.9,0.0,0.0
2026-02-12 07:15:00,511.2,147.7,11.2,9.9,0.0,0.0
2026-02-12 07:30:00,515.3,148.0,11.2,9.9,0.0,0.0
2026-02-12 07:45:00,520.5,148.3,11.2,9.9,0.0,0.0
2026-02-12 08:00:00,524.5,148.8,11.1,9.3,0.0,0.0
2026-02-12 08:15:00,527.3,148.7,11.1,9.3,0.0,0.0
2026-02-12 08:30:00,530.3,147.3,11.0,9.3,0.0,0.0
2026-02-12 08:45:00,533.7,147.3,11.0,9.3,0.0,0.0
2026-02-12 09:00:00,537.2,146.5,11.0,9.1,0.0,0.0
2026-02-12 09:15:00,540.7,147.0,10.9,9.1,0.0,0.0
2026-02-12 09:30:00,543.0,147.2,10.9,9.1,0.0,0.0
2026-02-12 09:45:00,546.8,146.5,10.9,9.1,0.0,0.0
2026-02-12 10:00:00,549.7,147.3,10.9,8.7,0.0,0.0
2026-02-12 10:15:00,552.5,147.2,10.9,8.7,0.0,0.0
2026-02-12 10:30:00,555.5,145.7,10.9,8.7,0.0,0.0
2026-02-12 10:45:00,558.7,146.2,10.9,8.7,0.0,0.0
2026-02-12 11:00:00,560.5,144.7,10.9,8.0,0.0,0.0
2026-02-12 11:15:00,563.2,145.0,10.9,8.0,0.0,0.0
2026-02-12 11:30:00,565.2,144.7,10.9,8.0,0.0,0.0
2026-02-12 11:45:00,567.7,144.5,10.8,8.0,0.0,0.0
2026-02-12 12:00:00,570.8,144.2,10.8,8.2,0.0,0.0
2026-02-12 12:15:00,572.5,145.3,10.83,8.2,0.0,0.0
2026-02-12 12:30:00,574.2,145.2,10.88,8.2,0.0,0.0
2026-02-12 12:45:00,577.3,145.2,10.8,8.2,0.0,0.0
2026-02-12 13:00:00,579.0,145.2,10.8,7.8,0.0,0.0
2026-02-12 13:15:00,581.0,145.3,10.8,7.8,0.0,0.0
2026-02-12 13:30:00,582.3,145.5,10.7,7.8,0.0,0.0
2026-02-12 13:45:00,584.0,144.8,10.7,7.8,0.0,0.0
2026-02-12 14:00:00,586.0,144.7,10.7,7.2,0.0,0.0
2026-02-12 14:15:00,587.8,144.7,10.7,7.2,0.0,0.0
2026-02-12 14:30:00,590.3,144.7,10.7,7.2,0.0,0.0
2026-02-12 14:45:00,592.5,145.3,10.6,7.2,0.0,0.0
2026-02-12 15:00:00,593.8,144.8,10.6,6.9,0.0,0.0
2026-02-12 15:15:00,595.3,143.2,10.6,6.9,0.0,0.0
2026-02-12 15:30:00,597.5,144.7,10.5,6.9,0.0,0.0
2026-02-12 15:45:00,598.7,145.5,10.5,6.9,0.0,0.0
2026-02-12 16:00:00,599.8,145.2,10.5,8.0,0.0,35.0
2026-02-12 16:15:00,601.3,144.3,10.43,8.0,0.0,35.0
2026-02-12 16:30:00,602.7,145.7,10.4,8.0,0.0,35.0
2026-02-12 16:45:00,604.2,146.2,10.4,8.0,0.0,35.0
2026-02-12 17:00:00,608.0,147.2,10.5,9.9,0.0,148.0
2026-02-12 17:15:00,613.2,148.2,10.5,9.9,0.0,148.0
2026-02-12 17:30:00,619.5,148.3,10.5,9.9,0.0,148.0
2026-02-12 17:45:00,620.8,149.2,10.6,9.9,0.0,148.0
2026-02-12 18:00:00,611.2,149.0,10.6,11.6,0.0,295.0
2026-02-12 18:15:00,588.0,149.5,10.7,11.6,0.0,295.0
2026-02-12 18:45:00,530.3,149.5,10.9,11.6,0.0,295.0
2026-02-12 19:00:00,505.8,149.8,11.0,13.3,0.0,409.0
2026-02-12 19:15:00,485.3,150.8,11.1,13.3,0.0,409.0
2026-02-12 19:30:00,470.5,149.2,11.3,13.3,0.0,409.0
2026-02-12 19:45:00,460.7,149.5,11.5,13.3,0.0,409.0
2026-02-12 20:00:00,448.3,151.0,11.8,14.2,0.0,464.0
2026-02-12 20:15:00,442.2,150.0,12.0,14.2,0.0,464.0
2026-02-12 20:45:00,431.2,149.3,12.4,14.2,0.0,464.0
2026-02-12 21:00:00,425.2,152.3,12.7,15.1,0.0,530.0
2026-02-12 21:15:00,424.3,151.7,12.9,15.1,0.0,530.0
2026-02-12 21:30:00,417.7,151.5,13.1,15.1,0.0,530.0
2026-02-12 21:45:00,416.5,151.2,13.2,15.1,0.0,530.0
2026-02-12 22:00:00,414.8,152.3,13.3,15.8,0.0,571.0
2026-02-12 22:15:00,413.2,152.0,13.4,15.8,0.0,571.0
2026-02-12 22:30:00,411.5,152.7,13.4,15.8,0.0,571.0
2026-02-12 22:45:00,410.7,151.8,13.5,15.8,0.0,571.0
2026-02-12 23:00:00,409.8,152.5,13.5,16.0,0.0,494.0
2026-02-12 23:15:00,408.3,153.3,13.5,16.0,0.0,494.0
2026-02-12 23:30:00,407.0,152.5,13.4,16.0,0.0,494.0
2026-02-12 23:45:00,406.3,152.7,13.3,16.0,0.0,494.0
2026-02-13 00:00:00,405.0,153.0,13.2,15.9,0.0,353.0
2026-02-13 00:15:00,404.5,152.2,13.2,15.9,0.0,353.0
2026-02-13 00:30:00,402.5,152.0,13.1,15.9,0.0,353.0
2026-02-13 00:45:00,401.5,151.5,13.0,15.9,0.0,353.0
2026-02-13 01:00:00,401.3,151.8,12.9,14.5,0.0,173.0
2026-02-13 01:15:00,401.2,151.8,12.8,14.5,0.0,173.0
2026-02-13 01:30:00,402.0,151.8,12.7,14.5,0.0,173.0
2026-02-13 01:45:00,403.2,151.8,12.62,14.5,0.0,173.0
2026-02-13 02:00:00,404.0,151.3,12.6,11.8,0.0,26.0
2026-02-13 02:15:00,401.7,149.2,12.5,11.8,0.0,26.0
2026-02-13 02:30:00,401.5,147.3,12.4,11.8,0.0,26.0
2026-02-13 02:45:00,406.2,146.2,12.3,11.8,0.0,26.0
2026-02-13 03:00:00,405.8,146.7,12.2,10.9,0.0,0.0
2026-02-13 03:15:00,403.3,146.2,12.1,10.9,0.0,0.0
2026-02-13 03:30:00,411.5,146.0,12.0,10.9,0.0,0.0
2026-02-13 03:45:00,416.3,144.7,11.9,10.9,0.0,0.0
2026-02-13 04:00:00,423.2,143.7,11.8,10.2,0.0,0.0
2026-02-13 04:15:00,431.3,144.5,11.7,10.2,0.0,0.0
2026-02-13 04:30:00,439.0,142.8,11.68,10.2,0.0,0.0
2026-02-13 04:45:00,448.7,143.3,11.6,10.2,0.0,0.0
2026-02-13 05:00:00,458.2,143.7,11.5,9.7,0.0,0.0
2026-02-13 05:15:00,469.5,143.5,11.4,9.7,0.0,0.0
2026-02-13 05:30:00,480.2,142.2,11.4,9.7,0.0,0.0
2026-02-13 05:45:00,487.7,142.5,11.3,9.7,0.0,0.0
2026-02-13 06:00:00,499.8,141.3,11.2,9.2,0.0,0.0
2026-02-13 06:15:00,509.2,142.7,11.2,9.2,0.0,0.0
2026-02-13 06:30:00,518.7,140.8,11.1,9.2,0.0,0.0
2026-02-13 06:45:00,524.7,142.5,11.1,9.2,0.0,0.0
2026-02-13 07:00:00,530.5,142.5,11.0,9.0,0.0,0.0
2026-02-13 07:15:00,539.0,142.5,11.0,9.0,0.0,0.0
2026-02-13 07:30:00,547.8,142.2,10.9,9.0,0.0,0.0
2026-02-13 07:45:00,553.2,142.7,10.9,9.0,0.0,0.0
2026-02-13 08:00:00,560.2,141.8,10.8,8.6,0.0,0.0
2026-02-13 08:15:00,566.2,142.0,10.8,8.6,0.0,0.0
2026-02-13 08:30:00,569.3,140.5,10.8,8.6,0.0,0.0
2026-02-13 08:45:00,576.2,141.8,10.7,8.6,0.0,0.0
2026-02-13 09:00:00,583.2,141.2,10.7,8.4,0.0,0.0
2026-02-13 09:15:00,586.7,141.3,10.6,8.4,0.0,0.0
2026-02-13 09:30:00,591.5,142.2,10.6,8.4,0.0,0.0
2026-02-13 09:45:00,596.2,140.7,10.6,8.4,0.0,0.0
2026-02-13 10:00:00,600.7,141.0,10.5,8.4,0.0,0.0
2026-02-13 10:15:00,604.2,141.3,10.5,8.4,0.0,0.0
2026-02-13 10:30:00,609.8,141.5,10.4,8.4,0.0,0.0
2026-02-13 10:45:00,615.2,140.5,10.4,8.4,0.0,0.0
2026-02-13 11:00:00,615.3,141.0,10.4,8.5,0.0,0.0
2026-02-13 11:15:00,618.3,140.7,10.3,8.5,0.0,0.0
2026-02-13 11:30:00,621.8,140.3,10.3,8.5,0.0,0.0
2026-02-13 11:45:00,625.8,140.5,10.3,8.5,0.0,0.0
2026-02-13 12:00:00,628.2,141.7,10.2,7.7,0.0,0.0
2026-02-13 12:15:00,641.7,141.0,10.2,7.7,0.0,0.0
2026-02-13 12:30:00,629.5,140.8,10.2,7.7,0.0,0.0
2026-02-13 12:45:00,634.2,140.2,10.1,7.7,0.0,0.0
2026-02-13 13:00:00,636.8,140.7,10.1,8.0,0.0,0.0
2026-02-13 13:15:00,637.5,140.3,10.1,8.0,0.0,0.0
2026-02-13 13:30:00,642.2,140.5,10.1,8.0,0.0,0.0
2026-02-13 13:45:00,642.2,140.0,10.0,8.0,0.0,0.0
2026-02-13 14:00:00,637.7,140.8,10.0,8.0,0.0,0.0
2026-02-13 14:15:00,645.8,140.0,10.0,8.0,0.0,0.0
2026-02-13 14:30:00,647.3,139.5,10.0,8.0,0.0,0.0
2026-02-13 14:45:00,660.0,140.5,10.0,8.0,0.0,0.0
2026-02-13 15:00:00,652.5,139.3,10.0,8.4,0.0,0.0
2026-02-13 15:15:00,653.5,140.3,10.05,8.4,0.0,0.0
2026-02-13 15:30:00,655.3,139.7,10.0,8.4,0.0,0.0
2026-02-13 15:45:00,656.2,139.3,10.0,8.4,0.0,0.0
2026-02-13 16:15:00,659.2,140.0,10.0,9.0,0.0,30.0
2026-02-13 16:30:00,660.5,140.3,10.0,9.0,0.0,30.0
2026-02-13 16:45:00,662.2,141.3,10.0,9.0,0.0,30.0
2026-02-13 17:00:00,665.0,141.8,10.1,10.0,0.0,130.0
2026-02-13 17:15:00,668.8,144.2,10.2,10.0,0.0,130.0
2026-02-13 17:30:00,674.7,146.5,10.3,10.0,0.0,130.0
2026-02-13 17:45:00,681.3,146.2,10.4,10.0,0.0,130.0
2026-02-13 18:00:00,681.7,146.2,10.5,11.1,0.0,261.0
2026-02-13 18:15:00,671.0,147.2,10.6,11.1,0.0,261.0
2026-02-13 18:30:00,632.7,146.8,10.8,11.1,0.0,261.0
2026-02-13 18:45:00,594.3,146.8,10.9,11.1,0.0,261.0
2026-02-13 19:00:00,553.7,147.8,11.0,12.6,0.0,374.0
2026-02-13 19:15:00,523.8,147.5,11.1,12.6,0.0,374.0
2026-02-13 19:30:00,499.7,148.0,11.3,12.6,0.0,374.0
2026-02-13 19:45:00,477.0,147.8,11.4,12.6,0.0,374.0
2026-02-13 20:00:00,463.5,147.0,11.6,14.3,0.0,520.0
2026-02-13 20:15:00,450.7,146.8,11.9,14.3,0.0,520.0
2026-02-13 20:30:00,442.7,147.2,12.0,14.3,0.0,520.0
2026-02-13 21:00:00,430.0,148.3,12.6,14.9,0.0,583.0
2026-02-13 21:15:00,426.5,149.2,12.9,14.9,0.0,583.0
2026-02-13 21:30:00,425.2,149.7,13.1,14.9,0.0,583.0
2026-02-13 21:45:00,424.2,149.2,13.2,14.9,0.0,583.0
2026-02-13 22:15:00,420.7,148.8,13.2,14.9,0.0,585.0
2026-02-13 22:30:00,420.2,149.2,13.2,14.9,0.0,585.0
2026-02-13 22:45:00,417.0,149.2,13.1,14.9,0.0,585.0
2026-02-13 23:00:00,415.5,149.3,13.1,14.1,0.0,492.0
2026-02-13 23:15:00,413.2,149.7,13.1,14.1,0.0,492.0
2026-02-13 23:30:00,412.2,149.7,13.1,14.1,0.0,492.0
2026-02-13 23:45:00,409.3,149.7,13.1,14.1,0.0,492.0
2026-02-14 00:00:00,408.3,149.3,13.1,13.2,0.0,348.0
2026-02-14 00:15:00,405.8,148.8,13.0,13.2,0.0,348.0
2026-02-14 00:30:00,405.7,148.7,12.9,13.2,0.0,348.0
2026-02-14 00:45:00,404.8,148.2,12.9,13.2,0.0,348.0
2026-02-14 01:00:00,404.7,148.7,12.8,12.0,0.0,164.0
2026-02-14 01:15:00,403.0,148.3,12.7,12.0,0.0,164.0
2026-02-14 01:30:00,403.0,148.2,12.6,12.0,0.0,164.0
2026-02-14 01:45:00,404.0,148.5,12.5,12.0,0.0,164.0
2026-02-14 02:00:00,403.5,148.3,12.4,10.4,0.0,23.0
2026-02-14 02:15:00,404.5,146.7,12.35,10.4,0.0,23.0
2026-02-14 02:30:00,405.8,146.2,12.3,10.4,0.0,23.0
2026-02-14 02:45:00,407.2,144.3,12.2,10.4,0.0,23.0
2026-02-14 03:00:00,408.3,144.5,12.1,9.6,0.0,0.0
2026-02-14 03:15:00,408.7,142.8,12.0,9.6,0.0,0.0
2026-02-14 03:30:00,410.3,144.3,12.0,9.6,0.0,0.0
2026-02-14 03:45:00,412.2,143.8,11.9,9.6,0.0,0.0
2026-02-14 04:00:00,416.8,141.8,11.9,9.1,0.0,0.0
2026-02-14 04:15:00,422.0,141.3,11.9,9.1,0.0,0.0
2026-02-14 04:30:00,429.0,142.3,11.9,9.1,0.0,0.0
2026-02-14 04:45:00,438.0,142.5,11.8,9.1,0.0,0.0
2026-02-14 05:00:00,443.7,141.3,11.8,9.1,0.0,0.0
2026-02-14 05:15:00,450.3,140.0,11.7,9.1,0.0,0.0
2026-02-14 05:30:00,456.3,140.7,11.7,9.1,0.0,0.0
2026-02-14 05:45:00,462.2,140.7,11.6,9.1,0.0,0.0
2026-02-14 06:00:00,469.5,141.5,11.6,9.1,0.0,0.0
2026-02-14 06:15:00,478.7,141.0,11.5,9.1,0.0,0.0
2026-02-14 06:30:00,486.3,140.7,11.5,9.1,0.0,0.0
2026-02-14 06:45:00,497.2,141.2,11.4,9.1,0.0,0.0
2026-02-14 07:00:00,507.8,140.7,11.32,9.3,0.0,0.0
2026-02-14 07:15:00,515.2,140.3,11.3,9.3,0.0,0.0
2026-02-14 07:30:00,526.8,140.8,11.2,9.3,0.0,0.0
2026-02-14 07:45:00,534.0,140.0,11.2,9.3,0.0,0.0
2026-02-14 08:00:00,543.0,141.0,11.1,9.3,0.0,0.0
2026-02-14 08:15:00,551.0,139.3,11.1,9.3,0.0,0.0
2026-02-14 08:30:00,556.5,140.0,11.0,9.3,0.0,0.0
2026-02-14 08:45:00,563.2,139.5,11.0,9.3,0.0,0.0
2026-02-14 09:00:00,571.0,139.0,11.0,9.1,0.0,0.0
2026-02-14 09:15:00,576.5,140.5,10.9,9.1,0.0,0.0
2026-02-14 09:45:00,588.7,139.7,10.9,9.1,0.0,0.0
2026-02-14 10:00:00,593.2,140.0,10.8,8.8,0.0,0.0
2026-02-14 10:15:00,598.3,139.7,10.8,8.8,0.0,0.0
2026-02-14 10:30:00,602.5,138.8,10.7,8.8,0.0,0.0
2026-02-14 10:45:00,609.5,139.7,10.68,8.8,0.0,0.0
2026-02-14 11:00:00,615.2,139.8,10.6,8.2,0.0,0.0
2026-02-14 11:15:00,618.2,140.0,10.6,8.2,0.0,0.0
2026-02-14 11:30:00,622.0,139.2,10.5,8.2,0.0,0.0
2026-02-14 11:45:00,626.7,140.7,10.5,8.2,0.0,0.0
2026-02-14 12:00:00,632.7,139.2,10.4,7.7,0.0,0.0
2026-02-14 12:15:00,635.3,139.0,10.4,7.7,0.0,0.0
2026-02-14 12:30:00,637.3,139.8,10.3,7.7,0.0,0.0
2026-02-14 12:45:00,640.8,140.0,10.3,7.7,0.0,0.0
2026-02-14 13:00:00,655.2,140.2,10.3,6.8,0.0,0.0
2026-02-14 13:15:00,657.2,139.2,10.3,6.8,0.0,0.0
2026-02-14 13:30:00,661.5,138.2,10.3,6.8,0.0,0.0
2026-02-14 13:45:00,664.0,139.3,10.3,6.8,0.0,0.0
2026-02-14 14:00:00,665.7,139.3,10.3,6.1,0.0,0.0
2026-02-14 14:15:00,668.0,138.8,10.4,6.1,0.0,0.0
2026-02-14 14:30:00,669.7,138.3,10.4,6.1,0.0,0.0
2026-02-14 14:45:00,670.7,139.8,10.4,6.1,0.0,0.0
2026-02-14 15:00:00,673.0,139.0,10.4,5.9,0.0,0.0
2026-02-14 15:15:00,673.2,139.7,10.4,5.9,0.0,0.0
2026-02-14 15:30:00,675.3,139.8,10.4,5.9,0.0,0.0
2026-02-14 15:45:00,676.3,140.2,10.4,5.9,0.0,0.0
2026-02-14 16:00:00,677.8,140.8,10.4,6.9,0.0,37.0
2026-02-14 16:15:00,679.3,139.5,10.5,6.9,0.0,37.0
2026-02-14 16:30:00,679.5,139.7,10.5,6.9,0.0,37.0
2026-02-14 16:45:00,680.8,139.7,10.5,6.9,0.0,37.0
2026-02-14 17:00:00,683.0,142.5,10.6,9.7,0.0,157.0
2026-02-14 17:15:00,691.0,144.0,10.63,9.7,0.0,157.0
2026-02-14 17:30:00,697.8,143.8,10.7,9.7,0.0,157.0
2026-02-14 17:45:00,705.0,145.7,10.8,9.7,0.0,157.0
2026-02-14 18:00:00,706.0,145.7,10.9,11.5,0.0,285.0
2026-02-14 18:15:00,693.3,146.2,11.0,11.5,0.0,285.0
2026-02-14 18:30:00,668.2,146.8,11.1,11.5,0.0,285.0
2026-02-14 18:45:00,619.2,146.5,11.2,11.5,0.0,285.0
2026-02-14 19:15:00,546.3,147.5,11.4,12.6,0.0,413.0
2026-02-14 19:30:00,515.8,146.7,11.6,12.6,0.0,413.0
2026-02-14 19:45:00,492.8,148.8,11.7,12.6,0.0,413.0
2026-02-14 20:00:00,476.2,148.0,11.9,12.7,0.0,436.0
2026-02-14 20:15:00,462.7,148.0,12.0,12.7,0.0,436.0
2026-02-14 20:30:00,451.8,149.2,12.0,12.7,0.0,436.0
2026-02-14 21:00:00,438.7,148.2,12.0,13.3,0.0,381.0
2026-02-14 21:15:00,433.7,148.8,12.0,13.3,0.0,381.0
2026-02-14 21:30:00,431.2,149.8,12.1,13.3,0.0,381.0
2026-02-14 21:45:00,429.0,148.8,12.1,13.3,0.0,381.0
2026-02-14 22:00:00,426.0,147.8,12.2,13.2,0.0,220.0
2026-02-14 22:15:00,425.2,149.5,12.2,13.2,0.0,220.0
2026-02-14 22:45:00,421.3,148.2,12.2,13.2,0.0,220.0
2026-02-14 23:00:00,418.0,149.3,12.2,13.5,0.0,283.0
2026-02-14 23:30:00,414.5,148.7,12.2,13.5,0.0,283.0
2026-02-14 23:45:00,413.5,148.8,12.2,13.5,0.0,283.0
2026-02-15 00:00:00,412.3,148.2,12.2,13.4,0.0,165.0
2026-02-15 00:15:00,411.5,148.2,12.2,13.4,0.0,165.0
2026-02-15 00:30:00,411.3,147.7,12.2,13.4,0.0,165.0
2026-02-15 00:45:00,409.7,148.2,12.1,13.4,0.0,165.0
2026-02-15 01:00:00,409.5,148.5,12.1,12.7,0.0,74.0
2026-02-15 01:15:00,408.7,149.2,12.1,12.7,0.0,74.0
2026-02-15 01:30:00,409.0,148.5,12.0,12.7,0.0,74.0
2026-02-15 01:45:00,409.3,149.2,12.0,12.7,0.0,74.0
2026-02-15 02:15:00,411.0,147.0,11.9,11.7,0.0,14.0
2026-02-15 02:30:00,411.3,145.5,11.9,11.7,0.0,14.0
2026-02-15 02:45:00,412.3,144.0,11.9,11.7,0.0,14.0
2026-02-15 03:00:00,412.5,143.3,11.9,11.4,0.0,0.0
2026-02-15 03:15:00,412.8,144.3,11.9,11.4,0.0,0.0
2026-02-15 03:30:00,413.8,143.5,11.8,11.4,0.0,0.0
2026-02-15 03:45:00,415.5,143.2,11.8,11.4,0.0,0.0
2026-02-15 04:00:00,417.7,141.8,11.8,11.1,0.0,0.0
2026-02-15 04:15:00,420.0,142.5,11.8,11.1,0.0,0.0
2026-02-15 04:30:00,422.7,142.2,11.8,11.1,0.0,0.0
2026-02-15 04:45:00,426.3,142.3,11.7,11.1,0.0,0.0
2026-02-15 05:00:00,430.8,142.8,11.7,11.1,0.0,0.0
2026-02-15 05:15:00,435.3,141.8,11.7,11.1,0.0,0.0
2026-02-15 05:45:00,450.7,141.2,11.6,11.1,0.0,0.0
2026-02-15 06:00:00,461.3,140.3,11.6,11.1,0.0,0.0
2026-02-15 06:15:00,468.2,140.3,11.6,11.1,0.0,0.0
2026-02-15 06:30:00,479.2,140.8,11.6,11.1,0.0,0.0
2026-02-15 06:45:00,496.0,140.2,11.5,11.1,0.0,0.0
2026-02-15 07:00:00,506.7,139.8,11.5,11.2,0.0,0.0
2026-02-15 07:15:00,519.2,139.0,11.48,11.2,0.0,0.0
2026-02-15 07:30:00,529.2,140.2,11.4,11.2,0.0,0.0
2026-02-15 07:45:00,540.8,140.0,11.4,11.2,0.0,0.0
2026-02-15 08:00:00,549.7,140.2,11.3,10.7,0.0,0.0
2026-02-15 08:15:00,558.2,141.0,11.3,10.7,0.0,0.0
2026-02-15 08:30:00,568.0,141.0,11.3,10.7,0.0,0.0
2026-02-15 08:45:00,574.0,140.5,11.3,10.7,0.0,0.0
2026-02-15 09:00:00,581.2,140.3,11.2,10.3,0.0,0.0
2026-02-15 09:15:00,588.3,138.5,11.2,10.3,0.0,0.0
2026-02-15 09:30:00,595.8,139.0,11.2,10.3,0.0,0.0
2026-02-15 09:45:00,602.7,139.7,11.2,10.3,0.0,0.0
2026-02-15 10:00:00,607.5,140.0,11.2,10.5,0.0,0.0
2026-02-15 10:15:00,614.0,141.0,11.2,10.5,0.0,0.0
2026-02-15 10:30:00,620.2,141.2,11.2,10.5,0.0,0.0
2026-02-15 10:45:00,624.8,141.0,11.2,10.5,0.0,0.0
2026-02-15 11:00:00,629.8,139.8,11.2,10.8,0.0,0.0
2026-02-15 11:15:00,635.0,140.5,11.1,10.8,0.0,0.0
2026-02-15 11:30:00,639.0,140.3,11.1,10.8,0.0,0.0
2026-02-15 11:45:00,641.8,140.2,11.1,10.8,0.0,0.0
2026-02-15 12:00:00,646.7,140.0,11.1,10.8,0.05,0.0
2026-02-15 12:15:00,651.8,140.7,11.1,10.8,0.05,0.0
2026-02-15 12:30:00,656.5,139.7,11.0,10.8,0.05,0.0
2026-02-15 12:45:00,660.0,140.7,11.0,10.8,0.05,0.0
2026-02-15 13:00:00,663.7,141.2,11.0,10.7,0.025,0.0
2026-02-15 13:15:00,665.8,140.3,10.9,10.7,0.025,0.0
2026-02-15 13:30:00,667.7,140.3,10.9,10.7,0.025,0.0
2026-02-15 13:45:00,669.8,139.8,10.9,10.7,0.025,0.0
2026-02-15 14:00:00,671.8,139.3,10.8,11.0,0.025,0.0
2026-02-15 14:15:00,674.0,139.5,10.8,11.0,0.025,0.0
2026-02-15 14:30:00,674.8,139.7,10.8,11.0,0.025,0.0
2026-02-15 14:45:00,677.0,139.8,10.8,11.0,0.025,0.0
2026-02-15 15:00:00,678.2,140.2,10.8,10.9,0.0,0.0
2026-02-15 15:15:00,679.5,139.7,10.7,10.9,0.0,0.0
2026-02-15 15:30:00,681.0,139.3,10.7,10.9,0.0,0.0
2026-02-15 15:45:00,683.8,139.3,10.7,10.9,0.0,0.0
2026-02-15 16:00:00,684.5,138.0,10.7,11.2,0.0,21.0
2026-02-15 16:15:00,686.0,139.7,10.7,11.2,0.0,21.0
2026-02-15 16:30:00,687.2,139.7,10.7,11.2,0.0,21.0
2026-02-15 16:45:00,688.0,140.0,10.7,11.2,0.0,21.0
2026-02-15 17:00:00,689.2,141.3,10.7,11.7,0.05,113.0
2026-02-15 17:15:00,695.8,145.0,10.8,11.7,0.05,113.0
2026-02-15 17:30:00,702.0,144.3,10.9,11.7,0.05,113.0
2026-02-15 17:45:00,711.3,145.0,10.9,11.7,0.05,113.0
2026-02-15 18:00:00,719.2,147.2,11.0,13.0,0.0,205.0
2026-02-15 18:15:00,711.8,146.0,11.1,13.0,0.0,205.0
2026-02-15 18:30:00,672.5,146.0,11.1,13.0,0.0,205.0
2026-02-15 18:45:00,622.3,146.7,11.3,13.0,0.0,205.0
2026-02-15 19:00:00,574.8,146.5,11.4,13.5,0.125,416.0
2026-02-15 19:15:00,542.3,146.8,11.5,13.5,0.125,416.0
2026-02-15 19:30:00,511.7,146.5,11.6,13.5,0.125,416.0
2026-02-15 19:45:00,488.5,147.0,11.7,13.5,0.125,416.0
2026-02-15 20:00:00,473.2,148.5,11.7,12.2,0.225,180.0
2026-02-15 20:15:00,461.8,147.5,11.7,12.2,0.225,180.0
2026-02-15 20:30:00,449.3,146.0,11.8,12.2,0.225,180.0
2026-02-15 20:45:00,441.3,147.8,11.8,12.2,0.225,180.0
2026-02-15 21:00:00,434.7,147.3,11.9,12.5,0.75,229.0
2026-02-15 21:15:00,430.3,147.0,12.0,12.5,0.75,229.0
2026-02-15 21:45:00,425.3,146.0,12.5,12.5,0.75,229.0
2026-02-15 22:00:00,423.0,147.0,12.7,13.8,0.075,363.0
2026-02-15 22:15:00,421.8,147.3,12.8,13.8,0.075,363.0
2026-02-15 22:30:00,420.8,148.5,12.9,13.8,0.075,363.0
2026-02-15 22:45:00,419.0,148.3,12.9,13.8,0.075,363.0
2026-02-15 23:00:00,417.5,148.2,12.8,14.3,0.025,255.0
2026-02-15 23:15:00,414.8,149.2,12.8,14.3,0.025,255.0
2026-02-15 23:30:00,413.5,149.7,12.7,14.3,0.025,255.0
2026-02-15 23:45:00,411.0,149.0,12.65,14.3,0.025,255.0
2026-02-16 00:00:00,407.8,149.8,12.6,12.4,0.8,196.0
2026-02-16 00:15:00,401.8,150.3,12.5,12.4,0.8,196.0
2026-02-16 00:30:00,401.8,149.8,12.5,12.4,0.8,196.0
2026-02-16 00:45:00,400.3,148.3,12.4,12.4,0.8,196.0
2026-02-16 01:00:00,400.0,148.5,12.4,11.5,0.1,44.0
2026-02-16 01:15:00,399.0,148.3,12.3,11.5,0.1,44.0
2026-02-16 01:30:00,398.8,147.3,12.3,11.5,0.1,44.0
2026-02-16 02:00:00,395.8,148.0,12.2,11.1,0.15,8.0
2026-02-16 02:15:00,394.8,147.0,12.1,11.1,0.15,8.0
2026-02-16 02:30:00,395.8,147.3,12.1,11.1,0.15,8.0
2026-02-16 02:45:00,399.5,145.5,12.1,11.1,0.15,8.0
2026-02-16 03:00:00,396.2,143.0,12.0,10.9,0.625,0.0
2026-02-16 03:15:00,396.7,143.2,12.0,10.9,0.625,0.0
2026-02-16 03:30:00,398.0,143.5,12.0,10.9,0.625,0.0
2026-02-16 03:45:00,401.8,145.2,12.0,10.9,0.625,0.0
2026-02-16 04:30:00,335.7,152.7,11.9,10.7,0.8,0.0
2026-02-16 04:45:00,353.0,152.2,11.9,10.7,0.8,0.0
2026-02-16 05:00:00,366.7,151.0,11.9,10.6,0.375,0.0
2026-02-16 05:15:00,386.3,150.2,11.8,10.6,0.375,0.0
2026-02-16 05:30:00,399.0,149.2,11.8,10.6,0.375,0.0
2026-02-16 05:45:00,408.0,148.3,11.8,10.6,0.375,0.0
2026-02-16 06:15:00,435.0,147.7,11.7,10.5,0.575,0.0
2026-02-16 06:30:00,448.8,147.0,11.7,10.5,0.575,0.0
2026-02-16 06:45:00,456.8,146.7,11.7,10.5,0.575,0.0
2026-02-16 07:00:00,466.0,148.0,11.7,10.5,0.625,0.0
2026-02-16 07:15:00,476.2,146.5,11.6,10.5,0.625,0.0
2026-02-16 07:30:00,484.2,146.2,11.6,10.5,0.625,0.0
2026-02-16 07:45:00,492.8,145.3,11.6,10.5,0.625,0.0
2026-02-16 08:00:00,499.3,145.7,11.5,9.9,0.45,0.0
2026-02-16 08:15:00,506.7,144.2,11.5,9.9,0.45,0.0
2026-02-16 08:30:00,512.8,144.3,11.5,9.9,0.45,0.0
2026-02-16 08:45:00,520.0,145.2,11.5,9.9,0.45,0.0
2026-02-16 09:00:00,524.3,144.7,11.5,9.7,0.5,0.0
2026-02-16 09:15:00,530.5,145.5,11.4,9.7,0.5,0.0
2026-02-16 09:30:00,527.7,149.3,11.4,9.7,0.5,0.0
2026-02-16 09:45:00,510.2,150.7,11.4,9.7,0.5,0.0
2026-02-16 10:00:00,476.3,152.3,11.33,9.4,0.7,0.0
2026-02-16 10:15:00,444.5,153.3,11.3,9.4,0.7,0.0
2026-02-16 10:30:00,423.8,155.0,11.3,9.4,0.7,0.0
2026-02-16 11:00:00,364.0,165.3,11.2,9.2,0.6,0.0
2026-02-16 11:15:00,318.8,166.8,11.2,9.2,0.6,0.0
2026-02-16 11:30:00,335.8,164.8,11.1,9.2,0.6,0.0
2026-02-16 11:45:00,342.7,163.7,11.2,9.2,0.6,0.0
2026-02-16 12:00:00,353.3,165.5,11.2,9.3,0.625,0.0
2026-02-16 12:15:00,348.7,165.8,11.2,9.3,0.625,0.0
2026-02-16 12:30:00,355.7,165.2,11.2,9.3,0.625,0.0
2026-02-16 12:45:00,361.5,168.0,11.2,9.3,0.625,0.0
2026-02-16 13:00:00,339.0,173.5,11.2,9.2,0.85,0.0
2026-02-16 13:15:00,331.2,169.3,11.17,9.2,0.85,0.0
2026-02-16 13:30:00,330.0,177.7,11.1,9.2,0.85,0.0
2026-02-16 13:45:00,294.2,179.2,11.1,9.2,0.85,0.0
2026-02-16 14:15:00,322.5,175.3,11.2,9.5,0.625,0.0
2026-02-16 14:30:00,332.5,173.7,11.2,9.5,0.625,0.0
2026-02-16 14:45:00,341.2,173.8,11.2,9.5,0.625,0.0
2026-02-16 15:00:00,347.0,171.7,11.2,9.5,0.6,0.0
2026-02-16 15:15:00,353.5,170.7,11.2,9.5,0.6,0.0
2026-02-16 15:30:00,352.0,170.5,11.2,9.5,0.6,0.0
2026-02-16 15:45:00,347.0,170.5,11.2,9.5,0.6,0.0
2026-02-16 16:00:00,348.8,170.0,11.2,9.1,0.425,7.0
2026-02-16 16:15:00,354.5,170.2,11.2,9.1,0.425,7.0
2026-02-16 16:30:00,357.5,169.0,11.2,9.1,0.425,7.0
2026-02-16 16:45:00,358.8,169.7,11.2,9.1,0.425,7.0
2026-02-16 17:00:00,362.0,169.7,11.2,9.1,0.325,33.0
2026-02-16 17:15:00,362.8,168.7,11.2,9.1,0.325,33.0
2026-02-16 17:30:00,360.5,169.5,11.2,9.1,0.325,33.0
2026-02-16 17:45:00,355.5,168.8,11.2,9.1,0.325,33.0
2026-02-16 18:00:00,350.0,170.2,11.2,10.0,0.275,58.0
2026-02-16 18:15:00,353.0,170.0,11.3,10.0,0.275,58.0
2026-02-16 18:30:00,353.0,169.8,11.3,10.0,0.275,58.0
2026-02-16 18:45:00,352.8,168.5,11.4,10.0,0.275,58.0
2026-02-16 19:00:00,356.3,166.7,11.4,9.6,0.4,85.0
2026-02-16 19:15:00,354.5,166.8,11.4,9.6,0.4,85.0
2026-02-16 19:30:00,361.2,165.3,11.4,9.6,0.4,85.0
2026-02-16 19:45:00,361.3,165.0,11.4,9.6,0.4,85.0
2026-02-16 20:15:00,374.2,165.2,11.4,9.2,0.225,74.0
2026-02-16 20:30:00,376.3,165.2,11.4,9.2,0.225,74.0
2026-02-16 20:45:00,370.2,165.5,11.4,9.2,0.225,74.0
2026-02-16 21:15:00,354.5,167.5,11.4,9.0,0.325,128.0
2026-02-16 21:30:00,328.0,177.7,11.4,9.0,0.325,128.0
2026-02-16 21:45:00,299.7,174.5,11.4,9.0,0.325,128.0
2026-02-16 22:15:00,314.7,172.3,11.5,9.0,0.425,46.0
2026-02-16 22:30:00,327.3,170.5,11.5,9.0,0.425,46.0
2026-02-16 22:45:00,338.3,172.7,11.58,9.0,0.425,46.0
2026-02-16 23:30:00,356.0,168.8,11.5,8.9,0.3,85.0
2026-02-16 23:45:00,360.2,167.5,11.5,8.9,0.3,85.0
2026-02-17 00:00:00,363.2,168.0,11.5,8.5,0.25,155.0
2026-02-17 00:15:00,366.5,167.5,11.5,8.5,0.25,155.0
2026-02-17 00:30:00,368.7,167.8,11.4,8.5,0.25,155.0
2026-02-17 00:45:00,371.5,165.7,11.4,8.5,0.25,155.0
2026-02-17 01:00:00,376.7,165.7,11.4,8.2,0.125,40.0
2026-02-17 01:15:00,379.7,165.3,11.3,8.2,0.125,40.0
2026-02-17 01:30:00,382.8,165.0,11.3,8.2,0.125,40.0
2026-02-17 01:45:00,385.0,164.2,11.3,8.2,0.125,40.0
2026-02-17 02:15:00,389.2,161.2,11.3,7.8,0.175,16.0
2026-02-17 02:30:00,392.7,159.8,11.23,7.8,0.175,16.0
2026-02-17 02:45:00,399.0,158.8,11.2,7.8,0.175,16.0
2026-02-17 03:00:00,410.7,161.0,11.2,8.1,0.075,0.0
2026-02-17 03:15:00,365.5,182.7,11.1,8.1,0.075,0.0
2026-02-17 03:30:00,177.0,227.3,10.7,8.1,0.075,0.0
2026-02-17 04:00:00,245.8,209.7,11.0,7.9,0.225,0.0
2026-02-17 04:15:00,275.0,204.3,11.1,7.9,0.225,0.0
2026-02-17 04:30:00,286.2,200.3,11.1,7.9,0.225,0.0
2026-02-17 04:45:00,291.0,195.3,11.0,7.9,0.225,0.0
2026-02-17 05:00:00,300.8,193.5,11.0,8.0,0.025,0.0
2026-02-17 05:45:00,326.2,184.5,10.7,8.0,0.025,0.0
2026-02-17 06:00:00,334.8,183.5,10.7,7.3,0.0,0.0
2026-02-17 06:15:00,345.3,180.8,10.6,7.3,0.0,0.0
2026-02-17 06:30:00,353.3,179.0,10.6,7.3,0.0,0.0
2026-02-17 06:45:00,358.3,177.3,10.5,7.3,0.0,0.0
2026-02-17 07:00:00,363.2,175.5,10.5,7.1,0.0,0.0
2026-02-17 07:15:00,366.3,174.2,10.48,7.1,0.0,0.0
2026-02-17 07:30:00,369.5,173.0,10.43,7.1,0.0,0.0
2026-02-17 07:45:00,376.0,172.2,10.45,7.1,0.0,0.0
2026-02-17 08:00:00,380.3,171.8,10.4,7.1,0.0,0.0
2026-02-17 08:15:00,383.2,170.8,10.4,7.1,0.0,0.0
2026-02-17 08:30:00,386.5,170.0,10.4,7.1,0.0,0.0
2026-02-17 08:45:00,390.0,168.8,10.4,7.1,0.0,0.0
2026-02-17 09:00:00,391.7,167.3,10.4,7.0,0.0,0.0
2026-02-17 09:15:00,393.5,167.3,10.3,7.0,0.0,0.0
2026-02-17 09:30:00,396.5,166.3,10.3,7.0,0.0,0.0
2026-02-17 09:45:00,397.2,164.8,10.3,7.0,0.0,0.0
2026-02-17 10:00:00,391.8,164.5,10.3,7.3,0.0,0.0
2026-02-17 10:15:00,394.7,164.7,10.3,7.3,0.0,0.0
2026-02-17 10:45:00,399.5,162.7,10.3,7.3,0.0,0.0
2026-02-17 11:00:00,401.0,162.3,10.3,8.0,0.0,0.0
2026-02-17 11:15:00,405.2,161.7,10.3,8.0,0.0,0.0
2026-02-17 11:45:00,410.5,160.5,10.3,8.0,0.0,0.0
2026-02-17 12:00:00,414.8,160.7,10.3,8.3,0.0,0.0
2026-02-17 12:15:00,417.2,158.7,10.3,8.3,0.0,0.0
2026-02-17 12:30:00,420.3,158.8,10.2,8.3,0.0,0.0
2026-02-17 12:45:00,424.0,157.5,10.2,8.3,0.0,0.0
2026-02-17 13:00:00,426.3,159.0,10.2,8.0,0.025,0.0
2026-02-17 13:15:00,429.2,158.5,10.2,8.0,0.025,0.0
2026-02-17 13:30:00,432.5,158.5,10.2,8.0,0.025,0.0
2026-02-17 13:45:00,435.5,157.0,10.2,8.0,0.025,0.0
2026-02-17 14:00:00,432.5,157.2,10.2,8.3,0.025,0.0
2026-02-17 14:15:00,434.8,159.0,10.2,8.3,0.025,0.0
2026-02-17 14:30:00,436.8,157.0,10.2,8.3,0.025,0.0
2026-02-17 14:45:00,439.2,156.8,10.2,8.3,0.025,0.0
2026-02-17 15:00:00,440.2,156.2,10.2,7.2,0.35,0.0
2026-02-17 15:15:00,443.3,156.0,10.2,7.2,0.35,0.0
2026-02-17 15:30:00,445.3,156.5,10.2,7.2,0.35,0.0
2026-02-17 15:45:00,441.7,162.0,10.2,7.2,0.35,0.0
2026-02-17 16:00:00,340.3,172.3,9.85,7.2,0.125,10.0
2026-02-17 16:30:00,362.3,164.2,9.9,7.2,0.125,10.0
2026-02-17 16:45:00,280.5,200.8,9.8,7.2,0.125,10.0
2026-02-17 17:00:00,269.8,185.2,9.6,7.5,0.35,26.0
2026-02-17 17:15:00,282.2,182.8,9.9,7.5,0.35,26.0
2026-02-17 17:30:00,300.5,183.0,10.1,7.5,0.35,26.0
2026-02-17 17:45:00,305.8,183.3,10.1,7.5,0.35,26.0
2026-02-17 18:30:00,276.8,191.2,10.0,7.6,0.4,29.0
2026-02-17 19:15:00,289.0,190.3,10.2,8.0,0.3,94.0
2026-02-17 20:00:00,269.0,198.5,10.2,8.0,0.675,90.0
2026-02-17 20:30:00,273.8,200.2,10.2,8.0,0.675,90.0
2026-02-17 22:30:00,280.0,201.2,10.4,8.4,0.175,130.0
2026-02-17 23:15:00,280.5,198.0,10.4,8.1,0.25,171.0
2026-02-17 23:30:00,280.5,198.2,10.3,8.1,0.25,171.0
2026-02-18 03:00:00,254.5,209.7,10.2,5.6,0.125,0.0
2026-02-18 03:15:00,243.2,217.5,9.9,5.6,0.125,0.0
2026-02-18 03:45:00,259.5,210.0,10.0,5.6,0.125,0.0
2026-02-18 04:00:00,251.3,211.2,10.0,4.7,0.25,0.0
2026-02-18 04:15:00,250.0,211.0,10.0,4.7,0.25,0.0
2026-02-18 04:30:00,253.5,212.3,9.98,4.7,0.25,0.0
2026-02-18 04:45:00,253.0,212.0,9.9,4.7,0.25,0.0
2026-02-18 05:00:00,252.0,211.8,9.9,4.4,0.225,0.0
2026-02-18 06:45:00,251.2,207.3,9.6,4.8,0.025,0.0
2026-02-18 07:15:00,255.5,205.2,9.6,3.9,0.05,0.0
2026-02-18 07:30:00,257.5,203.7,9.6,3.9,0.05,0.0
2026-02-18 07:45:00,260.7,203.2,9.5,3.9,0.05,0.0
2026-02-18 08:00:00,262.3,201.5,9.5,4.2,0.0,0.0
2026-02-18 08:15:00,265.8,199.3,9.48,4.2,0.0,0.0
2026-02-18 09:00:00,270.8,197.3,9.4,3.4,0.0,0.0
2026-02-18 09:15:00,269.5,196.7,9.4,3.4,0.0,0.0
2026-02-18 09:30:00,268.2,196.3,9.3,3.4,0.0,0.0
2026-02-18 09:45:00,282.8,194.5,9.3,3.4,0.0,0.0
2026-02-18 10:00:00,283.5,192.7,9.3,2.3,0.0,0.0
2026-02-18 10:15:00,282.0,193.0,9.2,2.3,0.0,0.0
2026-02-18 10:30:00,285.7,192.0,9.2,2.3,0.0,0.0
2026-02-18 10:45:00,287.8,190.5,9.2,2.3,0.0,0.0
2026-02-18 11:00:00,289.2,189.8,9.1,2.2,0.0,0.0
2026-02-18 11:15:00,292.3,188.8,9.1,2.2,0.0,0.0
2026-02-18 11:30:00,294.7,187.8,9.0,2.2,0.0,0.0
2026-02-18 11:45:00,296.0,187.0,9.0,2.2,0.0,0.0
2026-02-18 12:00:00,299.2,186.7,9.0,3.2,0.0,0.0
2026-02-18 12:15:00,301.7,186.0,8.9,3.2,0.0,0.0
2026-02-18 12:30:00,305.8,184.2,8.9,3.2,0.0,0.0
2026-02-18 12:45:00,311.3,184.0,8.9,3.2,0.0,0.0
2026-02-18 13:00:00,310.5,183.0,8.9,2.3,0.0,0.0
2026-02-18 13:15:00,312.5,181.8,8.8,2.3,0.0,0.0
2026-02-18 13:30:00,311.8,181.7,8.8,2.3,0.0,0.0
2026-02-18 14:00:00,314.7,180.0,8.8,1.7,0.0,0.0
2026-02-18 14:15:00,318.0,180.0,8.7,1.7,0.0,0.0
2026-02-18 14:45:00,323.7,176.5,8.7,1.7,0.0,0.0
2026-02-18 15:00:00,326.2,177.0,8.67,2.0,0.0,0.0
2026-02-18 15:15:00,328.5,176.8,8.6,2.0,0.0,0.0
2026-02-18 15:45:00,330.7,173.8,8.6,2.0,0.0,0.0
2026-02-18 16:00:00,332.7,175.5,8.6,4.5,0.0,59.0
2026-02-18 17:00:00,336.0,175.7,8.9,6.2,0.0,192.0
2026-02-18 17:15:00,336.5,175.0,9.0,6.2,0.0,192.0
2026-02-18 18:45:00,337.3,175.0,9.4,6.4,0.025,290.0
2026-02-18 19:45:00,331.7,175.2,9.6,7.1,0.05,342.0
2026-02-18 20:45:00,315.8,176.2,9.8,8.1,0.05,429.0
2026-02-18 21:15:00,327.8,175.3,10.3,8.8,0.05,489.0
2026-02-18 21:45:00,330.2,174.7,10.3,8.8,0.05,489.0
2026-02-18 22:15:00,334.0,172.5,10.4,8.3,0.3,463.0
2026-02-18 22:30:00,335.2,173.0,10.4,8.3,0.3,463.0
2026-02-18 23:00:00,337.0,172.3,10.4,9.4,0.025,405.0
2026-02-18 23:30:00,340.2,171.8,10.4,9.4,0.025,405.0
2026-02-18 23:45:00,339.7,172.0,10.3,9.4,0.025,405.0
2026-02-19 00:00:00,337.3,172.3,10.3,8.6,0.075,307.0
2026-02-19 00:15:00,337.2,169.8,10.2,8.6,0.075,307.0
2026-02-19 00:30:00,338.2,170.0,10.1,8.6,0.075,307.0
2026-02-19 01:45:00,342.3,168.5,9.9,7.9,0.075,117.0
2026-02-19 02:00:00,344.0,168.0,9.9,6.8,0.025,8.0
2026-02-19 02:15:00,349.0,167.2,9.9,6.8,0.025,8.0
2026-02-19 02:45:00,359.5,165.5,9.8,6.8,0.025,8.0
2026-02-19 03:00:00,363.0,166.2,9.8,6.5,0.025,0.0
2026-02-19 03:15:00,365.3,166.8,9.8,6.5,0.025,0.0
2026-02-19 03:30:00,366.5,166.8,9.7,6.5,0.025,0.0
2026-02-19 03:45:00,368.0,166.0,9.7,6.5,0.025,0.0
2026-02-19 04:00:00,364.7,172.2,9.63,6.1,0.05,0.0
2026-02-19 04:15:00,348.8,168.8,9.6,6.1,0.05,0.0
2026-02-19 05:00:00,322.8,174.5,9.3,6.1,0.225,0.0
2026-02-19 05:15:00,336.7,173.3,9.4,6.1,0.225,0.0
2026-02-19 05:30:00,339.7,172.8,9.5,6.1,0.225,0.0
2026-02-19 05:45:00,340.3,171.0,9.5,6.1,0.225,0.0
2026-02-19 06:00:00,346.5,170.8,9.5,6.2,0.05,0.0
2026-02-19 06:30:00,352.2,169.0,9.5,6.2,0.05,0.0
2026-02-19 06:45:00,355.0,169.7,9.5,6.2,0.05,0.0
2026-02-19 07:00:00,357.2,169.0,9.5,6.4,0.1,0.0
2026-02-19 07:45:00,363.7,169.0,9.5,6.4,0.1,0.0
2026-02-19 08:00:00,365.7,169.0,9.5,6.0,0.025,0.0
2026-02-19 08:15:00,367.5,168.3,9.5,6.0,0.025,0.0
2026-02-19 08:30:00,369.2,169.2,9.5,6.0,0.025,0.0
2026-02-19 08:45:00,370.0,168.2,9.5,6.0,0.025,0.0
2026-02-19 09:00:00,369.8,167.5,9.5,6.2,0.075,0.0
2026-02-19 09:15:00,371.0,169.3,9.5,6.2,0.075,0.0
2026-02-19 09:30:00,371.0,168.0,9.5,6.2,0.075,0.0
2026-02-19 09:45:00,369.0,170.3,9.5,6.2,0.075,0.0
2026-02-19 10:00:00,357.3,173.2,9.5,6.2,0.525,0.0
2026-02-19 10:15:00,319.0,183.3,9.4,6.2,0.525,0.0
2026-02-19 10:30:00,251.2,200.0,9.1,6.2,0.525,0.0
2026-02-19 10:45:00,196.3,220.7,8.9,6.2,0.525,0.0
2026-02-19 11:00:00,182.3,225.8,8.7,5.5,1.35,0.0
2026-02-19 11:15:00,211.2,223.8,9.0,5.5,1.35,0.0
2026-02-19 11:30:00,225.2,222.2,9.3,5.5,1.35,0.0
2026-02-19 11:45:00,224.8,225.8,9.3,5.5,1.35,0.0
2026-02-19 12:00:00,226.8,224.8,9.37,4.4,0.375,0.0
2026-02-19 12:15:00,230.7,222.2,9.4,4.4,0.375,0.0
2026-02-19 12:30:00,223.2,229.5,9.4,4.4,0.375,0.0
2026-02-19 12:45:00,226.0,228.8,9.4,4.4,0.375,0.0
2026-02-19 13:00:00,227.3,226.3,9.4,5.3,0.075,0.0
2026-02-19 13:15:00,226.5,223.8,9.4,5.3,0.075,0.0
2026-02-19 13:30:00,230.2,222.3,9.5,5.3,0.075,0.0
2026-02-19 13:45:00,228.3,225.8,9.5,5.3,0.075,0.0
2026-02-19 15:15:00,217.5,223.7,9.5,5.1,0.075,0.0
2026-02-19 15:30:00,221.3,222.5,9.5,5.1,0.075,0.0
2026-02-19 16:45:00,226.5,217.2,9.5,5.5,0.0,65.0
2026-02-19 17:00:00,224.7,216.8,9.57,6.9,0.0,158.0
2026-02-19 17:15:00,229.0,214.8,9.6,6.9,0.0,158.0
2026-02-19 18:00:00,235.0,212.7,9.7,7.7,0.0,373.0
2026-02-19 18:15:00,235.2,212.2,9.7,7.7,0.0,373.0
2026-02-19 18:45:00,242.0,208.7,9.7,7.7,0.0,373.0
2026-02-19 19:00:00,241.5,208.8,9.8,8.9,0.0,537.0
2026-02-19 19:15:00,243.0,207.5,9.83,8.9,0.0,537.0
2026-02-19 19:45:00,246.0,206.8,10.0,8.9,0.0,537.0
2026-02-19 20:00:00,245.2,205.3,10.1,9.8,0.0,648.0
2026-02-19 20:30:00,250.2,204.8,10.13,9.8,0.0,648.0
2026-02-19 20:45:00,254.0,201.0,10.2,9.8,0.0,648.0
2026-02-19 21:00:00,253.3,202.8,10.4,10.1,0.025,676.0
2026-02-19 21:15:00,259.0,202.5,10.2,10.1,0.025,676.0
2026-02-19 21:30:00,261.8,200.7,10.3,10.1,0.025,676.0
2026-02-19 22:00:00,268.8,198.0,10.5,10.2,0.0,620.0
2026-02-19 22:30:00,271.8,199.2,10.32,10.2,0.0,620.0
2026-02-19 22:45:00,269.3,197.7,10.3,10.2,0.0,620.0
2026-02-19 23:30:00,271.2,195.2,10.5,10.2,0.0,528.0
2026-02-19 23:45:00,273.3,195.5,10.5,10.2,0.0,528.0
2026-02-20 00:00:00,273.8,194.0,10.5,9.7,0.0,389.0
2026-02-20 00:15:00,273.3,195.2,10.4,9.7,0.0,389.0
2026-02-20 00:30:00,276.5,192.3,10.3,9.7,0.0,389.0
2026-02-20 00:45:00,278.5,193.2,10.2,9.7,0.0,389.0
2026-02-20 01:00:00,282.3,191.0,10.2,9.1,0.0,195.0
2026-02-20 01:15:00,284.0,191.3,10.1,9.1,0.0,195.0
2026-02-20 02:00:00,286.8,187.0,9.9,7.7,0.0,40.0
2026-02-20 02:15:00,292.0,187.3,9.9,7.7,0.0,40.0
2026-02-20 02:30:00,296.2,187.5,9.8,7.7,0.0,40.0
2026-02-20 02:45:00,301.3,186.2,9.8,7.7,0.0,40.0
2026-02-20 03:15:00,307.3,183.8,9.7,7.0,0.0,0.0
2026-02-20 03:30:00,310.5,184.7,9.6,7.0,0.0,0.0
2026-02-20 04:00:00,315.8,183.3,9.5,6.3,0.0,0.0
2026-02-20 04:15:00,316.2,182.7,9.4,6.3,0.0,0.0
2026-02-20 04:30:00,317.7,182.7,9.4,6.3,0.0,0.0
2026-02-20 04:45:00,320.7,182.7,9.3,6.3,0.0,0.0
2026-02-20 05:00:00,322.0,181.0,9.3,5.8,0.0,0.0
2026-02-20 05:15:00,321.5,180.3,9.2,5.8,0.0,0.0
2026-02-20 05:30:00,321.8,180.2,9.2,5.8,0.0,0.0
2026-02-20 05:45:00,324.7,178.7,9.2,5.8,0.0,0.0
2026-02-20 06:00:00,326.0,178.5,9.1,5.8,0.0,0.0
2026-02-20 06:15:00,323.5,178.7,9.1,5.8,0.0,0.0
2026-02-20 06:30:00,328.7,179.0,9.0,5.8,0.0,0.0
2026-02-20 06:45:00,331.8,178.3,9.0,5.8,0.0,0.0
2026-02-20 07:00:00,331.5,177.2,8.9,5.5,0.0,0.0
2026-02-20 07:15:00,332.8,176.2,8.9,5.5,0.0,0.0
2026-02-20 07:30:00,335.2,176.8,8.9,5.5,0.0,0.0
2026-02-20 07:45:00,336.0,176.2,8.8,5.5,0.0,0.0
2026-02-20 08:00:00,339.3,175.5,8.8,4.8,0.0,0.0
2026-02-20 08:15:00,341.0,175.0,8.8,4.8,0.0,0.0
2026-02-20 08:30:00,343.8,176.0,8.7,4.8,0.0,0.0
2026-02-20 08:45:00,346.7,174.8,8.7,4.8,0.0,0.0
2026-02-20 09:00:00,348.7,174.5,8.6,4.3,0.0,0.0
2026-02-20 09:15:00,341.0,173.3,8.6,4.3,0.0,0.0
2026-02-20 09:30:00,343.0,174.2,8.6,4.3,0.0,0.0
2026-02-20 09:45:00,344.7,173.3,8.6,4.3,0.0,0.0
2026-02-20 10:00:00,345.3,172.7,8.5,3.7,0.0,0.0
2026-02-20 10:15:00,347.3,171.5,8.5,3.7,0.0,0.0
2026-02-20 10:30:00,348.5,171.7,8.5,3.7,0.0,0.0
2026-02-20 10:45:00,350.3,172.3,8.4,3.7,0.0,0.0
2026-02-20 11:00:00,351.2,172.0,8.4,3.4,0.0,0.0
2026-02-20 11:15:00,352.5,169.7,8.4,3.4,0.0,0.0
2026-02-20 11:30:00,352.7,170.5,8.4,3.4,0.0,0.0
2026-02-20 11:45:00,355.2,170.8,8.3,3.4,0.0,0.0
2026-02-20 12:00:00,358.2,169.3,8.3,2.1,0.0,0.0
2026-02-20 12:15:00,359.8,170.2,8.3,2.1,0.0,0.0
2026-02-20 12:30:00,360.2,169.2,8.3,2.1,0.0,0.0
2026-02-20 12:45:00,358.0,169.3,8.2,2.1,0.0,0.0
2026-02-20 13:00:00,358.8,169.8,8.2,1.2,0.0,0.0
2026-02-20 13:15:00,360.7,168.7,8.2,1.2,0.0,0.0
2026-02-20 13:30:00,363.8,168.8,8.2,1.2,0.0,0.0
2026-02-20 13:45:00,364.7,168.7,8.2,1.2,0.0,0.0
2026-02-20 14:00:00,361.2,169.0,8.2,0.6,0.0,0.0
2026-02-20 14:15:00,359.5,168.8,8.1,0.6,0.0,0.0
2026-02-20 14:30:00,362.7,167.8,8.1,0.6,0.0,0.0
2026-02-20 14:45:00,362.8,167.8,8.1,0.6,0.0,0.0
2026-02-20 15:00:00,365.0,167.0,8.05,0.6,0.0,0.0
2026-02-20 15:15:00,365.3,167.0,8.0,0.6,0.0,0.0
2026-02-20 15:30:00,359.2,167.0,8.0,0.6,0.0,0.0
2026-02-20 15:45:00,360.2,167.5,8.0,0.6,0.0,0.0
2026-02-20 16:00:00,361.7,166.2,8.1,2.7,0.0,58.0
2026-02-20 16:15:00,362.8,167.2,8.1,2.7,0.0,58.0
2026-02-20 16:30:00,365.7,167.2,8.2,2.7,0.0,58.0
2026-02-20 16:45:00,361.3,167.3,8.3,2.7,0.0,58.0
2026-02-20 17:00:00,357.7,167.5,8.4,5.7,0.0,173.0
2026-02-20 17:30:00,346.5,168.2,8.6,5.7,0.0,173.0
2026-02-20 17:45:00,345.0,167.7,8.7,5.7,0.0,173.0
2026-02-20 18:00:00,343.0,167.5,8.8,7.6,0.0,287.0
2026-02-20 18:15:00,341.2,167.7,8.9,7.6,0.0,287.0
2026-02-20 18:30:00,341.2,167.5,9.0,7.6,0.0,287.0
2026-02-20 18:45:00,340.8,168.5,9.1,7.6,0.0,287.0
2026-02-20 19:00:00,341.0,167.8,9.1,8.9,0.0,367.0
2026-02-20 19:15:00,340.7,167.3,9.2,8.9,0.0,367.0
2026-02-20 19:30:00,340.8,167.3,9.3,8.9,0.0,367.0
2026-02-20 19:45:00,340.5,167.8,9.6,8.9,0.0,367.0
2026-02-20 20:00:00,340.2,168.2,9.8,10.1,0.0,464.0
2026-02-20 20:15:00,343.7,165.8,10.0,10.1,0.0,464.0
2026-02-20 20:30:00,344.7,167.7,10.2,10.1,0.0,464.0
2026-02-20 20:45:00,345.3,168.5,10.2,10.1,0.0,464.0
2026-02-20 21:00:00,346.0,167.5,10.3,11.1,0.0,570.0
2026-02-20 21:15:00,346.0,167.0,10.2,11.1,0.0,570.0
2026-02-20 21:30:00,346.2,167.3,10.2,11.1,0.0,570.0
2026-02-20 21:45:00,346.5,167.0,10.2,11.1,0.0,570.0
2026-02-20 22:00:00,347.2,166.0,10.2,11.2,0.0,458.0
2026-02-20 22:15:00,348.7,166.7,10.2,11.2,0.0,458.0
2026-02-20 22:30:00,349.8,167.0,10.4,11.2,0.0,458.0
2026-02-20 22:45:00,350.2,166.8,10.5,11.2,0.0,458.0
2026-02-20 23:00:00,351.3,166.7,10.6,11.2,0.0,360.0
2026-02-20 23:15:00,352.0,166.0,10.7,11.2,0.0,360.0
2026-02-20 23:30:00,352.8,166.3,10.7,11.2,0.0,360.0
2026-02-20 23:45:00,355.3,166.3,10.7,11.2,0.0,360.0
2026-02-21 00:00:00,356.7,167.0,10.6,11.0,0.0,295.0
2026-02-21 00:15:00,355.8,167.0,10.5,11.0,0.0,295.0
2026-02-21 00:30:00,357.8,165.2,10.4,11.0,0.0,295.0
2026-02-21 00:45:00,359.8,166.3,10.3,11.0,0.0,295.0
2026-02-21 01:00:00,360.8,166.5,10.3,10.1,0.0,176.0
2026-02-21 01:15:00,360.2,165.8,10.2,10.1,0.0,176.0
2026-02-21 01:30:00,360.8,165.5,10.1,10.1,0.0,176.0
2026-02-21 01:45:00,360.8,165.2,10.1,10.1,0.0,176.0
2026-02-21 02:00:00,362.5,163.2,10.0,7.9,0.0,41.0
2026-02-21 02:15:00,367.0,162.7,9.9,7.9,0.0,41.0
2026-02-21 02:30:00,374.0,162.0,9.9,7.9,0.0,41.0
2026-02-21 02:45:00,380.0,162.8,9.73,7.9,0.0,41.0
2026-02-21 03:00:00,385.0,162.8,9.6,6.5,0.0,0.0
2026-02-21 03:15:00,389.2,162.7,9.5,6.5,0.0,0.0
2026-02-21 03:30:00,392.8,162.2,9.43,6.5,0.0,0.0
2026-02-21 03:45:00,395.7,161.3,9.4,6.5,0.0,0.0
2026-02-21 04:00:00,398.8,161.7,9.3,5.7,0.0,0.0
2026-02-21 04:15:00,400.7,160.0,9.2,5.7,0.0,0.0
2026-02-21 04:30:00,403.3,159.5,9.1,5.7,0.0,0.0
2026-02-21 04:45:00,404.8,159.2,9.1,5.7,0.0,0.0
2026-02-21 05:00:00,407.2,159.5,9.0,4.8,0.0,0.0
2026-02-21 05:15:00,408.8,159.0,9.0,4.8,0.0,0.0
2026-02-21 05:30:00,410.5,159.0,8.9,4.8,0.0,0.0
2026-02-21 05:45:00,412.0,158.5,8.9,4.8,0.0,0.0
2026-02-21 06:00:00,413.7,158.5,8.8,3.7,0.0,0.0
2026-02-21 06:15:00,414.5,159.5,8.8,3.7,0.0,0.0
2026-02-21 06:30:00,415.3,158.3,8.7,3.7,0.0,0.0
2026-02-21 06:45:00,417.0,157.3,8.7,3.7,0.0,0.0
2026-02-21 07:00:00,418.2,158.3,8.6,4.4,0.0,0.0
2026-02-21 07:15:00,419.0,158.8,8.6,4.4,0.0,0.0
2026-02-21 07:30:00,419.5,158.8,8.6,4.4,0.0,0.0
2026-02-21 07:45:00,420.5,157.2,8.5,4.4,0.0,0.0
2026-02-21 08:00:00,421.3,157.8,8.5,4.7,0.0,0.0
2026-02-21 08:15:00,422.7,156.3,8.5,4.7,0.0,0.0
2026-02-21 08:30:00,423.3,157.5,8.5,4.7,0.0,0.0
2026-02-21 08:45:00,424.0,156.7,8.4,4.7,0.0,0.0
2026-02-21 09:00:00,426.0,155.8,8.4,4.8,0.0,0.0
2026-02-21 09:15:00,425.5,157.3,8.4,4.8,0.0,0.0
2026-02-21 09:30:00,426.3,156.5,8.4,4.8,0.0,0.0
2026-02-21 09:45:00,427.7,156.2,8.4,4.8,0.0,0.0
2026-02-21 10:00:00,428.5,156.0,8.3,4.9,0.0,0.0
2026-02-21 10:15:00,429.5,155.2,8.3,4.9,0.0,0.0
2026-02-21 10:30:00,430.2,157.2,8.3,4.9,0.0,0.0
2026-02-21 10:45:00,430.8,155.0,8.3,4.9,0.0,0.0
2026-02-21 11:00:00,430.7,155.2,8.3,5.0,0.0,0.0
2026-02-21 11:15:00,431.8,155.3,8.3,5.0,0.0,0.0
2026-02-21 11:30:00,432.5,155.8,8.3,5.0,0.0,0.0
2026-02-21 11:45:00,433.2,154.3,8.3,5.0,0.0,0.0
2026-02-21 12:00:00,433.5,155.7,8.2,3.9,0.0,0.0
2026-02-21 12:15:00,434.5,154.5,8.2,3.9,0.0,0.0
2026-02-21 12:30:00,435.2,155.0,8.2,3.9,0.0,0.0
2026-02-21 12:45:00,435.8,154.7,8.2,3.9,0.0,0.0
2026-02-21 13:00:00,436.5,154.2,8.2,4.4,0.0,0.0
2026-02-21 13:15:00,437.2,154.7,8.2,4.4,0.0,0.0
2026-02-21 13:30:00,438.0,155.0,8.2,4.4,0.0,0.0
2026-02-21 13:45:00,438.2,154.0,8.2,4.4,0.0,0.0
2026-02-21 14:00:00,438.3,154.8,8.2,4.4,0.0,0.0
2026-02-21 14:15:00,440.3,153.5,8.2,4.4,0.0,0.0
2026-02-21 14:30:00,440.7,153.3,8.2,4.4,0.0,0.0
2026-02-21 14:45:00,441.5,153.3,8.2,4.4,0.0,0.0
2026-02-21 15:00:00,442.2,152.8,8.2,4.6,0.0,0.0
2026-02-21 15:15:00,442.7,153.5,8.2,4.6,0.0,0.0
2026-02-21 15:30:00,443.2,154.2,8.3,4.6,0.0,0.0
2026-02-21 15:45:00,443.8,153.3,8.3,4.6,0.0,0.0
2026-02-21 16:00:00,444.7,153.7,8.4,6.6,0.0,59.0
2026-02-21 16:15:00,445.0,153.7,8.4,6.6,0.0,59.0
2026-02-21 16:30:00,446.5,154.2,8.4,6.6,0.0,59.0
2026-02-21 16:45:00,445.2,155.8,8.5,6.6,0.0,59.0
2026-02-21 17:00:00,438.8,155.8,8.6,9.3,0.0,221.0
2026-02-21 17:15:00,430.3,155.8,8.7,9.3,0.0,221.0
2026-02-21 17:30:00,422.2,155.2,8.8,9.3,0.0,221.0
2026-02-21 17:45:00,415.5,155.8,8.9,9.3,0.0,221.0
2026-02-21 18:00:00,408.7,156.2,9.1,11.0,0.0,365.0
2026-02-21 18:15:00,403.5,156.3,9.2,11.0,0.0,365.0
2026-02-21 18:30:00,399.3,157.0,9.28,11.0,0.0,365.0
2026-02-21 18:45:00,395.7,157.8,9.4,11.0,0.0,365.0
2026-02-21 19:00:00,393.2,156.7,9.5,12.7,0.0,564.0
2026-02-21 19:15:00,392.2,157.2,9.6,12.7,0.0,564.0
2026-02-21 19:45:00,388.7,156.3,10.1,12.7,0.0,564.0
2026-02-21 20:15:00,388.0,155.7,10.4,13.3,0.0,665.0
2026-02-21 20:45:00,390.0,157.2,10.9,13.3,0.0,665.0
2026-02-21 21:00:00,389.7,157.5,11.1,13.5,0.0,657.0
2026-02-21 21:15:00,389.3,158.0,11.2,13.5,0.0,657.0
2026-02-21 21:30:00,388.7,158.0,11.2,13.5,0.0,657.0
2026-02-21 21:45:00,387.8,157.2,11.3,13.5,0.0,657.0
2026-02-21 22:00:00,388.0,158.0,11.3,14.1,0.0,615.0
2026-02-21 22:30:00,388.0,157.3,11.4,14.1,0.0,615.0
2026-02-21 22:45:00,389.2,156.7,11.5,14.1,0.0,615.0
2026-02-21 23:00:00,390.5,157.3,11.5,14.5,0.0,446.0
2026-02-21 23:30:00,390.2,156.7,11.4,14.5,0.0,446.0
2026-02-21 23:45:00,389.8,157.7,11.3,14.5,0.0,446.0
2026-02-22 00:00:00,389.0,157.3,11.3,13.9,0.0,343.0
2026-02-22 00:15:00,389.0,155.3,11.2,13.9,0.0,343.0
2026-02-22 00:30:00,388.8,155.3,11.1,13.9,0.0,343.0
2026-02-22 01:15:00,391.8,155.0,10.8,12.6,0.0,210.0
2026-02-22 01:30:00,391.8,153.5,10.7,12.6,0.0,210.0
2026-02-22 01:45:00,391.5,155.0,10.6,12.6,0.0,210.0
2026-02-22 02:00:00,391.8,153.5,10.5,10.8,0.0,43.0
2026-02-22 02:15:00,392.5,152.7,10.4,10.8,0.0,43.0
2026-02-22 02:30:00,398.0,151.5,10.32,10.8,0.0,43.0
2026-02-22 02:45:00,404.8,152.0,10.3,10.8,0.0,43.0
2026-02-22 03:00:00,413.0,150.5,10.2,9.8,0.0,0.0
2026-02-22 03:15:00,420.3,150.7,10.1,9.8,0.0,0.0
2026-02-22 03:30:00,427.2,151.3,10.0,9.8,0.0,0.0
2026-02-22 03:45:00,433.3,151.2,9.9,9.8,0.0,0.0
2026-02-22 04:00:00,438.0,150.5,9.9,9.2,0.0,0.0
2026-02-22 04:15:00,442.8,149.3,9.8,9.2,0.0,0.0
2026-02-22 04:30:00,446.3,149.5,9.7,9.2,0.0,0.0
2026-02-22 04:45:00,450.5,149.8,9.7,9.2,0.0,0.0
2026-02-22 05:00:00,454.3,149.3,9.6,8.8,0.0,0.0
2026-02-22 05:15:00,456.8,149.8,9.6,8.8,0.0,0.0
2026-02-22 05:30:00,459.2,150.0,9.5,8.8,0.0,0.0
2026-02-22 05:45:00,461.5,149.8,9.5,8.8,0.0,0.0
2026-02-22 06:00:00,463.2,149.8,9.5,8.9,0.0,0.0
2026-02-22 06:15:00,463.7,148.2,9.4,8.9,0.0,0.0
2026-02-22 06:30:00,466.3,147.8,9.4,8.9,0.0,0.0
2026-02-22 06:45:00,468.2,149.3,9.4,8.9,0.0,0.0
2026-02-22 07:00:00,470.2,149.5,9.32,9.0,0.0,0.0
2026-02-22 07:15:00,471.8,147.8,9.3,9.0,0.0,0.0
2026-02-22 07:30:00,473.7,148.5,9.3,9.0,0.0,0.0
2026-02-22 07:45:00,474.5,148.8,9.3,9.0,0.0,0.0
2026-02-22 08:00:00,476.5,149.0,9.3,9.2,0.0,0.0
2026-02-22 08:15:00,478.2,146.7,9.3,9.2,0.0,0.0
2026-02-22 08:30:00,478.8,148.5,9.3,9.2,0.0,0.0
2026-02-22 09:00:00,482.2,148.3,9.3,9.4,0.0,0.0
2026-02-22 09:15:00,483.2,150.0,9.3,9.4,0.0,0.0
2026-02-22 09:30:00,483.5,149.3,9.3,9.4,0.0,0.0
2026-02-22 09:45:00,485.5,147.8,9.3,9.4,0.0,0.0
2026-02-22 10:00:00,486.7,148.0,9.3,9.2,0.0,0.0
2026-02-22 10:15:00,487.3,149.2,9.3,9.2,0.0,0.0
2026-02-22 10:30:00,488.7,148.3,9.3,9.2,0.0,0.0
2026-02-22 10:45:00,489.2,147.5,9.3,9.2,0.0,0.0
2026-02-22 11:00:00,490.3,147.5,9.2,9.1,0.0,0.0
2026-02-22 11:15:00,491.5,148.2,9.2,9.1,0.0,0.0
2026-02-22 11:30:00,492.3,147.5,9.2,9.1,0.0,0.0
2026-02-22 11:45:00,493.0,147.5,9.2,9.1,0.0,0.0
2026-02-22 12:00:00,493.3,147.2,9.2,8.9,0.0,0.0
2026-02-22 12:15:00,494.5,146.8,9.2,8.9,0.0,0.0
2026-02-22 12:30:00,495.3,147.2,9.17,8.9,0.0,0.0
2026-02-22 12:45:00,496.2,146.7,9.2,8.9,0.0,0.0
2026-02-22 13:00:00,496.8,147.0,9.2,8.5,0.0,0.0
2026-02-22 13:15:00,497.7,147.2,9.2,8.5,0.0,0.0
2026-02-22 13:30:00,498.2,146.8,9.3,8.5,0.0,0.0
2026-02-22 13:45:00,498.7,146.3,9.3,8.5,0.0,0.0
2026-02-22 14:00:00,499.8,146.7,9.3,8.5,0.0,0.0
2026-02-22 14:15:00,500.5,145.8,9.3,8.5,0.0,0.0
2026-02-22 14:30:00,501.5,147.3,9.27,8.5,0.0,0.0
2026-02-22 14:45:00,502.2,147.2,9.2,8.5,0.0,0.0
2026-02-22 15:00:00,502.7,147.2,9.2,8.7,0.0,0.0
2026-02-22 15:15:00,503.0,147.0,9.2,8.7,0.0,0.0
2026-02-22 15:30:00,504.0,147.2,9.2,8.7,0.0,0.0
2026-02-22 15:45:00,504.8,146.3,9.2,8.7,0.0,0.0
2026-02-22 16:00:00,505.3,146.3,9.23,10.2,0.0,77.0
2026-02-22 16:15:00,505.7,146.0,9.3,10.2,0.0,77.0
2026-02-22 16:30:00,506.8,147.8,9.4,10.2,0.0,77.0
2026-02-22 16:45:00,507.8,147.5,9.4,10.2,0.0,77.0
2026-02-22 17:00:00,506.5,148.5,9.5,12.4,0.0,243.0
2026-02-22 17:15:00,498.7,149.3,9.5,12.4,0.0,243.0
2026-02-22 17:30:00,487.2,149.7,9.6,12.4,0.0,243.0
2026-02-22 17:45:00,473.2,150.5,9.7,12.4,0.0,243.0
2026-02-22 18:00:00,461.0,150.5,9.8,14.4,0.0,379.0
2026-02-22 18:15:00,450.2,150.5,9.9,14.4,0.0,379.0
2026-02-22 18:30:00,440.5,149.8,10.0,14.4,0.0,379.0
2026-02-22 18:45:00,432.7,150.2,10.2,14.4,0.0,379.0
2026-02-22 19:00:00,426.8,150.3,10.3,15.9,0.0,536.0
2026-02-22 19:15:00,422.8,149.8,10.6,15.9,0.0,536.0
2026-02-22 19:45:00,417.5,149.7,11.1,15.9,0.0,536.0
2026-02-22 20:00:00,415.3,151.7,11.3,16.8,0.0,557.0
2026-02-22 20:15:00,414.3,151.5,11.6,16.8,0.0,557.0
2026-02-22 20:30:00,412.5,151.2,11.8,16.8,0.0,557.0
2026-02-22 20:45:00,413.2,152.8,12.1,16.8,0.0,557.0
2026-02-22 21:00:00,413.8,153.3,12.3,17.3,0.0,678.0
2026-02-22 21:15:00,412.3,152.2,12.6,17.3,0.0,678.0
2026-02-22 21:30:00,410.0,153.0,12.8,17.3,0.0,678.0
2026-02-22 21:45:00,409.5,153.3,12.9,17.3,0.0,678.0
2026-02-22 22:00:00,408.3,153.2,13.0,17.2,0.0,636.0
2026-02-22 22:15:00,408.3,153.0,13.0,17.2,0.0,636.0
2026-02-22 22:30:00,407.8,154.7,13.0,17.2,0.0,636.0
2026-02-22 22:45:00,408.2,153.3,13.0,17.2,0.0,636.0
2026-02-22 23:00:00,409.3,154.0,12.9,16.9,0.0,531.0
2026-02-22 23:15:00,409.0,154.0,12.8,16.9,0.0,531.0
2026-02-22 23:30:00,408.5,151.8,12.6,16.9,0.0,531.0
2026-02-22 23:45:00,407.5,152.0,12.53,16.9,0.0,531.0
2026-02-23 00:00:00,404.5,151.7,12.48,17.2,0.0,377.0
2026-02-23 00:15:00,403.0,152.2,12.4,17.2,0.0,377.0
2026-02-23 00:30:00,402.2,151.7,12.3,17.2,0.0,377.0
2026-02-23 00:45:00,402.7,151.0,12.2,17.2,0.0,377.0
2026-02-23 01:00:00,404.8,151.5,12.2,16.0,0.0,204.0
2026-02-23 01:15:00,407.5,150.8,12.1,16.0,0.0,204.0
2026-02-23 01:30:00,408.8,150.8,12.1,16.0,0.0,204.0
2026-02-23 01:45:00,409.2,150.2,12.0,16.0,0.0,204.0
2026-02-23 02:00:00,409.0,148.7,11.9,13.2,0.0,42.0
2026-02-23 02:15:00,408.8,148.8,11.8,13.2,0.0,42.0
2026-02-23 02:30:00,410.8,149.3,11.7,13.2,0.0,42.0
2026-02-23 02:45:00,417.5,148.3,11.65,13.2,0.0,42.0
2026-02-23 03:00:00,427.8,148.0,11.6,12.2,0.0,0.0
2026-02-23 03:15:00,436.8,147.7,11.5,12.2,0.0,0.0
2026-02-23 03:30:00,447.2,147.0,11.4,12.2,0.0,0.0
2026-02-23 03:45:00,456.7,146.8,11.3,12.2,0.0,0.0
2026-02-23 04:00:00,465.7,147.0,11.2,11.5,0.0,0.0
2026-02-23 04:15:00,472.3,146.2,11.2,11.5,0.0,0.0
2026-02-23 04:30:00,478.3,146.2,11.1,11.5,0.0,0.0
2026-02-23 04:45:00,484.7,145.2,11.1,11.5,0.0,0.0
2026-02-23 05:00:00,490.5,145.5,11.02,11.3,0.0,0.0
2026-02-23 05:15:00,497.0,145.2,11.0,11.3,0.0,0.0
2026-02-23 05:30:00,501.7,145.3,11.0,11.3,0.0,0.0
2026-02-23 05:45:00,505.7,145.3,11.0,11.3,0.0,0.0
2026-02-23 06:00:00,508.8,147.0,11.0,11.5,0.0,0.0
2026-02-23 06:15:00,512.8,145.3,11.0,11.5,0.0,0.0
2026-02-23 06:30:00,516.2,146.3,10.9,11.5,0.0,0.0
2026-02-23 06:45:00,518.8,146.5,10.9,11.5,0.0,0.0
2026-02-23 07:00:00,521.0,146.3,10.8,11.5,0.0,0.0
2026-02-23 07:15:00,522.8,146.5,10.8,11.5,0.0,0.0
2026-02-23 07:30:00,525.3,146.5,10.8,11.5,0.0,0.0
2026-02-23 07:45:00,526.7,145.3,10.72,11.5,0.0,0.0
2026-02-23 08:00:00,528.8,145.0,10.7,11.0,0.0,0.0
2026-02-23 08:15:00,530.2,144.3,10.7,11.0,0.0,0.0
2026-02-23 08:30:00,531.8,144.8,10.6,11.0,0.0,0.0
2026-02-23 08:45:00,533.0,144.7,10.6,11.0,0.0,0.0
2026-02-23 09:00:00,534.7,146.3,10.6,10.5,0.0,0.0
2026-02-23 09:15:00,535.8,144.8,10.5,10.5,0.0,0.0
2026-02-23 09:30:00,537.3,144.2,10.5,10.5,0.0,0.0
2026-02-23 09:45:00,538.3,145.3,10.5,10.5,0.0,0.0
2026-02-23 10:00:00,539.0,145.3,10.4,9.7,0.0,0.0
2026-02-23 10:15:00,540.5,145.5,10.4,9.7,0.0,0.0
2026-02-23 10:30:00,541.8,144.0,10.4,9.7,0.0,0.0
2026-02-23 10:45:00,543.2,145.3,10.3,9.7,0.0,0.0
2026-02-23 11:00:00,544.2,144.2,10.3,9.2,0.0,0.0
2026-02-23 11:15:00,545.0,145.0,10.3,9.2,0.0,0.0
2026-02-23 11:30:00,545.7,144.8,10.2,9.2,0.0,0.0
2026-02-23 11:45:00,546.5,144.5,10.2,9.2,0.0,0.0
2026-02-23 12:00:00,547.0,143.8,10.2,8.6,0.0,0.0
2026-02-23 12:15:00,548.7,145.0,10.2,8.6,0.0,0.0
2026-02-23 12:30:00,549.2,144.3,10.18,8.6,0.0,0.0
2026-02-23 12:45:00,549.8,144.8,10.1,8.6,0.0,0.0
2026-02-23 13:00:00,550.7,144.2,10.1,7.9,0.0,0.0
2026-02-23 13:15:00,553.0,143.0,10.1,7.9,0.0,0.0
2026-02-23 13:30:00,554.5,145.0,10.1,7.9,0.0,0.0
2026-02-23 13:45:00,555.0,144.7,10.1,7.9,0.0,0.0
2026-02-23 14:00:00,555.2,144.0,10.1,7.6,0.0,0.0
2026-02-23 14:15:00,556.7,143.8,10.1,7.6,0.0,0.0
2026-02-23 14:30:00,552.0,145.0,10.1,7.6,0.0,0.0
2026-02-23 14:45:00,556.2,144.2,10.1,7.6,0.0,0.0
2026-02-23 15:00:00,557.3,143.8,10.1,7.4,0.0,1.0
2026-02-23 15:15:00,558.7,144.2,10.0,7.4,0.0,1.0
2026-02-23 15:30:00,559.0,144.2,10.0,7.4,0.0,1.0
2026-02-23 15:45:00,559.5,145.0,10.1,7.4,0.0,1.0
2026-02-23 16:00:00,559.5,144.0,10.1,9.3,0.0,73.0
2026-02-23 16:15:00,560.3,144.2,10.2,9.3,0.0,73.0
2026-02-23 16:30:00,561.5,143.8,10.3,9.3,0.0,73.0
2026-02-23 16:45:00,561.5,145.0,10.35,9.3,0.0,73.0
2026-02-23 17:00:00,562.7,145.3,10.5,12.5,0.0,213.0
2026-02-23 17:15:00,563.0,147.2,10.6,12.5,0.0,213.0
2026-02-23 17:30:00,559.8,147.7,10.7,12.5,0.0,213.0
2026-02-23 17:45:00,550.8,147.7,10.88,12.5,0.0,213.0
2026-02-23 18:00:00,533.0,147.5,11.0,13.9,0.0,326.0
2026-02-23 18:15:00,509.8,148.0,11.1,13.9,0.0,326.0
2026-02-23 18:30:00,489.7,148.5,11.3,13.9,0.0,326.0
2026-02-23 18:45:00,470.8,148.2,11.4,13.9,0.0,326.0
2026-02-23 19:00:00,456.3,149.7,11.5,16.1,0.0,561.0
2026-02-23 19:15:00,450.7,149.5,11.7,16.1,0.0,561.0
2026-02-23 19:30:00,444.8,148.0,11.9,16.1,0.0,561.0
2026-02-23 19:45:00,440.5,148.2,12.2,16.1,0.0,561.0
2026-02-23 20:00:00,437.0,150.0,12.5,17.9,0.0,662.0
2026-02-23 20:15:00,432.8,150.0,12.7,17.9,0.0,662.0
2026-02-23 20:30:00,431.0,150.7,12.9,17.9,0.0,662.0
2026-02-23 20:45:00,430.3,150.7,13.2,17.9,0.0,662.0
2026-02-23 21:00:00,430.5,152.0,13.4,18.7,0.0,695.0
2026-02-23 21:15:00,430.7,150.2,13.7,18.7,0.0,695.0
2026-02-23 21:30:00,429.7,150.7,13.9,18.7,0.0,695.0
2026-02-23 21:45:00,428.8,151.8,14.0,18.7,0.0,695.0
2026-02-23 22:00:00,427.3,151.5,14.0,18.6,0.0,498.0
2026-02-23 22:15:00,426.2,150.3,13.9,18.6,0.0,498.0
2026-02-23 22:30:00,425.3,150.8,13.9,18.6,0.0,498.0
2026-02-23 22:45:00,424.5,150.8,13.8,18.6,0.0,498.0
2026-02-23 23:00:00,423.7,152.2,13.8,17.9,0.0,365.0
2026-02-23 23:15:00,423.5,151.2,13.6,17.9,0.0,365.0
2026-02-23 23:30:00,423.8,149.3,13.5,17.9,0.0,365.0
2026-02-23 23:45:00,423.7,149.8,13.4,17.9,0.0,365.0
2026-02-24 00:00:00,423.5,149.2,13.3,18.0,0.0,194.0
2026-02-24 00:15:00,423.2,150.2,13.2,18.0,0.0,194.0
2026-02-24 00:30:00,423.7,148.2,13.1,18.0,0.0,194.0
2026-02-24 00:45:00,423.0,148.7,13.1,18.0,0.0,194.0
2026-02-24 01:15:00,425.0,150.0,13.0,16.5,0.0,44.0
2026-02-24 01:30:00,426.8,149.5,12.93,16.5,0.0,44.0
2026-02-24 01:45:00,426.3,147.7,12.9,16.5,0.0,44.0
2026-02-24 02:00:00,425.7,147.2,12.8,14.5,0.0,23.0
2026-02-24 02:15:00,425.8,146.8,12.8,14.5,0.0,23.0
2026-02-24 02:30:00,426.2,146.3,12.7,14.5,0.0,23.0
2026-02-24 02:45:00,430.8,144.8,12.7,14.5,0.0,23.0
2026-02-24 03:00:00,438.3,144.7,12.6,14.1,0.0,0.0
2026-02-24 03:15:00,449.3,145.3,12.6,14.1,0.0,0.0
2026-02-24 03:30:00,459.8,145.8,12.5,14.1,0.0,0.0
2026-02-24 03:45:00,468.3,144.3,12.5,14.1,0.0,0.0
2026-02-24 04:00:00,477.3,145.3,12.4,13.4,0.0,0.0
2026-02-24 04:15:00,485.5,144.7,12.4,13.4,0.0,0.0
2026-02-24 04:30:00,495.8,144.7,12.4,13.4,0.0,0.0
2026-02-24 04:45:00,504.3,144.2,12.3,13.4,0.0,0.0
2026-02-24 05:00:00,512.0,144.5,12.3,13.4,0.0,0.0
2026-02-24 05:15:00,518.7,143.8,12.3,13.4,0.0,0.0
2026-02-24 05:30:00,525.2,144.0,12.2,13.4,0.0,0.0
2026-02-24 05:45:00,530.8,143.5,12.2,13.4,0.0,0.0
2026-02-24 06:00:00,535.7,143.8,12.2,13.0,0.025,0.0
2026-02-24 06:15:00,541.7,143.2,12.2,13.0,0.025,0.0
2026-02-24 06:30:00,544.7,142.8,12.1,13.0,0.025,0.0
2026-02-24 06:45:00,548.3,143.3,12.1,13.0,0.025,0.0
2026-02-24 07:00:00,551.5,142.3,12.1,12.2,0.075,0.0
2026-02-24 07:15:00,554.3,142.2,12.1,12.2,0.075,0.0
2026-02-24 07:30:00,556.3,143.3,12.1,12.2,0.075,0.0
2026-02-24 07:45:00,559.2,142.8,12.1,12.2,0.075,0.0
2026-02-24 08:00:00,560.3,143.7,12.0,12.2,0.225,0.0
2026-02-24 08:15:00,562.8,143.2,12.0,12.2,0.225,0.0
2026-02-24 08:30:00,565.2,143.0,12.0,12.2,0.225,0.0
2026-02-24 08:45:00,568.0,142.8,12.0,12.2,0.225,0.0
2026-02-24 09:00:00,569.2,142.5,11.97,12.4,0.0,0.0
2026-02-24 09:15:00,570.5,143.0,11.9,12.4,0.0,0.0
2026-02-24 09:30:00,573.2,142.7,11.9,12.4,0.0,0.0
2026-02-24 09:45:00,574.5,143.3,11.9,12.4,0.0,0.0
2026-02-24 10:00:00,576.5,143.0,11.9,12.8,0.0,0.0
2026-02-24 10:15:00,577.0,142.3,11.9,12.8,0.0,0.0
2026-02-24 10:30:00,578.5,143.7,11.9,12.8,0.0,0.0
2026-02-24 10:45:00,579.8,143.0,11.9,12.8,0.0,0.0
2026-02-24 11:00:00,581.0,143.8,11.9,12.7,0.0,0.0
2026-02-24 11:15:00,582.0,142.7,11.9,12.7,0.0,0.0
2026-02-24 11:30:00,584.2,142.8,11.9,12.7,0.0,0.0
2026-02-24 11:45:00,584.8,142.7,11.9,12.7,0.0,0.0
2026-02-24 12:00:00,585.8,143.7,11.9,12.6,0.0,0.0
2026-02-24 12:15:00,586.5,142.7,11.9,12.6,0.0,0.0
2026-02-24 12:30:00,587.8,142.0,11.9,12.6,0.0,0.0
2026-02-24 12:45:00,589.5,141.3,11.9,12.6,0.0,0.0
2026-02-24 13:00:00,590.0,142.5,11.9,13.3,0.0,0.0
2026-02-24 13:15:00,590.7,141.7,11.9,13.3,0.0,0.0
2026-02-24 13:30:00,591.3,142.7,11.82,13.3,0.0,0.0
2026-02-24 13:45:00,592.2,142.8,11.8,13.3,0.0,0.0
2026-02-24 14:00:00,592.8,142.8,11.8,12.9,0.0,0.0
2026-02-24 14:15:00,593.5,142.7,11.8,12.9,0.0,0.0
2026-02-24 14:30:00,594.0,143.3,11.8,12.9,0.0,0.0
2026-02-24 14:45:00,595.3,142.0,11.8,12.9,0.0,0.0
2026-02-24 15:00:00,595.7,142.3,11.8,12.7,0.0,1.0
2026-02-24 15:15:00,595.8,141.8,11.8,12.7,0.0,1.0
2026-02-24 15:30:00,596.5,142.5,11.8,12.7,0.0,1.0
2026-02-24 15:45:00,597.0,142.8,11.8,12.7,0.0,1.0
2026-02-24 16:00:00,597.7,143.0,11.9,14.0,0.0,53.0
2026-02-24 16:15:00,598.3,141.7,11.9,14.0,0.0,53.0
2026-02-24 16:30:00,599.0,143.5,11.9,14.0,0.0,53.0
2026-02-24 16:45:00,599.5,144.7,12.0,14.0,0.0,53.0
2026-02-24 17:00:00,600.3,144.2,12.1,15.9,0.0,214.0
2026-02-24 17:15:00,601.0,145.3,12.2,15.9,0.0,214.0
2026-02-24 17:45:00,580.0,146.2,12.3,15.9,0.0,214.0
2026-02-24 18:00:00,559.7,146.2,12.4,17.0,0.0,220.0
2026-02-24 18:15:00,529.3,146.3,12.5,17.0,0.0,220.0
2026-02-24 18:30:00,508.0,146.7,12.7,17.0,0.0,220.0
2026-02-24 18:45:00,489.5,147.0,12.8,17.0,0.0,220.0
2026-02-24 19:00:00,479.5,148.0,12.9,18.4,0.0,521.0
2026-02-24 19:15:00,466.8,148.7,13.1,18.4,0.0,521.0
2026-02-24 19:30:00,460.3,149.3,13.3,18.4,0.0,521.0
2026-02-24 20:00:00,452.3,147.3,13.8,19.1,0.0,528.0
2026-02-24 20:15:00,449.8,148.0,14.0,19.1,0.0,528.0
2026-02-24 20:30:00,447.2,149.3,14.2,19.1,0.0,528.0
2026-02-24 20:45:00,442.7,147.7,14.2,19.1,0.0,528.0
2026-02-24 21:00:00,442.8,149.3,14.22,19.0,0.0,345.0
2026-02-24 21:15:00,442.8,150.3,14.3,19.0,0.0,345.0
2026-02-24 21:30:00,442.7,149.2,14.5,19.0,0.0,345.0
2026-02-24 22:00:00,439.0,150.0,14.6,18.2,0.0,367.0
2026-02-24 22:15:00,438.3,149.0,14.6,18.2,0.0,367.0
2026-02-24 22:30:00,436.2,150.8,14.6,18.2,0.0,367.0
2026-02-24 22:45:00,434.3,150.2,14.6,18.2,0.0,367.0
2026-02-24 23:00:00,434.0,149.5,14.5,16.1,0.0,159.0
2026-02-24 23:15:00,433.0,148.8,14.4,16.1,0.0,159.0
2026-02-24 23:30:00,433.5,148.8,14.4,16.1,0.0,159.0
2026-02-24 23:45:00,433.2,149.7,14.3,16.1,0.0,159.0
2026-02-25 00:00:00,432.5,148.0,14.27,17.4,0.0,121.0
2026-02-25 00:15:00,431.7,148.8,14.2,17.4,0.0,121.0
2026-02-25 00:30:00,431.2,148.7,14.1,17.4,0.0,121.0
2026-02-25 00:45:00,431.5,147.7,14.1,17.4,0.0,121.0
2026-02-25 01:00:00,431.8,148.7,14.0,16.1,0.0,143.0
2026-02-25 01:15:00,433.5,147.7,13.9,16.1,0.0,143.0
2026-02-25 01:30:00,435.2,148.0,13.9,16.1,0.0,143.0
2026-02-25 01:45:00,435.7,148.8,13.8,16.1,0.0,143.0
2026-02-25 02:00:00,435.7,146.8,13.8,15.2,0.125,29.0
2026-02-25 02:15:00,435.5,145.8,13.7,15.2,0.125,29.0
2026-02-25 02:30:00,436.0,145.0,13.7,15.2,0.125,29.0
2026-02-25 02:45:00,437.5,145.2,13.7,15.2,0.125,29.0
2026-02-25 03:00:00,442.8,145.7,13.6,14.7,0.0,0.0
2026-02-25 03:15:00,451.7,144.0,13.6,14.7,0.0,0.0
2026-02-25 03:30:00,462.8,144.0,13.6,14.7,0.0,0.0
2026-02-25 03:45:00,475.0,143.3,13.5,14.7,0.0,0.0
2026-02-25 04:00:00,486.0,143.0,13.5,14.8,0.05,0.0
2026-02-25 04:15:00,497.0,144.0,13.5,14.8,0.05,0.0
2026-02-25 04:30:00,504.5,145.2,13.5,14.8,0.05,0.0
2026-02-25 04:45:00,500.3,148.5,13.5,14.8,0.05,0.0
2026-02-25 05:00:00,481.5,152.0,13.5,13.9,0.35,0.0
2026-02-25 05:15:00,417.7,155.0,13.5,13.9,0.35,0.0
2026-02-25 05:30:00,394.3,152.7,13.5,13.9,0.35,0.0
2026-02-25 06:00:00,342.7,168.2,13.5,14.0,0.175,0.0
2026-02-25 06:15:00,316.0,170.2,13.5,14.0,0.175,0.0
2026-02-25 06:30:00,304.3,167.3,13.5,14.0,0.175,0.0
2026-02-25 06:45:00,316.3,162.7,13.4,14.0,0.175,0.0
2026-02-25 07:15:00,345.7,167.2,13.3,14.0,0.225,0.0
2026-02-25 07:30:00,325.7,169.2,13.2,14.0,0.225,0.0
2026-02-25 07:45:00,315.3,169.7,13.2,14.0,0.225,0.0
2026-02-25 08:00:00,308.0,167.5,13.2,14.0,0.125,0.0
2026-02-25 08:15:00,314.5,165.3,13.2,14.0,0.125,0.0
2026-02-25 08:30:00,329.2,166.0,13.1,14.0,0.125,0.0
2026-02-25 08:45:00,331.7,168.3,13.1,14.0,0.125,0.0
2026-02-25 09:00:00,317.0,175.0,13.1,14.0,0.025,0.0
2026-02-25 09:15:00,288.2,174.8,13.1,14.0,0.025,0.0
2026-02-25 09:30:00,293.5,176.0,13.1,14.0,0.025,0.0
2026-02-25 10:00:00,294.2,179.8,13.1,14.0,0.025,0.0
2026-02-25 10:15:00,300.8,179.3,13.0,14.0,0.025,0.0
2026-02-25 10:30:00,309.8,176.8,13.0,14.0,0.025,0.0
2026-02-25 10:45:00,316.7,177.7,13.0,14.0,0.025,0.0
2026-02-25 11:00:00,317.8,178.2,12.9,13.9,0.025,0.0
2026-02-25 11:15:00,317.3,176.3,12.9,13.9,0.025,0.0
2026-02-25 11:30:00,322.0,175.3,12.9,13.9,0.025,0.0
2026-02-25 11:45:00,328.0,175.0,12.9,13.9,0.025,0.0
2026-02-25 12:00:00,332.8,175.5,12.9,13.8,0.025,0.0
2026-02-25 12:15:00,340.5,175.0,12.9,13.8,0.025,0.0
2026-02-25 12:30:00,343.2,173.7,12.88,13.8,0.025,0.0
2026-02-25 12:45:00,344.3,174.2,12.9,13.8,0.025,0.0
2026-02-25 13:00:00,348.3,173.2,12.83,13.8,0.025,0.0
2026-02-25 13:15:00,352.8,172.7,12.8,13.8,0.025,0.0
2026-02-25 13:30:00,355.8,171.2,12.8,13.8,0.025,0.0
2026-02-25 13:45:00,357.0,172.5,12.8,13.8,0.025,0.0
2026-02-25 14:00:00,357.7,171.2,12.8,13.7,0.0,0.0
2026-02-25 14:15:00,357.8,171.2,12.8,13.7,0.0,0.0
2026-02-25 14:30:00,360.5,170.8,12.8,13.7,0.0,0.0
2026-02-25 15:00:00,369.5,174.5,12.8,13.7,0.0,0.0
2026-02-25 15:30:00,364.0,174.2,12.7,13.7,0.0,0.0
2026-02-25 18:00:00,344.3,173.8,12.9,15.5,0.0,144.0
2026-02-25 18:15:00,344.2,172.5,12.9,15.5,0.0,144.0
2026-02-25 18:30:00,344.8,173.2,12.92,15.5,0.0,144.0
2026-02-25 18:45:00,345.3,172.2,13.0,15.5,0.0,144.0
2026-02-25 19:00:00,345.8,171.5,13.0,16.1,0.025,183.0
2026-02-25 20:30:00,353.2,169.7,13.3,16.6,0.025,255.0
2026-02-25 20:45:00,353.5,169.0,13.5,16.6,0.025,255.0
2026-02-25 21:00:00,353.5,168.3,13.67,16.8,0.0,264.0
2026-02-25 21:45:00,355.7,169.2,13.9,16.8,0.0,264.0
2026-02-25 22:15:00,357.0,167.7,13.8,17.2,0.025,309.0
2026-02-25 22:30:00,357.2,166.8,13.8,17.2,0.025,309.0
2026-02-25 22:45:00,358.2,166.8,13.9,17.2,0.025,309.0
2026-02-25 23:00:00,358.7,166.7,13.9,16.9,0.0,209.0
2026-02-25 23:15:00,359.8,168.2,13.9,16.9,0.0,209.0
2026-02-25 23:30:00,360.0,166.8,13.9,16.9,0.0,209.0
2026-02-25 23:45:00,360.8,166.0,13.8,16.9,0.0,209.0
2026-02-26 00:15:00,362.7,166.2,13.7,17.2,0.0,145.0
2026-02-26 00:30:00,363.8,165.2,13.7,17.2,0.0,145.0
2026-02-26 00:45:00,366.2,163.8,13.6,17.2,0.0,145.0
2026-02-26 01:00:00,367.3,164.7,13.6,17.0,0.0,121.0
2026-02-26 01:15:00,367.5,164.8,13.5,17.0,0.0,121.0
2026-02-26 01:30:00,368.5,164.0,13.5,17.0,0.0,121.0
2026-02-26 01:45:00,369.2,162.7,13.5,17.0,0.0,121.0
2026-02-26 02:00:00,370.3,161.8,13.4,15.3,0.0,43.0
2026-02-26 02:15:00,374.8,162.3,13.3,15.3,0.0,43.0
2026-02-26 02:30:00,382.2,161.0,13.3,15.3,0.0,43.0
2026-02-26 02:45:00,386.8,160.0,13.2,15.3,0.0,43.0
2026-02-26 03:00:00,393.3,160.8,13.2,13.8,0.0,0.0
2026-02-26 03:15:00,397.2,159.2,13.1,13.8,0.0,0.0
2026-02-26 03:30:00,401.3,159.2,13.05,13.8,0.0,0.0
2026-02-26 03:45:00,404.5,158.0,13.0,13.8,0.0,0.0
2026-02-26 04:00:00,407.8,158.8,13.0,13.4,0.0,0.0
2026-02-26 04:15:00,411.2,157.5,12.9,13.4,0.0,0.0
2026-02-26 04:30:00,414.0,157.3,12.9,13.4,0.0,0.0
2026-02-26 04:45:00,416.2,157.7,12.9,13.4,0.0,0.0
2026-02-26 05:00:00,418.7,157.7,12.9,13.0,0.0,0.0
2026-02-26 05:15:00,420.3,157.3,12.9,13.0,0.0,0.0
2026-02-26 05:30:00,422.5,158.2,12.88,13.0,0.0,0.0
2026-02-26 05:45:00,424.5,157.7,12.8,13.0,0.0,0.0
2026-02-26 06:00:00,426.2,156.7,12.8,13.3,0.0,0.0
2026-02-26 06:15:00,428.2,157.2,12.8,13.3,0.0,0.0
2026-02-26 06:30:00,429.8,156.5,12.7,13.3,0.0,0.0
2026-02-26 06:45:00,431.5,156.0,12.7,13.3,0.0,0.0
2026-02-26 07:00:00,433.2,156.2,12.6,13.6,0.0,0.0
2026-02-26 07:15:00,434.5,156.0,12.6,13.6,0.0,0.0
2026-02-26 07:30:00,436.3,155.8,12.6,13.6,0.0,0.0
2026-02-26 07:45:00,437.7,155.8,12.5,13.6,0.0,0.0
2026-02-26 08:00:00,439.3,156.7,12.5,13.0,0.0,0.0
2026-02-26 08:15:00,440.3,154.8,12.5,13.0,0.0,0.0
2026-02-26 08:30:00,442.2,155.8,12.5,13.0,0.0,0.0
2026-02-26 08:45:00,443.3,156.2,12.5,13.0,0.0,0.0
2026-02-26 09:00:00,444.8,154.3,12.5,13.0,0.0,0.0
2026-02-26 09:15:00,445.8,154.5,12.42,13.0,0.0,0.0
2026-02-26 09:30:00,447.5,155.3,12.4,13.0,0.0,0.0
2026-02-26 09:45:00,448.5,153.7,12.4,13.0,0.0,0.0
2026-02-26 10:00:00,449.7,154.3,12.4,12.7,0.0,0.0
2026-02-26 10:15:00,451.2,153.8,12.4,12.7,0.0,0.0
2026-02-26 10:30:00,452.5,153.5,12.4,12.7,0.0,0.0
2026-02-26 10:45:00,453.7,154.0,12.4,12.7,0.0,0.0
2026-02-26 11:00:00,454.2,152.7,12.3,12.7,0.0,0.0
2026-02-26 11:15:00,455.5,153.2,12.3,12.7,0.0,0.0
2026-02-26 11:30:00,456.0,152.5,12.3,12.7,0.0,0.0
2026-02-26 11:45:00,457.3,152.3,12.2,12.7,0.0,0.0
2026-02-26 12:00:00,458.2,153.5,12.2,12.5,0.0,0.0
2026-02-26 12:15:00,460.2,152.2,12.2,12.5,0.0,0.0
2026-02-26 12:30:00,460.7,152.3,12.1,12.5,0.0,0.0
2026-02-26 12:45:00,461.8,152.7,12.1,12.5,0.0,0.0
2026-02-26 13:00:00,463.7,151.8,12.1,12.1,0.0,0.0
2026-02-26 13:15:00,464.5,152.0,12.1,12.1,0.0,0.0
2026-02-26 13:30:00,464.7,151.2,12.0,12.1,0.0,0.0
2026-02-26 13:45:00,465.7,152.2,12.0,12.1,0.0,0.0
2026-02-26 14:00:00,466.5,152.0,11.9,11.7,0.0,0.0
2026-02-26 14:15:00,467.3,151.8,11.9,11.7,0.0,0.0
2026-02-26 14:30:00,468.2,151.0,11.8,11.7,0.0,0.0
2026-02-26 14:45:00,469.0,151.2,11.8,11.7,0.0,0.0
2026-02-26 15:00:00,469.7,151.5,11.8,11.7,0.0,1.0
2026-02-26 15:15:00,471.2,151.7,11.7,11.7,0.0,1.0
2026-02-26 15:30:00,471.8,151.7,11.7,11.7,0.0,1.0
2026-02-26 15:45:00,472.8,151.5,11.7,11.7,0.0,1.0
2026-02-26 16:00:00,473.7,151.2,11.6,12.5,0.0,55.0
2026-02-26 16:15:00,474.7,151.0,11.7,12.5,0.0,55.0
2026-02-26 16:45:00,474.8,152.3,11.8,12.5,0.0,55.0
2026-02-26 17:00:00,469.3,152.0,11.8,14.2,0.0,170.0
2026-02-26 17:15:00,461.8,153.0,11.9,14.2,0.0,170.0
2026-02-26 17:30:00,454.7,152.8,11.9,14.2,0.0,170.0
2026-02-26 17:45:00,447.2,152.5,12.02,14.2,0.0,170.0
2026-02-26 18:00:00,440.3,153.0,12.2,16.4,0.0,314.0
2026-02-26 18:15:00,434.2,153.3,12.3,16.4,0.0,314.0
2026-02-26 18:30:00,429.5,154.3,12.5,16.4,0.0,314.0
2026-02-26 19:15:00,418.5,154.2,13.1,18.6,0.0,429.0
2026-02-26 19:30:00,417.2,154.2,13.4,18.6,0.0,429.0
2026-02-26 19:45:00,415.5,154.7,13.68,18.6,0.0,429.0
2026-02-26 20:15:00,413.3,156.2,14.1,19.9,0.0,551.0
2026-02-26 20:30:00,413.8,155.2,14.4,19.9,0.0,551.0
2026-02-26 20:45:00,415.3,155.2,14.7,19.9,0.0,551.0
2026-02-26 21:00:00,415.2,155.3,15.0,21.1,0.0,659.0
2026-02-26 21:45:00,414.0,156.5,15.4,21.1,0.0,659.0
2026-02-26 22:00:00,413.7,156.3,15.5,21.5,0.0,625.0
2026-02-26 22:15:00,413.3,155.8,15.5,21.5,0.0,625.0
2026-02-26 22:45:00,413.3,156.0,15.6,21.5,0.0,625.0
2026-02-26 23:00:00,413.3,154.8,15.5,21.2,0.0,532.0
2026-02-26 23:15:00,413.5,155.7,15.48,21.2,0.0,532.0
2026-02-26 23:30:00,413.8,155.3,15.32,21.2,0.0,532.0
2026-02-26 23:45:00,413.8,154.5,15.2,21.2,0.0,532.0
2026-02-27 00:00:00,413.0,156.0,15.1,21.1,0.0,402.0
2026-02-27 00:15:00,413.3,153.8,15.0,21.1,0.0,402.0
2026-02-27 00:45:00,415.2,152.2,14.8,21.1,0.0,402.0
2026-02-27 01:00:00,417.8,153.3,14.7,20.2,0.0,214.0
2026-02-27 01:15:00,416.7,153.7,14.6,20.2,0.0,214.0
2026-02-27 01:30:00,418.0,153.7,14.5,20.2,0.0,214.0
2026-02-27 01:45:00,419.0,153.2,14.4,20.2,0.0,214.0
2026-02-27 02:00:00,417.8,152.7,14.3,17.9,0.0,51.0
2026-02-27 02:15:00,418.8,152.7,14.2,17.9,0.0,51.0
2026-02-27 02:30:00,424.2,151.0,14.1,17.9,0.0,51.0
2026-02-27 02:45:00,432.7,151.2,14.0,17.9,0.0,51.0
2026-02-27 03:00:00,441.7,150.0,13.9,16.2,0.0,0.0
2026-02-27 03:15:00,450.0,150.8,13.8,16.2,0.0,0.0
2026-02-27 03:30:00,457.5,150.0,13.7,16.2,0.0,0.0
2026-02-27 03:45:00,464.3,149.7,13.62,16.2,0.0,0.0
2026-02-27 04:00:00,469.7,148.7,13.6,16.0,0.0,0.0
2026-02-27 04:15:00,475.5,148.0,13.5,16.0,0.0,0.0
2026-02-27 04:30:00,479.3,149.2,13.4,16.0,0.0,0.0
2026-02-27 04:45:00,483.0,148.3,13.4,16.0,0.0,0.0
2026-02-27 05:00:00,486.3,148.2,13.3,15.8,0.0,0.0
2026-02-27 05:15:00,489.5,148.8,13.3,15.8,0.0,0.0
2026-02-27 05:30:00,492.7,149.7,13.2,15.8,0.0,0.0
2026-02-27 05:45:00,495.5,148.8,13.2,15.8,0.0,0.0
2026-02-27 06:00:00,498.2,149.5,13.1,15.3,0.0,0.0
2026-02-27 06:15:00,499.5,149.2,13.1,15.3,0.0,0.0
2026-02-27 06:30:00,501.3,149.0,13.1,15.3,0.0,0.0
2026-02-27 06:45:00,502.8,149.2,13.1,15.3,0.0,0.0
2026-02-27 07:00:00,504.7,149.7,13.1,14.6,0.0,0.0
2026-02-27 07:15:00,506.3,149.3,13.0,14.6,0.0,0.0
2026-02-27 07:30:00,508.0,148.8,13.0,14.6,0.0,0.0
2026-02-27 07:45:00,509.8,148.2,13.0,14.6,0.0,0.0
2026-02-27 08:00:00,511.0,148.0,13.0,14.2,0.0,0.0
2026-02-27 08:15:00,512.0,148.7,13.0,14.2,0.0,0.0
2026-02-27 08:30:00,513.0,148.8,13.0,14.2,0.0,0.0
2026-02-27 08:45:00,514.5,148.0,13.0,14.2,0.0,0.0
2026-02-27 09:00:00,515.0,147.7,12.9,14.3,0.0,0.0
2026-02-27 09:15:00,516.3,148.8,12.9,14.3,0.0,0.0
2026-02-27 09:30:00,518.0,149.8,12.9,14.3,0.0,0.0
2026-02-27 09:45:00,518.8,147.8,12.9,14.3,0.0,0.0
2026-02-27 10:00:00,519.7,147.5,12.9,13.9,0.0,0.0
2026-02-27 10:15:00,520.7,147.2,12.9,13.9,0.0,0.0
2026-02-27 10:30:00,520.8,147.7,12.9,13.9,0.0,0.0
2026-02-27 10:45:00,521.8,147.7,12.9,13.9,0.0,0.0
2026-02-27 11:00:00,522.3,148.3,12.9,13.2,0.0,0.0
2026-02-27 11:15:00,523.0,148.5,12.9,13.2,0.0,0.0
2026-02-27 11:30:00,524.2,148.0,12.9,13.2,0.0,0.0
2026-02-27 11:45:00,524.5,147.8,12.88,13.2,0.0,0.0
2026-02-27 12:00:00,525.0,148.0,12.8,12.4,0.0,0.0
2026-02-27 12:15:00,526.5,148.5,12.8,12.4,0.0,0.0
2026-02-27 12:30:00,526.8,147.3,12.8,12.4,0.0,0.0
2026-02-27 12:45:00,527.0,148.5,12.73,12.4,0.0,0.0
2026-02-27 13:00:00,529.0,148.7,12.7,12.3,0.0,0.0
2026-02-27 13:15:00,529.0,148.3,12.7,12.3,0.0,0.0
2026-02-27 13:30:00,528.8,148.2,12.7,12.3,0.0,0.0
2026-02-27 13:45:00,529.7,148.8,12.68,12.3,0.0,0.0
2026-02-27 14:00:00,530.8,148.8,12.6,12.6,0.0,0.0
2026-02-27 14:15:00,531.0,148.8,12.6,12.6,0.0,0.0
2026-02-27 14:30:00,531.7,148.7,12.6,12.6,0.0,0.0
2026-02-27 14:45:00,532.2,147.5,12.6,12.6,0.0,0.0
2026-02-27 15:00:00,532.8,148.3,12.6,12.7,0.0,2.0
2026-02-27 15:15:00,533.2,148.2,12.6,12.7,0.0,2.0
2026-02-27 15:30:00,533.7,148.2,12.6,12.7,0.0,2.0
2026-02-27 15:45:00,534.3,148.0,12.6,12.7,0.0,2.0
2026-02-27 16:00:00,535.2,148.3,12.7,14.3,0.0,79.0
2026-02-27 16:15:00,535.3,148.8,12.7,14.3,0.0,79.0
2026-02-27 16:30:00,536.0,148.7,12.8,14.3,0.0,79.0
2026-02-27 16:45:00,536.2,149.8,12.9,14.3,0.0,79.0
2026-02-27 17:00:00,534.3,151.8,12.9,18.0,0.0,242.0
2026-02-27 17:15:00,524.3,151.2,12.97,18.0,0.0,242.0
2026-02-27 17:30:00,511.7,150.8,13.0,18.0,0.0,242.0
2026-02-27 17:45:00,498.5,150.2,13.1,18.0,0.0,242.0
2026-02-27 18:00:00,486.0,151.5,13.2,20.6,0.0,440.0
2026-02-27 18:30:00,467.0,151.3,13.5,20.6,0.0,440.0
2026-02-27 18:45:00,460.2,150.7,13.6,20.6,0.0,440.0
2026-02-27 19:00:00,454.3,152.3,13.8,21.9,0.0,587.0
2026-02-27 19:15:00,450.5,152.0,14.0,21.9,0.0,587.0
2026-02-27 19:45:00,444.5,152.3,14.6,21.9,0.0,587.0
2026-02-27 20:00:00,442.0,152.0,14.8,22.9,0.0,676.0
2026-02-27 20:15:00,440.3,150.5,15.0,22.9,0.0,676.0
2026-02-27 20:30:00,439.5,150.7,15.3,22.9,0.0,676.0
2026-02-27 20:45:00,439.5,152.2,15.6,22.9,0.0,676.0
2026-02-27 21:00:00,439.7,152.3,15.8,23.2,0.0,699.0
2026-02-27 21:15:00,438.8,152.5,16.1,23.2,0.0,699.0
2026-02-27 21:30:00,437.7,151.8,16.2,23.2,0.0,699.0
2026-02-27 21:45:00,437.7,153.5,16.3,23.2,0.0,699.0
2026-02-27 22:00:00,436.3,151.8,16.3,23.1,0.0,659.0
2026-02-27 22:15:00,435.5,152.5,16.32,23.1,0.0,659.0
2026-02-27 22:30:00,434.5,152.8,16.4,23.1,0.0,659.0
2026-02-27 22:45:00,434.3,152.3,16.3,23.1,0.0,659.0
2026-02-27 23:00:00,433.7,151.3,16.3,22.9,0.0,544.0
2026-02-27 23:15:00,433.3,152.0,16.2,22.9,0.0,544.0
2026-02-27 23:30:00,433.8,152.3,16.1,22.9,0.0,544.0
2026-02-27 23:45:00,434.3,153.5,16.1,22.9,0.0,544.0
2026-02-28 00:00:00,435.3,153.2,16.1,22.8,0.0,360.0
2026-02-28 00:15:00,436.3,151.5,16.0,22.8,0.0,360.0
2026-02-28 00:30:00,429.3,152.0,15.9,22.8,0.0,360.0
2026-02-28 00:45:00,425.7,151.7,15.9,22.8,0.0,360.0
2026-02-28 01:00:00,428.2,152.8,15.8,21.7,0.0,152.0
2026-02-28 01:15:00,431.2,153.2,15.7,21.7,0.0,152.0
2026-02-28 01:45:00,434.2,151.5,15.5,21.7,0.0,152.0
2026-02-28 02:00:00,431.8,149.7,15.4,19.1,0.0,42.0
2026-02-28 02:15:00,432.0,149.0,15.3,19.1,0.0,42.0
2026-02-28 02:30:00,436.3,148.8,15.2,19.1,0.0,42.0
2026-02-28 02:45:00,446.0,149.5,15.1,19.1,0.0,42.0
2026-02-28 03:00:00,455.3,148.2,15.0,18.1,0.0,0.0
2026-02-28 03:15:00,466.5,148.3,14.9,18.1,0.0,0.0
2026-02-28 03:30:00,477.5,147.2,14.8,18.1,0.0,0.0
2026-02-28 03:45:00,486.8,146.0,14.73,18.1,0.0,0.0
2026-02-28 04:00:00,495.8,146.2,14.7,17.9,0.0,0.0
2026-02-28 04:15:00,503.0,146.5,14.6,17.9,0.0,0.0
2026-02-28 04:30:00,508.8,146.7,14.6,17.9,0.0,0.0
2026-02-28 04:45:00,511.2,145.7,14.58,17.9,0.0,0.0
2026-02-28 05:00:00,521.2,147.2,14.5,17.5,0.0,0.0
2026-02-28 05:15:00,526.2,147.0,14.5,17.5,0.0,0.0
2026-02-28 05:30:00,529.7,146.0,14.4,17.5,0.0,0.0
2026-02-28 05:45:00,531.8,146.5,14.4,17.5,0.0,0.0
2026-02-28 06:00:00,536.3,146.0,14.4,17.1,0.0,0.0
2026-02-28 06:15:00,538.8,145.8,14.4,17.1,0.0,0.0
2026-02-28 06:30:00,539.5,145.8,14.3,17.1,0.0,0.0
2026-02-28 06:45:00,543.8,146.5,14.3,17.1,0.0,0.0
2026-02-28 07:00:00,546.0,146.2,14.3,16.6,0.0,0.0
2026-02-28 07:15:00,547.7,146.5,14.2,16.6,0.0,0.0
2026-02-28 07:30:00,549.3,146.8,14.2,16.6,0.0,0.0
2026-02-28 07:45:00,551.0,146.7,14.1,16.6,0.0,0.0
2026-02-28 08:00:00,552.7,147.0,14.1,16.2,0.0,0.0
2026-02-28 08:15:00,551.7,146.5,14.0,16.2,0.0,0.0
2026-02-28 08:30:00,555.0,146.2,14.0,16.2,0.0,0.0
2026-02-28 08:45:00,557.7,146.7,14.0,16.2,0.0,0.0
2026-02-28 09:00:00,558.7,145.2,13.9,15.9,0.0,0.0
2026-02-28 09:15:00,560.3,145.3,13.9,15.9,0.0,0.0
2026-02-28 09:30:00,561.0,145.8,13.9,15.9,0.0,0.0
2026-02-28 09:45:00,561.3,145.7,13.9,15.9,0.0,0.0
2026-02-28 10:00:00,562.0,146.5,13.9,14.9,0.0,0.0
2026-02-28 10:15:00,562.5,145.3,13.83,14.9,0.0,0.0
2026-02-28 10:30:00,564.7,145.5,13.8,14.9,0.0,0.0
2026-02-28 10:45:00,564.5,144.3,13.8,14.9,0.0,0.0
2026-02-28 11:00:00,564.2,144.7,13.8,15.3,0.0,0.0
2026-02-28 11:15:00,566.3,144.5,13.8,15.3,0.0,0.0
2026-02-28 11:30:00,566.5,146.2,13.8,15.3,0.0,0.0
2026-02-28 11:45:00,567.5,145.5,13.8,15.3,0.0,0.0
2026-02-28 12:00:00,569.0,145.2,13.8,15.7,0.0,0.0
2026-02-28 12:15:00,570.0,145.2,13.7,15.7,0.0,0.0
2026-02-28 12:30:00,570.7,144.7,13.7,15.7,0.0,0.0
2026-02-28 12:45:00,570.5,145.3,13.7,15.7,0.0,0.0
2026-02-28 13:00:00,569.7,143.5,13.7,15.9,0.0,0.0
2026-02-28 13:15:00,572.3,145.5,13.7,15.9,0.0,0.0
2026-02-28 13:30:00,571.3,143.8,13.6,15.9,0.0,0.0
2026-02-28 13:45:00,571.5,143.8,13.6,15.9,0.0,0.0
2026-02-28 14:00:00,570.3,143.7,13.6,14.7,0.0,0.0
2026-02-28 14:15:00,573.0,145.0,13.5,14.7,0.0,0.0
2026-02-28 14:30:00,572.5,145.5,13.5,14.7,0.0,0.0
2026-02-28 14:45:00,574.0,144.7,13.5,14.7,0.0,0.0
2026-02-28 15:00:00,572.8,145.7,13.5,13.6,0.0,2.0
2026-02-28 15:15:00,574.0,145.5,13.4,13.6,0.0,2.0
2026-02-28 15:30:00,575.2,143.5,13.4,13.6,0.0,2.0
2026-02-28 15:45:00,576.0,145.7,13.4,13.6,0.0,2.0
2026-02-28 16:00:00,576.3,144.2,13.4,15.1,0.0,96.0
2026-02-28 16:15:00,576.3,146.8,13.4,15.1,0.0,96.0
2026-02-28 16:30:00,577.2,146.3,13.4,15.1,0.0,96.0
2026-02-28 16:45:00,573.8,146.7,13.5,15.1,0.0,96.0
2026-02-28 17:00:00,572.8,147.5,13.6,19.6,0.0,257.0
2026-02-28 17:15:00,565.0,147.8,13.6,19.6,0.0,257.0
2026-02-28 17:30:00,548.3,148.0,13.7,19.6,0.0,257.0
2026-02-28 17:45:00,531.5,147.8,13.8,19.6,0.0,257.0
2026-02-28 18:00:00,518.2,147.8,13.9,22.5,0.0,426.0
2026-02-28 18:15:00,498.5,148.2,14.0,22.5,0.0,426.0
2026-02-28 18:30:00,488.0,148.3,14.2,22.5,0.0,426.0
2026-02-28 18:45:00,479.3,150.0,14.4,22.5,0.0,426.0
2026-02-28 19:00:00,471.8,149.3,14.58,23.0,0.0,528.0
2026-02-28 19:15:00,469.8,149.7,14.7,23.0,0.0,528.0
2026-02-28 19:30:00,467.0,150.3,14.9,23.0,0.0,528.0
2026-02-28 19:45:00,464.0,150.2,15.1,23.0,0.0,528.0
2026-02-28 20:00:00,459.8,149.2,15.2,22.7,0.0,520.0
2026-02-28 20:30:00,458.8,149.7,15.3,22.7,0.0,520.0
2026-02-28 20:45:00,455.3,149.7,15.7,22.7,0.0,520.0
2026-02-28 21:00:00,458.5,150.0,16.1,23.0,0.0,611.0
2026-02-28 21:15:00,457.3,151.2,16.4,23.0,0.0,611.0
2026-02-28 21:30:00,447.5,150.3,16.6,23.0,0.0,611.0
2026-02-28 21:45:00,453.8,149.0,16.6,23.0,0.0,611.0
2026-02-28 22:00:00,454.8,149.3,16.6,22.7,0.0,645.0
2026-02-28 22:15:00,452.8,149.0,16.6,22.7,0.0,645.0
2026-02-28 22:30:00,447.3,149.0,16.6,22.7,0.0,645.0
2026-02-28 22:45:00,445.7,148.2,16.6,22.7,0.0,645.0
2026-02-28 23:00:00,444.5,149.2,16.5,22.0,0.0,512.0
2026-02-28 23:15:00,443.8,149.3,16.5,22.0,0.0,512.0
2026-02-28 23:30:00,443.3,149.2,16.4,22.0,0.0,512.0
2026-02-28 23:45:00,442.2,150.2,16.4,22.0,0.0,512.0
2026-03-01 00:00:00,443.0,149.5,16.3,21.9,0.0,362.0
2026-03-01 00:15:00,443.3,150.0,16.2,21.9,0.0,362.0
2026-03-01 00:30:00,445.7,150.0,16.1,21.9,0.0,362.0
2026-03-01 00:45:00,447.5,149.0,16.0,21.9,0.0,362.0
2026-03-01 01:00:00,446.0,148.5,15.9,20.3,0.0,147.0
2026-03-01 01:15:00,452.5,148.0,15.72,20.3,0.0,147.0
2026-03-01 01:30:00,453.0,148.0,15.6,20.3,0.0,147.0
2026-03-01 01:45:00,454.0,148.5,15.5,20.3,0.0,147.0
2026-03-01 02:00:00,453.3,147.8,15.4,17.0,0.0,40.0
2026-03-01 02:15:00,453.0,146.5,15.3,17.0,0.0,40.0
2026-03-01 02:30:00,454.5,145.8,15.2,17.0,0.0,40.0
2026-03-01 02:45:00,460.5,145.3,15.1,17.0,0.0,40.0
2026-03-01 03:00:00,471.7,145.3,15.0,14.9,0.0,0.0
2026-03-01 03:15:00,482.7,144.0,14.9,14.9,0.0,0.0
2026-03-01 03:30:00,494.5,144.5,14.8,14.9,0.0,0.0
2026-03-01 03:45:00,501.2,144.5,14.6,14.9,0.0,0.0
2026-03-01 04:00:00,515.7,144.8,14.5,13.9,0.0,0.0
2026-03-01 04:15:00,524.5,143.8,14.4,13.9,0.0,0.0
2026-03-01 04:30:00,530.8,143.2,14.3,13.9,0.0,0.0
2026-03-01 04:45:00,537.2,143.3,14.2,13.9,0.0,0.0
2026-03-01 05:00:00,543.0,143.7,14.1,13.2,0.0,0.0
2026-03-01 05:15:00,548.7,144.2,14.1,13.2,0.0,0.0
2026-03-01 05:30:00,546.3,144.3,14.0,13.2,0.0,0.0
2026-03-01 05:45:00,551.3,145.3,13.9,13.2,0.0,0.0
2026-03-01 06:00:00,555.0,144.3,13.87,13.2,0.0,0.0
2026-03-01 06:15:00,557.7,144.5,13.8,13.2,0.0,0.0
2026-03-01 06:30:00,560.5,144.8,13.8,13.2,0.0,0.0
2026-03-01 06:45:00,563.8,144.0,13.7,13.2,0.0,0.0
2026-03-01 07:00:00,566.8,143.3,13.7,13.2,0.0,0.0
2026-03-01 07:15:00,569.0,143.8,13.7,13.2,0.0,0.0
2026-03-01 07:30:00,570.8,143.0,13.6,13.2,0.0,0.0
2026-03-01 07:45:00,572.7,142.0,13.65,13.2,0.0,0.0
