DateTimeUTC,Meter_Hydros21_Cond,Meter_Hydros21_Depth,Meter_Hydros21_Temp,air_temp_c,rain_mm,shortwave_radiation
2026-02-02 00:15:00,304.4,301.752,13.24,16.9,0.0,253.0
2026-01-09 05:45:00,293.1,329.184,13.48,7.0,0.0,0.0
2026-02-08 18:15:00,304.2,301.752,13.44,12.2,0.0,301.0
2026-02-19 16:00:00,130.8,399.288,13.58,5.5,0.0,65.0
2026-02-05 23:45:00,302.6,301.752,13.19,19.9,0.0,474.0
2026-01-10 22:15:00,293.3,323.088,13.35,12.8,0.0,460.0
2026-01-10 18:45:00,291.9,323.088,13.49,7.8,0.0,283.0
2026-01-07 15:30:00,281.4,344.424,13.43,8.2,0.0,0.0
2026-02-24 23:30:00,320.2,316.992,13.19,16.1,0.0,159.0
2026-02-26 08:00:00,280.9,329.184,13.36,13.0,0.0,0.0
2026-02-10 10:45:00,305.9,301.752,13.37,9.2,0.0,0.0
2026-01-13 03:30:00,300.2,316.992,13.4,6.9,0.0,0.0
2026-01-21 18:00:00,305.4,307.848,13.49,9.7,0.0,179.0
2026-02-06 13:15:00,306.3,298.704,13.41,10.1,0.0,0.0
2026-01-08 11:45:00,296.9,335.28000000000003,13.48,7.6,0.0,0.0
2026-02-24 16:30:00,315.5,313.944,13.37,14.0,0.0,53.0
2026-01-14 07:30:00,303.9,313.944,13.44,6.7,0.0,0.0
2026-01-07 03:00:00,265.5,356.616,13.38,10.0,0.0,0.0
2026-01-23 00:15:00,310.7,307.848,13.28,16.1,0.0,261.0
2026-01-23 18:30:00,310.7,304.8,13.43,9.8,0.0,201.0
2026-02-26 06:30:00,276.9,329.184,13.35,13.3,0.0,0.0
2026-02-16 04:45:00,291.8,441.96,13.37,10.7,0.8,0.0
2026-02-11 14:30:00,223.5,310.896,13.38,10.0,0.05,0.0
2026-02-25 09:45:00,267.6,423.672,13.28,14.0,0.025,0.0
2026-01-20 22:45:00,305.0,307.848,13.35,14.1,0.0,384.0
2026-02-27 03:00:00,311.7,323.088,13.2,16.2,0.0,0.0
2026-02-06 14:00:00,306.2,298.704,13.43,9.9,0.0,0.0
2026-01-20 21:30:00,303.1,307.848,13.37,13.8,0.0,457.0
2026-02-20 05:00:00,232.8,347.472,13.47,5.8,0.0,0.0
2026-02-02 12:15:00,303.0,301.752,13.52,6.1,0.0,0.0
2026-01-18 22:00:00,308.1,307.848,13.17,16.5,0.0,433.0
2026-01-29 05:45:00,304.9,304.8,13.38,9.3,0.0,0.0
2026-02-12 11:15:00,149.4,304.8,13.38,8.0,0.0,0.0
2026-02-15 23:00:00,301.2,301.752,13.31,14.3,0.025,255.0
2026-01-09 02:15:00,293.1,329.184,13.38,7.9,0.0,0.0
2026-01-16 01:00:00,303.4,310.896,13.23,14.2,0.0,83.0
2026-01-13 23:30:00,299.2,316.992,13.23,15.2,0.0,386.0
2026-01-25 20:00:00,299.6,304.8,13.45,9.6,0.0,322.0
2026-02-16 11:00:00,179.7,426.72,13.44,9.2,0.6,0.0
2026-01-16 04:45:00,305.8,310.896,13.33,9.1,0.0,0.0
2026-01-07 08:45:00,274.7,353.568,13.47,9.6,0.0,0.0
2026-01-25 10:45:00,304.0,304.8,13.5,5.2,0.0,0.0
2026-02-18 15:45:00,204.4,353.568,13.66,2.0,0.0,0.0
2026-02-10 23:00:00,303.1,298.704,13.36,13.0,0.1,114.0
2026-02-18 06:15:00,138.2,405.384,13.52,4.8,0.025,0.0
2026-01-29 00:00:00,303.4,304.8,13.24,15.7,0.0,284.0
2026-01-12 05:45:00,299.7,320.04,13.43,6.1,0.0,0.0
2026-02-17 03:30:00,147.5,731.52,13.47,8.1,0.075,0.0
2026-02-05 16:30:00,299.5,301.752,13.49,6.1,0.0,28.0
2026-02-12 17:30:00,190.1,301.752,13.34,9.9,0.0,148.0
2026-02-04 02:45:00,300.4,301.752,13.16,12.7,0.0,14.0
2026-01-08 00:45:00,293.2,341.37600000000003,13.32,13.0,0.0,196.0
2026-02-15 09:00:00,301.2,301.752,13.4,10.3,0.0,0.0
2026-01-18 14:45:00,307.7,307.848,13.46,5.2,0.0,0.0
2026-01-15 16:45:00,300.2,313.944,13.47,4.7,0.0,15.0
2026-01-18 16:00:00,306.4,310.896,13.47,5.2,0.0,16.0
2026-01-27 05:00:00,301.5,304.8,13.42,5.8,0.0,0.0
2026-02-03 15:45:00,295.2,301.752,13.54,4.8,0.0,0.0
2026-01-11 10:00:00,296.6,320.04,13.48,4.6,0.0,0.0
2026-02-22 00:15:00,284.8,323.088,13.34,13.9,0.0,343.0
2026-01-24 22:15:00,305.5,304.8,13.28,16.2,0.0,541.0
2026-01-25 23:45:00,301.1,304.8,13.38,11.1,0.0,300.0
2026-02-07 23:00:00,316.7,298.704,13.28,16.0,0.0,400.0
2026-01-27 04:00:00,301.8,304.8,13.4,6.3,0.0,0.0
2026-01-25 03:15:00,307.5,304.8,13.29,9.5,0.0,0.0
2026-02-20 08:30:00,241.6,341.37600000000003,13.56,4.8,0.0,0.0
2026-01-31 22:15:00,303.2,301.752,13.23,15.6,0.0,478.0
2026-01-26 23:30:00,300.2,304.8,13.33,14.6,0.0,425.0
2026-01-27 11:15:00,298.9,304.8,13.5,4.7,0.0,0.0
2026-02-09 17:30:00,307.3,298.704,13.38,11.0,0.0,137.0
2026-01-09 22:00:00,291.1,329.184,13.34,11.2,0.0,470.0
2026-01-15 15:00:00,301.1,313.944,13.57,4.0,0.0,0.0
2026-02-02 18:30:00,299.6,301.752,13.43,13.2,0.0,302.0
2026-02-16 03:30:00,301.1,338.32800000000003,13.35,10.9,0.625,0.0
2026-01-18 13:00:00,308.9,307.848,13.46,5.1,0.0,0.0
2026-01-07 02:30:00,264.2,359.664,13.34,11.3,0.0,0.0
2026-01-06 08:15:00,159.3,420.624,13.41,9.2,0.075,0.0
2026-01-25 07:15:00,306.3,304.8,13.45,7.8,0.0,0.0
2026-01-22 07:45:00,310.3,307.848,13.43,8.2,0.0,0.0
2026-01-25 17:30:00,300.0,304.8,13.51,5.2,0.0,85.0
2026-01-21 22:30:00,307.5,307.848,13.34,13.3,0.0,291.0
2026-02-07 11:15:00,308.6,298.704,13.41,9.5,0.0,0.0
2026-01-25 11:45:00,303.5,304.8,13.45,3.6,0.0,0.0
2026-02-05 11:15:00,303.0,301.752,13.47,6.2,0.0,0.0
2026-02-02 04:45:00,305.7,301.752,13.4,11.3,0.0,0.0
2026-02-24 10:15:00,314.4,316.992,13.37,12.8,0.0,0.0
2026-01-21 10:30:00,307.0,304.8,13.48,6.5,0.0,0.0
2026-02-17 07:00:00,103.1,368.808,13.46,7.1,0.0,0.0
2026-02-02 15:45:00,301.0,301.752,13.54,5.8,0.0,0.0
2026-02-08 12:00:00,306.6,301.752,13.43,8.3,0.0,0.0
2026-02-01 12:15:00,304.4,301.752,13.47,6.3,0.0,0.0
2026-01-16 04:15:00,305.6,313.944,13.38,9.1,0.0,0.0
2026-02-18 19:45:00,225.6,368.808,13.56,7.1,0.05,342.0
2026-02-16 16:45:00,123.9,390.144,13.42,9.1,0.425,7.0
2026-02-18 12:30:00,180.8,359.664,13.63,3.2,0.0,0.0
2026-01-20 13:30:00,303.3,307.848,13.53,5.2,0.0,0.0
2026-01-17 23:15:00,302.6,310.896,13.23,15.8,0.0,361.0
2026-02-07 03:45:00,308.7,298.704,13.34,12.1,0.0,0.0
2026-02-05 00:30:00,301.5,301.752,13.2,17.9,0.0,335.0
2026-02-17 06:00:00,96.3,384.048,13.49,7.3,0.0,0.0
2026-01-24 07:30:00,309.6,304.8,13.4,8.2,0.0,0.0
2026-01-21 00:15:00,306.5,307.848,13.25,12.8,0.0,94.0
2026-02-09 16:30:00,307.7,298.704,13.45,9.5,0.0,30.0
2026-01-20 08:00:00,307.7,307.848,13.49,5.9,0.0,0.0
2026-02-02 11:45:00,303.2,301.752,13.48,7.9,0.0,0.0
2026-02-28 14:45:00,323.8,316.992,13.27,14.7,0.0,0.0
2026-02-06 03:30:00,304.7,298.704,13.2,12.8,0.0,0.0
2026-02-13 16:00:00,287.5,298.704,13.44,9.0,0.0,30.0
2026-02-13 01:30:00,255.0,301.752,13.25,14.5,0.0,173.0
2026-02-06 22:30:00,305.6,301.752,13.25,18.5,0.0,567.0
2026-02-27 10:15:00,312.6,320.04,13.35,13.9,0.0,0.0
2026-02-22 20:45:00,298.5,320.04,13.32,16.8,0.0,557.0
2026-02-28 05:45:00,322.5,320.04,13.17,17.5,0.0,0.0
2026-02-08 03:15:00,313.3,298.704,13.32,11.8,0.0,0.0
2026-01-25 14:15:00,301.8,304.8,13.44,3.1,0.0,0.0
2026-02-06 04:15:00,304.9,301.752,13.27,12.0,0.0,0.0
2026-02-10 05:45:00,308.6,298.704,13.37,11.1,0.0,0.0
2026-01-09 12:00:00,292.1,329.184,13.54,5.2,0.0,0.0
2026-01-26 02:30:00,302.1,304.8,13.44,6.7,0.0,4.0
2026-01-21 18:30:00,305.3,307.848,13.41,9.7,0.0,179.0
2026-02-05 14:45:00,300.5,301.752,13.51,4.9,0.0,0.0
2026-01-14 20:15:00,299.7,313.944,13.38,14.9,0.0,488.0
2026-01-17 19:15:00,304.0,310.896,13.33,13.5,0.0,423.0
2026-01-07 14:15:00,279.9,347.472,13.46,8.3,0.025,0.0
2026-02-12 16:45:00,184.8,301.752,13.44,8.0,0.0,35.0
2026-02-20 14:45:00,252.2,338.32800000000003,13.65,0.6,0.0,0.0
2026-02-12 00:15:00,220.1,493.77600000000007,13.35,11.6,0.025,143.0
2026-02-10 14:00:00,303.3,298.704,13.39,6.2,0.0,0.0
2026-02-07 17:00:00,323.2,301.752,13.44,9.9,0.0,113.0
2026-02-03 07:15:00,302.4,301.752,13.38,10.5,0.0,0.0
2026-02-13 08:15:00,279.8,298.704,13.42,8.6,0.0,0.0
2026-02-26 04:45:00,270.4,329.184,13.35,13.4,0.0,0.0
2026-01-23 09:00:00,311.0,304.8,13.38,8.4,0.0,0.0
2026-01-25 06:15:00,306.9,304.8,13.47,7.3,0.0,0.0
2026-01-05 11:45:00,224.2,377.952,13.42,8.9,0.025,0.0
2026-01-08 23:15:00,292.8,332.232,13.39,11.7,0.0,368.0
2026-02-26 13:30:00,291.8,326.136,13.39,12.1,0.0,0.0
2026-02-21 22:30:00,281.7,323.088,13.33,14.1,0.0,615.0
2026-02-08 02:30:00,314.1,298.704,13.35,13.1,0.0,18.0
2026-01-30 06:00:00,304.5,301.752,13.27,7.4,0.0,0.0
2026-02-22 03:45:00,289.3,323.088,13.32,9.8,0.0,0.0
2026-01-13 22:45:00,298.5,316.992,13.29,15.3,0.0,484.0
2026-01-30 09:30:00,303.5,301.752,13.48,6.1,0.0,0.0
2026-02-20 21:15:00,262.0,332.232,13.47,11.1,0.0,570.0
2026-01-27 13:30:00,298.1,304.8,13.51,3.8,0.0,0.0
2026-02-24 09:00:00,314.2,316.992,13.32,12.4,0.0,0.0
2026-02-03 12:45:00,298.0,298.704,13.47,6.5,0.0,0.0
2026-02-05 12:45:00,301.9,301.752,13.43,6.5,0.0,0.0
2026-02-11 01:15:00,303.4,301.752,13.41,11.0,0.425,32.0
2026-02-22 20:00:00,297.8,323.088,13.28,16.8,0.0,557.0
2026-02-09 06:15:00,309.0,298.704,13.33,12.9,0.0,0.0
2026-01-17 01:15:00,304.5,310.896,13.24,13.8,0.0,88.0
2026-02-07 04:00:00,308.5,298.704,13.34,11.2,0.0,0.0
2026-02-07 10:00:00,307.9,298.704,13.4,9.7,0.0,0.0
2026-02-01 03:45:00,305.6,301.752,13.33,9.1,0.0,0.0
2026-01-26 16:15:00,299.7,304.8,13.53,4.0,0.0,18.0
2026-01-05 23:15:00,257.2,509.016,13.33,10.8,0.775,31.0
2026-02-16 09:45:00,177.3,365.76,13.43,9.7,0.5,0.0
2026-01-20 21:45:00,303.2,307.848,13.37,13.8,0.0,457.0
2026-01-29 14:30:00,303.8,301.752,13.51,5.0,0.0,0.0
2026-02-10 15:45:00,302.4,301.752,13.43,5.6,0.0,0.0
2026-02-24 19:15:00,315.6,316.992,13.3,18.4,0.0,521.0
2026-01-15 02:30:00,303.6,313.944,13.31,10.4,0.0,1.0
2026-02-06 06:15:00,305.3,298.704,13.27,10.8,0.0,0.0
2026-02-07 04:30:00,308.5,298.704,13.26,11.2,0.0,0.0
2026-02-09 10:45:00,310.0,298.704,13.41,10.8,0.0,0.0
2026-01-24 23:30:00,305.8,304.8,13.27,16.0,0.0,441.0
2026-02-10 13:30:00,303.7,298.704,13.36,6.6,0.0,0.0
2026-02-21 23:15:00,283.1,323.088,13.33,14.5,0.0,446.0
2026-02-07 12:15:00,309.9,301.752,13.41,8.3,0.0,0.0
2026-02-17 23:15:00,132.2,414.528,13.52,8.1,0.25,171.0
2026-02-27 04:30:00,311.8,320.04,13.26,16.0,0.0,0.0
2026-01-19 09:00:00,312.2,307.848,13.48,7.0,0.0,0.0
2026-02-06 09:15:00,305.7,298.704,13.27,11.1,0.0,0.0
2026-02-02 21:30:00,300.2,301.752,13.3,17.5,0.0,583.0
2026-02-23 16:45:00,307.8,316.992,13.47,9.3,0.0,73.0
2026-02-08 03:45:00,312.8,298.704,13.35,11.8,0.0,0.0
2026-01-22 19:30:00,309.0,307.848,13.38,13.3,0.0,401.0
2026-01-24 08:45:00,309.2,304.8,13.46,8.7,0.0,0.0
2026-02-20 04:15:00,230.0,344.424,13.49,6.3,0.0,0.0
2026-02-08 22:45:00,306.8,298.704,13.22,16.9,0.0,566.0
2026-02-23 21:45:00,309.9,316.992,13.35,18.7,0.0,695.0
2026-01-23 06:15:00,311.5,304.8,13.44,8.3,0.0,0.0
2026-02-17 19:30:00,111.4,527.304,13.53,8.0,0.3,94.0
2026-02-13 10:00:00,282.7,298.704,13.47,8.4,0.0,0.0
2026-01-21 01:45:00,309.1,307.848,13.32,11.0,0.0,50.0
2026-01-18 07:30:00,309.7,310.896,13.4,6.8,0.0,0.0
2026-01-19 15:15:00,308.0,307.848,13.51,4.5,0.0,0.0
2026-02-20 02:30:00,222.4,347.472,13.46,7.7,0.0,40.0
2026-02-24 23:15:00,319.9,313.944,13.24,16.1,0.0,159.0
2026-02-08 06:45:00,309.9,298.704,13.43,9.9,0.0,0.0
2026-01-17 18:45:00,304.1,310.896,13.43,10.9,0.0,294.0
2026-01-20 15:15:00,302.6,307.848,13.5,5.1,0.0,0.0
2026-01-14 01:15:00,300.8,313.944,13.23,12.1,0.0,79.0
2026-02-06 15:00:00,305.8,298.704,13.4,8.3,0.0,0.0
2026-02-02 12:00:00,303.2,301.752,13.53,6.1,0.0,0.0
2026-02-01 00:15:00,304.7,301.752,13.21,14.8,0.0,286.0
2026-02-07 17:15:00,323.2,298.704,13.44,9.9,0.0,113.0
2026-02-21 11:00:00,274.9,326.136,13.55,5.0,0.0,0.0
2026-01-10 19:45:00,292.1,323.088,13.39,9.1,0.0,415.0
2026-02-14 13:30:00,298.5,298.704,13.43,6.8,0.0,0.0
2026-01-15 02:00:00,303.0,313.944,13.29,10.4,0.0,1.0
2026-01-22 03:30:00,309.7,307.848,13.35,9.1,0.0,0.0
2026-01-17 00:45:00,304.4,310.896,13.15,16.8,0.0,251.0
2026-01-17 11:30:00,305.8,310.896,13.49,5.7,0.0,0.0
2026-02-18 01:30:00,136.2,460.2480000000001,13.52,6.9,0.1,28.0
2026-01-13 14:00:00,299.1,316.992,13.6,2.7,0.0,0.0
2026-01-07 06:30:00,273.6,353.568,13.39,9.1,0.0,0.0
2026-01-23 07:15:00,311.2,304.8,13.44,8.3,0.0,0.0
2026-02-03 20:30:00,294.8,301.752,13.23,15.6,0.0,583.0
2026-01-31 19:45:00,302.2,304.8,13.38,12.5,0.0,376.0
2026-01-09 06:30:00,293.0,329.184,13.51,7.0,0.0,0.0
2026-01-23 14:00:00,310.7,304.8,13.43,8.8,0.0,0.0
2026-01-13 06:00:00,301.2,316.992,13.46,5.2,0.0,0.0
2026-02-25 13:30:00,162.9,381.0,13.35,13.8,0.025,0.0
2026-01-17 03:15:00,304.8,310.896,13.26,10.1,0.0,0.0
2026-02-15 23:45:00,301.7,301.752,13.37,14.3,0.025,255.0
2026-02-26 00:15:00,243.2,335.28000000000003,13.21,17.2,0.0,145.0
2026-02-14 23:15:00,301.6,301.752,13.29,13.5,0.0,283.0
2026-01-29 02:30:00,304.7,301.752,13.32,12.3,0.0,7.0
2026-02-16 09:30:00,181.4,332.232,13.45,9.7,0.5,0.0
2026-01-20 05:30:00,310.0,307.848,13.44,7.0,0.0,0.0
2026-01-31 21:45:00,303.0,301.752,13.26,15.6,0.0,542.0
2026-01-17 23:30:00,302.6,310.896,13.24,15.8,0.0,361.0
2026-02-08 20:45:00,305.6,298.704,13.26,15.3,0.0,548.0
2026-01-26 09:00:00,301.7,304.8,13.51,5.1,0.0,0.0
2026-01-24 15:00:00,307.7,304.8,13.55,5.8,0.0,0.0
2026-02-09 17:00:00,307.6,298.704,13.39,11.0,0.0,137.0
2026-01-27 19:15:00,296.9,301.752,13.42,12.8,0.0,423.0
2026-02-22 01:00:00,286.2,323.088,13.32,12.6,0.0,210.0
2026-02-12 14:45:00,169.2,301.752,13.4,7.2,0.0,0.0
2026-02-16 00:45:00,302.3,304.8,13.33,12.4,0.8,196.0
2026-02-08 02:15:00,314.3,298.704,13.29,13.1,0.0,18.0
2026-02-08 01:00:00,315.0,298.704,13.3,15.4,0.0,134.0
2026-01-17 08:00:00,305.9,310.896,13.41,8.4,0.0,0.0
2026-01-06 18:15:00,223.7,374.904,13.37,12.8,0.0,273.0
2026-01-25 22:30:00,300.5,304.8,13.4,10.9,0.0,361.0
2026-01-14 18:00:00,299.8,313.944,13.48,11.9,0.0,289.0
2026-01-25 07:00:00,306.5,304.8,13.49,7.8,0.0,0.0
2026-02-17 04:45:00,98.3,448.056,13.44,7.9,0.225,0.0
2026-01-16 03:15:00,305.1,310.896,13.29,10.3,0.0,0.0
2026-02-25 22:45:00,228.7,335.28000000000003,13.26,17.2,0.025,309.0
2026-02-11 09:00:00,278.0,313.944,13.42,11.2,0.1,0.0
2026-02-13 05:00:00,271.7,298.704,13.39,9.7,0.0,0.0
2026-02-04 23:00:00,299.8,301.752,13.17,17.7,0.0,482.0
2026-01-10 08:15:00,295.0,326.136,13.49,3.4,0.0,0.0
2026-02-18 18:30:00,218.7,356.616,13.58,6.4,0.025,290.0
2026-02-03 21:45:00,296.0,304.8,13.22,16.3,0.0,605.0
2026-02-24 10:30:00,314.5,313.944,13.37,12.8,0.0,0.0
2026-02-04 14:00:00,298.8,301.752,13.49,3.7,0.0,0.0
2026-02-09 18:45:00,307.0,298.704,13.39,13.2,0.0,346.0
2026-02-26 21:45:00,302.4,323.088,13.23,21.1,0.0,659.0
2026-01-10 05:15:00,295.1,323.088,13.4,4.4,0.0,0.0
2026-01-07 17:00:00,283.2,344.424,13.42,9.7,0.0,107.0
2026-02-11 14:45:00,222.0,310.896,13.43,10.0,0.05,0.0
2026-02-14 07:00:00,299.0,301.752,13.43,9.3,0.0,0.0
2026-01-11 12:00:00,295.8,320.04,13.55,3.8,0.0,0.0
2026-03-01 00:00:00,327.1,316.992,13.15,21.9,0.0,362.0
2026-01-11 07:15:00,297.5,323.088,13.41,5.8,0.0,0.0
2026-01-05 14:30:00,244.3,377.952,13.4,9.5,0.025,0.0
2026-02-02 08:15:00,305.0,298.704,13.46,9.3,0.0,0.0
2026-01-05 18:15:00,254.7,362.712,13.38,12.1,0.0,158.0
2026-01-13 08:30:00,301.1,316.992,13.53,4.1,0.0,0.0
2026-01-31 10:45:00,304.8,301.752,13.44,7.0,0.0,0.0
2026-02-02 03:30:00,306.0,301.752,13.36,11.9,0.0,0.0
2026-03-01 07:45:00,325.6,313.944,13.29,13.2,0.0,0.0
2026-01-22 23:45:00,310.4,307.848,13.33,15.7,0.0,400.0
2026-02-06 01:15:00,303.5,301.752,13.18,17.0,0.0,138.0
2026-01-19 10:15:00,311.3,307.848,13.5,7.1,0.0,0.0
2026-02-21 10:00:00,274.7,326.136,13.6,4.9,0.0,0.0
2026-01-26 17:45:00,299.4,307.848,13.48,5.6,0.0,127.0
2026-02-10 23:15:00,303.1,301.752,13.32,13.0,0.1,114.0
2026-02-22 19:00:00,297.3,320.04,13.36,15.9,0.0,536.0
2026-01-18 02:00:00,302.8,310.896,13.24,10.2,0.0,1.0
2026-01-07 09:15:00,275.3,350.52,13.48,9.3,0.0,0.0
2026-01-14 04:15:00,303.0,313.944,13.4,7.4,0.0,0.0
2026-02-06 11:00:00,306.1,301.752,13.37,11.0,0.0,0.0
2026-01-11 00:30:00,295.1,323.088,13.35,11.7,0.0,215.0
2026-01-23 06:30:00,311.6,307.848,13.44,8.3,0.0,0.0
2026-01-16 09:30:00,304.4,310.896,13.45,9.8,0.0,0.0
2026-01-06 14:45:00,207.7,381.0,13.41,9.2,0.0,0.0
2026-01-08 12:45:00,296.6,335.28000000000003,13.45,7.7,0.0,0.0
2026-01-26 23:00:00,299.8,304.8,13.27,14.6,0.0,425.0
2026-01-07 10:30:00,275.8,350.52,13.44,9.7,0.0,0.0
2026-01-20 18:00:00,302.7,307.848,13.48,9.2,0.0,251.0
2026-01-31 15:45:00,303.0,301.752,13.51,4.7,0.0,0.0
2026-01-16 02:45:00,304.8,310.896,13.26,11.9,0.0,1.0
2026-02-25 18:15:00,175.1,344.424,13.36,15.5,0.0,144.0
2026-01-23 13:45:00,310.6,307.848,13.39,9.0,0.0,0.0
2026-02-03 05:00:00,303.1,301.752,13.38,11.6,0.0,0.0
2026-01-31 04:15:00,305.1,301.752,13.33,9.3,0.0,0.0
2026-01-10 09:45:00,294.8,323.088,13.56,3.0,0.0,0.0
2026-01-20 07:30:00,308.0,307.848,13.48,6.7,0.0,0.0
2026-02-21 09:00:00,274.6,326.136,13.58,4.8,0.0,0.0
2026-01-29 07:00:00,304.9,304.8,13.37,8.2,0.0,0.0
2026-02-07 03:30:00,308.6,301.752,13.33,12.1,0.0,0.0
2026-02-20 12:00:00,248.5,338.32800000000003,13.58,2.1,0.0,0.0
2026-01-16 15:30:00,302.5,310.896,13.54,7.0,0.0,0.0
2026-02-03 04:00:00,303.3,301.752,13.34,11.7,0.0,0.0
2026-01-13 03:15:00,300.1,316.992,13.38,6.9,0.0,0.0
2026-02-15 19:00:00,299.8,301.752,13.39,13.5,0.125,416.0
2026-01-12 18:45:00,296.3,316.992,13.46,9.3,0.0,273.0
2026-01-14 15:15:00,300.9,313.944,13.54,4.5,0.0,0.0
2026-02-25 10:00:00,257.6,411.48,13.29,14.0,0.025,0.0
2026-02-25 21:30:00,216.3,338.32800000000003,13.33,16.8,0.0,264.0
2026-01-28 13:00:00,299.9,304.8,13.42,10.1,0.0,0.0
2026-01-16 05:45:00,306.1,310.896,13.42,8.5,0.0,0.0
2026-01-11 11:45:00,296.0,323.088,13.48,4.3,0.0,0.0
2026-01-15 11:45:00,302.6,313.944,13.53,4.9,0.0,0.0
2026-01-25 11:15:00,303.7,304.8,13.45,3.6,0.0,0.0
2026-01-30 10:30:00,303.5,304.8,13.45,6.1,0.0,0.0
2026-02-18 06:00:00,138.2,414.528,13.53,4.8,0.025,0.0
2026-01-19 07:00:00,312.8,307.848,13.43,7.3,0.0,0.0
2026-01-07 20:15:00,286.8,344.424,13.41,13.3,0.0,475.0
2026-02-27 03:45:00,311.6,323.088,13.23,16.2,0.0,0.0
2026-01-26 16:00:00,299.8,304.8,13.52,4.0,0.0,18.0
2026-01-11 01:15:00,295.7,323.088,13.35,9.4,0.0,66.0
2026-01-24 16:15:00,307.2,304.8,13.54,6.5,0.0,18.0
2026-02-19 06:30:00,228.5,344.424,13.49,6.2,0.05,0.0
2026-01-31 11:45:00,304.6,301.752,13.46,6.3,0.0,0.0
2026-01-25 16:00:00,300.8,304.8,13.47,3.5,0.0,14.0
2026-02-07 20:15:00,319.9,298.704,13.35,14.8,0.0,544.0
2026-01-20 23:45:00,306.0,307.848,13.28,13.7,0.0,245.0
2026-02-03 19:00:00,294.1,298.704,13.29,14.2,0.0,481.0
2026-01-08 23:00:00,292.7,332.232,13.34,11.7,0.0,368.0
2026-01-25 15:00:00,301.4,304.8,13.42,3.0,0.0,0.0
2026-02-16 19:45:00,119.7,353.568,13.47,9.6,0.4,85.0
2026-02-02 19:45:00,299.7,301.752,13.37,15.6,0.0,454.0
2026-02-10 22:30:00,303.1,298.704,13.37,13.4,0.1,268.0
2026-02-08 17:45:00,304.0,298.704,13.37,10.5,0.0,133.0
2026-02-26 15:30:00,294.3,326.136,13.36,11.7,0.0,1.0
2026-02-02 16:30:00,300.4,301.752,13.5,6.7,0.0,27.0
2026-02-07 22:30:00,317.6,298.704,13.32,16.3,0.0,490.0
2026-02-13 04:45:00,270.8,301.752,13.37,10.2,0.0,0.0
2026-02-02 14:30:00,301.8,301.752,13.5,5.6,0.0,0.0
2026-02-25 23:45:00,238.5,332.232,13.3,16.9,0.0,209.0
2026-01-28 22:00:00,302.1,304.8,13.32,15.6,0.0,480.0
2026-01-25 17:45:00,300.0,304.8,13.51,5.2,0.0,85.0
2026-02-13 03:15:00,264.7,301.752,13.34,10.9,0.0,0.0
2026-02-13 21:45:00,293.8,301.752,13.34,14.9,0.0,583.0
2026-01-13 16:15:00,297.9,316.992,13.57,3.0,0.0,15.0
2026-02-20 09:00:00,242.7,341.37600000000003,13.58,4.3,0.0,0.0
2026-02-13 22:30:00,295.0,298.704,13.33,14.9,0.0,585.0
2026-02-25 15:15:00,152.4,359.664,13.35,13.7,0.0,0.0
2026-02-03 06:45:00,302.6,301.752,13.4,10.6,0.0,0.0
2026-01-09 22:30:00,291.4,326.136,13.3,11.2,0.0,470.0
2026-01-19 06:00:00,312.9,307.848,13.37,7.1,0.0,0.0
2026-02-21 04:00:00,272.5,329.184,13.48,5.7,0.0,0.0
2026-01-08 13:00:00,296.7,335.28000000000003,13.5,6.9,0.0,0.0
2026-01-29 01:30:00,304.4,304.8,13.25,14.2,0.0,121.0
2026-02-28 22:15:00,324.5,316.992,13.17,22.7,0.0,645.0
2026-02-22 17:45:00,296.9,320.04,13.41,12.4,0.0,243.0
2026-01-06 05:15:00,145.8,448.056,13.36,10.3,0.15,0.0
2026-02-27 18:30:00,310.4,316.992,13.24,20.6,0.0,440.0
2026-02-23 12:15:00,309.0,316.992,13.42,8.6,0.0,0.0
2026-01-19 12:30:00,310.0,310.896,13.49,6.7,0.0,0.0
2026-01-06 14:00:00,204.6,384.048,13.45,9.2,0.0,0.0
2026-02-28 11:15:00,323.5,316.992,13.25,15.3,0.0,0.0
2026-01-27 10:00:00,299.3,304.8,13.47,4.5,0.0,0.0
2026-02-15 15:00:00,301.2,298.704,13.44,10.9,0.0,0.0
2026-02-10 06:45:00,308.3,298.704,13.35,10.0,0.0,0.0
2026-02-27 12:45:00,311.2,320.04,13.32,12.4,0.0,0.0
2026-01-18 19:15:00,305.4,310.896,13.37,13.9,0.0,437.0
2026-02-17 03:45:00,139.8,673.6080000000001,13.43,8.1,0.075,0.0
2026-02-05 01:30:00,302.8,301.752,13.13,15.8,0.0,157.0
2026-02-16 01:15:00,302.4,313.944,13.37,11.5,0.1,44.0
2026-02-15 08:30:00,301.4,301.752,13.41,10.7,0.0,0.0
2026-01-09 21:45:00,291.0,329.184,13.39,10.8,0.0,514.0
2026-02-12 19:30:00,203.4,301.752,13.34,13.3,0.0,409.0
2026-02-04 22:45:00,298.9,301.752,13.16,17.4,0.0,581.0
2026-02-10 16:15:00,302.2,298.704,13.43,6.9,0.0,22.0
2026-02-14 12:30:00,298.4,301.752,13.47,7.7,0.0,0.0
2026-02-12 09:30:00,145.7,304.8,13.43,9.1,0.0,0.0
2026-01-31 14:15:00,303.7,304.8,13.5,5.0,0.0,0.0
2026-01-05 17:15:00,252.9,365.76,13.4,10.5,0.0,53.0
2026-01-27 07:15:00,300.6,304.8,13.48,5.1,0.0,0.0
2026-02-01 21:30:00,302.5,301.752,13.26,17.0,0.0,547.0
2026-02-28 14:00:00,323.5,316.992,13.31,14.7,0.0,0.0
2026-02-23 11:15:00,309.3,316.992,13.38,9.2,0.0,0.0
2026-02-10 09:15:00,307.0,298.704,13.42,9.8,0.0,0.0
2026-01-21 17:30:00,305.5,307.848,13.5,8.4,0.0,106.0
2026-01-14 03:30:00,302.6,313.944,13.39,8.2,0.0,0.0
2026-01-08 23:30:00,292.9,332.232,13.33,11.7,0.0,368.0
2026-02-14 18:15:00,298.5,301.752,13.41,11.5,0.0,285.0
2026-02-07 23:30:00,316.7,298.704,13.27,16.0,0.0,400.0
2026-02-15 01:45:00,302.0,301.752,13.36,12.7,0.0,74.0
2026-02-28 06:30:00,322.6,316.992,13.22,17.1,0.0,0.0
2026-01-24 12:45:00,308.3,304.8,13.47,6.8,0.0,0.0
2026-01-05 16:30:00,251.6,365.76,13.45,9.5,0.025,5.0
2026-02-27 23:30:00,318.2,320.04,13.17,22.9,0.0,544.0
2026-01-05 08:15:00,192.1,390.144,13.42,8.8,0.0,0.0
2026-01-14 02:45:00,302.3,313.944,13.35,9.6,0.0,1.0
2026-01-29 11:15:00,304.9,301.752,13.48,6.2,0.0,0.0
2026-01-06 03:30:00,136.5,481.58400000000006,13.44,10.2,0.525,0.0
2026-02-05 01:45:00,302.8,301.752,13.14,15.8,0.0,157.0
2026-01-23 08:30:00,311.0,307.848,13.39,8.5,0.0,0.0
2026-02-19 07:15:00,233.7,341.37600000000003,13.47,6.4,0.1,0.0
2026-01-12 21:15:00,296.5,320.04,13.32,12.6,0.0,508.0
2026-02-08 19:30:00,304.5,298.704,13.38,13.9,0.0,451.0
2026-02-09 23:00:00,308.2,298.704,13.28,17.0,0.0,443.0
2026-01-09 16:45:00,290.5,329.184,13.58,5.6,0.0,13.0
2026-01-25 04:00:00,307.4,304.8,13.37,8.9,0.0,0.0
2026-01-06 07:30:00,158.3,432.816,13.44,9.8,0.0,0.0
2026-01-05 12:30:00,230.2,374.904,13.41,9.4,0.3,0.0
2026-02-21 21:00:00,279.0,326.136,13.4,13.5,0.0,657.0
2026-01-24 03:30:00,311.4,304.8,13.44,8.3,0.0,0.0
2026-02-06 22:00:00,305.1,301.752,13.19,18.5,0.0,567.0
2026-01-18 13:30:00,308.6,307.848,13.5,5.1,0.0,0.0
2026-02-18 12:15:00,178.8,362.712,13.57,3.2,0.0,0.0
2026-02-21 06:00:00,274.0,329.184,13.48,3.7,0.0,0.0
2026-01-10 03:45:00,294.7,326.136,13.38,6.4,0.0,0.0
2026-02-18 05:45:00,138.3,420.624,13.57,4.4,0.225,0.0
2026-01-16 19:45:00,302.3,310.896,13.34,15.4,0.0,436.0
2026-02-15 20:45:00,298.9,301.752,13.34,12.2,0.225,180.0
2026-01-30 21:15:00,300.4,301.752,13.3,13.8,0.0,526.0
2026-01-22 11:30:00,310.4,307.848,13.46,7.4,0.0,0.0
2026-02-27 05:30:00,311.8,320.04,13.28,15.8,0.0,0.0
2026-01-25 22:45:00,300.6,304.8,13.41,10.9,0.0,361.0
2026-02-12 09:45:00,146.2,301.752,13.36,9.1,0.0,0.0
2026-01-06 12:30:00,191.8,393.192,13.44,9.4,0.0,0.0
2026-01-15 18:15:00,299.9,313.944,13.44,11.2,0.0,303.0
2026-02-17 17:00:00,158.3,679.7040000000001,13.41,7.5,0.35,26.0
2026-02-19 23:45:00,205.7,353.568,13.39,10.2,0.0,528.0
2026-01-11 14:45:00,294.8,323.088,13.59,3.0,0.0,0.0
2026-01-27 08:45:00,299.8,304.8,13.51,4.8,0.0,0.0
2026-02-13 19:45:00,290.8,298.704,13.35,12.6,0.0,374.0
2026-02-09 15:15:00,308.6,298.704,13.44,9.2,0.0,0.0
2026-02-21 08:15:00,274.6,326.136,13.52,4.7,0.0,0.0
2026-02-16 15:45:00,141.3,408.432,13.47,9.5,0.6,0.0
2026-01-09 07:00:00,293.1,332.232,13.51,6.6,0.0,0.0
2026-01-10 10:00:00,294.7,323.088,13.52,3.0,0.0,0.0
2026-01-09 04:30:00,293.5,332.232,13.48,6.9,0.0,0.0
2026-01-08 19:00:00,293.6,335.28000000000003,13.44,10.1,0.0,422.0
2026-02-26 08:15:00,281.5,329.184,13.38,13.0,0.0,0.0
2026-01-23 19:30:00,310.7,307.848,13.36,11.2,0.0,293.0
2026-02-21 03:30:00,272.2,329.184,13.47,6.5,0.0,0.0
2026-01-29 16:00:00,303.0,301.752,13.48,5.4,0.0,23.0
2026-02-19 08:00:00,238.0,338.32800000000003,13.5,6.0,0.025,0.0
2026-02-28 10:30:00,323.3,316.992,13.27,14.9,0.0,0.0
2026-02-06 02:15:00,304.1,301.752,13.23,14.4,0.0,13.0
2026-01-07 11:15:00,276.5,350.52,13.47,9.6,0.0,0.0
2026-01-24 06:00:00,310.0,307.848,13.46,8.2,0.0,0.0
2026-02-23 06:00:00,308.2,316.992,13.35,11.5,0.0,0.0
2026-01-06 06:45:00,157.3,466.3440000000001,13.45,10.2,0.05,0.0
2026-01-21 10:45:00,306.9,307.848,13.43,6.5,0.0,0.0
2026-02-25 02:00:00,322.3,313.944,13.22,15.2,0.125,29.0
2026-01-24 01:30:00,312.2,304.8,13.35,10.7,0.0,101.0
2026-02-03 08:30:00,301.7,301.752,13.41,9.6,0.0,0.0
2026-01-26 17:30:00,299.4,310.896,13.49,5.6,0.0,127.0
2026-01-22 13:15:00,310.4,307.848,13.42,6.1,0.0,0.0
2026-02-15 00:45:00,302.0,298.704,13.36,13.4,0.0,165.0
2026-01-13 01:00:00,298.4,316.992,13.28,10.7,0.0,76.0
2026-01-12 15:00:00,298.2,320.04,13.63,2.6,0.0,0.0
2026-02-28 09:45:00,323.1,316.992,13.25,15.9,0.0,0.0
2026-01-29 13:15:00,304.3,301.752,13.44,5.4,0.0,0.0
2026-02-07 17:45:00,323.0,298.704,13.42,9.9,0.0,113.0
2026-01-11 06:00:00,297.7,323.088,13.4,5.7,0.0,0.0
2026-01-21 06:45:00,308.8,307.848,13.38,7.0,0.0,0.0
2026-02-10 00:00:00,308.6,298.704,13.29,16.7,0.0,345.0
2026-01-27 09:30:00,299.5,301.752,13.46,4.7,0.0,0.0
2026-01-23 16:00:00,310.8,304.8,13.44,8.8,0.0,9.0
2026-01-27 06:45:00,300.7,301.752,13.45,5.5,0.0,0.0
2026-02-04 20:00:00,295.8,301.752,13.26,15.5,0.0,582.0
2026-01-20 16:45:00,302.6,307.848,13.52,5.1,0.0,14.0
2026-02-18 22:15:00,197.7,359.664,13.48,8.3,0.3,463.0
2026-01-10 21:30:00,292.6,323.088,13.37,12.2,0.0,510.0
2026-02-28 00:45:00,320.5,316.992,13.12,22.8,0.0,360.0
2026-02-25 08:15:00,304.4,414.528,13.28,14.0,0.125,0.0
2026-01-08 16:30:00,295.1,335.28000000000003,13.49,5.6,0.0,13.0
2026-01-27 02:30:00,302.0,304.8,13.37,8.9,0.0,6.0
2026-01-17 12:30:00,305.0,310.896,13.5,5.8,0.0,0.0
2026-02-17 11:00:00,144.8,341.37600000000003,13.45,8.0,0.0,0.0
2026-03-01 01:45:00,328.6,313.944,13.22,20.3,0.0,147.0
2026-02-13 21:00:00,292.7,301.752,13.36,14.9,0.0,583.0
2026-02-26 12:45:00,290.7,326.136,13.4,12.5,0.0,0.0
2026-02-09 12:30:00,309.5,298.704,13.38,10.0,0.0,0.0
2026-01-07 00:15:00,255.8,362.712,13.28,14.2,0.0,161.0
2026-02-10 08:15:00,307.2,298.704,13.41,9.9,0.0,0.0
2026-01-25 21:15:00,299.8,304.8,13.38,10.5,0.0,376.0
2026-01-25 05:45:00,307.1,304.8,13.45,8.2,0.0,0.0
2026-01-25 06:00:00,306.9,304.8,13.43,7.3,0.0,0.0
2026-02-23 03:15:00,307.3,316.992,13.28,12.2,0.0,0.0
2026-02-09 23:15:00,308.4,298.704,13.29,17.0,0.0,443.0
2026-01-13 00:45:00,298.4,316.992,13.28,13.0,0.0,234.0
2026-02-07 22:00:00,317.5,298.704,13.33,16.3,0.0,490.0
2026-02-11 12:30:00,240.2,316.992,13.37,11.0,0.0,0.0
2026-02-14 08:15:00,299.0,298.704,13.45,9.3,0.0,0.0
2026-02-18 22:30:00,194.8,356.616,13.47,8.3,0.3,463.0
2026-02-10 11:30:00,305.1,298.704,13.4,7.9,0.0,0.0
2026-02-05 01:15:00,302.8,301.752,13.2,15.8,0.0,157.0
2026-02-21 16:30:00,275.6,323.088,13.59,6.6,0.0,59.0
2026-02-09 09:15:00,309.9,298.704,13.33,11.8,0.0,0.0
2026-01-06 15:45:00,210.6,377.952,13.47,9.1,0.0,0.0
2026-01-17 05:00:00,304.6,310.896,13.33,9.4,0.0,0.0
2026-01-23 20:15:00,310.8,307.848,13.34,11.9,0.0,317.0
2026-02-12 00:45:00,222.9,399.288,13.34,11.6,0.025,143.0
2026-02-24 07:15:00,314.9,313.944,13.32,12.2,0.075,0.0
2026-02-20 07:15:00,238.4,341.37600000000003,13.53,5.5,0.0,0.0
2026-01-10 16:00:00,292.1,323.088,13.57,2.7,0.0,12.0
2026-01-22 21:30:00,309.6,307.848,13.28,14.9,0.0,523.0
2026-01-22 01:15:00,308.9,307.848,13.35,10.4,0.0,32.0
2026-01-30 18:45:00,300.0,301.752,13.37,11.5,0.0,320.0
2026-02-19 05:00:00,215.0,341.37600000000003,13.45,6.1,0.225,0.0
2026-02-04 10:30:00,300.9,301.752,13.47,5.8,0.0,0.0
2026-02-27 09:30:00,312.7,320.04,13.33,14.3,0.0,0.0
2026-02-26 23:15:00,305.7,323.088,13.19,21.2,0.0,532.0
2026-02-28 02:00:00,321.9,320.04,13.15,19.1,0.0,42.0
2026-02-18 19:00:00,221.5,353.568,13.57,7.1,0.05,342.0
2026-02-16 06:30:00,257.7,353.568,13.42,10.5,0.575,0.0
2026-01-10 01:00:00,293.1,326.136,13.31,8.9,0.0,68.0
2026-01-09 02:45:00,293.4,332.232,13.38,7.9,0.0,0.0
2026-02-02 23:45:00,301.9,301.752,13.27,17.8,0.0,459.0
2026-02-22 07:00:00,292.7,320.04,13.43,9.0,0.0,0.0
2026-01-17 12:15:00,305.2,310.896,13.48,5.8,0.0,0.0
2026-02-20 12:45:00,249.8,338.32800000000003,13.59,2.1,0.0,0.0
2026-01-29 20:00:00,301.4,301.752,13.37,15.8,0.0,549.0
2026-02-09 19:00:00,307.1,301.752,13.32,14.3,0.0,361.0
2026-02-16 01:45:00,302.7,313.944,13.34,11.5,0.1,44.0
2026-02-09 07:30:00,309.4,301.752,13.34,12.9,0.0,0.0
2026-01-29 02:00:00,304.4,301.752,13.25,12.3,0.0,7.0
2026-02-16 14:45:00,168.7,423.672,13.48,9.5,0.625,0.0
2026-01-13 01:15:00,298.6,316.992,13.34,10.7,0.0,76.0
2026-02-11 20:15:00,215.1,304.8,13.37,12.9,0.25,427.0
2026-01-07 21:00:00,287.8,344.424,13.38,14.3,0.0,456.0
2026-02-24 14:15:00,315.0,313.944,13.34,12.9,0.0,0.0
2026-01-13 13:15:00,299.5,316.992,13.59,3.6,0.0,0.0
2026-01-22 20:30:00,309.1,307.848,13.36,14.5,0.0,478.0
2026-01-09 17:30:00,290.3,329.184,13.55,6.7,0.0,139.0
2026-02-05 14:15:00,300.9,301.752,13.46,4.9,0.0,0.0
2026-01-24 12:00:00,308.6,304.8,13.47,6.8,0.0,0.0
2026-02-28 13:45:00,323.4,316.992,13.25,15.9,0.0,0.0
2026-02-25 05:15:00,322.4,313.944,13.24,13.9,0.35,0.0
2026-02-19 17:45:00,136.5,384.048,13.56,6.9,0.0,158.0
2026-02-12 21:30:00,220.2,301.752,13.32,15.1,0.0,530.0
2026-02-23 20:00:00,308.4,316.992,13.33,17.9,0.0,662.0
2026-01-16 11:45:00,303.6,310.896,13.53,9.1,0.0,0.0
2026-02-13 18:45:00,289.6,298.704,13.41,11.1,0.0,261.0
2026-01-13 02:15:00,299.5,320.04,13.3,8.2,0.0,0.0
2026-02-03 10:30:00,299.9,298.704,13.48,8.5,0.0,0.0
2026-02-28 20:30:00,323.2,316.992,13.24,22.7,0.0,520.0
2026-01-16 08:45:00,305.0,313.944,13.43,9.5,0.0,0.0
2026-02-16 14:00:00,166.3,469.39200000000005,13.42,9.5,0.625,0.0
2026-01-29 14:15:00,304.0,301.752,13.48,5.0,0.0,0.0
2026-02-24 01:15:00,314.5,313.944,13.29,16.5,0.0,44.0
2026-01-17 10:15:00,306.2,310.896,13.49,6.4,0.0,0.0
2026-02-05 23:00:00,301.6,298.704,13.2,19.9,0.0,474.0
2026-02-02 01:30:00,305.1,301.752,13.31,14.6,0.0,104.0
2026-02-15 08:00:00,301.4,298.704,13.41,10.7,0.0,0.0
2026-01-13 02:30:00,299.6,316.992,13.37,8.2,0.0,0.0
2026-01-31 17:45:00,302.1,301.752,13.42,8.0,0.0,138.0
2026-02-04 03:30:00,300.5,301.752,13.18,10.8,0.0,0.0
2026-01-28 21:15:00,301.9,304.8,13.29,15.3,0.0,515.0
2026-02-23 00:30:00,303.7,320.04,13.27,17.2,0.0,377.0
2026-01-17 06:30:00,304.8,310.896,13.43,9.0,0.0,0.0
2026-01-29 16:30:00,302.9,301.752,13.53,5.4,0.0,23.0
2026-02-08 11:15:00,306.9,298.704,13.42,8.0,0.0,0.0
2026-01-20 09:45:00,305.4,307.848,13.52,5.6,0.0,0.0
2026-02-05 19:15:00,298.7,301.752,13.31,14.7,0.0,424.0
2026-01-13 14:45:00,298.7,316.992,13.61,2.7,0.0,0.0
2026-01-11 23:15:00,295.6,320.04,13.29,13.6,0.0,355.0
2026-01-14 20:30:00,300.1,313.944,13.37,14.9,0.0,488.0
2026-02-26 10:00:00,285.6,326.136,13.38,12.7,0.0,0.0
2026-01-13 22:00:00,297.8,313.944,13.26,15.3,0.0,484.0
2026-02-11 01:45:00,303.7,304.8,13.42,11.0,0.425,32.0
2026-01-25 11:30:00,303.4,304.8,13.44,3.6,0.0,0.0
2026-01-26 20:30:00,299.2,304.8,13.4,12.7,0.0,553.0
2026-02-08 04:00:00,312.5,298.704,13.32,10.4,0.0,0.0
2026-01-23 23:00:00,311.5,307.848,13.38,12.7,0.0,351.0
2026-02-22 07:45:00,293.4,320.04,13.39,9.0,0.0,0.0
2026-01-25 08:45:00,305.2,304.8,13.51,8.3,0.0,0.0
2026-01-07 19:30:00,286.0,344.424,13.38,12.3,0.0,397.0
2026-02-28 10:00:00,323.2,316.992,13.26,14.9,0.0,0.0
2026-01-11 15:15:00,294.6,320.04,13.58,3.3,0.0,0.0
2026-01-06 00:30:00,212.4,597.408,13.39,10.9,0.875,16.0
2026-01-15 05:30:00,304.4,313.944,13.4,7.3,0.0,0.0
2026-02-25 01:15:00,322.1,313.944,13.21,16.1,0.0,143.0
2026-02-12 16:30:00,183.1,301.752,13.44,8.0,0.0,35.0
2026-01-16 15:45:00,302.4,310.896,13.53,7.0,0.0,0.0
2026-01-28 12:45:00,299.7,304.8,13.4,10.7,0.075,0.0
2026-01-21 20:45:00,306.2,307.848,13.38,12.3,0.0,300.0
2026-02-20 06:30:00,236.6,341.37600000000003,13.49,5.8,0.0,0.0
2026-02-21 21:45:00,280.3,323.088,13.33,13.5,0.0,657.0
2026-02-14 04:45:00,299.5,298.704,13.4,9.1,0.0,0.0
2026-02-24 09:45:00,314.4,313.944,13.38,12.4,0.0,0.0
2026-01-20 11:00:00,304.9,307.848,13.47,5.5,0.0,0.0
2026-01-16 14:15:00,302.7,310.896,13.5,7.5,0.0,0.0
2026-01-23 02:15:00,311.8,304.8,13.31,10.8,0.0,3.0
2026-01-19 04:00:00,313.3,307.848,13.35,8.5,0.0,0.0
2026-01-22 11:45:00,310.2,307.848,13.41,7.4,0.0,0.0
2026-01-19 11:00:00,311.0,307.848,13.47,7.1,0.0,0.0
2026-02-16 21:30:00,132.1,402.336,13.42,9.0,0.325,128.0
2026-02-08 11:30:00,306.7,298.704,13.43,8.0,0.0,0.0
2026-02-20 17:30:00,255.3,335.28000000000003,13.53,5.7,0.0,173.0
2026-01-18 10:30:00,309.4,307.848,13.5,5.1,0.0,0.0
2026-01-21 12:00:00,306.6,307.848,13.44,6.4,0.0,0.0
2026-02-26 22:00:00,302.8,323.088,13.24,21.5,0.0,625.0
2026-02-20 10:30:00,246.0,338.32800000000003,13.59,3.7,0.0,0.0
2026-02-12 08:45:00,144.8,304.8,13.43,9.3,0.0,0.0
2026-01-10 22:00:00,293.0,323.088,13.34,12.8,0.0,460.0
2026-01-18 22:15:00,308.7,307.848,13.18,16.5,0.0,433.0
2026-01-19 01:00:00,311.7,307.848,13.18,13.2,0.0,90.0
2026-01-15 07:15:00,304.4,313.944,13.39,6.5,0.0,0.0
2026-01-30 11:30:00,303.4,301.752,13.44,5.9,0.0,0.0
2026-01-06 00:00:00,239.7,576.072,13.43,10.9,0.875,16.0
2026-02-07 13:15:00,313.3,298.704,13.41,8.6,0.0,0.0
2026-01-14 09:45:00,303.6,313.944,13.54,6.0,0.0,0.0
2026-01-18 02:15:00,302.6,310.896,13.3,10.2,0.0,1.0
2026-02-20 13:30:00,250.5,338.32800000000003,13.56,1.2,0.0,0.0
2026-01-09 02:30:00,293.4,329.184,13.38,7.9,0.0,0.0
2026-02-25 23:00:00,231.0,335.28000000000003,13.29,16.9,0.0,209.0
2026-03-01 01:15:00,328.2,316.992,13.16,20.3,0.0,147.0
2026-01-20 18:45:00,302.8,307.848,13.44,9.2,0.0,251.0
2026-01-27 18:15:00,297.0,304.8,13.48,9.5,0.0,273.0
2026-02-27 10:30:00,312.6,320.04,13.35,13.9,0.0,0.0
2026-02-04 22:30:00,298.6,301.752,13.22,17.4,0.0,581.0
2026-02-23 19:45:00,308.3,316.992,13.33,16.1,0.0,561.0
2026-01-09 20:45:00,290.6,326.136,13.36,10.1,0.0,498.0
2026-02-06 21:00:00,304.6,301.752,13.28,18.5,0.0,603.0
2026-01-17 10:45:00,306.2,310.896,13.47,6.4,0.0,0.0
2026-02-04 00:30:00,299.0,301.752,13.14,17.4,0.0,329.0
2026-02-18 20:00:00,227.0,368.808,13.51,8.1,0.05,429.0
2026-02-21 04:45:00,273.3,329.184,13.45,5.7,0.0,0.0
2026-02-28 21:15:00,323.5,316.992,13.24,23.0,0.0,611.0
2026-02-15 06:15:00,301.4,301.752,13.33,11.1,0.0,0.0
2026-02-18 19:30:00,224.3,356.616,13.52,7.1,0.05,342.0
2026-02-21 22:15:00,281.1,323.088,13.37,14.1,0.0,615.0
2026-02-25 11:15:00,234.8,441.96,13.34,13.9,0.025,0.0
2026-02-04 08:30:00,301.2,301.752,13.43,7.0,0.0,0.0
2026-02-23 10:15:00,309.4,316.992,13.41,9.7,0.0,0.0
2026-02-01 19:15:00,301.5,301.752,13.4,13.0,0.0,367.0
2026-01-11 15:30:00,294.4,320.04,13.57,3.3,0.0,0.0
2026-02-26 14:15:00,292.8,326.136,13.34,11.7,0.0,0.0
2026-02-08 19:45:00,304.8,298.704,13.31,13.9,0.0,451.0
2026-01-23 18:45:00,310.6,304.8,13.4,9.8,0.0,201.0
2026-01-29 19:45:00,301.8,301.752,13.33,14.8,0.0,463.0
2026-02-17 09:15:00,124.9,350.52,13.5,7.0,0.0,0.0
2026-01-07 12:00:00,277.2,347.472,13.48,8.7,0.0,0.0
2026-02-24 19:00:00,315.4,316.992,13.31,18.4,0.0,521.0
2026-01-16 23:45:00,303.9,310.896,13.19,16.8,0.0,396.0
2026-02-22 11:00:00,295.2,323.088,13.44,9.1,0.0,0.0
2026-02-14 16:15:00,298.6,298.704,13.46,6.9,0.0,37.0
2026-02-17 18:30:00,119.0,664.464,13.52,7.6,0.4,29.0
2026-02-02 21:00:00,299.9,301.752,13.33,17.5,0.0,583.0
2026-01-14 17:00:00,299.9,313.944,13.52,8.0,0.0,133.0
2026-01-18 03:15:00,303.2,310.896,13.3,8.8,0.0,0.0
2026-01-11 16:45:00,293.9,320.04,13.61,4.1,0.0,13.0
2026-01-06 20:45:00,242.3,368.808,13.33,13.0,0.0,238.0
2026-02-05 17:30:00,298.9,301.752,13.39,9.2,0.0,154.0
2026-02-15 18:30:00,300.5,301.752,13.41,13.0,0.0,205.0
2026-02-14 22:45:00,301.2,298.704,13.35,13.2,0.0,220.0
2026-01-05 10:30:00,212.8,384.048,13.48,8.7,0.075,0.0
2026-02-20 10:15:00,245.6,341.37600000000003,13.6,3.7,0.0,0.0
2026-01-31 09:45:00,305.0,301.752,13.42,7.4,0.0,0.0
2026-01-06 17:45:00,221.0,374.904,13.4,10.7,0.0,125.0
2026-02-10 02:45:00,309.1,298.704,13.33,13.2,0.0,10.0
2026-01-22 02:00:00,309.2,307.848,13.39,9.3,0.0,1.0
2026-01-31 06:30:00,305.0,301.752,13.36,8.5,0.0,0.0
2026-01-28 09:45:00,300.3,304.8,13.33,11.8,0.0,0.0
2026-02-01 02:15:00,305.2,301.752,13.25,10.4,0.0,10.0
2026-02-26 23:45:00,306.8,323.088,13.18,21.2,0.0,532.0
2026-01-27 01:00:00,301.3,304.8,13.31,11.5,0.0,114.0
2026-01-10 11:30:00,294.1,323.088,13.54,3.1,0.0,0.0
2026-02-16 17:30:00,118.0,377.952,13.46,9.1,0.325,33.0
2026-02-25 22:00:00,221.2,338.32800000000003,13.31,17.2,0.025,309.0
2026-02-12 21:15:00,217.6,301.752,13.27,15.1,0.0,530.0
2026-02-05 09:45:00,303.6,301.752,13.44,6.1,0.0,0.0
2026-01-26 07:30:00,301.8,304.8,13.49,5.4,0.0,0.0
2026-02-07 14:45:00,318.6,298.704,13.43,8.1,0.0,0.0
2026-02-06 15:15:00,305.6,298.704,13.42,8.3,0.0,0.0
2026-02-12 14:00:00,162.4,301.752,13.45,7.2,0.0,0.0
2026-01-17 22:45:00,302.7,310.896,13.23,16.1,0.0,465.0
2026-02-26 16:00:00,294.8,323.088,13.35,12.5,0.0,55.0
2026-01-10 21:00:00,292.5,323.088,13.35,12.2,0.0,510.0
2026-01-24 14:00:00,308.1,304.8,13.51,6.3,0.0,0.0
2026-02-03 20:00:00,294.6,298.704,13.31,15.6,0.0,583.0
2026-01-20 03:30:00,309.9,307.848,13.37,8.2,0.0,0.0
2026-01-25 19:15:00,299.5,304.8,13.42,8.3,0.0,230.0
2026-02-20 21:00:00,261.5,332.232,13.43,11.1,0.0,570.0
2026-02-11 11:45:00,247.6,329.184,13.38,10.8,0.05,0.0
2026-02-18 02:30:00,137.2,408.432,13.49,6.8,0.0,12.0
2026-01-19 21:45:00,307.1,307.848,13.27,15.1,0.0,535.0
2026-01-19 07:15:00,312.8,307.848,13.44,7.3,0.0,0.0
2026-02-15 09:30:00,301.4,301.752,13.41,10.3,0.0,0.0
2026-02-18 14:45:00,198.5,353.568,13.6,1.7,0.0,0.0
2026-01-11 20:30:00,293.8,320.04,13.37,14.0,0.0,489.0
2026-02-15 18:15:00,300.8,301.752,13.42,13.0,0.0,205.0
2026-01-13 23:45:00,299.4,316.992,13.29,15.2,0.0,386.0
2026-01-08 06:15:00,296.1,338.32800000000003,13.44,8.8,0.05,0.0
2026-01-16 21:00:00,302.7,310.896,13.27,17.2,0.0,539.0
2026-02-04 08:15:00,301.3,301.752,13.41,7.0,0.0,0.0
2026-01-18 05:45:00,308.8,310.896,13.36,7.4,0.0,0.0
2026-02-11 12:00:00,244.8,323.088,13.37,11.0,0.0,0.0
2026-01-11 07:45:00,297.3,320.04,13.38,5.8,0.0,0.0
2026-02-13 01:45:00,256.8,301.752,13.31,14.5,0.0,173.0
2026-01-31 00:15:00,302.9,301.752,13.27,14.6,0.0,282.0
2026-01-12 02:30:00,298.8,320.04,13.34,8.6,0.0,0.0
2026-02-26 05:30:00,273.4,329.184,13.36,13.0,0.0,0.0
2026-02-12 04:30:00,162.1,316.992,13.43,9.6,0.0,0.0
2026-01-08 06:30:00,296.1,338.32800000000003,13.45,8.8,0.05,0.0
2026-01-16 06:30:00,305.9,310.896,13.42,8.6,0.0,0.0
2026-01-21 21:30:00,306.9,307.848,13.34,12.9,0.0,288.0
2026-01-26 01:45:00,302.0,304.8,13.42,8.4,0.0,66.0
2026-01-09 22:45:00,291.5,326.136,13.31,11.2,0.0,470.0
2026-01-31 21:30:00,302.7,301.752,13.32,15.6,0.0,542.0
2026-02-27 05:45:00,312.0,320.04,13.28,15.8,0.0,0.0
2026-02-17 04:15:00,117.7,536.448,13.48,7.9,0.225,0.0
2026-02-06 21:45:00,305.0,301.752,13.22,18.5,0.0,603.0
2026-02-01 05:30:00,305.5,301.752,13.39,7.8,0.0,0.0
2026-02-24 08:30:00,314.3,313.944,13.37,12.2,0.225,0.0
2026-01-06 13:15:00,199.0,390.144,13.46,9.3,0.0,0.0
2026-01-14 02:00:00,301.6,313.944,13.34,9.6,0.0,1.0
2026-01-17 16:30:00,303.8,310.896,13.51,5.2,0.0,15.0
2026-02-03 00:00:00,302.2,301.752,13.2,17.7,0.0,311.0
2026-01-17 07:45:00,305.7,310.896,13.4,8.8,0.0,0.0
2026-01-29 10:30:00,304.9,301.752,13.44,6.5,0.0,0.0
2026-01-17 07:30:00,305.7,310.896,13.4,8.8,0.0,0.0
2026-02-01 18:00:00,301.9,301.752,13.37,10.9,0.0,248.0
2026-02-12 07:45:00,144.7,304.8,13.39,9.9,0.0,0.0
2026-02-22 09:15:00,294.4,320.04,13.44,9.4,0.0,0.0
2026-01-19 02:30:00,312.6,307.848,13.31,10.6,0.0,2.0
2026-02-26 18:30:00,297.7,323.088,13.35,16.4,0.0,314.0
2026-02-21 08:45:00,274.6,326.136,13.56,4.7,0.0,0.0
2026-01-24 10:15:00,308.9,304.8,13.47,8.9,0.0,0.0
2026-02-20 01:45:00,217.6,350.52,13.39,9.1,0.0,195.0
2026-01-27 04:45:00,301.6,304.8,13.43,6.3,0.0,0.0
2026-01-14 06:30:00,303.5,313.944,13.43,6.9,0.0,0.0
2026-02-02 13:00:00,302.7,301.752,13.47,5.2,0.0,0.0
2026-01-08 15:45:00,295.6,335.28000000000003,13.48,5.6,0.0,0.0
2026-01-25 05:00:00,307.2,307.848,13.43,8.2,0.0,0.0
2026-01-26 02:45:00,302.2,304.8,13.39,6.7,0.0,4.0
2026-01-30 19:00:00,300.0,301.752,13.4,13.6,0.0,469.0
2026-02-22 11:45:00,295.4,320.04,13.44,9.1,0.0,0.0
2026-01-13 03:45:00,300.3,316.992,13.4,6.9,0.0,0.0
2026-02-18 15:00:00,200.0,353.568,13.67,2.0,0.0,0.0
2026-01-15 11:00:00,303.0,313.944,13.46,4.9,0.0,0.0
2026-01-26 15:15:00,300.0,304.8,13.47,4.2,0.0,0.0
2026-01-23 04:45:00,311.7,307.848,13.35,9.6,0.0,0.0
2026-02-24 12:00:00,314.8,316.992,13.36,12.6,0.0,0.0
2026-01-17 15:45:00,304.9,310.896,13.56,4.7,0.0,0.0
2026-01-09 10:45:00,292.2,329.184,13.53,5.7,0.0,0.0
2026-02-06 03:00:00,304.6,298.704,13.18,12.8,0.0,0.0
2026-01-18 08:15:00,309.8,307.848,13.42,6.0,0.0,0.0
2026-01-10 02:00:00,293.9,326.136,13.36,7.6,0.0,0.0
2026-01-05 17:45:00,253.9,365.76,13.38,10.5,0.0,53.0
2026-02-18 11:00:00,165.9,365.76,13.54,2.2,0.0,0.0
2026-02-02 01:45:00,305.3,301.752,13.26,14.6,0.0,104.0
2026-02-12 23:00:00,233.4,301.752,13.3,16.0,0.0,494.0
2026-02-14 14:45:00,298.7,301.752,13.44,6.1,0.0,0.0
2026-01-14 19:30:00,299.8,313.944,13.42,13.8,0.0,417.0
2026-01-17 22:00:00,303.1,307.848,13.3,16.1,0.0,465.0
2026-01-13 22:15:00,297.9,313.944,13.26,15.3,0.0,484.0
2026-01-23 07:30:00,311.4,307.848,13.44,8.3,0.0,0.0
2026-02-14 18:00:00,298.6,298.704,13.38,11.5,0.0,285.0
2026-02-09 20:15:00,307.6,298.704,13.31,15.6,0.0,493.0
2026-01-06 08:45:00,159.9,411.48,13.39,9.2,0.075,0.0
2026-01-24 05:30:00,310.3,307.848,13.45,7.1,0.0,0.0
2026-01-20 02:00:00,309.8,307.848,13.34,9.5,0.0,2.0
2026-02-07 13:45:00,315.1,298.704,13.44,8.6,0.0,0.0
2026-02-05 02:15:00,303.1,301.752,13.23,12.4,0.0,16.0
2026-02-17 20:00:00,110.3,566.928,13.51,8.0,0.675,90.0
2026-02-20 22:30:00,264.2,332.232,13.46,11.2,0.0,458.0
2026-02-13 15:30:00,287.2,301.752,13.48,8.4,0.0,0.0
2026-02-16 09:15:00,185.9,320.04,13.42,9.7,0.5,0.0
2026-02-17 00:45:00,139.6,356.616,13.41,8.5,0.25,155.0
2026-01-19 01:45:00,312.4,307.848,13.23,13.2,0.0,90.0
2026-01-21 20:30:00,305.8,307.848,13.43,12.3,0.0,300.0
2026-02-07 19:45:00,320.5,298.704,13.37,13.1,0.0,412.0
2026-01-25 13:15:00,302.3,304.8,13.43,3.3,0.0,0.0
2026-02-20 10:45:00,246.5,338.32800000000003,13.61,3.7,0.0,0.0
2026-01-22 05:00:00,310.0,307.848,13.35,8.2,0.0,0.0
2026-02-16 06:15:00,267.2,359.664,13.34,10.5,0.575,0.0
2026-01-14 21:15:00,300.0,313.944,13.31,15.4,0.0,513.0
2026-01-21 10:15:00,307.1,307.848,13.47,6.5,0.0,0.0
2026-01-09 14:00:00,291.4,329.184,13.58,5.2,0.0,0.0
2026-01-28 07:45:00,300.7,304.8,13.32,11.4,0.0,0.0
2026-02-13 20:00:00,291.3,301.752,13.35,14.3,0.0,520.0
2026-01-06 09:15:00,161.4,414.528,13.39,9.2,0.05,0.0
2026-02-04 19:30:00,295.5,298.704,13.29,14.3,0.0,502.0
2026-02-04 13:00:00,299.7,298.704,13.52,4.1,0.0,0.0
2026-02-12 20:00:00,206.9,301.752,13.34,14.2,0.0,464.0
2026-01-26 07:15:00,301.9,304.8,13.45,5.4,0.0,0.0
2026-01-20 15:00:00,302.7,307.848,13.47,5.1,0.0,0.0
2026-02-18 16:00:00,205.7,350.52,13.65,4.5,0.0,59.0
2026-02-16 23:00:00,139.3,402.336,13.46,8.9,0.3,85.0
2026-02-15 05:15:00,301.6,301.752,13.37,11.1,0.0,0.0
2026-01-12 02:00:00,298.2,320.04,13.33,8.6,0.0,0.0
2026-02-18 23:30:00,188.7,347.472,13.43,9.4,0.025,405.0
2026-02-11 01:30:00,303.5,304.8,13.41,11.0,0.425,32.0
2026-01-19 11:45:00,310.5,307.848,13.48,7.1,0.0,0.0
2026-02-20 12:15:00,248.8,338.32800000000003,13.63,2.1,0.0,0.0
2026-02-01 11:15:00,304.7,301.752,13.42,7.6,0.0,0.0
2026-01-07 13:45:00,279.3,347.472,13.48,8.8,0.0,0.0
2026-01-27 22:30:00,298.3,304.8,13.33,15.2,0.0,386.0
2026-01-08 08:30:00,296.6,338.32800000000003,13.4,8.7,0.0,0.0
2026-02-12 05:15:00,154.2,310.896,13.42,9.4,0.0,0.0
2026-01-07 08:00:00,274.4,353.568,13.44,9.6,0.0,0.0
2026-02-10 21:00:00,302.4,298.704,13.35,14.3,0.0,341.0
2026-02-16 04:00:00,298.8,341.37600000000003,13.38,10.7,0.8,0.0
2026-02-13 07:45:00,278.8,301.752,13.39,9.0,0.0,0.0
2026-01-21 04:45:00,310.9,307.848,13.4,7.7,0.0,0.0
2026-01-30 05:45:00,304.6,301.752,13.3,7.9,0.0,0.0
2026-01-31 20:45:00,302.3,301.752,13.35,14.2,0.0,486.0
2026-02-16 12:30:00,186.9,429.768,13.47,9.3,0.625,0.0
2026-01-06 04:15:00,140.4,460.2480000000001,13.42,10.2,0.225,0.0
2026-02-19 03:30:00,201.0,341.37600000000003,13.48,6.5,0.025,0.0
2026-02-06 08:30:00,305.8,301.752,13.36,10.4,0.0,0.0
2026-02-12 19:45:00,205.1,301.752,13.3,13.3,0.0,409.0
2026-02-14 09:00:00,298.7,301.752,13.4,9.1,0.0,0.0
2026-01-18 12:45:00,308.8,310.896,13.51,5.4,0.0,0.0
2026-02-04 17:15:00,296.3,301.752,13.48,8.8,0.0,178.0
2026-01-08 08:15:00,296.5,338.32800000000003,13.4,8.7,0.0,0.0
2026-02-05 20:30:00,298.9,301.752,13.27,16.9,0.0,552.0
2026-01-10 23:00:00,293.7,323.088,13.35,12.5,0.0,370.0
2026-01-27 07:30:00,300.5,304.8,13.49,5.1,0.0,0.0
2026-02-03 02:45:00,303.7,301.752,13.26,12.8,0.0,13.0
2026-02-23 20:15:00,308.4,320.04,13.36,17.9,0.0,662.0
2026-01-29 08:45:00,305.1,301.752,13.47,7.5,0.0,0.0
2026-01-12 12:15:00,299.4,320.04,13.58,4.2,0.0,0.0
2026-01-28 09:15:00,300.5,301.752,13.32,11.8,0.0,0.0
2026-01-10 08:00:00,295.1,326.136,13.49,3.4,0.0,0.0
2026-01-21 15:00:00,306.0,307.848,13.47,5.1,0.0,0.0
2026-01-21 08:45:00,307.3,307.848,13.41,7.1,0.0,0.0
2026-01-07 15:15:00,281.3,347.472,13.48,8.2,0.0,0.0
2026-01-25 16:30:00,300.6,304.8,13.52,3.5,0.0,14.0
2026-02-25 01:00:00,322.0,313.944,13.25,16.1,0.0,143.0
2026-01-28 02:30:00,300.2,304.8,13.31,13.5,0.0,4.0
2026-01-18 09:45:00,310.0,310.896,13.48,5.3,0.0,0.0
2026-02-23 00:15:00,303.3,320.04,13.22,17.2,0.0,377.0
2026-01-07 16:45:00,283.1,347.472,13.49,7.5,0.0,11.0
2026-01-27 15:30:00,297.5,304.8,13.53,3.9,0.0,0.0
2026-01-08 23:45:00,292.9,332.232,13.32,11.7,0.0,368.0
2026-02-21 19:15:00,276.9,323.088,13.49,12.7,0.0,564.0
2026-01-15 09:00:00,303.8,313.944,13.45,5.4,0.0,0.0
2026-02-07 18:45:00,322.0,298.704,13.4,11.2,0.0,236.0
2026-01-08 18:30:00,293.7,332.232,13.46,8.7,0.0,295.0
2026-01-16 08:15:00,305.2,313.944,13.41,9.5,0.0,0.0
2026-01-19 00:15:00,311.3,310.896,13.2,16.1,0.0,235.0
2026-02-13 00:15:00,245.5,301.752,13.26,15.9,0.0,353.0
2026-01-31 08:45:00,305.0,301.752,13.42,7.7,0.0,0.0
2026-01-24 15:30:00,307.2,304.8,13.47,5.8,0.0,0.0
2026-02-14 18:30:00,298.6,298.704,13.41,11.5,0.0,285.0
2026-01-26 05:30:00,302.1,304.8,13.44,5.4,0.0,0.0
2026-01-21 05:15:00,310.5,307.848,13.35,7.2,0.0,0.0
2026-01-09 04:00:00,293.3,329.184,13.45,6.9,0.0,0.0
2026-01-23 11:15:00,310.5,307.848,13.43,8.7,0.0,0.0
2026-02-01 05:45:00,305.4,304.8,13.39,7.8,0.0,0.0
2026-02-22 16:30:00,296.9,320.04,13.41,10.2,0.0,77.0
2026-01-18 16:30:00,306.1,310.896,13.51,5.2,0.0,16.0
2026-02-11 05:45:00,301.0,329.184,13.43,9.9,0.75,0.0
2026-02-20 22:15:00,263.8,332.232,13.41,11.2,0.0,458.0
2026-01-18 03:30:00,303.5,310.896,13.32,8.8,0.0,0.0
2026-01-29 13:45:00,304.3,304.8,13.47,5.4,0.0,0.0
2026-02-09 01:15:00,309.0,298.704,13.29,14.1,0.0,148.0
2026-01-05 12:45:00,232.2,374.904,13.42,9.4,0.3,0.0
2026-01-11 05:30:00,297.6,323.088,13.44,5.8,0.0,0.0
2026-02-20 18:00:00,256.1,335.28000000000003,13.49,7.6,0.0,287.0
2026-01-20 22:30:00,304.5,307.848,13.34,14.1,0.0,384.0
2026-02-18 10:00:00,154.7,377.952,13.56,2.3,0.0,0.0
2026-01-09 19:15:00,290.3,326.136,13.41,9.3,0.0,422.0
2026-01-12 10:15:00,299.8,316.992,13.5,5.3,0.0,0.0
2026-02-15 14:15:00,301.4,301.752,13.38,11.0,0.025,0.0
2026-02-13 11:45:00,284.6,301.752,13.46,8.5,0.0,0.0
2026-02-18 05:15:00,138.4,475.48800000000006,13.52,4.4,0.225,0.0
2026-02-12 07:15:00,145.5,307.848,13.38,9.9,0.0,0.0
2026-01-05 21:30:00,263.2,393.192,13.42,11.8,0.125,76.0
2026-01-10 02:30:00,294.4,326.136,13.41,7.6,0.0,0.0
2026-02-09 18:30:00,307.4,298.704,13.4,13.2,0.0,346.0
2026-02-19 13:30:00,158.3,405.384,13.53,5.3,0.075,0.0
2026-02-06 12:45:00,306.3,298.704,13.4,10.0,0.0,0.0
2026-02-21 00:00:00,267.3,329.184,13.37,11.0,0.0,295.0
2026-02-14 07:15:00,299.0,301.752,13.38,9.3,0.0,0.0
2026-01-17 19:00:00,304.1,310.896,13.4,13.5,0.0,423.0
2026-01-25 21:30:00,300.0,304.8,13.4,10.5,0.0,376.0
2026-01-30 00:30:00,304.2,301.752,13.22,16.0,0.0,298.0
2026-01-21 14:30:00,305.9,307.848,13.46,5.6,0.0,0.0
2026-01-12 19:30:00,296.3,320.04,13.4,11.2,0.0,402.0
2026-01-27 11:30:00,298.7,304.8,13.5,4.7,0.0,0.0
2026-02-08 01:30:00,315.0,298.704,13.33,15.4,0.0,134.0
2026-02-24 12:15:00,314.9,316.992,13.39,12.6,0.0,0.0
2026-02-01 17:45:00,301.9,301.752,13.42,8.8,0.0,132.0
2026-01-19 03:15:00,313.1,307.848,13.33,9.1,0.0,0.0
2026-01-30 04:15:00,304.8,301.752,13.27,8.6,0.0,0.0
2026-02-26 05:00:00,271.5,329.184,13.35,13.0,0.0,0.0
2026-01-15 02:15:00,303.2,313.944,13.28,10.4,0.0,1.0
2026-02-25 08:45:00,278.2,408.432,13.34,14.0,0.125,0.0
2026-02-03 07:00:00,302.4,301.752,13.41,10.5,0.0,0.0
2026-02-10 01:15:00,308.8,301.752,13.3,15.2,0.0,84.0
2026-02-16 10:45:00,178.8,435.864,13.44,9.4,0.7,0.0
2026-02-14 11:00:00,298.5,298.704,13.39,8.2,0.0,0.0
2026-01-30 13:00:00,302.6,301.752,13.44,5.1,0.0,0.0
2026-01-27 18:00:00,296.9,304.8,13.45,9.5,0.0,273.0
2026-01-09 20:30:00,289.9,326.136,13.43,10.1,0.0,498.0
2026-01-29 17:30:00,302.4,301.752,13.5,9.1,0.0,155.0
2026-02-28 08:30:00,323.0,316.992,13.23,16.2,0.0,0.0
2026-01-25 21:45:00,300.0,304.8,13.4,10.5,0.0,376.0
2026-01-29 16:15:00,303.1,304.8,13.5,5.4,0.0,23.0
2026-02-02 11:00:00,303.6,301.752,13.51,7.9,0.0,0.0
2026-01-25 02:00:00,306.9,304.8,13.25,10.7,0.0,5.0
2026-01-20 20:30:00,302.7,307.848,13.37,12.6,0.0,442.0
2026-01-19 03:30:00,313.4,307.848,13.29,9.1,0.0,0.0
2026-02-14 04:15:00,299.7,301.752,13.35,9.1,0.0,0.0
2026-02-18 07:15:00,140.0,390.144,13.53,3.9,0.05,0.0
2026-01-30 06:30:00,304.3,301.752,13.39,7.4,0.0,0.0
2026-02-04 03:15:00,300.5,301.752,13.25,10.8,0.0,0.0
2026-02-27 11:15:00,312.0,320.04,13.35,13.2,0.0,0.0
2026-01-30 16:15:00,300.8,301.752,13.53,4.9,0.0,26.0
2026-02-03 01:45:00,303.2,301.752,13.24,15.2,0.0,143.0
2026-01-11 18:00:00,293.5,320.04,13.51,10.9,0.0,289.0
2026-01-27 16:30:00,297.2,304.8,13.57,4.6,0.0,15.0
2026-02-24 17:00:00,315.4,313.944,13.31,15.9,0.0,214.0
2026-01-26 13:45:00,300.4,307.848,13.47,5.0,0.0,0.0
2026-01-14 05:30:00,303.5,316.992,13.4,7.2,0.0,0.0
2026-02-21 12:00:00,275.1,326.136,13.57,3.9,0.0,0.0
2026-01-08 11:15:00,297.0,335.28000000000003,13.46,7.6,0.0,0.0
2026-01-19 14:00:00,308.9,307.848,13.56,4.7,0.0,0.0
2026-02-01 06:15:00,305.3,301.752,13.34,7.2,0.0,0.0
2026-02-22 14:45:00,296.7,320.04,13.46,8.5,0.0,0.0
2026-02-26 21:00:00,301.1,323.088,13.24,21.1,0.0,659.0
2026-02-13 20:30:00,292.0,298.704,13.36,14.3,0.0,520.0
2026-02-01 06:00:00,305.3,301.752,13.37,7.2,0.0,0.0
2026-02-24 08:45:00,314.3,316.992,13.37,12.2,0.225,0.0
2026-01-13 08:00:00,301.0,316.992,13.48,4.1,0.0,0.0
2026-02-15 14:45:00,301.3,301.752,13.37,11.0,0.025,0.0
2026-01-27 20:30:00,297.3,301.752,13.4,15.1,0.0,541.0
2026-01-18 00:00:00,302.6,310.896,13.26,15.0,0.0,219.0
2026-01-08 17:15:00,294.6,335.28000000000003,13.49,7.1,0.0,137.0
2026-02-25 13:15:00,166.1,384.048,13.34,13.8,0.025,0.0
2026-02-15 21:45:00,299.8,301.752,13.36,12.5,0.75,229.0
2026-01-14 04:30:00,303.0,313.944,13.41,7.4,0.0,0.0
2026-01-27 18:45:00,296.9,304.8,13.41,9.5,0.0,273.0
2026-02-04 07:00:00,301.1,298.704,13.37,7.9,0.0,0.0
2026-01-26 01:15:00,301.8,304.8,13.36,8.4,0.0,66.0
2026-01-07 04:45:00,270.3,356.616,13.41,9.4,0.0,0.0
2026-01-19 07:30:00,312.9,307.848,13.45,7.3,0.0,0.0
2026-02-22 13:15:00,296.2,323.088,13.41,8.5,0.0,0.0
2026-02-01 11:00:00,304.5,301.752,13.47,7.6,0.0,0.0
2026-01-27 17:30:00,296.8,304.8,13.49,7.1,0.0,114.0
2026-02-21 20:00:00,277.5,326.136,13.46,13.3,0.0,665.0
2026-01-06 01:00:00,194.1,646.176,13.44,10.5,0.8,7.0
2026-01-31 22:30:00,303.5,301.752,13.29,15.6,0.0,478.0
2026-01-20 03:00:00,310.1,307.848,13.36,8.2,0.0,0.0
2026-02-02 17:15:00,300.0,298.704,13.51,10.2,0.0,161.0
2026-01-29 14:45:00,303.7,301.752,13.46,5.0,0.0,0.0
2026-01-19 10:00:00,311.5,307.848,13.45,7.1,0.0,0.0
2026-01-08 14:30:00,295.9,335.28000000000003,13.51,6.2,0.0,0.0
2026-01-26 02:00:00,302.1,304.8,13.43,6.7,0.0,4.0
2026-01-24 04:45:00,310.8,304.8,13.46,7.6,0.0,0.0
2026-01-24 21:30:00,305.7,304.8,13.29,15.7,0.0,579.0
2026-02-28 22:30:00,324.7,313.944,13.15,22.7,0.0,645.0
2026-01-10 05:00:00,295.1,326.136,13.47,4.4,0.0,0.0
2026-02-12 12:00:00,152.1,304.8,13.42,8.2,0.0,0.0
2026-02-22 12:45:00,295.9,320.04,13.41,8.9,0.0,0.0
2026-02-10 17:30:00,301.6,298.704,13.39,9.9,0.0,188.0
2026-01-17 12:00:00,305.5,310.896,13.53,5.8,0.0,0.0
2026-01-28 20:00:00,302.5,304.8,13.36,14.8,0.0,493.0
2026-02-27 16:30:00,310.8,316.992,13.39,14.3,0.0,79.0
2026-01-28 04:30:00,301.0,301.752,13.33,12.2,0.175,0.0
2026-01-20 09:00:00,306.2,307.848,13.47,5.6,0.0,0.0
2026-01-31 04:00:00,305.3,304.8,13.3,9.3,0.0,0.0
2026-02-09 22:00:00,307.7,301.752,13.31,16.4,0.0,488.0
2026-01-29 03:30:00,304.5,304.8,13.35,11.2,0.0,0.0
2026-01-26 05:15:00,302.0,304.8,13.47,5.4,0.0,0.0
2026-02-28 12:00:00,323.5,316.992,13.24,15.7,0.0,0.0
2026-01-21 09:00:00,307.3,307.848,13.4,6.7,0.0,0.0
2026-01-23 20:30:00,310.9,307.848,13.4,11.9,0.0,317.0
2026-01-17 14:30:00,304.7,310.896,13.51,4.5,0.0,0.0
2026-02-12 23:30:00,238.5,298.704,13.28,16.0,0.0,494.0
2026-01-27 12:00:00,298.6,304.8,13.54,4.4,0.0,0.0
2026-02-18 00:00:00,144.5,402.336,13.46,6.9,0.45,121.0
2026-02-28 07:00:00,322.8,316.992,13.23,16.6,0.0,0.0
2026-02-16 00:15:00,302.1,301.752,13.38,12.4,0.8,196.0
2026-02-20 13:00:00,250.0,338.32800000000003,13.64,1.2,0.0,0.0
2026-02-07 18:15:00,322.6,298.704,13.35,11.2,0.0,236.0
2026-01-14 12:15:00,302.5,313.944,13.53,5.3,0.0,0.0
2026-01-18 06:15:00,309.1,310.896,13.37,7.4,0.0,0.0
2026-01-10 02:15:00,294.0,326.136,13.41,7.6,0.0,0.0
2026-02-17 08:45:00,120.0,353.568,13.49,7.1,0.0,0.0
2026-01-12 05:00:00,299.9,316.992,13.42,6.1,0.0,0.0
2026-01-05 11:30:00,223.1,377.952,13.47,8.9,0.025,0.0
2026-02-11 08:00:00,286.8,307.848,13.38,10.4,0.1,0.0
2026-01-17 08:30:00,306.0,310.896,13.45,8.4,0.0,0.0
2026-02-24 22:30:00,318.8,313.944,13.22,18.2,0.0,367.0
2026-01-14 23:45:00,301.6,313.944,13.26,15.0,0.0,378.0
2026-02-17 01:15:00,139.6,353.568,13.42,8.2,0.125,40.0
2026-01-14 03:45:00,302.7,313.944,13.33,8.2,0.0,0.0
2026-01-07 16:30:00,282.7,347.472,13.42,7.5,0.0,11.0
2026-01-08 14:00:00,296.2,335.28000000000003,13.51,6.2,0.0,0.0
2026-01-21 15:15:00,305.8,307.848,13.46,5.1,0.0,0.0
2026-01-13 04:15:00,300.5,316.992,13.42,6.6,0.0,0.0
2026-02-19 15:30:00,132.3,408.432,13.52,5.1,0.075,0.0
2026-02-10 22:45:00,303.2,298.704,13.32,13.4,0.1,268.0
2026-02-06 20:45:00,304.3,301.752,13.25,17.6,0.0,537.0
2026-01-13 09:15:00,301.0,316.992,13.49,4.2,0.0,0.0
2026-02-22 19:45:00,297.5,320.04,13.34,15.9,0.0,536.0
2026-02-02 01:00:00,304.8,301.752,13.26,14.6,0.0,104.0
2026-01-17 07:00:00,305.3,310.896,13.43,8.8,0.0,0.0
2026-02-11 16:00:00,216.8,307.848,13.41,10.4,0.025,36.0
2026-01-21 11:30:00,306.7,307.848,13.48,6.2,0.0,0.0
2026-02-26 07:30:00,279.6,329.184,13.37,13.6,0.0,0.0
2026-01-30 22:30:00,301.4,301.752,13.28,14.4,0.0,495.0
2026-01-18 07:15:00,309.7,310.896,13.4,6.8,0.0,0.0
2026-01-06 19:00:00,227.6,368.808,13.4,13.4,0.0,334.0
2026-01-20 08:30:00,306.9,307.848,13.49,5.9,0.0,0.0
2026-01-11 09:15:00,296.9,320.04,13.44,5.1,0.0,0.0
2026-02-28 04:30:00,322.4,316.992,13.2,17.9,0.0,0.0
2026-01-22 21:15:00,309.4,307.848,13.35,14.9,0.0,523.0
2026-02-15 01:15:00,302.0,301.752,13.33,12.7,0.0,74.0
2026-02-10 03:45:00,309.0,298.704,13.35,12.5,0.0,0.0
2026-01-14 11:15:00,303.0,313.944,13.51,5.2,0.0,0.0
2026-02-14 15:30:00,298.7,298.704,13.44,5.9,0.0,0.0
2026-02-12 02:15:00,198.1,335.28000000000003,13.34,10.5,0.075,12.0
2026-02-11 00:15:00,304.0,301.752,13.4,11.4,0.1,81.0
2026-01-21 11:15:00,306.7,307.848,13.43,6.2,0.0,0.0
2026-02-26 17:15:00,296.2,323.088,13.4,14.2,0.0,170.0
2026-02-10 18:30:00,301.5,298.704,13.38,10.8,0.0,193.0
2026-02-20 03:45:00,228.4,347.472,13.44,7.0,0.0,0.0
2026-02-25 10:30:00,241.6,429.768,13.31,14.0,0.025,0.0
2026-01-15 10:45:00,303.0,310.896,13.47,5.2,0.0,0.0
2026-01-23 07:45:00,311.4,307.848,13.39,8.3,0.0,0.0
2026-02-20 06:15:00,236.3,344.424,13.47,5.8,0.0,0.0
2026-02-02 21:15:00,300.1,301.752,13.29,17.5,0.0,583.0
2026-02-22 15:45:00,296.9,320.04,13.4,8.7,0.0,0.0
2026-02-22 08:30:00,293.9,320.04,13.45,9.2,0.0,0.0
2026-02-03 17:15:00,294.4,301.752,13.47,9.2,0.0,169.0
2026-01-09 15:15:00,291.2,329.184,13.63,5.4,0.0,0.0
2026-01-26 19:45:00,299.0,304.8,13.36,10.6,0.0,426.0
2026-02-26 11:45:00,289.0,326.136,13.39,12.7,0.0,0.0
2026-02-06 17:30:00,304.3,301.752,13.39,12.8,0.0,191.0
2026-01-30 04:00:00,304.7,301.752,13.27,8.6,0.0,0.0
2026-02-17 09:00:00,122.3,353.568,13.45,7.0,0.0,0.0
2026-01-12 08:00:00,299.9,320.04,13.48,5.5,0.0,0.0
2026-02-18 14:00:00,193.2,356.616,13.66,1.7,0.0,0.0
2026-02-09 00:45:00,308.7,298.704,13.24,14.3,0.0,274.0
2026-02-14 00:45:00,298.8,301.752,13.33,13.2,0.0,348.0
2026-01-15 14:00:00,301.6,313.944,13.5,3.6,0.0,0.0
2026-02-08 19:00:00,304.6,298.704,13.38,13.9,0.0,451.0
2026-01-12 13:00:00,299.0,316.992,13.56,3.2,0.0,0.0
2026-02-07 14:00:00,316.0,298.704,13.43,8.1,0.0,0.0
2026-02-23 02:45:00,307.0,316.992,13.24,13.2,0.0,42.0
2026-01-07 12:15:00,277.4,350.52,13.47,8.7,0.0,0.0
2026-01-23 03:30:00,311.6,307.848,13.33,9.7,0.0,0.0
2026-01-25 18:15:00,299.7,304.8,13.47,6.9,0.0,150.0
2026-02-21 00:45:00,268.7,329.184,13.37,11.0,0.0,295.0
2026-02-22 15:30:00,296.9,320.04,13.45,8.7,0.0,0.0
2026-02-01 01:45:00,305.1,301.752,13.27,13.0,0.0,136.0
2026-01-19 11:15:00,310.7,307.848,13.48,7.1,0.0,0.0
2026-02-19 19:45:00,163.3,368.808,13.47,8.9,0.0,537.0
2026-01-06 12:45:00,193.7,393.192,13.45,9.4,0.0,0.0
2026-01-14 13:30:00,301.9,313.944,13.59,5.0,0.0,0.0
2026-01-18 23:15:00,310.1,307.848,13.25,16.3,0.0,340.0
2026-01-15 06:45:00,304.4,310.896,13.4,6.7,0.0,0.0
2026-01-21 09:30:00,307.3,307.848,13.47,6.7,0.0,0.0
2026-02-06 03:45:00,304.6,298.704,13.26,12.8,0.0,0.0
2026-01-21 18:15:00,305.4,307.848,13.43,9.7,0.0,179.0
2026-01-31 05:45:00,305.1,301.752,13.35,8.6,0.0,0.0
2026-02-23 00:00:00,302.8,316.992,13.26,17.2,0.0,377.0
2026-01-13 18:45:00,296.9,316.992,13.47,9.9,0.0,306.0
2026-02-08 17:30:00,304.2,298.704,13.46,10.5,0.0,133.0
2026-01-16 05:30:00,306.1,310.896,13.37,8.5,0.0,0.0
2026-01-31 18:30:00,302.0,301.752,13.36,10.2,0.0,266.0
2026-01-22 09:30:00,310.3,307.848,13.44,8.2,0.0,0.0
2026-02-07 00:15:00,307.2,301.752,13.19,19.0,0.0,326.0
2026-01-21 20:15:00,305.8,307.848,13.37,12.3,0.0,300.0
2026-02-06 09:00:00,305.5,301.752,13.35,11.1,0.0,0.0
2026-01-05 17:00:00,252.5,365.76,13.39,10.5,0.0,53.0
2026-01-19 19:45:00,306.6,307.848,13.38,13.3,0.0,406.0
2026-02-10 20:45:00,302.3,301.752,13.33,14.1,0.0,516.0
2026-02-14 19:45:00,299.1,301.752,13.38,12.6,0.0,413.0
2026-01-24 07:45:00,309.4,304.8,13.39,8.2,0.0,0.0
2026-02-05 20:00:00,298.7,301.752,13.28,16.9,0.0,552.0
2026-02-27 21:30:00,313.8,316.992,13.24,23.2,0.0,699.0
2026-01-20 11:15:00,304.7,307.848,13.53,5.5,0.0,0.0
2026-01-22 08:00:00,310.4,307.848,13.39,8.3,0.0,0.0
2026-01-17 16:00:00,304.4,310.896,13.5,5.2,0.0,15.0
2026-02-11 18:15:00,213.8,304.8,13.35,12.9,0.0,336.0
2026-01-06 22:45:00,250.1,362.712,13.29,14.6,0.0,379.0
2026-01-27 09:00:00,299.8,304.8,13.46,4.7,0.0,0.0
2026-01-26 23:15:00,300.0,304.8,13.31,14.6,0.0,425.0
2026-02-03 17:30:00,294.4,298.704,13.4,9.2,0.0,169.0
2026-01-13 00:15:00,298.0,316.992,13.33,13.0,0.0,234.0
2026-02-23 20:45:00,309.0,316.992,13.37,17.9,0.0,662.0
2026-02-27 00:45:00,309.0,320.04,13.11,21.1,0.0,402.0
2026-01-24 22:00:00,305.5,304.8,13.28,16.2,0.0,541.0
2026-01-11 12:15:00,295.8,320.04,13.56,3.8,0.0,0.0
2026-01-20 17:15:00,302.6,307.848,13.45,7.2,0.0,106.0
2026-02-12 21:45:00,222.3,301.752,13.32,15.1,0.0,530.0
2026-01-13 01:45:00,299.1,316.992,13.3,10.7,0.0,76.0
2026-02-18 03:30:00,138.8,451.104,13.54,5.6,0.125,0.0
2026-02-20 02:00:00,219.2,350.52,13.45,7.7,0.0,40.0
2026-02-09 16:15:00,307.9,298.704,13.39,9.5,0.0,30.0
2026-02-02 07:30:00,305.2,301.752,13.46,9.2,0.0,0.0
2026-02-26 10:15:00,286.0,326.136,13.35,12.7,0.0,0.0
2026-01-24 03:00:00,311.8,304.8,13.41,8.3,0.0,0.0
2026-03-01 03:15:00,328.8,316.992,13.26,14.9,0.0,0.0
2026-01-08 15:00:00,295.9,335.28000000000003,13.47,5.6,0.0,0.0
2026-01-07 18:00:00,284.3,344.424,13.4,11.1,0.0,244.0
2026-01-29 18:30:00,302.0,301.752,13.43,12.8,0.0,331.0
2026-01-14 11:00:00,303.1,313.944,13.54,5.2,0.0,0.0
2026-02-06 21:15:00,304.5,298.704,13.21,18.5,0.0,603.0
2026-02-06 10:15:00,305.9,298.704,13.31,11.4,0.05,0.0
2026-02-09 06:00:00,309.0,298.704,13.32,12.9,0.0,0.0
2026-02-10 06:15:00,308.5,298.704,13.34,10.0,0.0,0.0
2026-02-02 00:30:00,304.6,301.752,13.23,16.9,0.0,253.0
2026-03-01 03:30:00,328.6,313.944,13.22,14.9,0.0,0.0
2026-02-16 11:15:00,180.2,445.008,13.36,9.2,0.6,0.0
2026-01-18 16:45:00,306.2,307.848,13.49,5.2,0.0,16.0
2026-02-10 09:45:00,306.5,298.704,13.38,9.8,0.0,0.0
2026-01-21 09:15:00,307.2,304.8,13.42,6.7,0.0,0.0
2026-01-27 19:45:00,296.9,304.8,13.42,12.8,0.0,423.0
2026-02-07 10:15:00,307.9,298.704,13.36,9.7,0.0,0.0
2026-01-10 18:00:00,291.7,323.088,13.52,7.8,0.0,283.0
2026-01-29 12:30:00,304.6,304.8,13.47,5.8,0.0,0.0
2026-02-14 10:15:00,298.8,301.752,13.46,8.8,0.0,0.0
2026-01-23 14:30:00,310.6,307.848,13.45,8.8,0.0,0.0
2026-01-16 21:45:00,303.2,310.896,13.29,17.2,0.0,539.0
2026-01-28 03:00:00,300.4,304.8,13.32,12.5,0.0,0.0
2026-01-12 17:30:00,296.9,320.04,13.58,5.9,0.0,124.0
2026-02-12 00:30:00,222.4,435.864,13.38,11.6,0.025,143.0
2026-01-19 09:30:00,311.9,307.848,13.5,7.0,0.0,0.0
2026-01-08 01:45:00,294.1,341.37600000000003,13.37,11.1,0.0,58.0
2026-02-01 21:15:00,301.9,301.752,13.27,17.0,0.0,547.0
2026-01-31 01:15:00,303.4,301.752,13.29,12.9,0.0,122.0
2026-01-05 15:30:00,248.5,371.856,13.46,9.4,0.0,0.0
2026-01-20 20:15:00,302.7,307.848,13.35,12.6,0.0,442.0
2026-02-01 19:45:00,301.3,301.752,13.37,13.0,0.0,367.0
2026-02-14 04:30:00,299.6,298.704,13.34,9.1,0.0,0.0
2026-01-25 19:30:00,299.5,304.8,13.43,8.3,0.0,230.0
2026-01-13 20:30:00,297.2,313.944,13.39,14.3,0.0,510.0
2026-02-16 05:00:00,293.0,429.768,13.42,10.6,0.375,0.0
2026-02-16 01:30:00,302.6,310.896,13.38,11.5,0.1,44.0
2026-02-20 14:15:00,251.4,335.28000000000003,13.6,0.6,0.0,0.0
2026-01-19 14:30:00,308.6,310.896,13.51,4.7,0.0,0.0
2026-01-10 09:00:00,295.0,323.088,13.55,3.0,0.0,0.0
2026-01-05 11:15:00,221.8,377.952,13.46,8.9,0.025,0.0
2026-02-05 18:45:00,298.7,298.704,13.37,12.5,0.0,320.0
2026-02-26 04:15:00,268.3,329.184,13.33,13.4,0.0,0.0
2026-01-21 23:15:00,307.9,307.848,13.37,13.4,0.0,212.0
2026-01-11 04:15:00,297.3,320.04,13.32,6.2,0.0,0.0
2026-01-16 13:30:00,303.0,310.896,13.51,8.4,0.0,0.0
2026-02-03 16:45:00,294.6,298.704,13.51,5.8,0.0,29.0
2026-02-12 08:15:00,144.7,304.8,13.38,9.3,0.0,0.0
2026-01-28 06:45:00,301.0,304.8,13.37,11.8,0.025,0.0
2026-02-01 06:30:00,305.4,301.752,13.35,7.2,0.0,0.0
2026-01-17 13:15:00,305.0,310.896,13.49,4.7,0.0,0.0
2026-01-14 08:30:00,303.8,313.944,13.46,6.4,0.0,0.0
2026-01-30 20:15:00,300.3,301.752,13.33,14.1,0.0,521.0
2026-02-23 23:30:00,311.9,316.992,13.29,17.9,0.0,365.0
2026-02-01 22:15:00,302.8,301.752,13.23,17.7,0.0,539.0
2026-02-11 00:00:00,304.1,301.752,13.38,11.4,0.1,81.0
2026-01-08 12:30:00,296.9,335.28000000000003,13.46,7.7,0.0,0.0
2026-01-26 04:15:00,302.2,304.8,13.4,5.7,0.0,0.0
2026-02-08 20:30:00,305.3,298.704,13.34,15.3,0.0,548.0
2026-02-21 18:30:00,276.9,326.136,13.48,11.0,0.0,365.0
2026-02-27 14:00:00,311.0,320.04,13.33,12.6,0.0,0.0
2026-01-14 01:45:00,301.5,316.992,13.32,12.1,0.0,79.0
2026-01-26 18:45:00,299.0,304.8,13.43,7.7,0.0,279.0
2026-01-29 17:00:00,302.5,301.752,13.51,9.1,0.0,155.0
2026-01-15 01:15:00,302.8,313.944,13.2,13.0,0.0,80.0
2026-03-01 03:45:00,328.1,313.944,13.26,14.9,0.0,0.0
2026-01-20 02:45:00,309.8,307.848,13.36,9.5,0.0,2.0
2026-01-15 04:15:00,304.1,310.896,13.36,8.1,0.0,0.0
2026-01-30 00:15:00,303.9,301.752,13.26,16.0,0.0,298.0
2026-02-04 16:30:00,296.5,301.752,13.53,5.3,0.0,34.0
2026-02-11 17:15:00,214.2,307.848,13.39,11.9,0.0,193.0
2026-02-11 05:00:00,303.3,344.424,13.44,9.9,0.75,0.0
2026-01-28 19:00:00,301.7,304.8,13.34,14.4,0.0,432.0
2026-01-24 02:30:00,311.9,304.8,13.43,8.9,0.0,4.0
2026-01-24 13:00:00,308.3,304.8,13.46,6.6,0.0,0.0
2026-01-09 07:45:00,292.7,329.184,13.47,6.6,0.0,0.0
2026-02-17 23:45:00,140.9,405.384,13.48,8.1,0.25,171.0
2026-02-03 10:00:00,300.4,301.752,13.47,8.5,0.0,0.0
2026-02-10 11:15:00,305.4,298.704,13.4,7.9,0.0,0.0
2026-01-13 21:30:00,297.8,316.992,13.28,15.1,0.0,528.0
2026-01-19 05:30:00,312.9,307.848,13.4,8.1,0.0,0.0
2026-01-24 19:00:00,306.1,307.848,13.45,13.0,0.0,455.0
2026-01-09 09:30:00,292.3,329.184,13.49,5.8,0.0,0.0
2026-02-09 05:15:00,308.8,298.704,13.32,13.1,0.0,0.0
2026-01-09 00:30:00,293.1,332.232,13.39,11.6,0.0,225.0
2026-01-20 00:00:00,307.8,307.848,13.24,15.0,0.0,257.0
2026-01-24 04:30:00,310.9,307.848,13.45,7.6,0.0,0.0
2026-02-09 00:00:00,308.1,298.704,13.23,14.3,0.0,274.0
2026-02-02 18:45:00,299.7,301.752,13.41,13.2,0.0,302.0
2026-02-23 05:45:00,308.6,316.992,13.29,11.3,0.0,0.0
2026-01-26 11:30:00,301.1,304.8,13.47,4.8,0.0,0.0
2026-01-21 12:30:00,306.5,307.848,13.48,6.4,0.0,0.0
2026-02-17 21:30:00,111.7,445.008,13.52,7.9,0.25,78.0
2026-02-13 15:00:00,286.9,301.752,13.43,8.4,0.0,0.0
2026-01-08 06:45:00,296.3,338.32800000000003,13.4,8.8,0.05,0.0
2026-01-31 16:45:00,302.5,301.752,13.47,5.4,0.0,25.0
2026-02-04 02:30:00,300.3,301.752,13.25,12.7,0.0,14.0
2026-01-24 01:00:00,312.0,304.8,13.33,10.7,0.0,101.0
2026-01-10 00:15:00,292.6,326.136,13.36,11.1,0.0,225.0
2026-02-07 15:30:00,320.8,298.704,13.45,7.9,0.0,0.0
2026-02-27 19:00:00,310.6,316.992,13.29,21.9,0.0,587.0
2026-02-05 22:00:00,300.3,301.752,13.19,19.5,0.0,562.0
2026-01-30 18:00:00,300.2,301.752,13.45,11.5,0.0,320.0
2026-02-11 23:30:00,220.6,356.616,13.39,12.1,0.025,135.0
2026-02-13 04:15:00,268.8,301.752,13.37,10.2,0.0,0.0
2026-02-21 07:15:00,274.3,326.136,13.52,4.4,0.0,0.0
2026-01-17 16:45:00,303.9,310.896,13.48,5.2,0.0,15.0
2026-01-30 01:45:00,304.5,304.8,13.25,14.0,0.0,129.0
2026-02-24 04:45:00,316.1,313.944,13.35,13.4,0.0,0.0
2026-02-24 00:45:00,314.0,316.992,13.24,18.0,0.0,194.0
2026-02-10 13:45:00,303.4,298.704,13.37,6.6,0.0,0.0
2026-02-21 15:15:00,275.2,326.136,13.62,4.6,0.0,0.0
2026-01-31 16:00:00,302.8,301.752,13.46,5.4,0.0,25.0
2026-02-04 19:00:00,295.6,301.752,13.37,14.3,0.0,502.0
2026-01-16 09:45:00,304.3,310.896,13.46,9.8,0.0,0.0
2026-02-12 00:00:00,219.7,481.58400000000006,13.39,11.6,0.025,143.0
2026-01-23 21:30:00,310.9,304.8,13.35,12.5,0.0,346.0
2026-02-14 20:45:00,299.8,301.752,13.38,12.7,0.0,436.0
2026-02-23 18:00:00,307.7,316.992,13.43,13.9,0.0,326.0
2026-01-09 00:00:00,293.1,332.232,13.34,11.6,0.0,225.0
2026-02-02 14:15:00,301.9,301.752,13.55,5.6,0.0,0.0
2026-01-09 21:30:00,290.9,329.184,13.35,10.8,0.0,514.0
2026-02-22 21:00:00,298.9,320.04,13.32,17.3,0.0,678.0
2026-01-28 04:15:00,300.8,301.752,13.33,12.2,0.175,0.0
2026-01-27 10:15:00,299.3,304.8,13.48,4.5,0.0,0.0
2026-02-23 15:30:00,308.2,316.992,13.43,7.4,0.0,1.0
2026-02-13 12:30:00,285.2,301.752,13.51,7.7,0.0,0.0
2026-01-30 06:45:00,304.3,301.752,13.41,7.4,0.0,0.0
2026-02-01 10:15:00,304.8,301.752,13.42,7.9,0.0,0.0
2026-01-16 13:15:00,303.3,310.896,13.54,8.4,0.0,0.0
2026-01-06 19:45:00,234.7,368.808,13.36,13.4,0.0,334.0
2026-01-22 16:15:00,309.6,307.848,13.45,7.1,0.0,17.0
2026-01-27 22:45:00,298.3,304.8,13.32,15.2,0.0,386.0
2026-02-16 10:15:00,173.7,451.104,13.43,9.4,0.7,0.0
2026-01-08 15:15:00,295.8,332.232,13.52,5.6,0.0,0.0
2026-01-26 13:00:00,300.8,307.848,13.51,5.0,0.0,0.0
2026-01-25 08:15:00,305.5,304.8,13.48,8.3,0.0,0.0
2026-01-16 20:00:00,302.1,310.896,13.27,16.4,0.0,521.0
2026-01-30 22:15:00,301.2,301.752,13.22,14.4,0.0,495.0
2026-01-09 19:45:00,290.4,329.184,13.37,9.3,0.0,422.0
2026-01-23 13:15:00,310.6,304.8,13.43,9.0,0.0,0.0
2026-02-18 05:00:00,138.5,502.92,13.56,4.4,0.225,0.0
2026-02-01 17:15:00,302.0,301.752,13.48,8.8,0.0,132.0
2026-01-31 03:15:00,305.0,301.752,13.32,9.7,0.0,0.0
2026-02-24 23:45:00,320.6,313.944,13.18,16.1,0.0,159.0
2026-01-15 03:15:00,303.9,313.944,13.27,9.1,0.0,0.0
2026-01-20 05:45:00,309.9,307.848,13.39,7.0,0.0,0.0
2026-02-07 08:30:00,307.8,298.704,13.4,10.1,0.0,0.0
2026-01-31 19:15:00,302.0,301.752,13.38,12.5,0.0,376.0
2026-02-17 05:15:00,95.1,408.432,13.49,8.0,0.025,0.0
2026-02-08 10:30:00,307.6,298.704,13.42,9.2,0.0,0.0
2026-01-13 00:30:00,298.2,316.992,13.27,13.0,0.0,234.0
2026-01-15 08:45:00,303.9,310.896,13.45,5.9,0.0,0.0
2026-02-27 20:00:00,311.3,316.992,13.27,22.9,0.0,676.0
2026-01-27 17:45:00,297.0,304.8,13.46,7.1,0.0,114.0
2026-02-23 17:45:00,307.7,316.992,13.44,12.5,0.0,213.0
2026-01-13 23:15:00,298.9,316.992,13.25,15.2,0.0,386.0
2026-01-11 04:30:00,297.3,320.04,13.43,6.2,0.0,0.0
2026-02-04 21:30:00,297.2,301.752,13.25,16.6,0.0,607.0
2026-02-25 02:15:00,322.2,313.944,13.2,15.2,0.125,29.0
2026-01-24 17:15:00,306.6,304.8,13.54,9.0,0.0,137.0
2026-01-22 23:30:00,310.6,304.8,13.28,15.7,0.0,400.0
2026-02-13 14:45:00,286.7,301.752,13.48,8.0,0.0,0.0
2026-01-11 14:00:00,295.0,320.04,13.54,3.0,0.0,0.0
2026-01-31 03:00:00,304.5,301.752,13.33,9.7,0.0,0.0
2026-01-20 02:30:00,309.9,307.848,13.26,9.5,0.0,2.0
2026-02-16 13:15:00,182.6,451.104,13.42,9.2,0.85,0.0
2026-02-13 00:00:00,243.1,298.704,13.22,15.9,0.0,353.0
2026-01-29 09:00:00,305.0,301.752,13.46,6.9,0.0,0.0
2026-02-19 00:15:00,188.3,344.424,13.41,8.6,0.075,307.0
2026-02-23 16:15:00,307.9,316.992,13.44,9.3,0.0,73.0
2026-02-05 17:15:00,299.0,301.752,13.42,9.2,0.0,154.0
2026-01-08 15:30:00,295.8,335.28000000000003,13.54,5.6,0.0,0.0
2026-02-19 00:45:00,189.2,347.472,13.46,8.6,0.075,307.0
2026-01-15 18:00:00,299.9,310.896,13.43,11.2,0.0,303.0
2026-02-18 03:15:00,139.0,435.864,13.53,5.6,0.125,0.0
2026-02-16 01:00:00,302.3,307.848,13.35,11.5,0.1,44.0
2026-02-16 03:45:00,300.1,341.37600000000003,13.38,10.9,0.625,0.0
2026-01-27 17:00:00,297.1,304.8,13.51,7.1,0.0,114.0
2026-01-14 08:15:00,303.8,313.944,13.46,6.4,0.0,0.0
2026-01-23 12:15:00,310.6,307.848,13.43,8.8,0.0,0.0
2026-02-16 21:15:00,129.9,371.856,13.43,9.0,0.325,128.0
2026-01-28 01:30:00,299.8,304.8,13.32,14.5,0.0,39.0
2026-01-16 17:30:00,302.3,310.896,13.49,10.2,0.0,146.0
2026-02-13 23:00:00,295.6,298.704,13.29,14.1,0.0,492.0
2026-02-13 16:15:00,287.4,298.704,13.41,9.0,0.0,30.0
2026-02-25 23:30:00,235.9,335.28000000000003,13.24,16.9,0.0,209.0
2026-02-14 22:15:00,300.9,298.704,13.34,13.2,0.0,220.0
2026-01-25 18:30:00,299.6,304.8,13.49,6.9,0.0,150.0
2026-02-01 09:00:00,305.0,301.752,13.39,7.6,0.0,0.0
2026-01-21 14:00:00,306.1,307.848,13.46,5.6,0.0,0.0
2026-01-15 19:30:00,299.7,313.944,13.35,13.5,0.0,437.0
2026-02-21 02:45:00,271.1,329.184,13.37,7.9,0.0,41.0
2026-02-14 06:00:00,299.3,301.752,13.37,9.1,0.0,0.0
2026-01-31 20:15:00,301.9,301.752,13.3,14.2,0.0,486.0
2026-01-22 11:15:00,310.5,307.848,13.38,7.4,0.0,0.0
2026-02-10 10:30:00,306.1,298.704,13.42,9.2,0.0,0.0
2026-01-05 20:15:00,259.2,365.76,13.35,12.5,0.2,326.0
2026-02-11 09:15:00,275.3,347.472,13.43,11.2,0.1,0.0
2026-01-06 01:45:00,158.1,658.368,13.38,10.5,0.8,7.0
2026-02-21 07:30:00,274.4,326.136,13.52,4.4,0.0,0.0
2026-02-02 05:00:00,305.6,301.752,13.39,10.3,0.0,0.0
2026-01-13 07:15:00,301.1,316.992,13.49,4.6,0.0,0.0
2026-02-22 22:45:00,300.9,320.04,13.29,17.2,0.0,636.0
2026-02-18 15:30:00,203.0,350.52,13.66,2.0,0.0,0.0
2026-01-28 18:00:00,301.1,304.8,13.35,13.4,0.0,298.0
2026-01-24 18:45:00,306.2,304.8,13.42,11.3,0.0,312.0
2026-03-01 01:00:00,328.4,316.992,13.21,20.3,0.0,147.0
2026-01-28 20:45:00,302.0,304.8,13.34,14.8,0.0,493.0
2026-02-27 03:30:00,311.7,323.088,13.22,16.2,0.0,0.0
2026-02-10 01:00:00,308.7,301.752,13.21,15.2,0.0,84.0
2026-02-17 03:00:00,139.3,417.576,13.44,8.1,0.075,0.0
2026-01-12 22:30:00,296.9,316.992,13.33,12.7,0.0,458.0
2026-01-18 16:15:00,306.4,310.896,13.46,5.2,0.0,16.0
2026-02-12 06:30:00,147.7,307.848,13.44,9.9,0.0,0.0
2026-02-21 19:00:00,277.5,326.136,13.46,12.7,0.0,564.0
2026-02-07 19:15:00,321.3,298.704,13.37,13.1,0.0,412.0
2026-02-02 05:30:00,305.5,301.752,13.41,10.3,0.0,0.0
2026-02-16 04:30:00,294.1,399.288,13.42,10.7,0.8,0.0
2026-01-09 11:30:00,292.0,329.184,13.53,6.0,0.0,0.0
2026-02-14 07:30:00,298.9,301.752,13.4,9.3,0.0,0.0
2026-02-17 10:45:00,141.9,344.424,13.5,7.3,0.0,0.0
2026-01-08 14:45:00,296.0,335.28000000000003,13.53,6.2,0.0,0.0
2026-01-16 10:15:00,304.1,313.944,13.51,9.4,0.0,0.0
2026-02-18 08:30:00,142.9,381.0,13.61,4.2,0.0,0.0
2026-01-20 23:00:00,304.8,307.848,13.3,13.7,0.0,245.0
2026-01-30 17:15:00,300.4,301.752,13.43,8.4,0.0,171.0
2026-02-27 18:15:00,310.2,316.992,13.29,20.6,0.0,440.0
2026-02-28 15:15:00,323.3,316.992,13.31,13.6,0.0,2.0
2026-02-25 20:45:00,208.1,341.37600000000003,13.3,16.6,0.025,255.0
2026-01-26 23:45:00,300.8,304.8,13.26,14.6,0.0,425.0
2026-01-28 14:45:00,300.2,304.8,13.4,9.7,0.0,0.0
2026-01-20 03:15:00,310.0,307.848,13.38,8.2,0.0,0.0
2026-02-19 13:45:00,151.1,426.72,13.53,5.3,0.075,0.0
2026-01-09 23:00:00,291.8,326.136,13.3,11.2,0.0,369.0
2026-02-09 03:45:00,308.9,298.704,13.3,12.9,0.0,0.0
2026-02-06 05:45:00,305.5,301.752,13.26,11.4,0.0,0.0
2026-02-06 00:45:00,303.6,301.752,13.14,19.3,0.0,329.0
2026-01-07 21:15:00,288.1,341.37600000000003,13.34,14.3,0.0,456.0
2026-01-28 00:15:00,299.2,304.8,13.32,15.3,0.0,163.0
2026-02-02 03:15:00,305.9,301.752,13.28,11.9,0.0,0.0
2026-01-25 22:15:00,300.5,304.8,13.34,10.9,0.0,361.0
2026-02-14 01:30:00,299.4,298.704,13.29,12.0,0.0,164.0
2026-01-08 11:30:00,296.9,335.28000000000003,13.49,7.6,0.0,0.0
2026-02-26 15:00:00,293.7,323.088,13.35,11.7,0.0,1.0
2026-01-13 23:00:00,298.6,316.992,13.28,15.2,0.0,386.0
2026-01-21 08:30:00,307.4,307.848,13.46,7.1,0.0,0.0
2026-01-23 09:45:00,310.9,304.8,13.42,8.4,0.0,0.0
2026-02-15 13:15:00,301.5,301.752,13.4,10.7,0.025,0.0
2026-02-05 23:30:00,301.9,301.752,13.19,19.9,0.0,474.0
2026-02-20 18:15:00,256.5,335.28000000000003,13.5,7.6,0.0,287.0
2026-01-23 23:45:00,311.7,304.8,13.32,12.7,0.0,351.0
2026-01-05 13:30:00,238.1,374.904,13.42,9.4,0.025,0.0
2026-02-21 08:30:00,274.6,329.184,13.57,4.7,0.0,0.0
2026-02-17 01:30:00,139.6,350.52,13.42,8.2,0.125,40.0
2026-01-16 07:45:00,305.7,310.896,13.42,9.1,0.0,0.0
2026-01-18 08:30:00,310.1,310.896,13.46,6.0,0.0,0.0
2026-02-06 17:45:00,304.1,298.704,13.34,12.8,0.0,191.0
2026-01-10 03:15:00,294.5,326.136,13.37,6.4,0.0,0.0
2026-01-07 20:45:00,287.4,341.37600000000003,13.35,13.3,0.0,475.0
2026-02-28 17:15:00,323.0,316.992,13.32,19.6,0.0,257.0
2026-01-18 09:00:00,310.1,310.896,13.47,5.3,0.0,0.0
2026-01-28 02:15:00,300.1,304.8,13.31,13.5,0.0,4.0
2026-01-19 18:15:00,306.6,307.848,13.43,10.5,0.0,261.0
2026-01-09 16:30:00,290.5,329.184,13.61,5.6,0.0,13.0
2026-02-14 15:00:00,298.5,298.704,13.47,5.9,0.0,0.0
2026-02-03 04:45:00,303.2,301.752,13.38,11.7,0.0,0.0
2026-02-19 01:15:00,190.5,344.424,13.47,7.9,0.075,117.0
2026-02-28 07:45:00,322.9,316.992,13.23,16.6,0.0,0.0
2026-01-15 16:15:00,300.4,310.896,13.51,4.7,0.0,15.0
2026-02-27 11:00:00,312.3,320.04,13.34,13.2,0.0,0.0
2026-02-19 10:30:00,246.2,533.4,13.56,6.2,0.525,0.0
2026-02-09 06:30:00,309.2,298.704,13.37,12.9,0.0,0.0
2026-02-13 23:45:00,297.4,301.752,13.27,14.1,0.0,492.0
2026-02-15 12:15:00,301.4,301.752,13.36,10.8,0.05,0.0
2026-02-09 03:30:00,309.1,298.704,13.3,12.9,0.0,0.0
2026-01-21 21:15:00,306.5,304.8,13.4,12.9,0.0,288.0
2026-01-28 09:30:00,300.2,304.8,13.38,11.8,0.0,0.0
2026-01-23 09:30:00,310.9,307.848,13.45,8.4,0.0,0.0
2026-02-22 18:30:00,297.1,320.04,13.35,14.4,0.0,379.0
2026-02-18 09:30:00,149.7,381.0,13.6,3.4,0.0,0.0
2026-01-08 11:00:00,297.2,335.28000000000003,13.42,7.6,0.0,0.0
2026-01-18 13:45:00,308.3,310.896,13.47,5.1,0.0,0.0
2026-02-12 04:45:00,158.8,313.944,13.37,9.6,0.0,0.0
2026-02-20 20:45:00,260.9,335.28000000000003,13.43,10.1,0.0,464.0
2026-02-02 20:15:00,299.8,301.752,13.31,16.8,0.0,544.0
2026-01-10 20:15:00,292.3,323.088,13.43,10.8,0.0,493.0
2026-02-06 20:00:00,303.9,301.752,13.3,17.6,0.0,537.0
2026-01-27 00:45:00,301.4,304.8,13.27,13.8,0.0,284.0
2026-01-26 15:45:00,299.9,304.8,13.51,4.2,0.0,0.0
2026-02-10 13:15:00,303.7,298.704,13.41,6.6,0.0,0.0
2026-02-10 15:30:00,302.6,298.704,13.43,5.6,0.0,0.0
2026-02-05 13:45:00,301.0,298.704,13.5,5.5,0.0,0.0
2026-01-29 22:00:00,302.3,301.752,13.23,16.2,0.0,539.0
2026-01-15 21:15:00,300.1,313.944,13.31,16.2,0.0,529.0
2026-02-24 01:45:00,315.0,313.944,13.26,16.5,0.0,44.0
2026-01-29 05:00:00,304.6,301.752,13.34,9.3,0.0,0.0
2026-01-30 19:45:00,300.1,301.752,13.37,13.6,0.0,469.0
2026-02-27 10:45:00,312.4,320.04,13.35,13.9,0.0,0.0
2026-01-11 13:00:00,295.6,320.04,13.58,3.2,0.0,0.0
2026-02-10 18:00:00,301.5,301.752,13.33,10.8,0.0,193.0
2026-02-22 19:15:00,297.5,320.04,13.31,15.9,0.0,536.0
2026-02-13 10:30:00,283.1,298.704,13.5,8.4,0.0,0.0
2026-01-15 22:30:00,301.0,313.944,13.28,16.7,0.0,486.0
2026-03-01 00:15:00,327.7,316.992,13.14,21.9,0.0,362.0
2026-02-23 15:45:00,308.0,316.992,13.42,7.4,0.0,1.0
2026-02-20 23:45:00,266.8,329.184,13.4,11.2,0.0,360.0
2026-01-31 16:30:00,302.4,301.752,13.51,5.4,0.0,25.0
2026-01-23 00:45:00,311.4,307.848,13.27,16.1,0.0,261.0
2026-02-03 18:45:00,294.3,298.704,13.37,11.7,0.0,333.0
2026-02-12 04:15:00,165.5,320.04,13.41,9.6,0.0,0.0
2026-02-27 12:00:00,311.4,320.04,13.32,12.4,0.0,0.0
2026-02-22 22:30:00,300.6,320.04,13.29,17.2,0.0,636.0
2026-01-25 15:45:00,300.9,304.8,13.47,3.0,0.0,0.0
2026-01-19 10:45:00,310.9,310.896,13.48,7.1,0.0,0.0
2026-02-10 17:00:00,301.7,301.752,13.41,9.9,0.0,188.0
2026-01-28 15:15:00,300.4,304.8,13.46,9.2,0.0,0.0
2026-01-19 15:30:00,308.0,307.848,13.57,4.5,0.0,0.0
2026-02-06 07:00:00,305.7,301.752,13.33,10.1,0.0,0.0
2026-02-15 07:15:00,301.4,301.752,13.35,11.2,0.0,0.0
2026-02-22 19:30:00,297.7,320.04,13.34,15.9,0.0,536.0
2026-01-14 12:30:00,302.4,313.944,13.53,5.3,0.0,0.0
2026-01-23 21:15:00,310.9,304.8,13.31,12.5,0.0,346.0
2026-01-25 05:15:00,307.1,304.8,13.38,8.2,0.0,0.0
2026-02-27 01:15:00,310.1,323.088,13.19,20.2,0.0,214.0
2026-02-25 12:00:00,208.7,402.336,13.35,13.8,0.025,0.0
2026-01-09 20:15:00,290.5,326.136,13.38,10.1,0.0,498.0
2026-02-10 23:45:00,303.6,301.752,13.37,13.0,0.1,114.0
2026-01-27 16:15:00,297.4,304.8,13.53,4.6,0.0,15.0
2026-01-14 02:15:00,301.8,316.992,13.29,9.6,0.0,1.0
2026-01-16 00:15:00,302.8,313.944,13.27,16.8,0.0,245.0
2026-01-12 00:30:00,296.8,320.04,13.3,13.0,0.0,208.0
2026-02-24 17:45:00,315.2,313.944,13.34,15.9,0.0,214.0
2026-01-23 15:00:00,310.6,304.8,13.43,8.9,0.0,0.0
2026-01-05 18:45:00,255.8,362.712,13.43,12.1,0.0,158.0
2026-01-23 06:00:00,311.6,304.8,13.37,8.3,0.0,0.0
2026-02-11 12:15:00,242.6,320.04,13.42,11.0,0.0,0.0
2026-02-18 17:15:00,211.9,347.472,13.6,6.2,0.0,192.0
2026-01-17 18:00:00,304.1,310.896,13.47,10.9,0.0,294.0
2026-01-14 00:15:00,299.9,313.944,13.3,15.0,0.0,242.0
2026-01-18 04:30:00,306.6,307.848,13.34,8.0,0.0,0.0
2026-02-17 16:00:00,202.6,652.272,13.46,7.2,0.125,10.0
2026-02-19 09:45:00,246.2,350.52,13.55,6.2,0.075,0.0
2026-01-11 23:30:00,295.8,320.04,13.31,13.6,0.0,355.0
2026-01-24 23:45:00,306.1,304.8,13.28,16.0,0.0,441.0
2026-02-18 21:00:00,223.1,405.384,13.54,8.8,0.05,489.0
2026-02-12 13:30:00,159.2,301.752,13.45,7.8,0.0,0.0
2026-02-24 05:00:00,316.0,316.992,13.34,13.4,0.0,0.0
2026-02-26 09:00:00,283.3,326.136,13.36,13.0,0.0,0.0
2026-01-30 05:30:00,304.6,304.8,13.34,7.9,0.0,0.0
2026-01-11 03:15:00,296.9,323.088,13.34,7.0,0.0,0.0
2026-02-21 22:45:00,282.3,323.088,13.37,14.1,0.0,615.0
2026-01-18 20:15:00,305.6,310.896,13.26,15.7,0.0,514.0
2026-01-10 12:00:00,294.0,323.088,13.58,2.5,0.0,0.0
2026-01-22 21:45:00,309.8,307.848,13.26,14.9,0.0,523.0
2026-02-01 00:30:00,304.7,301.752,13.21,14.8,0.0,286.0
2026-01-12 04:45:00,299.9,320.04,13.41,6.7,0.0,0.0
2026-01-20 23:30:00,305.5,307.848,13.28,13.7,0.0,245.0
2026-01-10 13:30:00,293.2,323.088,13.59,2.0,0.0,0.0
2026-02-18 18:00:00,216.0,356.616,13.59,6.4,0.025,290.0
2026-01-17 18:30:00,304.1,310.896,13.43,10.9,0.0,294.0
2026-02-11 15:00:00,220.7,307.848,13.38,10.1,0.025,0.0
2026-01-13 05:45:00,301.0,316.992,13.47,6.4,0.0,0.0
2026-02-25 03:45:00,322.4,313.944,13.25,14.7,0.0,0.0
2026-01-24 14:15:00,308.0,304.8,13.52,6.3,0.0,0.0
2026-01-30 21:00:00,300.2,301.752,13.28,13.8,0.0,526.0
2026-01-15 05:15:00,304.4,313.944,13.38,7.3,0.0,0.0
2026-02-11 17:30:00,214.0,304.8,13.34,11.9,0.0,193.0
2026-02-22 10:45:00,295.1,320.04,13.45,9.2,0.0,0.0
2026-02-12 09:00:00,145.0,304.8,13.42,9.1,0.0,0.0
2026-02-18 02:00:00,136.6,426.72,13.53,6.8,0.0,12.0
2026-01-11 22:45:00,295.0,320.04,13.36,14.3,0.0,454.0
2026-02-10 19:30:00,301.7,301.752,13.37,12.4,0.05,356.0
2026-01-23 03:15:00,311.8,304.8,13.34,9.7,0.0,0.0
2026-01-21 06:00:00,309.8,307.848,13.37,7.0,0.0,0.0
2026-02-19 20:45:00,177.2,365.76,13.49,9.8,0.0,648.0
2026-01-27 10:30:00,299.1,304.8,13.52,4.5,0.0,0.0
2026-02-27 18:45:00,310.4,320.04,13.28,20.6,0.0,440.0
2026-01-30 16:30:00,300.8,301.752,13.47,4.9,0.0,26.0
2026-02-18 04:15:00,138.4,417.576,13.49,4.7,0.25,0.0
2026-02-07 01:45:00,308.3,298.704,13.25,16.8,0.0,155.0
2026-01-30 13:15:00,302.5,301.752,13.45,5.1,0.0,0.0
2026-02-24 01:30:00,314.8,316.992,13.23,16.5,0.0,44.0
2026-01-05 22:00:00,265.1,414.528,13.42,10.9,0.425,48.0
2026-01-06 07:15:00,157.9,438.912,13.43,9.8,0.0,0.0
2026-02-15 02:00:00,301.9,301.752,13.32,11.7,0.0,14.0
2026-02-26 14:00:00,292.5,323.088,13.39,11.7,0.0,0.0
2026-01-25 02:15:00,307.4,304.8,13.24,10.7,0.0,5.0
2026-01-20 17:30:00,302.6,307.848,13.49,7.2,0.0,106.0
2026-02-12 12:15:00,153.2,301.752,13.43,8.2,0.0,0.0
2026-02-21 12:45:00,275.3,326.136,13.62,3.9,0.0,0.0
2026-02-20 01:30:00,216.2,350.52,13.45,9.1,0.0,195.0
2026-01-21 22:15:00,307.4,307.848,13.32,13.3,0.0,291.0
2026-02-01 09:30:00,305.0,304.8,13.45,7.6,0.0,0.0
2026-02-28 23:15:00,325.8,316.992,13.21,22.0,0.0,512.0
2026-02-28 13:30:00,323.8,316.992,13.31,15.9,0.0,0.0
2026-02-23 19:15:00,308.0,316.992,13.36,16.1,0.0,561.0
2026-02-10 07:45:00,307.7,298.704,13.37,9.4,0.0,0.0
2026-01-08 05:15:00,295.8,338.32800000000003,13.4,8.8,0.0,0.0
2026-01-16 12:15:00,303.2,310.896,13.52,10.5,0.0,0.0
2026-01-29 06:45:00,305.0,301.752,13.42,8.4,0.0,0.0
2026-01-17 02:15:00,304.0,310.896,13.24,11.3,0.0,1.0
2026-01-30 00:45:00,304.2,301.752,13.28,16.0,0.0,298.0
2026-02-15 05:30:00,301.7,301.752,13.34,11.1,0.0,0.0
2026-01-19 19:00:00,306.5,310.896,13.44,13.3,0.0,406.0
2026-01-30 09:00:00,303.7,301.752,13.46,6.1,0.0,0.0
2026-02-09 13:45:00,309.1,298.704,13.44,9.3,0.0,0.0
2026-02-12 22:30:00,228.9,301.752,13.25,15.8,0.0,571.0
2026-01-17 14:45:00,304.7,310.896,13.51,4.5,0.0,0.0
2026-01-17 12:45:00,304.8,310.896,13.49,5.8,0.0,0.0
2026-02-07 03:15:00,308.7,298.704,13.27,12.1,0.0,0.0
2026-02-13 22:45:00,295.5,298.704,13.33,14.9,0.0,585.0
2026-01-25 22:00:00,300.1,304.8,13.36,10.9,0.0,361.0
2026-01-27 08:30:00,300.0,304.8,13.44,4.8,0.0,0.0
2026-01-18 01:30:00,303.0,310.896,13.29,12.6,0.0,66.0
2026-02-04 07:15:00,301.1,301.752,13.34,7.9,0.0,0.0
2026-02-19 03:00:00,197.6,341.37600000000003,13.48,6.5,0.025,0.0
2026-01-25 15:15:00,301.3,304.8,13.52,3.0,0.0,0.0
2026-01-08 09:15:00,296.8,344.424,13.4,8.3,0.0,0.0
2026-02-07 01:00:00,307.8,301.752,13.28,16.8,0.0,155.0
2026-01-19 19:15:00,306.3,307.848,13.41,13.3,0.0,406.0
2026-01-15 19:15:00,299.7,310.896,13.41,13.5,0.0,437.0
2026-02-05 22:30:00,300.7,301.752,13.17,19.5,0.0,562.0
2026-01-24 15:15:00,307.5,304.8,13.48,5.8,0.0,0.0
2026-02-22 17:30:00,297.1,323.088,13.42,12.4,0.0,243.0
2026-01-26 09:15:00,301.7,304.8,13.47,5.1,0.0,0.0
2026-01-10 14:00:00,293.1,323.088,13.58,2.1,0.0,0.0
2026-01-09 19:00:00,290.3,326.136,13.46,9.3,0.0,422.0
2026-01-19 06:45:00,312.9,307.848,13.44,7.1,0.0,0.0
2026-01-31 21:00:00,302.4,301.752,13.32,15.6,0.0,542.0
2026-01-10 20:30:00,292.3,323.088,13.41,10.8,0.0,493.0
2026-01-23 19:00:00,310.7,304.8,13.42,11.2,0.0,293.0
2026-02-22 14:00:00,296.4,320.04,13.41,8.5,0.0,0.0
2026-02-06 19:00:00,303.6,301.752,13.34,16.7,0.0,493.0
2026-01-08 09:30:00,296.9,341.37600000000003,13.4,8.3,0.0,0.0
2026-02-11 21:45:00,217.6,320.04,13.38,12.2,0.125,261.0
2026-01-16 16:15:00,302.4,310.896,13.53,7.2,0.0,16.0
2026-01-11 07:00:00,297.5,323.088,13.46,5.8,0.0,0.0
2026-02-09 02:15:00,309.7,298.704,13.32,12.9,0.0,15.0
2026-02-05 23:15:00,301.8,301.752,13.2,19.9,0.0,474.0
2026-02-16 04:15:00,296.8,387.096,13.4,10.7,0.8,0.0
2026-01-24 06:30:00,309.8,307.848,13.45,8.2,0.0,0.0
2026-02-23 07:00:00,308.9,316.992,13.35,11.5,0.0,0.0
2026-02-13 17:45:00,288.9,298.704,13.45,10.0,0.0,130.0
2026-02-11 08:45:00,280.4,310.896,13.41,10.4,0.1,0.0
2026-02-02 21:45:00,300.2,301.752,13.31,17.5,0.0,583.0
2026-01-26 12:30:00,300.9,304.8,13.5,5.2,0.0,0.0
2026-01-25 11:00:00,304.0,304.8,13.49,3.6,0.0,0.0
2026-02-23 12:00:00,309.2,316.992,13.35,8.6,0.0,0.0
2026-01-05 21:15:00,262.1,381.0,13.38,11.8,0.125,76.0
2026-02-05 16:15:00,299.6,301.752,13.47,6.1,0.0,28.0
2026-01-29 13:30:00,304.4,301.752,13.51,5.4,0.0,0.0
2026-01-12 06:15:00,299.7,320.04,13.47,5.6,0.0,0.0
2026-02-05 07:00:00,304.0,301.752,13.33,7.3,0.0,0.0
2026-02-15 11:15:00,301.4,301.752,13.37,10.8,0.0,0.0
2026-02-25 13:45:00,160.1,374.904,13.29,13.8,0.025,0.0
2026-02-06 23:15:00,306.2,301.752,13.21,18.3,0.0,469.0
2026-01-23 11:30:00,310.6,304.8,13.45,8.7,0.0,0.0
2026-01-13 13:00:00,299.5,313.944,13.54,3.6,0.0,0.0
2026-01-30 11:15:00,303.2,301.752,13.42,5.9,0.0,0.0
2026-02-21 23:00:00,282.3,323.088,13.31,14.5,0.0,446.0
2026-02-03 11:45:00,298.8,301.752,13.47,7.8,0.0,0.0
2026-02-17 16:15:00,179.8,627.888,13.5,7.2,0.125,10.0
2026-01-08 19:30:00,293.4,335.28000000000003,13.46,10.1,0.0,422.0
2026-01-14 21:45:00,300.1,313.944,13.25,15.4,0.0,513.0
2026-01-06 19:15:00,229.0,368.808,13.35,13.4,0.0,334.0
2026-01-28 12:30:00,299.8,304.8,13.41,10.7,0.075,0.0
2026-01-19 18:00:00,306.6,310.896,13.49,10.5,0.0,261.0
2026-01-28 19:45:00,302.2,301.752,13.37,14.4,0.0,432.0
2026-02-06 18:45:00,304.1,301.752,13.29,15.1,0.0,365.0
2026-02-28 05:30:00,322.3,316.992,13.16,17.5,0.0,0.0
2026-02-15 20:00:00,298.9,301.752,13.38,12.2,0.225,180.0
2026-01-28 08:15:00,300.5,301.752,13.32,11.7,0.0,0.0
2026-01-30 15:00:00,301.9,301.752,13.47,4.2,0.0,0.0
2026-01-08 09:45:00,297.0,341.37600000000003,13.38,8.3,0.0,0.0
2026-02-19 10:15:00,247.6,411.48,13.5,6.2,0.525,0.0
2026-02-15 18:00:00,300.9,298.704,13.42,13.0,0.0,205.0
2026-02-05 00:00:00,301.2,301.752,13.2,17.9,0.0,335.0
2026-02-14 20:30:00,299.7,301.752,13.33,12.7,0.0,436.0
2026-02-24 21:45:00,317.7,313.944,13.19,19.0,0.0,345.0
2026-02-06 17:00:00,304.5,301.752,13.44,12.8,0.0,191.0
2026-02-12 13:45:00,160.6,301.752,13.4,7.8,0.0,0.0
2026-02-28 15:00:00,323.4,316.992,13.28,13.6,0.0,2.0
2026-02-08 05:45:00,310.8,301.752,13.34,10.4,0.0,0.0
2026-01-20 10:30:00,304.8,307.848,13.52,5.4,0.0,0.0
2026-01-16 15:15:00,302.6,310.896,13.49,7.0,0.0,0.0
2026-01-30 14:30:00,301.8,301.752,13.47,4.7,0.0,0.0
2026-02-17 14:15:00,183.9,335.28000000000003,13.49,8.3,0.025,0.0
2026-01-11 03:45:00,296.9,323.088,13.35,7.0,0.0,0.0
2026-02-16 06:45:00,249.1,347.472,13.42,10.5,0.575,0.0
2026-01-14 11:45:00,302.7,313.944,13.52,5.2,0.0,0.0
2026-02-10 10:15:00,306.2,298.704,13.33,9.2,0.0,0.0
2026-02-23 01:45:00,305.9,320.04,13.27,16.0,0.0,204.0
2026-02-08 15:15:00,304.7,298.704,13.43,8.3,0.0,0.0
2026-02-14 02:45:00,299.9,301.752,13.38,10.4,0.0,23.0
2026-02-23 14:45:00,308.5,316.992,13.42,7.6,0.0,0.0
2026-02-01 04:15:00,305.6,301.752,13.35,8.2,0.0,0.0
2026-01-13 22:30:00,298.2,316.992,13.29,15.3,0.0,484.0
2026-01-24 11:15:00,308.7,304.8,13.42,8.8,0.0,0.0
2026-01-13 15:00:00,298.5,313.944,13.61,2.4,0.0,0.0
2026-02-09 14:00:00,309.2,298.704,13.45,9.1,0.0,0.0
2026-02-18 03:45:00,138.7,448.056,13.5,5.6,0.125,0.0
2026-02-02 08:00:00,305.1,301.752,13.46,9.3,0.0,0.0
2026-02-28 19:30:00,322.9,316.992,13.2,23.0,0.0,528.0
2026-02-24 11:15:00,314.7,316.992,13.38,12.7,0.0,0.0
2026-01-23 06:45:00,311.4,304.8,13.38,8.3,0.0,0.0
2026-01-27 09:45:00,299.4,304.8,13.5,4.7,0.0,0.0
2026-02-08 14:30:00,305.0,298.704,13.49,8.2,0.0,0.0
2026-01-07 08:30:00,274.7,350.52,13.48,9.6,0.0,0.0
2026-02-07 07:45:00,307.6,301.752,13.34,10.2,0.0,0.0
2026-02-11 23:45:00,221.2,448.056,13.34,12.1,0.025,135.0
2026-02-19 02:45:00,196.3,341.37600000000003,13.48,6.8,0.025,8.0
2026-02-23 22:15:00,310.2,313.944,13.26,18.6,0.0,498.0
2026-01-05 15:45:00,249.4,371.856,13.46,9.4,0.0,0.0
2026-02-07 00:00:00,307.4,301.752,13.18,19.0,0.0,326.0
2026-01-08 07:15:00,296.3,338.32800000000003,13.45,9.4,0.025,0.0
2026-01-24 09:15:00,309.0,307.848,13.39,8.8,0.0,0.0
2026-02-22 05:00:00,290.5,323.088,13.4,8.8,0.0,0.0
2026-02-08 02:45:00,313.8,298.704,13.3,13.1,0.0,18.0
2026-02-25 04:45:00,322.3,313.944,13.25,14.8,0.05,0.0
2026-02-15 08:15:00,301.4,301.752,13.35,10.7,0.0,0.0
2026-02-12 05:30:00,152.4,310.896,13.38,9.4,0.0,0.0
2026-01-06 22:00:00,247.3,365.76,13.35,14.6,0.0,379.0
2026-02-15 17:30:00,300.7,301.752,13.34,11.7,0.05,113.0
2026-01-15 10:15:00,303.4,313.944,13.46,5.2,0.0,0.0
2026-02-02 10:30:00,303.8,301.752,13.46,8.2,0.0,0.0
2026-01-31 13:00:00,304.1,301.752,13.43,5.3,0.0,0.0
2026-02-07 11:45:00,309.6,298.704,13.42,9.5,0.0,0.0
2026-01-16 00:00:00,302.4,310.896,13.28,16.8,0.0,245.0
2026-02-28 10:45:00,323.3,316.992,13.28,14.9,0.0,0.0
2026-02-03 16:15:00,294.9,298.704,13.46,5.8,0.0,29.0
2026-02-18 12:00:00,176.6,362.712,13.58,3.2,0.0,0.0
2026-01-30 15:30:00,301.3,301.752,13.53,4.2,0.0,0.0
2026-01-26 03:45:00,302.1,304.8,13.41,6.1,0.0,0.0
2026-02-01 16:30:00,302.5,301.752,13.52,6.5,0.0,25.0
2026-02-23 15:15:00,308.3,316.992,13.47,7.4,0.0,1.0
2026-01-15 12:45:00,302.2,313.944,13.5,4.5,0.0,0.0
2026-01-07 00:00:00,254.6,362.712,13.29,14.2,0.0,161.0
2026-02-24 07:00:00,315.0,316.992,13.31,12.2,0.075,0.0
2026-01-15 22:00:00,300.6,310.896,13.26,16.7,0.0,486.0
2026-01-14 00:00:00,299.6,313.944,13.24,15.0,0.0,242.0
2026-01-16 22:45:00,303.6,310.896,13.15,17.4,0.0,496.0
2026-02-07 04:45:00,308.4,298.704,13.36,11.2,0.0,0.0
2026-02-03 06:30:00,302.8,301.752,13.42,10.6,0.0,0.0
2026-02-04 01:00:00,299.8,301.752,13.15,15.5,0.0,151.0
2026-02-07 23:15:00,317.0,298.704,13.25,16.0,0.0,400.0
2026-02-02 17:30:00,300.0,301.752,13.43,10.2,0.0,161.0
2026-01-10 18:15:00,291.7,323.088,13.49,7.8,0.0,283.0
2026-02-13 03:30:00,265.9,301.752,13.32,10.9,0.0,0.0
2026-01-06 00:45:00,210.3,615.696,13.37,10.9,0.875,16.0
2026-01-17 00:30:00,304.4,310.896,13.23,16.8,0.0,251.0
2026-02-22 04:15:00,289.9,323.088,13.35,9.2,0.0,0.0
2026-01-20 15:30:00,302.7,307.848,13.52,5.1,0.0,0.0
2026-02-04 23:45:00,300.8,301.752,13.19,17.7,0.0,482.0
2026-02-18 23:45:00,188.4,347.472,13.4,9.4,0.025,405.0
2026-02-04 02:00:00,300.1,298.704,13.23,12.7,0.0,14.0
2026-02-06 13:00:00,306.2,298.704,13.41,10.1,0.0,0.0
2026-02-08 13:00:00,306.0,298.704,13.43,8.2,0.0,0.0
2026-01-13 05:15:00,300.9,316.992,13.4,6.4,0.0,0.0
2026-02-01 16:15:00,302.6,301.752,13.51,6.5,0.0,25.0
2026-01-06 23:45:00,254.0,359.664,13.32,14.7,0.0,293.0
2026-02-23 03:30:00,307.8,316.992,13.31,12.2,0.0,0.0
2026-02-21 10:15:00,274.7,326.136,13.56,4.9,0.0,0.0
2026-02-07 09:45:00,307.8,298.704,13.41,9.7,0.0,0.0
2026-01-30 05:15:00,304.6,301.752,13.29,7.9,0.0,0.0
2026-01-22 06:45:00,310.5,307.848,13.36,8.0,0.0,0.0
2026-01-26 13:30:00,300.5,307.848,13.53,5.0,0.0,0.0
2026-01-15 22:45:00,301.3,313.944,13.19,16.7,0.0,486.0
2026-02-05 09:30:00,303.7,301.752,13.36,6.1,0.0,0.0
2026-02-07 07:30:00,307.8,298.704,13.34,10.2,0.0,0.0
2026-02-25 14:15:00,155.8,365.76,13.34,13.7,0.0,0.0
2026-01-16 08:30:00,305.1,310.896,13.47,9.5,0.0,0.0
2026-01-27 12:45:00,298.4,304.8,13.51,4.4,0.0,0.0
2026-01-07 05:15:00,271.1,353.568,13.38,8.6,0.0,0.0
2026-01-31 16:15:00,302.6,301.752,13.5,5.4,0.0,25.0
2026-01-29 07:45:00,304.9,301.752,13.39,8.2,0.0,0.0
2026-01-09 00:45:00,293.3,332.232,13.31,11.6,0.0,225.0
2026-02-23 16:30:00,308.0,316.992,13.4,9.3,0.0,73.0
2026-01-24 04:15:00,311.1,304.8,13.46,7.6,0.0,0.0
2026-02-28 04:45:00,322.3,316.992,13.19,17.9,0.0,0.0
2026-02-05 00:45:00,301.8,298.704,13.14,17.9,0.0,335.0
2026-02-18 07:45:00,141.1,387.096,13.53,3.9,0.05,0.0
2026-01-23 08:45:00,310.9,307.848,13.44,8.5,0.0,0.0
2026-02-05 06:15:00,304.1,298.704,13.34,7.9,0.0,0.0
2026-01-18 00:15:00,302.8,310.896,13.26,15.0,0.0,219.0
2026-01-24 11:30:00,308.7,304.8,13.47,8.8,0.0,0.0
2026-01-22 15:30:00,309.9,307.848,13.45,6.1,0.0,0.0
2026-01-12 21:45:00,296.5,316.992,13.31,12.6,0.0,508.0
2026-02-20 16:00:00,253.6,335.28000000000003,13.64,2.7,0.0,58.0
2026-02-09 22:30:00,308.1,298.704,13.25,16.4,0.0,488.0
2026-01-05 15:00:00,246.3,374.904,13.44,9.4,0.0,0.0
2026-02-20 11:15:00,247.2,338.32800000000003,13.6,3.4,0.0,0.0
2026-01-11 21:00:00,294.0,320.04,13.42,14.5,0.0,504.0
2026-02-03 15:15:00,295.6,298.704,13.49,4.8,0.0,0.0
2026-01-31 12:45:00,304.1,301.752,13.47,6.3,0.0,0.0
2026-01-19 06:15:00,312.9,307.848,13.41,7.1,0.0,0.0
2026-02-14 10:30:00,298.5,298.704,13.44,8.8,0.0,0.0
2026-02-05 04:30:00,304.0,301.752,13.25,8.9,0.0,0.0
2026-01-31 07:00:00,305.1,301.752,13.37,8.2,0.0,0.0
2026-02-02 07:00:00,305.4,301.752,13.36,9.2,0.0,0.0
2026-01-14 23:15:00,301.3,313.944,13.24,15.0,0.0,378.0
2026-02-12 19:15:00,201.8,301.752,13.37,13.3,0.0,409.0
2026-01-11 17:00:00,293.8,320.04,13.59,7.3,0.0,136.0
2026-01-31 11:15:00,304.7,301.752,13.4,6.3,0.0,0.0
2026-01-28 01:15:00,299.5,304.8,13.36,14.5,0.0,39.0
2026-02-13 15:15:00,287.2,298.704,13.45,8.4,0.0,0.0
2026-02-22 11:30:00,295.3,320.04,13.4,9.1,0.0,0.0
2026-02-14 05:30:00,299.4,298.704,13.41,9.1,0.0,0.0
2026-02-26 09:30:00,284.5,326.136,13.39,13.0,0.0,0.0
2026-02-05 00:15:00,301.6,301.752,13.15,17.9,0.0,335.0
2026-02-14 09:15:00,298.8,301.752,13.46,9.1,0.0,0.0
2026-02-16 08:15:00,205.0,323.088,13.43,9.9,0.45,0.0
2026-01-12 04:00:00,299.5,320.04,13.37,6.7,0.0,0.0
2026-02-11 19:45:00,214.6,304.8,13.31,13.4,0.05,322.0
2026-01-31 23:45:00,304.3,301.752,13.22,15.3,0.0,408.0
2026-02-25 16:45:00,159.2,356.616,13.3,14.3,0.0,25.0
2026-02-24 16:00:00,315.5,316.992,13.32,14.0,0.0,53.0
2026-02-11 03:30:00,303.6,371.856,13.41,10.0,0.05,0.0
2026-02-25 12:30:00,182.2,390.144,13.28,13.8,0.025,0.0
2026-02-01 07:45:00,305.2,301.752,13.37,7.5,0.0,0.0
2026-01-15 09:30:00,303.6,313.944,13.45,5.4,0.0,0.0
2026-02-03 02:00:00,303.4,301.752,13.31,12.8,0.0,13.0
2026-02-05 08:45:00,303.9,301.752,13.38,6.6,0.0,0.0
2026-03-01 05:00:00,326.7,313.944,13.3,13.2,0.0,0.0
2026-01-22 22:00:00,309.5,307.848,13.32,15.6,0.0,496.0
2026-01-17 08:45:00,306.1,310.896,13.48,8.4,0.0,0.0
2026-02-27 15:00:00,311.3,320.04,13.33,12.7,0.0,2.0
2026-02-24 00:15:00,313.1,313.944,13.25,18.0,0.0,194.0
2026-01-25 14:00:00,302.0,304.8,13.44,3.1,0.0,0.0
2026-01-16 07:30:00,305.7,310.896,13.46,9.1,0.0,0.0
2026-02-02 22:30:00,300.9,301.752,13.27,18.0,0.0,561.0
2026-02-23 12:45:00,308.9,316.992,13.44,8.6,0.0,0.0
2026-01-19 16:00:00,306.9,310.896,13.52,4.6,0.0,15.0
2026-02-12 01:00:00,222.9,384.048,13.41,11.2,0.075,50.0
2026-02-08 17:15:00,304.2,298.704,13.45,10.5,0.0,133.0
2026-01-30 07:45:00,304.0,301.752,13.43,7.2,0.0,0.0
2026-02-18 17:00:00,210.7,347.472,13.61,6.2,0.0,192.0
2026-01-24 20:00:00,305.7,304.8,13.4,14.5,0.0,552.0
2026-01-16 00:30:00,303.0,313.944,13.23,16.8,0.0,245.0
2026-02-05 13:30:00,301.4,298.704,13.5,5.5,0.0,0.0
2026-01-28 05:00:00,301.0,304.8,13.35,11.7,0.0,0.0
2026-01-06 10:30:00,168.3,402.336,13.41,8.8,0.025,0.0
2026-01-24 07:15:00,309.6,304.8,13.46,8.2,0.0,0.0
2026-01-18 04:45:00,307.2,307.848,13.35,8.0,0.0,0.0
2026-01-20 21:00:00,303.0,307.848,13.33,13.8,0.0,457.0
2026-01-15 00:45:00,302.3,313.944,13.22,15.8,0.0,239.0
2026-02-25 07:30:00,302.4,499.872,13.28,14.0,0.225,0.0
2026-01-18 20:00:00,305.4,310.896,13.29,15.7,0.0,514.0
2026-02-01 14:15:00,303.7,301.752,13.51,5.6,0.0,0.0
2026-02-05 02:45:00,303.6,301.752,13.23,12.4,0.0,16.0
2026-01-31 10:30:00,304.8,301.752,13.41,7.0,0.0,0.0
2026-02-01 00:00:00,304.7,301.752,13.26,14.8,0.0,286.0
2026-02-09 18:15:00,307.2,298.704,13.37,13.2,0.0,346.0
2026-01-30 01:15:00,304.5,304.8,13.21,14.0,0.0,129.0
2026-01-28 17:45:00,301.1,304.8,13.36,11.1,0.0,136.0
2026-01-25 19:45:00,299.4,304.8,13.41,8.3,0.0,230.0
2026-01-30 08:00:00,303.9,301.752,13.44,6.4,0.0,0.0
2026-01-19 22:00:00,307.2,307.848,13.3,15.0,0.0,499.0
2026-02-05 14:00:00,301.3,298.704,13.46,4.9,0.0,0.0
2026-02-07 06:00:00,307.9,301.752,13.37,10.0,0.0,0.0
2026-01-12 07:45:00,299.8,320.04,13.52,5.5,0.0,0.0
2026-02-21 11:45:00,275.0,323.088,13.56,5.0,0.0,0.0
2026-02-22 06:00:00,291.7,323.088,13.36,8.9,0.0,0.0
2026-02-15 18:45:00,300.3,301.752,13.41,13.0,0.0,205.0
2026-01-30 02:45:00,304.9,301.752,13.28,11.4,0.0,9.0
2026-01-30 13:30:00,302.4,304.8,13.46,5.1,0.0,0.0
2026-02-24 04:00:00,316.0,316.992,13.32,13.4,0.0,0.0
2026-01-06 02:00:00,148.2,633.984,13.39,10.3,1.575,0.0
2026-02-03 09:15:00,301.0,301.752,13.41,9.0,0.0,0.0
2026-02-28 09:15:00,323.1,316.992,13.25,15.9,0.0,0.0
2026-02-09 23:45:00,308.5,298.704,13.28,17.0,0.0,443.0
2026-02-07 21:30:00,318.2,298.704,13.33,16.6,0.0,585.0
2026-01-17 13:30:00,305.1,310.896,13.56,4.7,0.0,0.0
2026-02-11 20:30:00,215.7,304.8,13.37,12.9,0.25,427.0
2026-01-27 11:00:00,298.9,304.8,13.46,4.7,0.0,0.0
2026-02-09 01:45:00,309.7,298.704,13.28,14.1,0.0,148.0
2026-02-11 14:00:00,226.6,310.896,13.34,10.0,0.05,0.0
2026-02-02 19:00:00,299.6,301.752,13.41,15.6,0.0,454.0
2026-01-25 09:15:00,305.0,304.8,13.51,7.0,0.0,0.0
2026-02-26 06:45:00,277.7,329.184,13.3,13.3,0.0,0.0
2026-01-13 19:15:00,297.1,316.992,13.39,12.5,0.0,429.0
2026-02-08 14:45:00,304.8,298.704,13.44,8.2,0.0,0.0
2026-02-20 12:30:00,249.2,338.32800000000003,13.63,2.1,0.0,0.0
2026-01-12 01:30:00,297.7,320.04,13.33,10.6,0.0,53.0
2026-01-10 07:15:00,295.2,326.136,13.48,3.9,0.0,0.0
2026-02-07 20:00:00,319.8,298.704,13.34,14.8,0.0,544.0
2026-01-06 13:30:00,201.2,387.096,13.41,9.3,0.0,0.0
2026-01-28 23:00:00,302.7,301.752,13.25,15.8,0.0,413.0
2026-01-28 13:45:00,300.0,304.8,13.43,10.1,0.0,0.0
2026-02-27 19:45:00,311.2,320.04,13.22,21.9,0.0,587.0
2026-01-29 04:30:00,304.7,304.8,13.37,10.3,0.0,0.0
2026-01-23 12:00:00,310.7,304.8,13.39,8.8,0.0,0.0
2026-01-08 02:30:00,294.6,341.37600000000003,13.37,9.8,0.0,0.0
2026-01-07 03:45:00,268.0,356.616,13.34,10.0,0.0,0.0
2026-01-31 00:30:00,303.0,301.752,13.26,14.6,0.0,282.0
2026-02-28 20:00:00,323.0,316.992,13.19,22.7,0.0,520.0
2026-02-24 02:45:00,315.5,313.944,13.27,14.5,0.0,23.0
2026-01-14 13:45:00,301.6,313.944,13.59,5.0,0.0,0.0
2026-01-15 10:00:00,303.7,310.896,13.51,5.2,0.0,0.0
2026-01-30 23:15:00,301.8,301.752,13.27,14.6,0.0,409.0
2026-01-30 16:45:00,300.8,301.752,13.46,4.9,0.0,26.0
2026-01-16 06:15:00,305.9,310.896,13.42,8.6,0.0,0.0
2026-01-12 14:45:00,298.4,316.992,13.57,2.9,0.0,0.0
2026-01-09 01:15:00,293.4,332.232,13.36,9.4,0.0,67.0
2026-02-10 20:30:00,302.1,298.704,13.34,14.1,0.0,516.0
2026-01-23 07:00:00,311.4,307.848,13.44,8.3,0.0,0.0
2026-01-10 13:45:00,293.3,323.088,13.54,2.0,0.0,0.0
2026-02-07 09:15:00,307.7,298.704,13.4,9.7,0.0,0.0
2026-02-15 17:15:00,300.7,298.704,13.34,11.7,0.05,113.0
2026-01-08 22:30:00,292.8,332.232,13.38,11.9,0.0,469.0
2026-01-20 16:15:00,302.7,307.848,13.47,5.1,0.0,14.0
2026-01-16 21:30:00,303.1,310.896,13.22,17.2,0.0,539.0
2026-01-30 07:30:00,304.0,301.752,13.43,7.2,0.0,0.0
2026-02-16 18:45:00,115.8,365.76,13.41,10.0,0.275,58.0
2026-02-11 19:15:00,214.3,304.8,13.36,13.4,0.05,322.0
2026-02-12 02:45:00,187.5,326.136,13.36,10.5,0.075,12.0
2026-02-10 00:30:00,308.7,298.704,13.25,16.7,0.0,345.0
2026-01-20 10:00:00,305.2,307.848,13.5,5.4,0.0,0.0
2026-02-01 01:15:00,305.2,301.752,13.22,13.0,0.0,136.0
2026-02-01 09:45:00,304.9,301.752,13.4,7.6,0.0,0.0
2026-02-23 19:00:00,308.0,316.992,13.38,16.1,0.0,561.0
2026-01-06 12:00:00,187.4,393.192,13.41,9.4,0.0,0.0
2026-02-22 14:30:00,296.6,323.088,13.46,8.5,0.0,0.0
2026-01-20 12:30:00,303.8,307.848,13.46,5.6,0.0,0.0
2026-02-19 04:00:00,205.2,341.37600000000003,13.46,6.1,0.05,0.0
2026-01-23 22:15:00,311.3,304.8,13.38,13.0,0.0,388.0
2026-01-15 19:45:00,299.7,310.896,13.33,13.5,0.0,437.0
2026-02-28 14:15:00,323.4,316.992,13.25,14.7,0.0,0.0
2026-02-24 06:45:00,315.2,316.992,13.35,13.0,0.025,0.0
2026-02-05 10:30:00,303.2,298.704,13.4,6.4,0.0,0.0
2026-02-26 03:00:00,262.3,332.232,13.33,13.8,0.0,0.0
2026-01-19 06:30:00,312.9,307.848,13.37,7.1,0.0,0.0
2026-02-05 16:45:00,299.3,301.752,13.43,6.1,0.0,28.0
2026-01-24 17:30:00,306.5,304.8,13.52,9.0,0.0,137.0
2026-02-23 18:15:00,307.7,316.992,13.44,13.9,0.0,326.0
2026-02-11 16:45:00,214.9,307.848,13.42,10.4,0.025,36.0
2026-02-01 13:00:00,304.2,301.752,13.48,5.3,0.0,0.0
2026-02-25 03:30:00,322.4,313.944,13.29,14.7,0.0,0.0
2026-02-04 08:45:00,301.2,301.752,13.42,7.0,0.0,0.0
2026-01-12 03:30:00,299.3,320.04,13.38,7.4,0.0,0.0
2026-02-24 20:45:00,316.7,313.944,13.2,19.1,0.0,528.0
2026-02-06 00:15:00,303.1,301.752,13.14,19.3,0.0,329.0
2026-02-05 03:30:00,303.7,301.752,13.21,10.3,0.0,0.0
2026-02-18 07:30:00,140.6,387.096,13.59,3.9,0.05,0.0
2026-02-01 14:45:00,303.4,301.752,13.5,5.6,0.0,0.0
2026-01-27 19:00:00,296.9,304.8,13.44,12.8,0.0,423.0
2026-01-21 05:00:00,310.7,307.848,13.41,7.2,0.0,0.0
2026-01-17 17:30:00,303.8,310.896,13.5,7.6,0.0,129.0
2026-01-29 03:15:00,304.6,304.8,13.34,11.2,0.0,0.0
2026-01-10 03:30:00,294.8,326.136,13.43,6.4,0.0,0.0
2026-02-21 07:45:00,274.5,329.184,13.5,4.4,0.0,0.0
2026-01-11 05:15:00,297.5,320.04,13.43,5.8,0.0,0.0
2026-02-27 13:30:00,311.1,320.04,13.33,12.3,0.0,0.0
2026-01-19 12:00:00,310.3,307.848,13.53,6.7,0.0,0.0
2026-02-02 02:15:00,305.2,301.752,13.32,12.8,0.0,9.0
2026-02-25 07:45:00,306.7,475.48800000000006,13.33,14.0,0.225,0.0
2026-02-17 23:30:00,136.8,411.48,13.53,8.1,0.25,171.0
2026-02-28 05:15:00,322.5,320.04,13.19,17.5,0.0,0.0
2026-02-10 02:00:00,309.2,298.704,13.32,13.2,0.0,10.0
2026-02-10 08:00:00,307.5,298.704,13.42,9.9,0.0,0.0
2026-01-26 05:45:00,301.9,304.8,13.44,5.4,0.0,0.0
2026-02-14 02:15:00,299.7,301.752,13.32,10.4,0.0,23.0
2026-02-11 06:15:00,298.6,323.088,13.44,10.2,0.3,0.0
2026-02-28 08:00:00,322.9,316.992,13.19,16.2,0.0,0.0
2026-01-12 17:45:00,296.8,320.04,13.53,5.9,0.0,124.0
2026-01-17 11:45:00,305.4,310.896,13.53,5.7,0.0,0.0
2026-01-16 11:15:00,303.7,310.896,13.47,9.1,0.0,0.0
2026-02-15 23:30:00,301.4,301.752,13.32,14.3,0.025,255.0
2026-01-19 13:00:00,309.7,307.848,13.49,5.6,0.0,0.0
2026-01-30 17:30:00,300.2,301.752,13.43,8.4,0.0,171.0
2026-02-15 19:45:00,299.0,301.752,13.38,13.5,0.125,416.0
2026-01-10 13:00:00,293.5,323.088,13.59,2.0,0.0,0.0
2026-02-23 15:00:00,308.2,316.992,13.46,7.4,0.0,1.0
2026-01-08 09:00:00,296.9,341.37600000000003,13.42,8.3,0.0,0.0
2026-02-25 18:00:00,172.1,344.424,13.35,15.5,0.0,144.0
2026-02-26 00:00:00,240.8,332.232,13.24,17.2,0.0,145.0
2026-01-25 04:45:00,307.3,304.8,13.39,8.9,0.0,0.0
2026-01-31 06:45:00,304.9,301.752,13.33,8.5,0.0,0.0
2026-02-12 11:00:00,148.8,304.8,13.43,8.0,0.0,0.0
2026-02-01 12:30:00,304.3,301.752,13.48,6.3,0.0,0.0
2026-01-12 08:15:00,299.9,320.04,13.53,5.5,0.0,0.0
2026-01-10 06:45:00,295.0,326.136,13.45,4.0,0.0,0.0
2026-02-04 22:15:00,298.4,301.752,13.15,17.4,0.0,581.0
2026-02-17 11:15:00,147.8,341.37600000000003,13.49,8.0,0.0,0.0
2026-02-17 10:00:00,133.2,347.472,13.46,7.3,0.0,0.0
2026-01-08 03:30:00,295.1,341.37600000000003,13.42,9.3,0.0,0.0
2026-02-17 17:45:00,131.2,469.39200000000005,13.52,7.5,0.35,26.0
2026-02-27 15:15:00,311.4,320.04,13.35,12.7,0.0,2.0
2026-02-12 20:45:00,213.3,301.752,13.33,14.2,0.0,464.0
2026-02-14 10:45:00,298.6,298.704,13.46,8.8,0.0,0.0
2026-02-21 18:45:00,277.2,323.088,13.44,11.0,0.0,365.0
2026-02-18 09:00:00,145.5,377.952,13.6,3.4,0.0,0.0
2026-01-10 21:45:00,292.9,323.088,13.37,12.2,0.0,510.0
2026-02-20 23:30:00,266.3,332.232,13.44,11.2,0.0,360.0
2026-01-17 00:00:00,304.0,310.896,13.23,16.8,0.0,251.0
2026-02-09 02:45:00,309.4,298.704,13.34,12.9,0.0,15.0
2026-02-14 16:45:00,298.5,301.752,13.4,6.9,0.0,37.0
2026-01-20 19:45:00,302.8,307.848,13.36,11.3,0.0,378.0
2026-01-10 12:30:00,293.7,323.088,13.55,2.5,0.0,0.0
2026-01-07 09:30:00,275.3,350.52,13.49,9.3,0.0,0.0
2026-01-07 00:30:00,256.7,362.712,13.28,14.2,0.0,161.0
2026-01-22 16:45:00,309.5,307.848,13.45,7.1,0.0,17.0
2026-02-20 17:45:00,255.6,335.28000000000003,13.52,5.7,0.0,173.0
2026-02-06 12:00:00,306.2,301.752,13.35,10.0,0.0,0.0
2026-01-12 20:30:00,296.4,320.04,13.36,12.1,0.0,489.0
2026-01-27 10:45:00,299.1,304.8,13.53,4.5,0.0,0.0
2026-02-25 17:45:00,169.1,347.472,13.32,15.0,0.0,74.0
2026-01-31 02:45:00,304.8,301.752,13.31,10.6,0.0,9.0
2026-01-09 06:00:00,293.0,329.184,13.42,7.0,0.0,0.0
2026-02-25 12:45:00,174.1,390.144,13.29,13.8,0.025,0.0
2026-02-07 04:15:00,308.4,298.704,13.33,11.2,0.0,0.0
2026-02-20 08:45:00,242.1,341.37600000000003,13.52,4.8,0.0,0.0
2026-01-22 01:45:00,309.0,307.848,13.38,10.4,0.0,32.0
2026-02-17 14:00:00,181.1,335.28000000000003,13.49,8.3,0.025,0.0
2026-01-30 13:45:00,302.4,304.8,13.49,5.1,0.0,0.0
2026-01-15 03:45:00,304.0,313.944,13.29,9.1,0.0,0.0
2026-02-21 05:30:00,273.7,329.184,13.51,4.8,0.0,0.0
2026-02-21 11:15:00,275.0,326.136,13.6,5.0,0.0,0.0
2026-01-30 14:00:00,302.2,301.752,13.45,4.7,0.0,0.0
2026-01-13 09:45:00,300.7,316.992,13.51,4.2,0.0,0.0
2026-02-15 02:45:00,301.9,298.704,13.37,11.7,0.0,14.0
2026-01-08 22:15:00,292.6,332.232,13.38,11.9,0.0,469.0
2026-01-05 19:15:00,257.1,359.664,13.37,12.1,0.1,196.0
2026-02-20 00:45:00,211.9,353.568,13.42,9.7,0.0,389.0
2026-02-17 21:15:00,111.3,463.2960000000001,13.52,7.9,0.25,78.0
2026-02-19 06:15:00,226.6,347.472,13.47,6.2,0.05,0.0
2026-01-20 19:30:00,302.5,307.848,13.4,11.3,0.0,378.0
2026-02-19 06:00:00,224.3,350.52,13.52,6.2,0.05,0.0
2026-02-21 20:30:00,278.3,323.088,13.43,13.3,0.0,665.0
2026-02-09 11:15:00,309.9,298.704,13.35,10.2,0.0,0.0
2026-02-23 04:45:00,308.0,316.992,13.33,11.5,0.0,0.0
2026-01-13 09:00:00,301.1,316.992,13.54,4.2,0.0,0.0
2026-02-14 08:00:00,298.9,301.752,13.4,9.3,0.0,0.0
2026-01-14 17:30:00,299.9,313.944,13.53,8.0,0.0,133.0
2026-01-09 02:00:00,293.3,332.232,13.38,7.9,0.0,0.0
2026-02-27 04:00:00,311.8,320.04,13.25,16.0,0.0,0.0
2026-02-11 02:00:00,303.9,310.896,13.36,10.6,0.15,11.0
2026-02-05 07:30:00,304.1,301.752,13.41,7.3,0.0,0.0
2026-01-08 18:45:00,293.6,335.28000000000003,13.5,8.7,0.0,295.0
2026-01-07 20:30:00,287.2,341.37600000000003,13.33,13.3,0.0,475.0
2026-02-01 14:00:00,303.8,301.752,13.5,5.6,0.0,0.0
2026-01-27 15:00:00,297.8,304.8,13.53,3.9,0.0,0.0
2026-01-08 18:00:00,294.3,332.232,13.48,8.7,0.0,295.0
2026-02-03 20:45:00,295.2,301.752,13.27,15.6,0.0,583.0
2026-01-19 05:45:00,312.8,310.896,13.41,8.1,0.0,0.0
2026-02-02 23:00:00,301.4,304.8,13.23,17.8,0.0,459.0
2026-01-29 01:00:00,304.1,301.752,13.28,14.2,0.0,121.0
2026-02-25 05:00:00,322.5,313.944,13.29,13.9,0.35,0.0
2026-02-24 22:45:00,319.1,313.944,13.24,18.2,0.0,367.0
2026-01-24 12:30:00,308.3,304.8,13.49,6.8,0.0,0.0
2026-01-10 05:45:00,295.3,326.136,13.47,4.4,0.0,0.0
2026-02-17 19:45:00,110.7,554.736,13.47,8.0,0.3,94.0
2026-02-09 13:30:00,309.4,298.704,13.44,9.3,0.0,0.0
2026-02-17 08:30:00,117.4,356.616,13.51,7.1,0.0,0.0
2026-02-23 21:00:00,309.2,316.992,13.35,18.7,0.0,695.0
2026-01-26 22:00:00,299.7,301.752,13.32,14.7,0.0,531.0
2026-02-04 12:30:00,300.1,301.752,13.51,4.9,0.0,0.0
2026-02-25 08:00:00,307.5,441.96,13.28,14.0,0.125,0.0
2026-01-24 12:15:00,308.6,307.848,13.48,6.8,0.0,0.0
2026-01-11 07:30:00,297.3,323.088,13.48,5.8,0.0,0.0
2026-02-16 02:00:00,302.7,323.088,13.36,11.1,0.15,8.0
2026-02-09 10:30:00,310.0,298.704,13.37,10.8,0.0,0.0
2026-01-25 05:30:00,307.2,304.8,13.35,8.2,0.0,0.0
2026-01-09 09:45:00,292.3,329.184,13.5,5.8,0.0,0.0
2026-02-01 05:00:00,305.5,301.752,13.36,7.8,0.0,0.0
2026-01-25 09:00:00,305.3,304.8,13.52,7.0,0.0,0.0
2026-01-20 06:30:00,309.5,307.848,13.46,7.0,0.0,0.0
2026-01-13 06:30:00,301.1,313.944,13.48,5.2,0.0,0.0
2026-02-16 22:00:00,131.3,451.104,13.47,9.0,0.425,46.0
2026-01-22 03:45:00,309.7,307.848,13.39,9.1,0.0,0.0
2026-02-07 05:15:00,308.2,298.704,13.33,10.9,0.0,0.0
2026-02-21 15:30:00,275.2,326.136,13.57,4.6,0.0,0.0
2026-02-17 15:00:00,191.4,332.232,13.49,7.2,0.35,0.0
2026-01-20 11:30:00,304.5,307.848,13.53,5.5,0.0,0.0
2026-02-03 09:00:00,301.2,301.752,13.46,9.0,0.0,0.0
2026-01-08 02:45:00,294.8,341.37600000000003,13.43,9.8,0.0,0.0
2026-01-17 17:00:00,303.9,310.896,13.49,7.6,0.0,129.0
2026-02-23 18:30:00,307.9,316.992,13.42,13.9,0.0,326.0
2026-02-09 08:15:00,309.6,298.704,13.37,12.7,0.0,0.0
2026-02-01 20:15:00,301.4,301.752,13.35,15.3,0.0,504.0
2026-02-03 01:30:00,303.1,301.752,13.23,15.2,0.0,143.0
2026-02-21 02:30:00,271.0,329.184,13.41,7.9,0.0,41.0
2026-02-17 10:30:00,139.1,344.424,13.49,7.3,0.0,0.0
2026-01-24 13:30:00,308.0,307.848,13.47,6.6,0.0,0.0
2026-01-05 10:45:00,216.9,381.0,13.45,8.7,0.075,0.0
2026-02-01 20:00:00,301.4,301.752,13.3,15.3,0.0,504.0
2026-02-27 01:00:00,309.7,323.088,13.18,20.2,0.0,214.0
2026-01-28 22:45:00,302.5,301.752,13.3,15.6,0.0,480.0
2026-02-05 20:15:00,298.8,298.704,13.31,16.9,0.0,552.0
2026-01-20 17:00:00,302.9,307.848,13.5,7.2,0.0,106.0
2026-02-16 00:00:00,302.0,301.752,13.37,12.4,0.8,196.0
2026-01-28 17:30:00,301.1,304.8,13.42,11.1,0.0,136.0
2026-02-11 11:00:00,254.7,335.28000000000003,13.42,10.8,0.05,0.0
2026-02-26 01:45:00,255.2,332.232,13.25,17.0,0.0,121.0
2026-01-16 07:15:00,305.9,313.944,13.39,9.1,0.0,0.0
2026-02-18 08:45:00,144.0,377.952,13.55,4.2,0.0,0.0
2026-01-25 20:15:00,299.6,304.8,13.44,9.6,0.0,322.0
2026-01-26 05:00:00,302.0,304.8,13.47,5.4,0.0,0.0
2026-02-14 09:30:00,298.7,298.704,13.44,9.1,0.0,0.0
2026-02-08 23:45:00,307.7,298.704,13.29,15.1,0.0,450.0
2026-02-06 16:15:00,305.0,301.752,13.4,9.4,0.0,36.0
2026-01-27 03:45:00,302.1,304.8,13.35,7.3,0.0,0.0
2026-01-27 06:30:00,300.7,304.8,13.42,5.5,0.0,0.0
2026-02-03 21:15:00,295.6,301.752,13.26,16.3,0.0,605.0
2026-02-04 12:00:00,300.4,301.752,13.49,4.9,0.0,0.0
2026-02-17 11:45:00,153.9,341.37600000000003,13.48,8.0,0.0,0.0
2026-01-22 02:30:00,309.3,307.848,13.38,9.3,0.0,1.0
2026-02-21 11:30:00,275.1,326.136,13.57,5.0,0.0,0.0
2026-02-15 09:15:00,301.2,301.752,13.35,10.3,0.0,0.0
2026-01-27 12:15:00,298.5,304.8,13.53,4.4,0.0,0.0
2026-01-22 02:45:00,309.6,307.848,13.39,9.3,0.0,1.0
2026-01-22 18:30:00,308.9,307.848,13.4,11.4,0.0,261.0
2026-02-11 11:30:00,249.9,329.184,13.42,10.8,0.05,0.0
2026-02-09 17:15:00,307.4,298.704,13.37,11.0,0.0,137.0
2026-01-30 15:45:00,301.2,301.752,13.48,4.2,0.0,0.0
2026-01-27 21:30:00,297.8,304.8,13.34,16.1,0.0,501.0
2026-01-19 23:15:00,307.3,307.848,13.24,14.7,0.0,397.0
2026-02-10 06:00:00,308.5,298.704,13.34,10.0,0.0,0.0
2026-02-22 09:45:00,294.7,320.04,13.39,9.4,0.0,0.0
2026-01-25 03:30:00,307.5,304.8,13.32,9.5,0.0,0.0
2026-02-03 21:00:00,295.5,301.752,13.28,16.3,0.0,605.0
2026-02-08 06:15:00,310.2,298.704,13.35,9.9,0.0,0.0
2026-01-07 10:45:00,276.1,350.52,13.44,9.7,0.0,0.0
2026-02-03 03:00:00,303.3,301.752,13.29,11.7,0.0,0.0
2026-02-03 07:30:00,302.2,301.752,13.4,10.5,0.0,0.0
2026-02-08 09:15:00,308.2,298.704,13.45,9.2,0.0,0.0
2026-02-14 17:00:00,298.5,298.704,13.45,9.7,0.0,157.0
2026-02-14 13:00:00,298.5,298.704,13.48,6.8,0.0,0.0
2026-02-07 03:00:00,308.5,301.752,13.33,12.1,0.0,0.0
2026-02-18 13:45:00,191.6,356.616,13.6,2.3,0.0,0.0
2026-02-21 04:15:00,272.8,329.184,13.49,5.7,0.0,0.0
2026-02-16 20:30:00,124.7,344.424,13.41,9.2,0.225,74.0
2026-02-18 00:30:00,151.2,451.104,13.48,6.9,0.45,121.0
2026-01-21 03:15:00,310.3,304.8,13.35,8.4,0.0,0.0
2026-01-18 15:30:00,307.0,310.896,13.46,5.2,0.0,0.0
2026-02-05 04:15:00,303.9,301.752,13.23,8.9,0.0,0.0
2026-02-18 18:15:00,217.3,356.616,13.53,6.4,0.025,290.0
2026-02-17 20:30:00,110.0,536.448,13.53,8.0,0.675,90.0
2026-02-27 00:30:00,308.8,323.088,13.14,21.1,0.0,402.0
2026-02-13 02:45:00,262.3,301.752,13.34,11.8,0.0,26.0
2026-01-24 23:00:00,305.6,304.8,13.27,16.0,0.0,441.0
2026-01-16 13:00:00,303.3,310.896,13.48,8.4,0.0,0.0
2026-02-17 13:00:00,169.4,335.28000000000003,13.42,8.0,0.025,0.0
2026-02-19 22:15:00,193.5,359.664,13.45,10.2,0.0,620.0
2026-01-15 05:00:00,304.1,310.896,13.4,7.3,0.0,0.0
2026-01-29 13:00:00,304.5,304.8,13.52,5.4,0.0,0.0
2026-01-18 02:30:00,303.1,310.896,13.28,10.2,0.0,1.0
2026-02-03 05:30:00,303.0,298.704,13.35,11.6,0.0,0.0
2026-01-28 09:00:00,300.4,301.752,13.38,11.8,0.0,0.0
2026-01-14 03:15:00,302.4,313.944,13.37,8.2,0.0,0.0
2026-02-11 06:30:00,297.3,320.04,13.44,10.2,0.3,0.0
2026-02-01 18:15:00,301.8,301.752,13.44,10.9,0.0,248.0
2026-02-27 17:00:00,310.7,320.04,13.4,18.0,0.0,242.0
2026-02-13 17:00:00,288.2,301.752,13.46,10.0,0.0,130.0
2026-02-10 14:30:00,303.1,301.752,13.43,6.2,0.0,0.0
2026-01-09 12:45:00,291.9,329.184,13.6,5.2,0.0,0.0
2026-01-19 00:45:00,311.7,307.848,13.19,16.1,0.0,235.0
2026-01-22 07:30:00,310.4,304.8,13.44,8.2,0.0,0.0
2026-01-21 15:30:00,305.7,307.848,13.48,5.1,0.0,0.0
2026-02-07 05:00:00,308.3,298.704,13.31,10.9,0.0,0.0
2026-02-28 06:45:00,322.6,316.992,13.21,17.1,0.0,0.0
2026-02-07 16:00:00,321.9,301.752,13.39,8.3,0.0,20.0
2026-02-16 18:30:00,115.6,365.76,13.42,10.0,0.275,58.0
2026-01-26 21:00:00,299.2,304.8,13.33,14.1,0.0,573.0
2026-01-16 14:00:00,302.8,310.896,13.49,7.5,0.0,0.0
2026-01-20 08:15:00,307.3,307.848,13.48,5.9,0.0,0.0
2026-02-05 21:30:00,299.8,301.752,13.25,18.6,0.0,597.0
2026-01-12 16:45:00,297.2,316.992,13.57,2.9,0.0,13.0
2026-01-05 14:00:00,241.5,374.904,13.46,9.5,0.025,0.0
2026-01-29 00:15:00,303.6,304.8,13.28,15.7,0.0,284.0
2026-01-30 12:00:00,303.2,301.752,13.48,5.3,0.0,0.0
2026-02-21 03:00:00,271.5,329.184,13.47,6.5,0.0,0.0
2026-01-13 16:00:00,298.1,316.992,13.52,3.0,0.0,15.0
2026-01-06 02:45:00,137.3,518.16,13.36,10.3,1.575,0.0
2026-02-03 06:15:00,302.8,301.752,13.4,10.6,0.0,0.0
2026-02-24 08:15:00,314.4,313.944,13.32,12.2,0.225,0.0
2026-02-18 21:15:00,218.0,405.384,13.53,8.8,0.05,489.0
2026-01-17 01:00:00,304.7,313.944,13.18,13.8,0.0,88.0
2026-02-02 22:15:00,300.7,301.752,13.28,18.0,0.0,561.0
2026-02-20 16:15:00,253.7,335.28000000000003,13.58,2.7,0.0,58.0
2026-02-04 21:45:00,297.5,301.752,13.2,16.6,0.0,607.0
2026-02-24 18:45:00,315.2,313.944,13.25,17.0,0.0,220.0
2026-01-31 02:00:00,304.1,301.752,13.26,10.6,0.0,9.0
2026-01-05 19:30:00,257.5,362.712,13.37,12.1,0.1,196.0
2026-02-26 23:30:00,306.2,323.088,13.18,21.2,0.0,532.0
2026-01-27 07:00:00,300.6,304.8,13.48,5.1,0.0,0.0
2026-01-20 09:30:00,305.6,307.848,13.5,5.6,0.0,0.0
2026-01-09 10:30:00,292.2,329.184,13.52,5.7,0.0,0.0
2026-02-04 17:45:00,295.9,298.704,13.43,8.8,0.0,178.0
2026-01-09 03:15:00,293.6,332.232,13.46,7.3,0.0,0.0
2026-02-10 03:15:00,309.0,298.704,13.34,12.5,0.0,0.0
2026-01-07 07:30:00,274.4,353.568,13.43,9.0,0.0,0.0
2026-02-14 03:30:00,299.8,301.752,13.39,9.6,0.0,0.0
2026-01-14 09:30:00,303.7,313.944,13.48,6.0,0.0,0.0
2026-01-22 12:15:00,310.4,307.848,13.45,7.2,0.0,0.0
2026-01-25 08:30:00,305.4,304.8,13.51,8.3,0.0,0.0
2026-01-27 20:15:00,297.2,301.752,13.34,15.1,0.0,541.0
2026-02-26 05:15:00,272.5,329.184,13.3,13.0,0.0,0.0
2026-02-20 19:30:00,258.6,332.232,13.52,8.9,0.0,367.0
2026-02-13 02:30:00,261.0,301.752,13.27,11.8,0.0,26.0
2026-01-18 23:00:00,309.9,307.848,13.26,16.3,0.0,340.0
2026-01-18 17:15:00,305.8,307.848,13.43,8.2,0.0,142.0
2026-01-14 13:15:00,302.0,313.944,13.53,5.0,0.0,0.0
2026-02-23 07:15:00,309.1,316.992,13.34,11.5,0.0,0.0
2026-02-09 03:00:00,309.5,298.704,13.34,12.9,0.0,0.0
2026-02-25 13:00:00,169.9,390.144,13.33,13.8,0.025,0.0
2026-01-19 20:15:00,306.7,307.848,13.32,14.8,0.0,511.0
2026-01-08 01:15:00,293.5,341.37600000000003,13.35,11.1,0.0,58.0
2026-01-17 22:30:00,302.9,307.848,13.27,16.1,0.0,465.0
2026-02-11 02:15:00,303.9,313.944,13.38,10.6,0.15,11.0
2026-02-06 15:30:00,305.5,301.752,13.41,8.3,0.0,0.0
2026-02-04 18:00:00,295.8,301.752,13.44,12.0,0.0,345.0
2026-02-18 19:15:00,223.0,353.568,13.57,7.1,0.05,342.0
2026-02-12 16:15:00,181.3,301.752,13.45,8.0,0.0,35.0
2026-01-11 21:15:00,294.1,320.04,13.4,14.5,0.0,504.0
2026-02-23 02:30:00,306.6,316.992,13.29,13.2,0.0,42.0
2026-02-11 08:30:00,282.8,310.896,13.37,10.4,0.1,0.0
2026-02-25 07:00:00,313.3,475.48800000000006,13.27,14.0,0.225,0.0
2026-01-22 06:00:00,310.3,307.848,13.38,8.0,0.0,0.0
2026-02-14 14:15:00,298.7,298.704,13.47,6.1,0.0,0.0
2026-01-18 11:15:00,309.0,310.896,13.46,4.8,0.0,0.0
2026-02-28 17:45:00,322.9,316.992,13.24,19.6,0.0,257.0
2026-01-22 05:30:00,310.3,307.848,13.32,8.2,0.0,0.0
2026-02-28 15:30:00,323.6,316.992,13.32,13.6,0.0,2.0
2026-02-09 03:15:00,309.2,298.704,13.28,12.9,0.0,0.0
2026-01-22 16:00:00,309.8,307.848,13.46,7.1,0.0,17.0
2026-02-19 21:45:00,188.7,359.664,13.42,10.1,0.025,676.0
2026-02-03 08:00:00,302.1,301.752,13.39,9.6,0.0,0.0
2026-02-24 10:00:00,314.4,316.992,13.38,12.8,0.0,0.0
2026-01-30 08:15:00,303.7,301.752,13.43,6.4,0.0,0.0
2026-01-26 09:45:00,301.5,304.8,13.45,5.1,0.0,0.0
2026-01-26 08:30:00,301.6,304.8,13.51,5.4,0.0,0.0
2026-01-11 20:00:00,293.5,320.04,13.41,14.0,0.0,489.0
2026-02-18 17:30:00,213.5,350.52,13.6,6.2,0.0,192.0
2026-01-11 10:45:00,296.3,323.088,13.53,4.6,0.0,0.0
2026-01-07 13:15:00,278.6,347.472,13.43,8.8,0.0,0.0
2026-01-27 15:45:00,297.6,304.8,13.56,3.9,0.0,0.0
2026-02-08 01:45:00,314.7,298.704,13.33,15.4,0.0,134.0
2026-02-14 00:00:00,297.3,301.752,13.32,13.2,0.0,348.0
2026-01-10 11:15:00,294.3,323.088,13.58,3.1,0.0,0.0
2026-01-16 00:45:00,303.3,310.896,13.24,16.8,0.0,245.0
2026-02-11 10:00:00,265.7,362.712,13.39,11.3,0.025,0.0
2026-02-20 09:15:00,243.4,341.37600000000003,13.57,4.3,0.0,0.0
2026-02-13 19:15:00,290.3,301.752,13.36,12.6,0.0,374.0
2026-01-20 07:45:00,307.9,307.848,13.43,6.7,0.0,0.0
2026-02-22 20:30:00,298.2,320.04,13.3,16.8,0.0,557.0
2026-02-08 21:45:00,305.9,298.704,13.28,16.5,0.0,602.0
2026-02-12 02:00:00,207.3,338.32800000000003,13.41,10.5,0.075,12.0
2026-01-14 01:30:00,301.2,313.944,13.28,12.1,0.0,79.0
2026-02-02 08:45:00,304.9,301.752,13.47,9.3,0.0,0.0
2026-01-24 06:45:00,309.8,307.848,13.46,8.2,0.0,0.0
2026-02-04 06:45:00,301.3,301.752,13.33,8.4,0.0,0.0
2026-02-13 13:45:00,286.1,301.752,13.48,8.0,0.0,0.0
2026-01-16 05:00:00,305.8,310.896,13.41,8.5,0.0,0.0
2026-01-29 19:30:00,301.9,301.752,13.39,14.8,0.0,463.0
2026-01-11 18:30:00,293.3,320.04,13.51,10.9,0.0,289.0
2026-02-23 20:30:00,308.8,320.04,13.37,17.9,0.0,662.0
2026-02-19 20:30:00,173.8,365.76,13.49,9.8,0.0,648.0
2026-02-12 10:45:00,148.2,304.8,13.42,8.7,0.0,0.0
2026-01-14 04:45:00,303.2,313.944,13.39,7.4,0.0,0.0
2026-01-29 08:15:00,304.8,304.8,13.45,7.5,0.0,0.0
2026-02-28 03:00:00,322.5,316.992,13.16,18.1,0.0,0.0
2026-01-28 05:15:00,300.9,304.8,13.31,11.7,0.0,0.0
2026-02-19 09:15:00,244.3,344.424,13.48,6.2,0.075,0.0
2026-02-21 14:30:00,275.5,326.136,13.63,4.4,0.0,0.0
2026-02-20 09:30:00,244.0,338.32800000000003,13.59,4.3,0.0,0.0
2026-01-14 02:30:00,302.0,313.944,13.29,9.6,0.0,1.0
2026-02-01 05:15:00,305.4,301.752,13.38,7.8,0.0,0.0
2026-01-18 18:00:00,305.5,307.848,13.46,10.9,0.0,304.0
2026-02-04 18:45:00,295.7,301.752,13.35,12.0,0.0,345.0
2026-02-21 06:45:00,274.2,329.184,13.5,3.7,0.0,0.0
2026-02-11 07:00:00,293.7,313.944,13.43,10.1,0.175,0.0
2026-01-30 10:45:00,303.3,301.752,13.43,6.1,0.0,0.0
2026-02-09 14:30:00,308.9,298.704,13.46,9.1,0.0,0.0
2026-02-01 20:45:00,301.7,301.752,13.28,15.3,0.0,504.0
2026-01-11 22:15:00,294.7,320.04,13.32,14.3,0.0,454.0
2026-02-08 07:45:00,309.3,298.704,13.38,9.9,0.0,0.0
2026-03-01 04:45:00,327.0,313.944,13.29,13.9,0.0,0.0
2026-01-12 16:30:00,297.6,316.992,13.62,2.9,0.0,13.0
2026-01-26 10:45:00,301.2,304.8,13.52,4.9,0.0,0.0
2026-02-12 06:15:00,148.6,307.848,13.37,9.9,0.0,0.0
2026-01-10 01:45:00,293.9,326.136,13.34,8.9,0.0,68.0
2026-01-12 02:15:00,298.5,320.04,13.36,8.6,0.0,0.0
2026-01-11 09:00:00,297.1,323.088,13.49,5.1,0.0,0.0
2026-02-27 14:30:00,311.1,320.04,13.39,12.6,0.0,0.0
2026-02-15 06:30:00,301.3,298.704,13.39,11.1,0.0,0.0
2026-02-02 02:30:00,305.9,301.752,13.3,12.8,0.0,9.0
2026-01-21 00:30:00,307.5,307.848,13.34,12.8,0.0,94.0
2026-01-16 01:15:00,303.5,310.896,13.23,14.2,0.0,83.0
2026-01-27 23:00:00,298.7,304.8,13.34,15.2,0.0,269.0
2026-02-20 11:00:00,246.9,338.32800000000003,13.62,3.4,0.0,0.0
2026-01-28 18:30:00,301.5,304.8,13.34,13.4,0.0,298.0
2026-01-06 11:45:00,184.9,393.192,13.41,9.2,0.025,0.0
2026-01-18 01:15:00,302.8,310.896,13.29,12.6,0.0,66.0
2026-01-28 06:15:00,300.9,304.8,13.37,11.8,0.025,0.0
2026-01-17 23:45:00,302.6,310.896,13.26,15.8,0.0,361.0
2026-02-10 01:30:00,309.2,301.752,13.27,15.2,0.0,84.0
2026-02-24 12:45:00,315.1,313.944,13.34,12.6,0.0,0.0
2026-01-31 22:45:00,303.7,301.752,13.28,15.6,0.0,478.0
2026-01-30 07:00:00,304.1,301.752,13.35,7.2,0.0,0.0
2026-02-10 16:00:00,302.3,298.704,13.38,6.9,0.0,22.0
2026-02-01 04:00:00,305.6,301.752,13.35,8.2,0.0,0.0
2026-01-17 10:30:00,306.4,310.896,13.52,6.4,0.0,0.0
2026-01-29 14:00:00,304.1,304.8,13.52,5.0,0.0,0.0
2026-01-22 13:30:00,310.1,307.848,13.39,6.1,0.0,0.0
2026-01-31 08:00:00,304.9,304.8,13.34,7.7,0.0,0.0
2026-01-13 12:15:00,299.9,313.944,13.54,4.8,0.0,0.0
2026-01-11 17:15:00,293.7,323.088,13.54,7.3,0.0,136.0
2026-02-26 01:30:00,253.0,332.232,13.25,17.0,0.0,121.0
2026-02-21 09:15:00,274.7,326.136,13.53,4.8,0.0,0.0
2026-01-25 18:45:00,299.5,304.8,13.48,6.9,0.0,150.0
2026-01-17 02:00:00,304.6,310.896,13.23,11.3,0.0,1.0
2026-01-31 01:00:00,303.4,301.752,13.27,12.9,0.0,122.0
2026-01-24 10:00:00,308.9,304.8,13.44,8.9,0.0,0.0
2026-02-08 06:00:00,310.5,298.704,13.41,9.9,0.0,0.0
2026-02-16 22:15:00,130.2,454.152,13.47,9.0,0.425,46.0
2026-01-24 13:15:00,308.3,304.8,13.5,6.6,0.0,0.0
2026-01-31 08:30:00,304.8,304.8,13.36,7.7,0.0,0.0
2026-02-17 12:45:00,166.5,338.32800000000003,13.49,8.3,0.0,0.0
2026-01-31 07:15:00,305.1,301.752,13.33,8.2,0.0,0.0
2026-02-05 17:00:00,299.3,301.752,13.47,9.2,0.0,154.0
2026-02-09 09:00:00,309.6,298.704,13.39,11.8,0.0,0.0
2026-02-06 16:30:00,304.9,298.704,13.37,9.4,0.0,36.0
2026-02-19 19:15:00,156.2,374.904,13.47,8.9,0.0,537.0
2026-02-10 19:15:00,301.6,301.752,13.3,12.4,0.05,356.0
2026-02-15 14:30:00,301.5,298.704,13.43,11.0,0.025,0.0
2026-02-25 14:30:00,154.4,365.76,13.33,13.7,0.0,0.0
2026-01-06 02:15:00,142.8,579.12,13.35,10.3,1.575,0.0
2026-02-18 08:15:00,142.1,381.0,13.6,4.2,0.0,0.0
2026-02-28 07:30:00,322.7,316.992,13.17,16.6,0.0,0.0
2026-02-20 05:15:00,233.6,347.472,13.5,5.8,0.0,0.0
2026-02-08 08:30:00,308.9,298.704,13.46,8.5,0.0,0.0
2026-02-22 18:15:00,297.1,320.04,13.36,14.4,0.0,379.0
2026-01-10 22:30:00,293.4,323.088,13.28,12.8,0.0,460.0
2026-02-14 13:45:00,298.6,298.704,13.42,6.8,0.0,0.0
2026-01-14 11:30:00,303.0,313.944,13.57,5.2,0.0,0.0
2026-01-30 12:30:00,302.9,301.752,13.46,5.3,0.0,0.0
2026-02-14 14:30:00,298.6,298.704,13.43,6.1,0.0,0.0
2026-01-11 16:15:00,294.0,320.04,13.6,4.1,0.0,13.0
2026-01-12 12:00:00,299.4,320.04,13.59,4.2,0.0,0.0
2026-01-31 15:00:00,303.2,301.752,13.51,4.7,0.0,0.0
2026-01-15 13:30:00,301.9,310.896,13.49,3.7,0.0,0.0
2026-02-15 17:45:00,300.9,298.704,13.37,11.7,0.05,113.0
2026-01-08 12:00:00,296.9,335.28000000000003,13.49,7.7,0.0,0.0
2026-02-14 16:30:00,298.5,298.704,13.42,6.9,0.0,37.0
2026-01-06 16:45:00,215.3,374.904,13.41,9.1,0.0,6.0
2026-02-24 22:00:00,318.0,313.944,13.22,18.2,0.0,367.0
2026-02-11 13:00:00,235.3,313.944,13.42,10.4,0.025,0.0
2026-02-02 09:00:00,304.7,301.752,13.48,8.9,0.0,0.0
2026-01-21 00:00:00,306.5,307.848,13.27,12.8,0.0,94.0
2026-01-21 01:15:00,308.3,307.848,13.33,11.0,0.0,50.0
2026-02-15 10:00:00,301.1,301.752,13.4,10.5,0.0,0.0
2026-01-20 01:15:00,308.8,307.848,13.25,12.0,0.0,95.0
2026-02-21 07:00:00,274.3,326.136,13.5,4.4,0.0,0.0
2026-02-25 00:45:00,321.7,313.944,13.2,17.4,0.0,121.0
2026-02-21 06:15:00,274.0,326.136,13.53,3.7,0.0,0.0
2026-02-08 21:00:00,305.2,298.704,13.26,16.5,0.0,602.0
2026-01-24 17:45:00,306.5,304.8,13.51,9.0,0.0,137.0
2026-01-18 01:45:00,303.1,310.896,13.25,12.6,0.0,66.0
2026-02-22 17:15:00,296.9,320.04,13.38,12.4,0.0,243.0
2026-02-13 12:00:00,284.8,301.752,13.5,7.7,0.0,0.0
2026-02-15 16:30:00,301.1,298.704,13.43,11.2,0.0,21.0
2026-02-01 15:00:00,303.4,301.752,13.51,5.4,0.0,0.0
2026-01-17 20:00:00,303.1,310.896,13.32,15.2,0.0,513.0
2026-02-25 01:30:00,322.2,313.944,13.22,16.1,0.0,143.0
2026-01-22 22:15:00,309.6,304.8,13.25,15.6,0.0,496.0
2026-02-24 07:30:00,314.8,316.992,13.32,12.2,0.075,0.0
2026-02-01 23:00:00,303.4,301.752,13.27,17.4,0.0,418.0
2026-02-12 16:00:00,179.6,301.752,13.44,8.0,0.0,35.0
2026-02-16 19:00:00,116.5,365.76,13.46,9.6,0.4,85.0
2026-01-16 04:00:00,305.5,313.944,13.32,9.1,0.0,0.0
2026-01-22 08:30:00,310.3,307.848,13.38,8.3,0.0,0.0
2026-01-25 16:15:00,300.8,304.8,13.46,3.5,0.0,14.0
2026-01-22 10:00:00,310.3,307.848,13.44,7.9,0.0,0.0
2026-02-27 18:00:00,310.2,320.04,13.26,20.6,0.0,440.0
2026-01-11 16:00:00,294.3,320.04,13.55,4.1,0.0,13.0
2026-01-22 18:45:00,309.0,307.848,13.41,11.4,0.0,261.0
2026-02-03 03:15:00,303.6,301.752,13.32,11.7,0.0,0.0
2026-01-13 06:45:00,301.2,316.992,13.48,5.2,0.0,0.0
2026-02-21 03:45:00,272.3,329.184,13.48,6.5,0.0,0.0
2026-01-21 02:45:00,309.9,307.848,13.35,9.2,0.0,2.0
2026-01-05 08:00:00,190.7,393.192,13.42,8.8,0.0,0.0
2026-01-30 09:15:00,303.6,301.752,13.46,6.1,0.0,0.0
2026-02-21 21:30:00,280.0,323.088,13.34,13.5,0.0,657.0
2026-01-12 05:30:00,299.8,320.04,13.44,6.1,0.0,0.0
2026-01-22 17:00:00,309.3,307.848,13.44,9.6,0.0,143.0
2026-01-25 20:45:00,299.7,304.8,13.43,9.6,0.0,322.0
2026-03-01 03:00:00,328.9,316.992,13.24,14.9,0.0,0.0
2026-02-04 00:15:00,299.1,301.752,13.2,17.4,0.0,329.0
2026-01-28 11:30:00,299.9,304.8,13.36,11.1,0.1,0.0
2026-01-15 04:45:00,304.1,313.944,13.38,8.1,0.0,0.0
2026-01-18 14:30:00,307.7,307.848,13.51,5.2,0.0,0.0
2026-01-13 03:00:00,299.8,316.992,13.34,6.9,0.0,0.0
2026-02-12 14:15:00,164.4,301.752,13.39,7.2,0.0,0.0
2026-02-17 21:45:00,113.0,438.912,13.52,7.9,0.25,78.0
2026-02-26 02:15:00,258.2,332.232,13.28,15.3,0.0,43.0
2026-01-05 16:45:00,252.0,365.76,13.46,9.5,0.025,5.0
2026-02-02 13:45:00,302.0,301.752,13.55,5.2,0.0,0.0
2026-02-07 14:30:00,317.6,298.704,13.45,8.1,0.0,0.0
2026-02-19 13:00:00,175.1,414.528,13.52,5.3,0.075,0.0
2026-02-25 03:00:00,322.3,313.944,13.22,14.7,0.0,0.0
2026-02-25 16:00:00,153.9,359.664,13.35,14.3,0.0,25.0
2026-02-07 09:30:00,307.8,298.704,13.41,9.7,0.0,0.0
2026-02-24 15:00:00,315.3,316.992,13.37,12.7,0.0,1.0
2026-01-24 16:00:00,307.2,304.8,13.55,6.5,0.0,18.0
2026-02-18 01:45:00,136.2,438.912,13.47,6.9,0.1,28.0
2026-01-19 00:30:00,311.6,307.848,13.2,16.1,0.0,235.0
2026-01-11 20:45:00,293.8,323.088,13.37,14.0,0.0,489.0
2026-01-26 03:30:00,302.3,304.8,13.45,6.1,0.0,0.0
2026-02-25 11:45:00,222.0,417.576,13.34,13.9,0.025,0.0
2026-02-01 13:15:00,304.1,301.752,13.49,5.3,0.0,0.0
2026-01-18 17:45:00,305.5,310.896,13.41,8.2,0.0,142.0
2026-01-23 16:15:00,310.9,307.848,13.4,8.8,0.0,9.0
2026-02-15 20:15:00,298.9,298.704,13.36,12.2,0.225,180.0
2026-02-02 15:15:00,301.3,301.752,13.5,5.8,0.0,0.0
2026-02-16 19:30:00,118.6,356.616,13.42,9.6,0.4,85.0
2026-01-16 09:15:00,304.7,310.896,13.45,9.8,0.0,0.0
2026-02-21 17:00:00,276.0,323.088,13.49,9.3,0.0,221.0
2026-01-07 22:00:00,289.1,341.37600000000003,13.36,14.6,0.0,420.0
2026-02-19 18:30:00,145.9,377.952,13.49,7.7,0.0,373.0
2026-01-05 09:45:00,203.0,384.048,13.47,8.6,0.0,0.0
2026-01-08 13:15:00,296.7,338.32800000000003,13.5,6.9,0.0,0.0
2026-01-13 14:30:00,298.8,316.992,13.57,2.7,0.0,0.0
2026-02-22 03:00:00,288.3,323.088,13.34,9.8,0.0,0.0
2026-02-18 15:15:00,201.5,353.568,13.62,2.0,0.0,0.0
2026-02-25 15:30:00,152.5,359.664,13.35,13.7,0.0,0.0
2026-01-10 20:45:00,292.4,323.088,13.36,10.8,0.0,493.0
2026-02-04 13:45:00,299.0,301.752,13.47,4.1,0.0,0.0
2026-01-21 04:30:00,310.9,307.848,13.35,7.7,0.0,0.0
2026-01-24 23:15:00,305.7,304.8,13.18,16.0,0.0,441.0
2026-02-20 08:00:00,240.2,344.424,13.54,4.8,0.0,0.0
2026-01-30 02:00:00,304.6,301.752,13.24,11.4,0.0,9.0
2026-01-21 02:00:00,309.3,307.848,13.31,9.2,0.0,2.0
2026-02-06 18:15:00,304.1,298.704,13.32,15.1,0.0,365.0
2026-02-23 23:45:00,312.4,316.992,13.28,17.9,0.0,365.0
2026-02-22 03:15:00,289.0,323.088,13.35,9.8,0.0,0.0
2026-01-17 04:00:00,305.0,310.896,13.3,9.7,0.0,0.0
2026-01-06 11:15:00,178.5,399.288,13.44,9.2,0.025,0.0
2026-02-25 17:15:00,164.0,350.52,13.34,15.0,0.0,74.0
2026-01-06 21:00:00,243.2,365.76,13.33,13.4,0.0,228.0
2026-01-23 01:30:00,311.6,307.848,13.28,13.4,0.0,100.0
2026-01-24 06:15:00,309.9,304.8,13.4,8.2,0.0,0.0
2026-01-29 09:45:00,305.1,301.752,13.48,6.9,0.0,0.0
2026-01-22 15:45:00,309.6,307.848,13.49,6.1,0.0,0.0
2026-01-26 12:45:00,300.7,304.8,13.5,5.2,0.0,0.0
2026-02-05 10:15:00,303.5,301.752,13.46,6.4,0.0,0.0
2026-02-08 05:00:00,311.3,298.704,13.39,10.4,0.0,0.0
2026-01-16 17:00:00,302.3,310.896,13.46,10.2,0.0,146.0
2026-02-24 14:00:00,315.2,316.992,13.33,12.9,0.0,0.0
2026-02-14 03:15:00,300.0,301.752,13.33,9.6,0.0,0.0
2026-01-05 14:45:00,245.2,377.952,13.47,9.5,0.025,0.0
2026-02-19 17:00:00,132.2,390.144,13.54,6.9,0.0,158.0
2026-01-10 14:45:00,292.8,323.088,13.57,2.1,0.0,0.0
2026-01-08 21:30:00,292.7,332.232,13.42,11.9,0.0,514.0
2026-02-20 06:45:00,237.2,341.37600000000003,13.48,5.8,0.0,0.0
2026-01-23 08:15:00,311.1,304.8,13.43,8.5,0.0,0.0
2026-01-19 17:15:00,306.9,307.848,13.45,7.7,0.0,125.0
2026-02-02 11:30:00,303.4,301.752,13.52,7.9,0.0,0.0
2026-02-10 22:00:00,302.9,298.704,13.35,13.4,0.1,268.0
2026-01-23 02:30:00,311.9,307.848,13.37,10.8,0.0,3.0
2026-01-28 15:30:00,300.4,304.8,13.39,9.2,0.0,0.0
2026-02-17 17:15:00,141.3,609.6,13.47,7.5,0.35,26.0
2026-02-28 04:00:00,322.7,316.992,13.12,17.9,0.0,0.0
2026-01-14 10:45:00,303.2,313.944,13.55,5.5,0.0,0.0
2026-01-09 18:00:00,290.2,329.184,13.5,8.3,0.0,297.0
2026-01-21 07:30:00,308.1,307.848,13.4,7.4,0.0,0.0
2026-02-03 11:15:00,299.3,298.704,13.46,7.8,0.0,0.0
2026-02-06 02:30:00,304.3,301.752,13.24,14.4,0.0,13.0
2026-01-12 11:45:00,299.6,320.04,13.53,4.5,0.0,0.0
2026-01-16 17:45:00,302.1,313.944,13.43,10.2,0.0,146.0
2026-02-12 21:00:00,215.3,301.752,13.27,15.1,0.0,530.0
2026-01-08 03:00:00,294.7,341.37600000000003,13.37,9.3,0.0,0.0
2026-01-25 00:30:00,306.3,304.8,13.27,16.2,0.0,291.0
2026-02-10 05:15:00,308.6,301.752,13.33,11.1,0.0,0.0
2026-01-18 05:00:00,307.5,310.896,13.35,7.4,0.0,0.0
2026-02-07 06:30:00,307.8,301.752,13.34,10.0,0.0,0.0
2026-01-29 19:15:00,301.8,301.752,13.37,14.8,0.0,463.0
2026-01-18 23:30:00,310.6,307.848,13.26,16.3,0.0,340.0
2026-01-27 03:15:00,302.0,304.8,13.33,7.3,0.0,0.0
2026-01-28 07:30:00,300.7,304.8,13.32,11.4,0.0,0.0
2026-01-15 12:30:00,302.4,310.896,13.55,4.5,0.0,0.0
2026-02-16 12:00:00,186.5,441.96,13.41,9.3,0.625,0.0
2026-02-02 04:15:00,305.9,301.752,13.38,11.3,0.0,0.0
2026-01-30 04:45:00,304.7,301.752,13.34,8.6,0.0,0.0
2026-01-29 04:45:00,304.7,301.752,13.38,10.3,0.0,0.0
2026-02-14 21:15:00,300.2,301.752,13.36,13.3,0.0,381.0
2026-01-16 05:15:00,305.8,310.896,13.35,8.5,0.0,0.0
2026-01-24 14:30:00,307.8,304.8,13.48,6.3,0.0,0.0
2026-02-16 03:15:00,301.7,347.472,13.34,10.9,0.625,0.0
2026-02-06 17:15:00,304.5,301.752,13.41,12.8,0.0,191.0
2026-02-17 10:15:00,136.2,344.424,13.46,7.3,0.0,0.0
2026-01-10 15:45:00,292.6,323.088,13.57,2.1,0.0,0.0
2026-01-26 17:00:00,299.6,304.8,13.47,5.6,0.0,127.0
2026-02-03 13:45:00,297.1,301.752,13.53,5.7,0.0,0.0
2026-01-24 11:45:00,308.6,304.8,13.42,8.8,0.0,0.0
2026-01-30 18:30:00,300.1,301.752,13.38,11.5,0.0,320.0
2026-01-16 01:30:00,303.7,310.896,13.3,14.2,0.0,83.0
2026-02-20 13:15:00,250.5,335.28000000000003,13.63,1.2,0.0,0.0
2026-01-06 01:30:00,171.9,670.5600000000001,13.44,10.5,0.8,7.0
2026-01-13 08:45:00,301.1,316.992,13.53,4.1,0.0,0.0
2026-02-20 07:30:00,238.9,341.37600000000003,13.49,5.5,0.0,0.0
2026-01-26 18:00:00,299.3,304.8,13.42,7.7,0.0,279.0
2026-01-28 14:15:00,300.0,304.8,13.45,9.7,0.0,0.0
2026-01-19 05:00:00,313.0,310.896,13.32,8.1,0.0,0.0
2026-01-11 03:00:00,296.6,323.088,13.35,7.0,0.0,0.0
2026-01-29 16:45:00,302.7,301.752,13.53,5.4,0.0,23.0
2026-01-15 00:30:00,302.0,313.944,13.21,15.8,0.0,239.0
2026-02-24 11:30:00,314.7,316.992,13.38,12.7,0.0,0.0
2026-02-21 06:30:00,274.2,326.136,13.52,3.7,0.0,0.0
2026-02-10 22:15:00,302.9,301.752,13.35,13.4,0.1,268.0
2026-01-28 03:15:00,300.6,304.8,13.32,12.5,0.0,0.0
2026-02-19 04:30:00,210.1,341.37600000000003,13.45,6.1,0.05,0.0
2026-02-02 01:15:00,305.1,298.704,13.29,14.6,0.0,104.0
2026-01-27 02:45:00,302.1,304.8,13.38,8.9,0.0,6.0
2026-02-10 20:15:00,302.1,298.704,13.35,14.1,0.0,516.0
2026-01-06 13:45:00,203.1,390.144,13.42,9.3,0.0,0.0
2026-01-28 23:15:00,302.6,304.8,13.3,15.8,0.0,413.0
2026-01-29 06:00:00,304.8,301.752,13.36,8.4,0.0,0.0
2026-02-27 11:30:00,311.8,320.04,13.36,13.2,0.0,0.0
2026-01-09 06:45:00,293.0,329.184,13.5,7.0,0.0,0.0
2026-01-13 20:00:00,297.1,316.992,13.42,14.3,0.0,510.0
2026-02-21 23:45:00,284.2,323.088,13.31,14.5,0.0,446.0
2026-02-09 16:00:00,308.1,298.704,13.45,9.5,0.0,30.0
2026-01-05 11:00:00,219.6,381.0,13.46,8.9,0.025,0.0
2026-02-01 13:45:00,303.6,301.752,13.47,5.3,0.0,0.0
2026-02-13 03:00:00,263.6,298.704,13.3,10.9,0.0,0.0
2026-01-19 17:00:00,307.1,307.848,13.54,7.7,0.0,125.0
2026-02-02 07:15:00,305.1,301.752,13.44,9.2,0.0,0.0
2026-02-11 09:30:00,272.2,356.616,13.38,11.2,0.1,0.0
2026-01-27 16:45:00,297.2,304.8,13.57,4.6,0.0,15.0
2026-02-05 15:00:00,300.4,298.704,13.45,5.0,0.0,0.0
2026-01-29 18:45:00,302.1,301.752,13.37,12.8,0.0,331.0
2026-01-30 21:45:00,300.7,301.752,13.3,13.8,0.0,526.0
2026-02-25 21:45:00,219.0,338.32800000000003,13.28,16.8,0.0,264.0
2026-02-06 06:00:00,305.3,298.704,13.26,10.8,0.0,0.0
2026-02-23 13:30:00,309.0,320.04,13.46,7.9,0.0,0.0
2026-01-14 07:45:00,303.7,313.944,13.46,6.7,0.0,0.0
2026-01-27 04:15:00,301.7,304.8,13.36,6.3,0.0,0.0
2026-01-15 11:30:00,302.8,313.944,13.49,4.9,0.0,0.0
2026-01-11 14:15:00,295.1,320.04,13.59,3.0,0.0,0.0
2026-01-07 13:00:00,278.3,347.472,13.44,8.8,0.0,0.0
2026-02-01 11:45:00,304.4,301.752,13.43,7.6,0.0,0.0
2026-02-17 01:45:00,139.4,350.52,13.43,8.2,0.125,40.0
2026-02-09 16:45:00,307.7,298.704,13.45,9.5,0.0,30.0
2026-02-19 23:00:00,200.2,359.664,13.44,10.2,0.0,528.0
2026-02-23 09:15:00,309.3,320.04,13.3,10.5,0.0,0.0
2026-01-11 04:00:00,297.1,323.088,13.41,6.2,0.0,0.0
2026-02-02 18:00:00,299.8,301.752,13.4,13.2,0.0,302.0
2026-01-21 07:15:00,308.5,307.848,13.39,7.4,0.0,0.0
2026-02-08 22:00:00,306.1,301.752,13.25,16.9,0.0,566.0
2026-02-20 15:45:00,253.1,335.28000000000003,13.61,0.6,0.0,0.0
2026-01-29 19:00:00,301.8,301.752,13.4,14.8,0.0,463.0
2026-01-12 04:30:00,299.8,320.04,13.4,6.7,0.0,0.0
2026-02-21 13:00:00,275.2,326.136,13.58,4.4,0.0,0.0
2026-02-24 05:15:00,316.1,316.992,13.34,13.4,0.0,0.0
2026-01-21 09:45:00,307.2,304.8,13.43,6.7,0.0,0.0
2026-02-01 03:00:00,305.3,301.752,13.3,9.1,0.0,0.0
2026-02-19 05:30:00,219.7,341.37600000000003,13.51,6.1,0.225,0.0
2026-02-19 08:45:00,242.0,338.32800000000003,13.48,6.0,0.025,0.0
2026-02-21 14:45:00,275.1,326.136,13.63,4.4,0.0,0.0
2026-02-02 23:30:00,301.6,304.8,13.21,17.8,0.0,459.0
2026-02-16 11:45:00,184.9,457.2000000000001,13.46,9.2,0.6,0.0
2026-02-14 23:00:00,301.4,298.704,13.29,13.5,0.0,283.0
2026-02-03 05:15:00,303.0,298.704,13.38,11.6,0.0,0.0
2026-01-17 13:00:00,304.8,310.896,13.49,4.7,0.0,0.0
2026-01-09 14:30:00,291.6,329.184,13.64,5.2,0.0,0.0
2026-01-12 21:00:00,296.4,316.992,13.33,12.6,0.0,508.0
2026-01-26 10:00:00,301.5,304.8,13.47,4.9,0.0,0.0
2026-02-06 14:15:00,306.1,298.704,13.38,9.9,0.0,0.0
2026-01-11 11:15:00,296.2,320.04,13.5,4.3,0.0,0.0
2026-01-13 21:00:00,297.4,313.944,13.35,15.1,0.0,528.0
2026-02-09 05:30:00,308.9,298.704,13.31,13.1,0.0,0.0
2026-02-09 18:00:00,307.3,301.752,13.38,13.2,0.0,346.0
2026-01-05 08:45:00,195.9,390.144,13.46,8.8,0.0,0.0
2026-02-17 15:30:00,196.2,335.28000000000003,13.49,7.2,0.35,0.0
2026-02-26 12:15:00,290.0,326.136,13.4,12.5,0.0,0.0
2026-01-16 23:30:00,303.8,310.896,13.24,16.8,0.0,396.0
2026-01-20 18:15:00,302.6,307.848,13.43,9.2,0.0,251.0
2026-01-16 17:15:00,302.2,310.896,13.46,10.2,0.0,146.0
2026-02-12 06:00:00,149.7,307.848,13.42,9.9,0.0,0.0
2026-01-26 20:00:00,299.1,304.8,13.37,12.7,0.0,553.0
2026-01-17 00:15:00,304.2,310.896,13.16,16.8,0.0,251.0
2026-01-22 02:15:00,309.2,307.848,13.34,9.3,0.0,1.0
2026-01-15 09:15:00,303.7,310.896,13.44,5.4,0.0,0.0
2026-02-21 02:15:00,270.5,329.184,13.44,7.9,0.0,41.0
2026-01-28 20:30:00,302.1,304.8,13.35,14.8,0.0,493.0
2026-01-31 09:15:00,304.8,301.752,13.41,7.4,0.0,0.0
2026-01-07 15:45:00,281.8,347.472,13.43,8.2,0.0,0.0
2026-02-19 01:45:00,192.2,344.424,13.47,7.9,0.075,117.0
2026-01-20 12:15:00,304.2,307.848,13.46,5.6,0.0,0.0
2026-01-22 09:00:00,310.3,307.848,13.44,8.2,0.0,0.0
2026-02-23 09:00:00,309.2,316.992,13.39,10.5,0.0,0.0
2026-01-06 07:45:00,158.5,429.768,13.39,9.8,0.0,0.0
2026-02-26 03:15:00,263.5,329.184,13.32,13.8,0.0,0.0
2026-02-14 02:30:00,299.8,301.752,13.32,10.4,0.0,23.0
2026-01-12 03:45:00,299.5,320.04,13.36,7.4,0.0,0.0
2026-01-07 21:30:00,288.5,344.424,13.38,14.3,0.0,456.0
2026-01-23 05:15:00,311.5,307.848,13.38,9.1,0.0,0.0
2026-02-06 08:45:00,305.7,298.704,13.31,10.4,0.0,0.0
2026-01-22 07:15:00,310.3,307.848,13.38,8.2,0.0,0.0
2026-01-22 05:15:00,310.2,304.8,13.36,8.2,0.0,0.0
2026-01-31 07:45:00,305.1,301.752,13.33,8.2,0.0,0.0
2026-02-09 22:45:00,308.2,298.704,13.28,16.4,0.0,488.0
2026-01-19 00:00:00,311.1,307.848,13.26,16.1,0.0,235.0
2026-01-13 10:15:00,300.6,316.992,13.55,3.7,0.0,0.0
2026-01-23 22:00:00,311.2,307.848,13.39,13.0,0.0,388.0
2026-02-16 10:30:00,176.2,445.008,13.4,9.4,0.7,0.0
2026-01-09 15:45:00,290.7,329.184,13.63,5.4,0.0,0.0
2026-01-26 14:00:00,300.6,307.848,13.47,4.5,0.0,0.0
2026-01-14 14:45:00,301.2,313.944,13.59,4.7,0.0,0.0
2026-03-01 02:15:00,328.8,316.992,13.22,17.0,0.0,40.0
2026-02-10 04:45:00,308.7,298.704,13.35,11.9,0.0,0.0
2026-02-08 10:45:00,307.4,298.704,13.48,9.2,0.0,0.0
2026-01-25 04:30:00,307.3,304.8,13.41,8.9,0.0,0.0
2026-02-15 23:15:00,301.3,301.752,13.33,14.3,0.025,255.0
2026-02-20 03:00:00,225.3,347.472,13.43,7.0,0.0,0.0
2026-02-17 19:15:00,112.4,536.448,13.46,8.0,0.3,94.0
2026-02-23 10:00:00,309.2,316.992,13.36,9.7,0.0,0.0
2026-01-17 04:15:00,304.8,310.896,13.33,9.7,0.0,0.0
2026-02-20 03:15:00,226.5,347.472,13.47,7.0,0.0,0.0
2026-01-07 23:45:00,292.0,341.37600000000003,13.36,14.0,0.0,328.0
2026-01-21 14:15:00,305.9,307.848,13.49,5.6,0.0,0.0
2026-02-10 13:00:00,303.8,298.704,13.37,6.6,0.0,0.0
2026-01-28 22:15:00,302.3,304.8,13.32,15.6,0.0,480.0
2026-01-28 23:45:00,303.2,304.8,13.3,15.8,0.0,413.0
2026-02-10 14:45:00,303.0,298.704,13.38,6.2,0.0,0.0
2026-01-14 10:15:00,303.5,313.944,13.54,5.5,0.0,0.0
2026-02-28 06:15:00,322.5,320.04,13.22,17.1,0.0,0.0
2026-01-06 06:00:00,151.0,512.064,13.43,10.2,0.05,0.0
2026-02-25 06:15:00,322.6,362.712,13.27,14.0,0.175,0.0
2026-01-06 09:30:00,162.7,408.432,13.44,9.2,0.05,0.0
2026-02-14 21:30:00,300.5,301.752,13.3,13.3,0.0,381.0
2026-01-22 05:45:00,310.3,307.848,13.39,8.2,0.0,0.0
2026-02-18 06:45:00,138.4,396.24,13.59,4.8,0.025,0.0
2026-01-12 19:00:00,296.5,316.992,13.43,11.2,0.0,402.0
2026-02-23 04:00:00,307.8,316.992,13.28,11.5,0.0,0.0
2026-01-28 06:30:00,301.0,301.752,13.38,11.8,0.025,0.0
2026-01-25 19:00:00,299.6,304.8,13.48,8.3,0.0,230.0
2026-01-30 23:45:00,302.3,301.752,13.26,14.6,0.0,409.0
2026-01-31 09:00:00,305.1,301.752,13.36,7.4,0.0,0.0
2026-02-13 14:30:00,286.5,301.752,13.5,8.0,0.0,0.0
2026-01-13 16:30:00,297.8,313.944,13.61,3.0,0.0,15.0
2026-01-16 08:00:00,305.5,310.896,13.42,9.5,0.0,0.0
2026-02-28 01:30:00,321.4,316.992,13.15,21.7,0.0,152.0
2026-01-10 08:45:00,295.1,326.136,13.5,3.4,0.0,0.0
2026-01-13 21:15:00,297.6,313.944,13.29,15.1,0.0,528.0
2026-02-08 13:30:00,305.4,298.704,13.44,8.2,0.0,0.0
2026-01-07 07:00:00,274.1,353.568,13.4,9.0,0.0,0.0
2026-02-02 00:45:00,304.7,301.752,13.29,16.9,0.0,253.0
2026-02-22 12:00:00,295.5,320.04,13.4,8.9,0.0,0.0
2026-01-19 15:00:00,308.2,307.848,13.53,4.5,0.0,0.0
2026-02-05 20:45:00,299.2,298.704,13.3,16.9,0.0,552.0
2026-02-15 10:30:00,301.4,298.704,13.42,10.5,0.0,0.0
2026-01-25 10:30:00,304.2,304.8,13.49,5.2,0.0,0.0
2026-01-09 17:15:00,290.3,329.184,13.57,6.7,0.0,139.0
2026-01-14 01:00:00,300.6,316.992,13.26,12.1,0.0,79.0
2026-01-31 21:15:00,302.5,301.752,13.28,15.6,0.0,542.0
2026-02-25 04:30:00,322.3,313.944,13.24,14.8,0.05,0.0
2026-02-23 21:15:00,309.0,316.992,13.33,18.7,0.0,695.0
2026-02-01 17:00:00,302.2,301.752,13.5,8.8,0.0,132.0
2026-02-19 06:45:00,230.4,341.37600000000003,13.52,6.2,0.05,0.0
2026-01-24 21:00:00,305.6,304.8,13.27,15.7,0.0,579.0
2026-02-24 08:00:00,314.5,316.992,13.33,12.2,0.225,0.0
2026-01-18 21:30:00,307.2,307.848,13.29,16.6,0.0,505.0
2026-02-02 04:30:00,305.8,301.752,13.33,11.3,0.0,0.0
2026-01-07 05:00:00,270.6,353.568,13.39,8.6,0.0,0.0
2026-02-22 05:45:00,291.4,323.088,13.4,8.8,0.0,0.0
2026-01-17 15:30:00,305.0,310.896,13.55,4.7,0.0,0.0
2026-01-07 23:30:00,291.8,341.37600000000003,13.3,14.0,0.0,328.0
2026-01-05 14:15:00,242.9,374.904,13.42,9.5,0.025,0.0
2026-01-08 08:00:00,296.5,335.28000000000003,13.39,8.7,0.0,0.0
2026-01-12 14:00:00,298.7,316.992,13.52,2.9,0.0,0.0
2026-02-15 04:45:00,301.7,301.752,13.34,11.1,0.0,0.0
2026-01-23 04:00:00,311.6,304.8,13.33,9.6,0.0,0.0
2026-01-09 13:15:00,291.8,329.184,13.6,5.2,0.0,0.0
2026-02-12 15:30:00,175.9,301.752,13.4,6.9,0.0,0.0
2026-02-25 10:45:00,234.7,451.104,13.32,14.0,0.025,0.0
2026-02-04 17:30:00,296.0,301.752,13.42,8.8,0.0,178.0
2026-01-15 14:45:00,301.1,310.896,13.55,3.6,0.0,0.0
2026-02-24 05:45:00,315.9,316.992,13.3,13.4,0.0,0.0
2026-02-21 00:15:00,267.8,332.232,13.36,11.0,0.0,295.0
2026-02-06 15:45:00,305.4,298.704,13.46,8.3,0.0,0.0
2026-02-01 00:45:00,305.0,304.8,13.26,14.8,0.0,286.0
2026-01-12 07:30:00,299.8,320.04,13.48,5.5,0.0,0.0
2026-02-10 02:30:00,309.1,298.704,13.27,13.2,0.0,10.0
2026-01-11 23:45:00,296.1,320.04,13.3,13.6,0.0,355.0
2026-01-29 05:30:00,304.8,301.752,13.31,9.3,0.0,0.0
2026-02-07 21:45:00,317.7,301.752,13.32,16.6,0.0,585.0
2026-02-20 04:30:00,230.9,347.472,13.49,6.3,0.0,0.0
2026-01-11 11:30:00,296.0,323.088,13.55,4.3,0.0,0.0
2026-01-11 19:00:00,293.5,320.04,13.43,12.6,0.0,410.0
2026-01-11 21:45:00,294.4,320.04,13.39,14.5,0.0,504.0
2026-02-13 14:15:00,286.5,298.704,13.44,8.0,0.0,0.0
2026-01-11 00:00:00,294.7,323.088,13.3,11.7,0.0,215.0
2026-02-25 19:45:00,195.3,341.37600000000003,13.36,16.1,0.025,183.0
2026-01-14 20:45:00,300.0,313.944,13.35,14.9,0.0,488.0
2026-02-02 12:45:00,302.7,301.752,13.47,6.1,0.0,0.0
2026-01-31 01:30:00,303.8,301.752,13.28,12.9,0.0,122.0
2026-01-17 23:00:00,302.6,307.848,13.19,15.8,0.0,361.0
2026-02-20 05:30:00,234.3,344.424,13.51,5.8,0.0,0.0
2026-02-19 12:15:00,207.8,448.056,13.48,4.4,0.375,0.0
2026-02-19 21:30:00,186.2,362.712,13.48,10.1,0.025,676.0
2026-02-28 13:00:00,323.6,316.992,13.29,15.9,0.0,0.0
2026-01-10 14:15:00,293.0,323.088,13.59,2.1,0.0,0.0
2026-01-08 16:45:00,295.0,335.28000000000003,13.49,5.6,0.0,13.0
2026-01-26 19:00:00,298.9,304.8,13.44,10.6,0.0,426.0
2026-02-21 02:00:00,270.2,329.184,13.4,7.9,0.0,41.0
2026-01-12 03:15:00,299.2,320.04,13.38,7.4,0.0,0.0
2026-01-05 17:30:00,253.3,365.76,13.37,10.5,0.0,53.0
2026-01-09 17:45:00,290.2,329.184,13.54,6.7,0.0,139.0
2026-02-23 08:15:00,309.1,316.992,13.33,11.0,0.0,0.0
2026-01-11 17:30:00,293.7,320.04,13.54,7.3,0.0,136.0
2026-02-01 06:45:00,305.3,301.752,13.41,7.2,0.0,0.0
2026-01-26 21:45:00,299.6,304.8,13.36,14.1,0.0,573.0
2026-01-24 15:45:00,307.4,304.8,13.51,5.8,0.0,0.0
2026-02-16 02:30:00,302.4,365.76,13.4,11.1,0.15,8.0
2026-01-22 13:00:00,310.3,307.848,13.42,6.1,0.0,0.0
2026-01-19 08:00:00,312.5,307.848,13.44,7.1,0.0,0.0
2026-01-31 05:30:00,305.2,301.752,13.3,8.6,0.0,0.0
2026-01-30 00:00:00,303.8,301.752,13.23,16.0,0.0,298.0
2026-01-18 22:45:00,309.5,310.896,13.19,16.5,0.0,433.0
2026-01-08 05:45:00,295.8,341.37600000000003,13.45,8.8,0.0,0.0
2026-02-08 23:15:00,307.3,298.704,13.25,15.1,0.0,450.0
2026-01-22 20:15:00,309.2,307.848,13.38,14.5,0.0,478.0
2026-02-10 12:15:00,304.3,298.704,13.39,7.2,0.0,0.0
2026-02-28 07:15:00,322.6,316.992,13.21,16.6,0.0,0.0
2026-02-11 10:30:00,260.2,347.472,13.42,11.3,0.025,0.0
2026-01-10 17:30:00,291.7,323.088,13.56,5.1,0.0,127.0
2026-02-05 14:30:00,300.7,301.752,13.47,4.9,0.0,0.0
2026-02-19 20:15:00,170.3,365.76,13.45,9.8,0.0,648.0
2026-01-24 01:45:00,312.2,307.848,13.35,10.7,0.0,101.0
2026-02-28 00:30:00,320.0,316.992,13.15,22.8,0.0,360.0
2026-01-30 20:00:00,299.8,304.8,13.36,14.1,0.0,521.0
2026-02-14 11:45:00,298.4,298.704,13.46,8.2,0.0,0.0
2026-02-27 16:15:00,310.8,316.992,13.4,14.3,0.0,79.0
2026-02-16 17:00:00,121.5,387.096,13.48,9.1,0.325,33.0
2026-01-16 11:00:00,303.9,310.896,13.51,9.1,0.0,0.0
2026-01-11 19:15:00,293.4,320.04,13.44,12.6,0.0,410.0
2026-02-03 12:30:00,298.1,301.752,13.51,6.5,0.0,0.0
2026-02-16 22:30:00,135.9,432.816,13.47,9.0,0.425,46.0
2026-01-29 03:45:00,304.5,304.8,13.36,11.2,0.0,0.0
2026-02-03 17:45:00,294.3,301.752,13.37,9.2,0.0,169.0
2026-02-14 14:00:00,298.6,301.752,13.43,6.1,0.0,0.0
2026-01-07 18:30:00,284.9,344.424,13.43,11.1,0.0,244.0
2026-01-28 10:15:00,300.3,304.8,13.38,11.5,0.075,0.0
2026-02-02 16:00:00,300.8,298.704,13.55,6.7,0.0,27.0
2026-02-17 11:30:00,150.9,341.37600000000003,13.43,8.0,0.0,0.0
2026-01-21 05:45:00,310.0,307.848,13.42,7.2,0.0,0.0
2026-02-17 22:00:00,115.1,429.768,13.47,8.4,0.175,130.0
2026-02-26 15:15:00,294.0,323.088,13.36,11.7,0.0,1.0
2026-02-28 08:45:00,323.1,316.992,13.25,16.2,0.0,0.0
2026-02-03 22:30:00,296.9,301.752,13.23,16.8,0.0,567.0
2026-01-09 05:00:00,293.3,329.184,13.48,7.0,0.0,0.0
2026-02-25 06:00:00,322.7,320.04,13.26,14.0,0.175,0.0
2026-01-28 14:00:00,299.9,304.8,13.39,9.7,0.0,0.0
2026-01-14 15:00:00,301.2,313.944,13.6,4.5,0.0,0.0
2026-01-13 18:30:00,297.0,313.944,13.48,9.9,0.0,306.0
2026-02-02 13:15:00,302.5,301.752,13.53,5.2,0.0,0.0
2026-01-07 11:45:00,276.9,347.472,13.44,9.6,0.0,0.0
2026-02-19 18:00:00,139.3,381.0,13.54,7.7,0.0,373.0
2026-01-20 04:30:00,310.1,307.848,13.35,7.4,0.0,0.0
2026-02-05 09:00:00,303.9,301.752,13.41,6.1,0.0,0.0
2026-01-26 06:45:00,301.9,304.8,13.45,5.3,0.0,0.0
2026-01-31 15:30:00,303.0,301.752,13.52,4.7,0.0,0.0
2026-01-25 00:45:00,306.5,301.752,13.21,16.2,0.0,291.0
2026-01-06 21:45:00,246.1,365.76,13.3,13.4,0.0,228.0
2026-02-28 09:00:00,323.2,316.992,13.25,15.9,0.0,0.0
2026-02-05 05:45:00,304.2,298.704,13.29,7.8,0.0,0.0
2026-02-11 16:15:00,215.8,304.8,13.36,10.4,0.025,36.0
2026-02-11 18:45:00,213.9,304.8,13.37,12.9,0.0,336.0
2026-01-08 19:15:00,293.3,332.232,13.47,10.1,0.0,422.0
2026-01-15 03:00:00,303.8,313.944,13.27,9.1,0.0,0.0
2026-01-10 15:30:00,292.4,323.088,13.56,2.1,0.0,0.0
2026-02-01 07:30:00,305.2,301.752,13.43,7.5,0.0,0.0
2026-02-05 21:45:00,299.9,301.752,13.2,18.6,0.0,597.0
2026-02-07 06:15:00,307.9,298.704,13.33,10.0,0.0,0.0
2026-02-17 20:15:00,109.9,566.928,13.51,8.0,0.675,90.0
2026-02-26 20:15:00,299.8,323.088,13.33,19.9,0.0,551.0
2026-01-17 21:45:00,303.2,310.896,13.26,15.8,0.0,503.0
2026-02-16 12:45:00,186.7,423.672,13.42,9.3,0.625,0.0
2026-01-23 18:15:00,310.6,304.8,13.43,9.8,0.0,201.0
2026-02-14 11:30:00,298.4,298.704,13.47,8.2,0.0,0.0
2026-01-17 09:45:00,306.2,310.896,13.41,7.4,0.0,0.0
2026-02-24 07:45:00,314.8,313.944,13.33,12.2,0.075,0.0
2026-02-08 04:45:00,311.6,298.704,13.37,10.4,0.0,0.0
2026-01-12 13:45:00,299.1,320.04,13.57,3.2,0.0,0.0
2026-01-17 10:00:00,306.0,310.896,13.47,6.4,0.0,0.0
2026-02-14 00:15:00,297.7,301.752,13.29,13.2,0.0,348.0
2026-01-15 15:30:00,300.7,310.896,13.57,4.0,0.0,0.0
2026-01-16 15:00:00,302.6,310.896,13.54,7.0,0.0,0.0
2026-02-25 05:45:00,322.8,316.992,13.25,13.9,0.35,0.0
2026-02-25 11:00:00,234.7,448.056,13.34,13.9,0.025,0.0
2026-02-22 03:30:00,289.1,323.088,13.37,9.8,0.0,0.0
2026-01-08 01:00:00,293.5,341.37600000000003,13.35,11.1,0.0,58.0
2026-02-04 22:00:00,298.2,301.752,13.19,17.4,0.0,581.0
2026-01-09 22:15:00,291.1,326.136,13.36,11.2,0.0,470.0
2026-02-13 23:15:00,295.8,301.752,13.32,14.1,0.0,492.0
2026-02-21 01:15:00,269.3,329.184,13.42,10.1,0.0,176.0
2026-02-22 21:45:00,299.6,320.04,13.3,17.3,0.0,678.0
2026-02-21 10:45:00,274.8,326.136,13.56,4.9,0.0,0.0
2026-02-24 13:15:00,315.0,313.944,13.34,13.3,0.0,0.0
2026-01-06 03:45:00,137.2,478.53600000000006,13.4,10.2,0.525,0.0
2026-02-15 13:00:00,301.4,298.704,13.42,10.7,0.025,0.0
2026-01-29 09:30:00,305.0,304.8,13.42,6.9,0.0,0.0
2026-01-31 12:15:00,304.4,304.8,13.39,6.3,0.0,0.0
2026-02-19 04:45:00,212.5,341.37600000000003,13.51,6.1,0.05,0.0
2026-01-13 02:45:00,299.9,316.992,13.32,8.2,0.0,0.0
2026-01-12 01:15:00,297.5,320.04,13.29,10.6,0.0,53.0
2026-02-27 07:00:00,311.9,320.04,13.3,14.6,0.0,0.0
2026-01-26 07:00:00,301.9,304.8,13.46,5.4,0.0,0.0
2026-01-29 08:00:00,304.8,304.8,13.44,7.5,0.0,0.0
2026-01-13 21:45:00,297.6,316.992,13.29,15.1,0.0,528.0
2026-02-20 16:45:00,254.3,335.28000000000003,13.58,2.7,0.0,58.0
2026-02-16 08:30:00,199.8,320.04,13.44,9.9,0.45,0.0
2026-02-25 15:45:00,153.0,359.664,13.35,13.7,0.0,0.0
2026-01-23 00:30:00,310.8,307.848,13.28,16.1,0.0,261.0
2026-02-07 16:15:00,322.3,298.704,13.38,8.3,0.0,20.0
2026-01-26 17:15:00,299.4,326.136,13.45,5.6,0.0,127.0
2026-02-28 11:00:00,323.3,316.992,13.23,15.3,0.0,0.0
2026-01-22 04:00:00,309.7,307.848,13.37,8.5,0.0,0.0
2026-02-11 08:15:00,284.9,307.848,13.42,10.4,0.1,0.0
2026-01-10 06:30:00,295.1,326.136,13.45,4.0,0.0,0.0
2026-02-06 19:30:00,303.7,301.752,13.3,16.7,0.0,493.0
2026-01-19 12:15:00,310.1,310.896,13.48,6.7,0.0,0.0
2026-02-10 21:30:00,302.6,298.704,13.36,14.3,0.0,341.0
2026-02-04 07:30:00,301.2,301.752,13.34,7.9,0.0,0.0
2026-02-12 22:45:00,231.2,301.752,13.25,15.8,0.0,571.0
2026-01-19 13:30:00,309.3,307.848,13.49,5.6,0.0,0.0
2026-02-20 14:00:00,251.0,338.32800000000003,13.6,0.6,0.0,0.0
2026-01-31 23:15:00,304.1,301.752,13.27,15.3,0.0,408.0
2026-02-11 01:00:00,303.5,298.704,13.38,11.0,0.425,32.0
2026-02-28 16:15:00,323.6,316.992,13.31,15.1,0.0,96.0
2026-01-15 16:00:00,300.5,313.944,13.57,4.7,0.0,15.0
2026-01-14 03:00:00,302.3,313.944,13.31,8.2,0.0,0.0
2026-02-24 12:30:00,314.9,316.992,13.39,12.6,0.0,0.0
2026-02-21 15:45:00,275.3,323.088,13.62,4.6,0.0,0.0
2026-02-17 04:00:00,127.4,594.36,13.48,7.9,0.225,0.0
2026-01-08 18:15:00,294.0,335.28000000000003,13.49,8.7,0.0,295.0
2026-02-24 11:45:00,314.8,316.992,13.33,12.7,0.0,0.0
2026-02-26 19:45:00,299.6,323.088,13.35,18.6,0.0,429.0
2026-02-20 14:30:00,251.8,338.32800000000003,13.66,0.6,0.0,0.0
2026-02-17 06:15:00,97.5,377.952,13.51,7.3,0.0,0.0
2026-01-15 10:30:00,303.3,313.944,13.51,5.2,0.0,0.0
2026-02-09 15:45:00,308.1,298.704,13.41,9.2,0.0,0.0
2026-02-09 20:30:00,307.5,298.704,13.35,15.6,0.0,493.0
2026-01-29 18:15:00,302.1,304.8,13.4,12.8,0.0,331.0
2026-01-13 04:45:00,300.7,316.992,13.37,6.6,0.0,0.0
2026-02-04 10:15:00,301.0,298.704,13.47,5.8,0.0,0.0
2026-02-11 22:30:00,218.5,338.32800000000003,13.38,12.0,0.075,165.0
2026-02-13 11:30:00,284.3,298.704,13.46,8.5,0.0,0.0
2026-02-19 09:00:00,243.2,341.37600000000003,13.5,6.2,0.075,0.0
2026-01-16 04:30:00,305.8,313.944,13.33,9.1,0.0,0.0
2026-02-27 20:30:00,312.1,316.992,13.27,22.9,0.0,676.0
2026-01-14 22:15:00,300.5,313.944,13.27,15.3,0.0,473.0
2026-02-04 11:45:00,300.6,298.704,13.4,5.4,0.0,0.0
2026-02-28 17:30:00,323.1,316.992,13.3,19.6,0.0,257.0
2026-02-17 22:15:00,117.7,420.624,13.47,8.4,0.175,130.0
2026-01-06 09:45:00,164.4,408.432,13.44,9.2,0.05,0.0
2026-02-10 05:00:00,308.7,298.704,13.32,11.1,0.0,0.0
2026-02-27 17:15:00,310.8,320.04,13.37,18.0,0.0,242.0
2026-02-06 06:45:00,305.2,298.704,13.26,10.8,0.0,0.0
2026-01-11 13:15:00,295.4,320.04,13.54,3.2,0.0,0.0
2026-01-21 18:45:00,305.3,307.848,13.47,9.7,0.0,179.0
2026-02-18 22:00:00,201.4,365.76,13.45,8.3,0.3,463.0
2026-02-18 16:30:00,208.4,350.52,13.57,4.5,0.0,59.0
2026-01-05 23:45:00,243.2,548.64,13.44,10.8,0.775,31.0
2026-01-18 05:30:00,308.3,310.896,13.36,7.4,0.0,0.0
2026-01-06 17:30:00,219.7,374.904,13.46,10.7,0.0,125.0
2026-01-09 12:15:00,292.1,329.184,13.54,5.2,0.0,0.0
2026-02-12 17:45:00,191.9,301.752,13.39,9.9,0.0,148.0
2026-02-04 01:30:00,299.9,301.752,13.21,15.5,0.0,151.0
2026-01-13 04:00:00,300.5,316.992,13.36,6.6,0.0,0.0
2026-01-28 14:30:00,300.1,304.8,13.46,9.7,0.0,0.0
2026-01-26 11:00:00,301.2,301.752,13.51,4.8,0.0,0.0
2026-01-22 12:00:00,310.3,307.848,13.45,7.2,0.0,0.0
2026-02-23 23:00:00,311.1,316.992,13.26,17.9,0.0,365.0
2026-01-20 17:45:00,302.7,307.848,13.48,7.2,0.0,106.0
2026-03-01 00:30:00,327.8,316.992,13.19,21.9,0.0,362.0
2026-01-20 19:00:00,302.8,307.848,13.38,11.3,0.0,378.0
2026-02-24 06:15:00,315.6,316.992,13.31,13.0,0.025,0.0
2026-02-18 20:30:00,228.3,429.768,13.55,8.1,0.05,429.0
2026-02-19 08:15:00,239.2,338.32800000000003,13.54,6.0,0.025,0.0
2026-02-12 22:00:00,224.5,301.752,13.3,15.8,0.0,571.0
2026-02-21 09:45:00,274.8,326.136,13.59,4.8,0.0,0.0
2026-01-31 04:30:00,305.3,301.752,13.34,9.3,0.0,0.0
2026-02-04 00:00:00,298.8,301.752,13.16,17.4,0.0,329.0
2026-01-11 22:30:00,294.9,320.04,13.33,14.3,0.0,454.0
2026-02-04 14:45:00,298.1,301.752,13.5,3.7,0.0,0.0
2026-02-08 03:30:00,312.9,298.704,13.31,11.8,0.0,0.0
2026-01-28 04:45:00,300.8,304.8,13.39,12.2,0.175,0.0
2026-01-11 09:45:00,296.8,320.04,13.46,5.1,0.0,0.0
2026-02-09 20:00:00,307.0,298.704,13.3,15.6,0.0,493.0
2026-03-01 02:00:00,328.9,313.944,13.19,17.0,0.0,40.0
2026-01-06 20:00:00,237.0,368.808,13.35,13.0,0.0,238.0
2026-02-04 06:00:00,301.1,301.752,13.3,8.4,0.0,0.0
2026-02-06 05:30:00,305.0,301.752,13.31,11.4,0.0,0.0
2026-02-23 23:15:00,311.6,316.992,13.28,17.9,0.0,365.0
2026-02-13 06:00:00,274.7,298.704,13.42,9.2,0.0,0.0
2026-01-29 10:45:00,304.9,301.752,13.43,6.5,0.0,0.0
2026-01-07 07:45:00,274.4,353.568,13.44,9.0,0.0,0.0
2026-01-26 19:15:00,299.0,304.8,13.37,10.6,0.0,426.0
2026-01-15 13:15:00,302.1,313.944,13.54,3.7,0.0,0.0
2026-01-13 06:15:00,301.1,316.992,13.42,5.2,0.0,0.0
2026-01-10 03:00:00,294.4,326.136,13.42,6.4,0.0,0.0
2026-02-23 13:00:00,308.9,316.992,13.41,7.9,0.0,0.0
2026-01-24 05:00:00,310.5,307.848,13.4,7.1,0.0,0.0
2026-01-30 20:45:00,300.5,304.8,13.33,14.1,0.0,521.0
2026-01-25 10:00:00,304.5,304.8,13.5,5.2,0.0,0.0
2026-02-23 01:15:00,305.1,320.04,13.25,16.0,0.0,204.0
2026-02-06 16:45:00,304.8,301.752,13.45,9.4,0.0,36.0
2026-01-19 22:15:00,307.3,307.848,13.3,15.0,0.0,499.0
2026-01-14 06:45:00,303.8,313.944,13.43,6.9,0.0,0.0
2026-01-17 05:45:00,304.6,310.896,13.36,9.4,0.0,0.0
2026-02-04 15:00:00,298.1,301.752,13.53,4.0,0.0,0.0
2026-01-12 07:15:00,299.7,320.04,13.51,5.5,0.0,0.0
2026-01-14 15:30:00,300.8,313.944,13.54,4.5,0.0,0.0
2026-02-03 14:00:00,296.8,298.704,13.54,5.3,0.0,0.0
2026-02-16 00:30:00,302.1,301.752,13.33,12.4,0.8,196.0
2026-02-24 21:30:00,317.6,313.944,13.17,19.0,0.0,345.0
2026-02-08 14:00:00,305.4,298.704,13.49,8.2,0.0,0.0
2026-01-17 21:30:00,303.6,310.896,13.3,15.8,0.0,503.0
2026-02-13 19:30:00,290.5,298.704,13.4,12.6,0.0,374.0
2026-02-11 23:00:00,219.4,350.52,13.38,12.1,0.025,135.0
2026-01-22 06:15:00,310.4,307.848,13.4,8.0,0.0,0.0
2026-01-30 10:00:00,303.6,304.8,13.4,6.1,0.0,0.0
2026-02-22 22:00:00,299.8,320.04,13.24,17.2,0.0,636.0
2026-01-21 01:00:00,307.7,307.848,13.3,11.0,0.0,50.0
2026-01-24 08:00:00,309.3,307.848,13.44,8.7,0.0,0.0
2026-01-15 11:15:00,302.9,310.896,13.47,4.9,0.0,0.0
2026-01-18 10:45:00,309.1,310.896,13.45,5.1,0.0,0.0
2026-01-11 20:15:00,293.5,320.04,13.41,14.0,0.0,489.0
2026-02-12 23:15:00,236.1,301.752,13.28,16.0,0.0,494.0
2026-02-12 04:00:00,168.1,320.04,13.42,9.6,0.0,0.0
2026-01-27 20:00:00,297.2,304.8,13.41,15.1,0.0,541.0
2026-01-17 13:45:00,305.3,310.896,13.51,4.7,0.0,0.0
2026-01-24 10:30:00,308.8,304.8,13.46,8.9,0.0,0.0
2026-01-16 18:45:00,302.2,310.896,13.41,14.0,0.0,306.0
2026-02-27 21:15:00,313.3,316.992,13.24,23.2,0.0,699.0
2026-02-23 01:00:00,304.6,316.992,13.24,16.0,0.0,204.0
2026-02-24 20:00:00,316.0,313.944,13.19,19.1,0.0,528.0
2026-01-19 21:30:00,307.0,307.848,13.33,15.1,0.0,535.0
2026-02-05 05:15:00,304.1,298.704,13.32,7.8,0.0,0.0
2026-01-16 22:30:00,303.4,313.944,13.2,17.4,0.0,496.0
2026-02-06 10:45:00,306.1,301.752,13.37,11.4,0.05,0.0
2026-01-06 10:00:00,165.4,408.432,13.37,8.8,0.025,0.0
2026-02-12 07:30:00,145.0,304.8,13.43,9.9,0.0,0.0
2026-02-12 18:15:00,195.3,301.752,13.35,11.6,0.0,295.0
2026-01-16 20:45:00,303.0,310.896,13.31,16.4,0.0,521.0
2026-01-08 05:00:00,295.4,338.32800000000003,13.41,8.8,0.0,0.0
2026-02-26 09:45:00,285.1,326.136,13.34,13.0,0.0,0.0
2026-01-18 02:45:00,303.0,307.848,13.33,10.2,0.0,1.0
2026-02-23 13:45:00,308.8,316.992,13.44,7.9,0.0,0.0
2026-01-11 06:15:00,297.6,323.088,13.45,5.7,0.0,0.0
2026-02-02 09:30:00,304.3,301.752,13.47,8.9,0.0,0.0
2026-02-24 15:45:00,315.4,313.944,13.37,12.7,0.0,1.0
2026-02-20 20:30:00,260.4,332.232,13.48,10.1,0.0,464.0
2026-02-28 02:30:00,322.1,316.992,13.16,19.1,0.0,42.0
2026-01-12 22:15:00,296.8,316.992,13.29,12.7,0.0,458.0
2026-02-20 04:45:00,231.9,344.424,13.5,6.3,0.0,0.0
2026-01-27 14:00:00,297.9,304.8,13.51,3.7,0.0,0.0
2026-01-10 00:45:00,293.0,326.136,13.38,11.1,0.0,225.0
2026-02-07 21:15:00,318.7,298.704,13.29,16.6,0.0,585.0
2026-02-07 14:15:00,316.7,301.752,13.44,8.1,0.0,0.0
2026-02-11 10:45:00,257.3,341.37600000000003,13.38,11.3,0.025,0.0
2026-02-20 21:30:00,262.4,335.28000000000003,13.48,11.1,0.0,570.0
2026-01-14 18:15:00,299.8,313.944,13.49,11.9,0.0,289.0
2026-01-17 16:15:00,304.1,310.896,13.51,5.2,0.0,15.0
2026-01-25 14:30:00,301.7,304.8,13.49,3.1,0.0,0.0
2026-01-25 20:30:00,299.6,304.8,13.43,9.6,0.0,322.0
2026-02-18 20:45:00,227.2,426.72,13.54,8.1,0.05,429.0
2026-01-13 15:30:00,298.3,316.992,13.57,2.4,0.0,0.0
2026-02-22 10:30:00,294.9,323.088,13.42,9.2,0.0,0.0
2026-02-01 08:00:00,305.1,301.752,13.39,7.3,0.0,0.0
2026-01-17 17:45:00,303.9,310.896,13.45,7.6,0.0,129.0
2026-01-17 06:45:00,305.1,310.896,13.37,9.0,0.0,0.0
2026-01-23 00:00:00,310.6,307.848,13.26,16.1,0.0,261.0
2026-01-26 22:15:00,299.5,304.8,13.28,14.7,0.0,531.0
2026-01-26 06:00:00,302.0,301.752,13.49,5.3,0.0,0.0
2026-02-19 19:30:00,159.7,371.856,13.47,8.9,0.0,537.0
2026-01-15 17:15:00,300.0,313.944,13.52,7.3,0.0,145.0
2026-02-02 19:15:00,299.7,301.752,13.4,15.6,0.0,454.0
2026-01-15 21:45:00,300.2,313.944,13.24,16.2,0.0,529.0
2026-02-03 14:15:00,296.5,301.752,13.53,5.3,0.0,0.0
2026-02-12 09:15:00,145.3,304.8,13.44,9.1,0.0,0.0
2026-01-24 03:15:00,311.6,304.8,13.42,8.3,0.0,0.0
2026-02-23 22:30:00,310.5,316.992,13.31,18.6,0.0,498.0
2026-01-11 19:45:00,293.5,320.04,13.47,12.6,0.0,410.0
2026-02-15 03:30:00,301.8,301.752,13.37,11.4,0.0,0.0
2026-02-22 13:00:00,296.0,320.04,13.46,8.5,0.0,0.0
2026-02-17 04:30:00,103.4,478.53600000000006,13.49,7.9,0.225,0.0
2026-02-15 12:00:00,301.5,301.752,13.41,10.8,0.05,0.0
2026-02-24 10:45:00,314.5,316.992,13.35,12.8,0.0,0.0
2026-02-04 17:00:00,296.4,301.752,13.51,8.8,0.0,178.0
2026-01-13 02:00:00,299.3,316.992,13.3,8.2,0.0,0.0
2026-02-15 22:15:00,300.2,301.752,13.34,13.8,0.075,363.0
2026-02-24 18:00:00,315.0,313.944,13.33,17.0,0.0,220.0
2026-01-25 08:00:00,305.8,304.8,13.48,8.3,0.0,0.0
2026-01-20 07:00:00,309.0,310.896,13.46,6.7,0.0,0.0
2026-02-20 19:45:00,259.1,332.232,13.46,8.9,0.0,367.0
2026-02-13 20:15:00,291.5,301.752,13.33,14.3,0.0,520.0
2026-02-28 19:15:00,322.9,316.992,13.2,23.0,0.0,528.0
2026-01-26 11:15:00,301.1,304.8,13.46,4.8,0.0,0.0
2026-01-30 08:30:00,303.7,301.752,13.44,6.4,0.0,0.0
2026-01-15 20:45:00,300.2,310.896,13.29,15.2,0.0,509.0
2026-02-19 10:45:00,238.7,707.136,13.56,6.2,0.525,0.0
2026-02-23 06:15:00,308.8,316.992,13.3,11.5,0.0,0.0
2026-01-15 07:30:00,304.2,313.944,13.47,6.5,0.0,0.0
2026-01-23 22:30:00,311.4,307.848,13.38,13.0,0.0,388.0
2026-02-20 20:15:00,260.0,332.232,13.41,10.1,0.0,464.0
2026-01-13 05:30:00,300.9,316.992,13.46,6.4,0.0,0.0
2026-01-18 12:00:00,309.0,307.848,13.49,5.4,0.0,0.0
2026-01-15 08:15:00,304.1,310.896,13.42,5.9,0.0,0.0
2026-01-09 03:00:00,293.4,332.232,13.44,7.3,0.0,0.0
2026-01-05 10:00:00,204.8,381.0,13.42,8.7,0.075,0.0
2026-01-21 02:30:00,309.7,307.848,13.36,9.2,0.0,2.0
2026-02-10 08:45:00,307.1,298.704,13.42,9.9,0.0,0.0
2026-01-23 16:30:00,310.7,304.8,13.45,8.8,0.0,9.0
2026-01-06 06:15:00,155.0,509.016,13.4,10.2,0.05,0.0
2026-01-24 16:45:00,306.9,304.8,13.55,6.5,0.0,18.0
2026-02-07 20:30:00,319.7,298.704,13.36,14.8,0.0,544.0
2026-01-20 23:15:00,304.9,307.848,13.32,13.7,0.0,245.0
2026-01-15 04:30:00,304.1,313.944,13.32,8.1,0.0,0.0
2026-01-12 20:45:00,296.3,316.992,13.39,12.1,0.0,489.0
2026-01-30 14:15:00,301.9,301.752,13.48,4.7,0.0,0.0
2026-02-28 00:15:00,319.7,316.992,13.15,22.8,0.0,360.0
2026-02-10 19:45:00,301.7,301.752,13.36,12.4,0.05,356.0
2026-01-20 14:15:00,303.0,307.848,13.54,4.9,0.0,0.0
2026-02-22 15:00:00,296.7,320.04,13.46,8.7,0.0,0.0
2026-02-06 04:45:00,305.0,298.704,13.29,12.0,0.0,0.0
2026-02-21 15:00:00,275.2,323.088,13.63,4.6,0.0,0.0
2026-01-05 18:30:00,255.2,362.712,13.41,12.1,0.0,158.0
2026-02-27 09:00:00,312.2,320.04,13.33,14.3,0.0,0.0
2026-02-08 11:45:00,306.8,298.704,13.47,8.0,0.0,0.0
2026-02-12 11:45:00,151.2,304.8,13.43,8.0,0.0,0.0
2026-02-14 00:30:00,298.5,301.752,13.25,13.2,0.0,348.0
2026-01-26 03:15:00,302.3,304.8,13.39,6.1,0.0,0.0
2026-02-13 02:00:00,258.2,301.752,13.27,11.8,0.0,26.0
2026-02-22 06:30:00,292.2,323.088,13.43,8.9,0.0,0.0
2026-01-12 17:15:00,296.8,320.04,13.59,5.9,0.0,124.0
2026-02-19 02:30:00,195.1,344.424,13.47,6.8,0.025,8.0
2026-01-14 14:00:00,301.6,313.944,13.53,4.7,0.0,0.0
2026-02-28 12:45:00,323.6,316.992,13.25,15.7,0.0,0.0
2026-01-22 17:30:00,309.4,307.848,13.41,9.6,0.0,143.0
2026-02-11 19:30:00,214.4,304.8,13.31,13.4,0.05,322.0
2026-02-02 02:45:00,305.9,301.752,13.33,12.8,0.0,9.0
2026-02-04 00:45:00,299.3,301.752,13.2,17.4,0.0,329.0
2026-01-08 06:00:00,296.0,338.32800000000003,13.45,8.8,0.05,0.0
2026-01-27 23:15:00,298.5,304.8,13.32,15.2,0.0,269.0
2026-01-15 16:30:00,300.3,313.944,13.56,4.7,0.0,15.0
2026-02-24 17:15:00,315.4,313.944,13.35,15.9,0.0,214.0
2026-01-31 08:15:00,305.1,301.752,13.4,7.7,0.0,0.0
2026-01-27 07:45:00,300.4,304.8,13.44,5.1,0.0,0.0
2026-02-08 09:30:00,308.2,298.704,13.46,9.2,0.0,0.0
2026-02-14 21:00:00,299.9,301.752,13.36,13.3,0.0,381.0
2026-02-03 13:00:00,297.7,298.704,13.47,5.7,0.0,0.0
2026-01-06 22:30:00,249.2,362.712,13.27,14.6,0.0,379.0
2026-02-24 19:45:00,315.9,313.944,13.28,18.4,0.0,521.0
2026-01-23 14:15:00,310.7,304.8,13.39,8.8,0.0,0.0
2026-01-30 23:30:00,302.2,301.752,13.19,14.6,0.0,409.0
2026-01-18 08:00:00,309.7,310.896,13.42,6.0,0.0,0.0
2026-01-15 23:45:00,302.2,313.944,13.27,16.9,0.0,388.0
2026-01-29 23:00:00,303.0,301.752,13.26,16.2,0.0,442.0
2026-02-02 08:30:00,304.9,301.752,13.42,9.3,0.0,0.0
2026-01-18 01:00:00,302.8,310.896,13.23,12.6,0.0,66.0
2026-02-24 20:15:00,316.1,313.944,13.28,19.1,0.0,528.0
2026-02-26 20:45:00,300.5,323.088,13.22,19.9,0.0,551.0
2026-02-25 09:00:00,266.9,438.912,13.25,14.0,0.025,0.0
2026-01-19 16:30:00,307.3,307.848,13.56,4.6,0.0,15.0
2026-02-05 05:30:00,304.0,301.752,13.32,7.8,0.0,0.0
2026-02-20 15:30:00,252.8,335.28000000000003,13.66,0.6,0.0,0.0
2026-01-15 01:45:00,303.0,313.944,13.22,13.0,0.0,80.0
2026-02-02 15:00:00,301.6,301.752,13.56,5.8,0.0,0.0
2026-01-22 00:15:00,308.5,307.848,13.38,11.9,0.0,84.0
2026-01-15 06:15:00,304.6,313.944,13.37,6.7,0.0,0.0
2026-01-26 00:45:00,301.7,304.8,13.38,9.8,0.0,141.0
2026-02-14 12:00:00,298.5,301.752,13.46,7.7,0.0,0.0
2026-01-23 15:45:00,310.7,307.848,13.39,8.9,0.0,0.0
2026-02-03 08:15:00,301.8,298.704,13.44,9.6,0.0,0.0
2026-02-06 10:00:00,305.8,301.752,13.32,11.4,0.05,0.0
2026-02-25 09:15:00,271.8,445.008,13.29,14.0,0.025,0.0
2026-02-25 20:00:00,198.7,338.32800000000003,13.29,16.6,0.025,255.0
2026-02-04 05:15:00,301.1,301.752,13.33,9.2,0.0,0.0
2026-02-14 19:00:00,298.7,301.752,13.38,12.6,0.0,413.0
2026-01-23 10:30:00,310.7,307.848,13.39,8.3,0.0,0.0
2026-01-26 18:15:00,299.1,304.8,13.46,7.7,0.0,279.0
2026-02-09 10:15:00,310.0,298.704,13.35,10.8,0.0,0.0
2026-01-23 10:45:00,310.6,304.8,13.44,8.3,0.0,0.0
2026-01-11 01:45:00,295.9,323.088,13.32,9.4,0.0,66.0
2026-02-21 16:15:00,275.6,323.088,13.55,6.6,0.0,59.0
2026-01-17 09:00:00,306.3,310.896,13.43,7.4,0.0,0.0
2026-02-22 00:30:00,285.3,323.088,13.32,13.9,0.0,343.0
2026-02-01 10:45:00,304.9,301.752,13.48,7.9,0.0,0.0
2026-01-08 04:00:00,295.2,338.32800000000003,13.43,9.1,0.0,0.0
2026-01-13 19:00:00,297.0,316.992,13.42,12.5,0.0,429.0
2026-02-06 18:30:00,304.0,301.752,13.36,15.1,0.0,365.0
2026-01-28 08:00:00,300.5,301.752,13.32,11.7,0.0,0.0
2026-02-22 02:45:00,288.5,323.088,13.28,10.8,0.0,43.0
2026-01-31 14:30:00,303.4,301.752,13.5,5.0,0.0,0.0
2026-02-10 07:15:00,307.9,298.704,13.42,9.4,0.0,0.0
2026-01-19 15:45:00,307.8,307.848,13.53,4.5,0.0,0.0
2026-02-04 12:45:00,300.0,298.704,13.48,4.9,0.0,0.0
2026-02-24 23:00:00,319.5,313.944,13.23,16.1,0.0,159.0
2026-02-25 04:00:00,322.3,313.944,13.25,14.8,0.05,0.0
2026-02-26 22:15:00,303.4,323.088,13.27,21.5,0.0,625.0
2026-02-16 05:45:00,284.5,384.048,13.42,10.6,0.375,0.0
2026-01-25 01:15:00,306.6,304.8,13.26,13.5,0.0,118.0
2026-01-05 12:15:00,228.5,374.904,13.46,9.4,0.3,0.0
2026-01-09 17:00:00,290.4,329.184,13.57,6.7,0.0,139.0
2026-01-25 09:45:00,304.6,304.8,13.46,7.0,0.0,0.0
2026-01-20 13:15:00,303.3,307.848,13.52,5.2,0.0,0.0
2026-01-21 06:15:00,309.5,307.848,13.38,7.0,0.0,0.0
2026-01-06 21:15:00,244.2,365.76,13.36,13.4,0.0,228.0
2026-02-23 09:45:00,309.2,316.992,13.35,10.5,0.0,0.0
2026-01-23 05:30:00,311.6,307.848,13.41,9.1,0.0,0.0
2026-01-09 14:45:00,291.5,326.136,13.59,5.2,0.0,0.0
2026-02-19 22:30:00,195.7,359.664,13.46,10.2,0.0,620.0
2026-01-16 16:30:00,302.3,310.896,13.49,7.2,0.0,16.0
2026-01-15 13:45:00,301.8,313.944,13.56,3.7,0.0,0.0
2026-01-16 22:00:00,303.2,310.896,13.27,17.4,0.0,496.0
2026-02-01 02:45:00,305.3,301.752,13.32,10.4,0.0,10.0
2026-02-10 08:30:00,307.4,298.704,13.42,9.9,0.0,0.0
2026-01-10 07:30:00,295.1,326.136,13.52,3.9,0.0,0.0
2026-01-14 16:45:00,300.3,316.992,13.54,4.8,0.0,14.0
2026-02-15 01:00:00,302.1,301.752,13.31,12.7,0.0,74.0
2026-01-23 22:45:00,311.5,304.8,13.38,13.0,0.0,388.0
2026-01-27 23:30:00,298.9,304.8,13.33,15.2,0.0,269.0
2026-02-01 23:45:00,304.1,301.752,13.23,17.4,0.0,418.0
2026-01-08 04:15:00,295.3,338.32800000000003,13.32,9.1,0.0,0.0
2026-01-08 03:15:00,294.9,338.32800000000003,13.42,9.3,0.0,0.0
2026-01-10 06:00:00,295.3,326.136,13.49,4.0,0.0,0.0
2026-02-17 02:45:00,139.2,347.472,13.42,7.8,0.175,16.0
2026-01-22 19:45:00,309.0,307.848,13.34,13.3,0.0,401.0
2026-01-12 05:15:00,299.8,320.04,13.47,6.1,0.0,0.0
2026-01-10 16:30:00,292.1,323.088,13.56,2.7,0.0,12.0
2026-01-17 05:15:00,304.7,310.896,13.33,9.4,0.0,0.0
2026-02-25 12:15:00,191.8,393.192,13.34,13.8,0.025,0.0
2026-01-28 16:45:00,301.1,301.752,13.39,8.8,0.0,16.0
2026-02-02 03:45:00,306.0,301.752,13.36,11.9,0.0,0.0
2026-02-14 02:00:00,299.7,301.752,13.31,10.4,0.0,23.0
2026-01-26 00:15:00,301.3,304.8,13.39,9.8,0.0,141.0
2026-01-11 05:00:00,297.4,320.04,13.44,5.8,0.0,0.0
2026-01-20 16:00:00,302.7,307.848,13.49,5.1,0.0,14.0
2026-01-31 03:30:00,305.0,301.752,13.28,9.7,0.0,0.0
2026-02-01 07:15:00,305.2,301.752,13.42,7.5,0.0,0.0
2026-01-19 08:45:00,312.1,310.896,13.47,7.1,0.0,0.0
2026-02-16 17:15:00,119.6,384.048,13.42,9.1,0.325,33.0
2026-01-28 19:30:00,302.1,304.8,13.37,14.4,0.0,432.0
2026-01-27 20:45:00,297.3,304.8,13.39,15.1,0.0,541.0
2026-02-26 00:45:00,247.2,335.28000000000003,13.29,17.2,0.0,145.0
2026-01-14 20:00:00,299.7,313.944,13.4,14.9,0.0,488.0
2026-01-07 17:45:00,284.2,344.424,13.41,9.7,0.0,107.0
2026-02-22 10:15:00,294.9,320.04,13.4,9.2,0.0,0.0
2026-01-30 14:45:00,301.8,304.8,13.52,4.7,0.0,0.0
2026-02-02 23:15:00,301.5,301.752,13.27,17.8,0.0,459.0
2026-02-11 10:15:00,262.8,353.568,13.42,11.3,0.025,0.0
2026-01-24 22:30:00,305.6,304.8,13.28,16.2,0.0,541.0
2026-02-19 14:00:00,147.3,502.92,13.56,5.9,0.0,0.0
2026-01-31 06:15:00,305.0,301.752,13.3,8.5,0.0,0.0
2026-01-06 20:15:00,238.8,368.808,13.35,13.0,0.0,238.0
2026-01-20 09:15:00,305.7,307.848,13.46,5.6,0.0,0.0
2026-01-07 04:15:00,269.2,356.616,13.36,9.4,0.0,0.0
2026-01-12 23:00:00,296.8,316.992,13.32,12.7,0.0,371.0
2026-02-17 09:30:00,127.6,347.472,13.46,7.0,0.0,0.0
2026-01-09 08:30:00,292.4,329.184,13.47,6.1,0.0,0.0
2026-02-08 18:45:00,304.4,298.704,13.43,12.2,0.0,301.0
2026-01-28 12:15:00,299.8,304.8,13.41,10.7,0.075,0.0
2026-01-11 16:30:00,294.0,320.04,13.6,4.1,0.0,13.0
2026-01-21 07:00:00,308.7,307.848,13.38,7.4,0.0,0.0
2026-01-30 03:30:00,304.9,301.752,13.34,9.7,0.0,0.0
2026-02-20 23:15:00,265.8,329.184,13.45,11.2,0.0,360.0
2026-02-24 14:30:00,315.0,313.944,13.32,12.9,0.0,0.0
2026-01-22 18:15:00,309.2,307.848,13.43,11.4,0.0,261.0
2026-01-30 20:30:00,300.5,304.8,13.34,14.1,0.0,521.0
2026-01-10 13:15:00,293.3,323.088,13.59,2.0,0.0,0.0
2026-02-05 07:45:00,304.2,301.752,13.4,7.3,0.0,0.0
2026-01-18 07:00:00,309.6,310.896,13.4,6.8,0.0,0.0
2026-02-01 08:45:00,304.9,301.752,13.43,7.3,0.0,0.0
2026-01-16 16:45:00,302.2,310.896,13.48,7.2,0.0,16.0
2026-01-27 21:15:00,297.5,304.8,13.38,16.1,0.0,501.0
2026-01-07 14:30:00,280.2,347.472,13.48,8.3,0.025,0.0
2026-01-12 04:15:00,299.7,320.04,13.42,6.7,0.0,0.0
2026-02-14 01:15:00,299.3,301.752,13.28,12.0,0.0,164.0
2026-01-25 16:45:00,300.4,304.8,13.47,3.5,0.0,14.0
2026-02-11 15:30:00,218.5,307.848,13.37,10.1,0.025,0.0
2026-02-09 19:15:00,307.3,298.704,13.32,14.3,0.0,361.0
2026-02-11 15:15:00,219.5,307.848,13.42,10.1,0.025,0.0
2026-02-05 08:15:00,304.0,301.752,13.39,6.6,0.0,0.0
2026-02-04 01:15:00,299.7,301.752,13.16,15.5,0.0,151.0
2026-02-26 13:45:00,292.3,323.088,13.34,12.1,0.0,0.0
2026-02-02 18:15:00,299.8,301.752,13.42,13.2,0.0,302.0
2026-01-20 13:45:00,303.1,310.896,13.48,5.2,0.0,0.0
2026-02-27 17:30:00,310.7,316.992,13.36,18.0,0.0,242.0
2026-02-27 13:15:00,311.2,320.04,13.37,12.3,0.0,0.0
2026-01-20 13:00:00,303.5,307.848,13.48,5.2,0.0,0.0
2026-02-27 02:00:00,311.1,323.088,13.18,17.9,0.0,51.0
2026-01-14 05:00:00,303.2,313.944,13.42,7.2,0.0,0.0
2026-01-28 08:45:00,300.3,304.8,13.32,11.7,0.0,0.0
2026-02-26 04:00:00,267.1,332.232,13.33,13.4,0.0,0.0
2026-02-12 07:00:00,146.1,304.8,13.43,9.9,0.0,0.0
2026-02-26 19:15:00,298.7,323.088,13.35,18.6,0.0,429.0
2026-02-01 23:15:00,303.6,301.752,13.23,17.4,0.0,418.0
2026-01-08 19:45:00,293.2,332.232,13.48,10.1,0.0,422.0
2026-02-03 12:15:00,298.4,298.704,13.47,6.5,0.0,0.0
2026-01-25 17:15:00,300.2,304.8,13.52,5.2,0.0,85.0
2026-02-26 20:00:00,299.3,323.088,13.33,19.9,0.0,551.0
2026-02-18 23:00:00,190.8,350.52,13.43,9.4,0.025,405.0
2026-01-20 00:15:00,308.1,307.848,13.29,15.0,0.0,257.0
2026-01-06 20:30:00,240.7,368.808,13.38,13.0,0.0,238.0
2026-02-03 19:30:00,294.7,298.704,13.27,14.2,0.0,481.0
2026-01-31 14:45:00,303.3,301.752,13.52,5.0,0.0,0.0
2026-01-05 16:15:00,250.9,365.76,13.43,9.5,0.025,5.0
2026-01-28 21:00:00,301.8,301.752,13.29,15.3,0.0,515.0
2026-02-28 03:15:00,322.4,316.992,13.17,18.1,0.0,0.0
2026-01-22 03:00:00,309.4,307.848,13.4,9.1,0.0,0.0
2026-02-15 06:00:00,301.5,301.752,13.39,11.1,0.0,0.0
2026-02-02 02:00:00,305.4,301.752,13.26,12.8,0.0,9.0
2026-01-23 17:15:00,310.8,304.8,13.42,9.1,0.0,87.0
2026-02-07 15:15:00,320.2,298.704,13.38,7.9,0.0,0.0
2026-02-14 20:00:00,299.3,301.752,13.32,12.7,0.0,436.0
2026-01-27 15:15:00,297.7,304.8,13.53,3.9,0.0,0.0
2026-02-27 05:00:00,311.9,320.04,13.27,15.8,0.0,0.0
2026-01-08 08:45:00,296.8,341.37600000000003,13.39,8.7,0.0,0.0
2026-01-31 13:15:00,303.9,301.752,13.43,5.3,0.0,0.0
2026-01-13 11:45:00,300.2,316.992,13.58,4.1,0.0,0.0
2026-02-12 18:00:00,193.5,301.752,13.35,11.6,0.0,295.0
2026-02-10 16:30:00,302.1,298.704,13.36,6.9,0.0,22.0
2026-02-04 10:45:00,300.7,301.752,13.47,5.8,0.0,0.0
2026-02-09 08:00:00,309.5,298.704,13.34,12.7,0.0,0.0
2026-02-02 20:00:00,299.7,301.752,13.35,16.8,0.0,544.0
2026-01-20 15:45:00,302.6,307.848,13.53,5.1,0.0,0.0
2026-02-01 22:00:00,302.6,301.752,13.28,17.7,0.0,539.0
2026-02-10 15:15:00,302.7,298.704,13.38,5.6,0.0,0.0
2026-02-16 12:15:00,187.0,429.768,13.41,9.3,0.625,0.0
2026-01-13 18:15:00,297.1,316.992,13.5,9.9,0.0,306.0
2026-03-01 04:15:00,327.4,316.992,13.26,13.9,0.0,0.0
2026-01-17 03:30:00,305.1,310.896,13.27,10.1,0.0,0.0
2026-01-31 17:30:00,302.2,301.752,13.42,8.0,0.0,138.0
2026-01-21 10:00:00,307.0,307.848,13.41,6.5,0.0,0.0
2026-02-08 21:15:00,305.6,298.704,13.27,16.5,0.0,602.0
2026-01-18 06:00:00,308.9,310.896,13.36,7.4,0.0,0.0
2026-01-13 13:30:00,299.3,316.992,13.56,3.6,0.0,0.0
2026-02-04 15:15:00,297.6,298.704,13.55,4.0,0.0,0.0
2026-02-28 19:00:00,322.8,316.992,13.26,23.0,0.0,528.0
2026-01-19 17:45:00,306.9,307.848,13.45,7.7,0.0,125.0
2026-01-26 18:30:00,299.2,304.8,13.44,7.7,0.0,279.0
2026-02-07 08:45:00,307.8,298.704,13.41,10.1,0.0,0.0
2026-01-26 20:15:00,299.0,304.8,13.35,12.7,0.0,553.0
2026-02-21 10:30:00,274.7,326.136,13.6,4.9,0.0,0.0
2026-02-04 23:30:00,300.2,301.752,13.14,17.7,0.0,482.0
2026-02-10 17:15:00,301.7,298.704,13.41,9.9,0.0,188.0
2026-02-23 22:00:00,309.7,316.992,13.28,18.6,0.0,498.0
2026-02-01 19:00:00,301.7,301.752,13.4,13.0,0.0,367.0
2026-01-12 19:45:00,296.4,316.992,13.43,11.2,0.0,402.0
2026-01-15 14:30:00,301.2,313.944,13.57,3.6,0.0,0.0
2026-01-30 19:30:00,300.0,301.752,13.39,13.6,0.0,469.0
2026-02-02 22:45:00,301.0,298.704,13.26,18.0,0.0,561.0
2026-02-06 13:30:00,306.4,298.704,13.4,10.1,0.0,0.0
2026-02-15 22:30:00,300.6,301.752,13.33,13.8,0.075,363.0
2026-02-20 16:30:00,254.1,335.28000000000003,13.6,2.7,0.0,58.0
2026-02-23 14:30:00,308.4,316.992,13.46,7.6,0.0,0.0
2026-01-16 03:00:00,304.9,313.944,13.34,10.3,0.0,0.0
2026-01-24 21:45:00,305.5,304.8,13.28,15.7,0.0,579.0
2026-01-12 11:30:00,299.6,316.992,13.59,4.5,0.0,0.0
2026-02-08 12:15:00,306.3,298.704,13.43,8.3,0.0,0.0
2026-02-08 21:30:00,305.7,298.704,13.32,16.5,0.0,602.0
2026-01-21 14:45:00,306.0,307.848,13.5,5.6,0.0,0.0
2026-02-03 04:15:00,303.4,298.704,13.3,11.7,0.0,0.0
2026-02-24 15:15:00,315.3,313.944,13.38,12.7,0.0,1.0
2026-02-22 08:45:00,294.1,323.088,13.44,9.2,0.0,0.0
2026-01-22 14:00:00,310.3,307.848,13.46,6.2,0.0,0.0
2026-02-19 23:15:00,202.1,356.616,13.38,10.2,0.0,528.0
2026-02-11 13:30:00,230.6,310.896,13.42,10.4,0.025,0.0
2026-02-09 17:45:00,307.4,301.752,13.38,11.0,0.0,137.0
2026-01-19 04:15:00,313.2,310.896,13.31,8.5,0.0,0.0
2026-02-12 14:30:00,166.9,301.752,13.4,7.2,0.0,0.0
2026-02-08 08:45:00,308.6,298.704,13.4,8.5,0.0,0.0
2026-02-23 19:30:00,308.2,316.992,13.35,16.1,0.0,561.0
2026-01-07 11:30:00,276.6,350.52,13.44,9.6,0.0,0.0
2026-01-23 02:45:00,311.6,307.848,13.31,10.8,0.0,3.0
2026-01-24 19:30:00,305.9,304.8,13.34,13.0,0.0,455.0
2026-01-17 19:45:00,303.4,310.896,13.37,13.5,0.0,423.0
2026-01-16 19:00:00,302.2,310.896,13.39,15.4,0.0,436.0
2026-01-21 19:00:00,305.5,307.848,13.4,11.2,0.0,251.0
2026-01-16 02:00:00,304.2,313.944,13.28,11.9,0.0,1.0
2026-02-22 01:30:00,286.8,323.088,13.24,12.6,0.0,210.0
2026-02-26 22:45:00,304.3,323.088,13.26,21.5,0.0,625.0
2026-01-07 04:00:00,268.6,356.616,13.4,9.4,0.0,0.0
2026-01-26 16:30:00,299.6,304.8,13.53,4.0,0.0,18.0
2026-02-03 17:00:00,294.6,301.752,13.48,9.2,0.0,169.0
2026-02-22 00:00:00,284.4,323.088,13.33,13.9,0.0,343.0
2026-02-21 14:00:00,275.3,326.136,13.62,4.4,0.0,0.0
2026-01-09 13:00:00,291.8,329.184,13.55,5.2,0.0,0.0
2026-01-26 03:00:00,302.2,304.8,13.4,6.1,0.0,0.0
2026-02-23 08:45:00,309.2,316.992,13.33,11.0,0.0,0.0
2026-02-18 21:30:00,212.0,387.096,13.48,8.8,0.05,489.0
2026-02-24 02:15:00,315.3,316.992,13.31,14.5,0.0,23.0
2026-02-11 18:00:00,213.9,304.8,13.32,12.9,0.0,336.0
2026-01-20 10:45:00,304.9,307.848,13.53,5.4,0.0,0.0
2026-01-23 15:30:00,310.7,307.848,13.39,8.9,0.0,0.0
2026-02-24 00:30:00,313.8,316.992,13.26,18.0,0.0,194.0
2026-01-24 00:30:00,312.1,304.8,13.34,12.0,0.0,265.0
2026-01-31 00:00:00,302.6,304.8,13.25,14.6,0.0,282.0
2026-01-19 22:30:00,307.2,307.848,13.24,15.0,0.0,499.0
2026-01-09 21:15:00,290.8,326.136,13.36,10.8,0.0,514.0
2026-01-08 21:45:00,292.7,335.28000000000003,13.42,11.9,0.0,514.0
2026-01-17 02:45:00,304.4,310.896,13.3,11.3,0.0,1.0
2026-02-15 00:30:00,302.0,301.752,13.37,13.4,0.0,165.0
2026-01-14 21:30:00,300.0,313.944,13.31,15.4,0.0,513.0
2026-01-19 19:30:00,306.6,307.848,13.4,13.3,0.0,406.0
2026-01-22 12:45:00,310.3,307.848,13.46,7.2,0.0,0.0
2026-02-25 02:30:00,322.4,313.944,13.27,15.2,0.125,29.0
2026-02-09 23:30:00,308.4,298.704,13.29,17.0,0.0,443.0
2026-02-21 17:15:00,276.0,326.136,13.54,9.3,0.0,221.0
2026-02-04 12:15:00,300.2,298.704,13.44,4.9,0.0,0.0
2026-01-14 06:15:00,303.7,313.944,13.46,6.9,0.0,0.0
2026-01-21 22:00:00,307.2,304.8,13.38,13.3,0.0,291.0
2026-01-27 02:15:00,301.9,301.752,13.35,8.9,0.0,6.0
2026-01-13 17:15:00,297.4,316.992,13.52,6.4,0.0,147.0
2026-02-01 19:30:00,301.6,301.752,13.38,13.0,0.0,367.0
2026-02-12 15:00:00,171.3,301.752,13.41,6.9,0.0,0.0
2026-01-24 00:45:00,312.0,304.8,13.37,12.0,0.0,265.0
2026-01-07 14:00:00,279.6,347.472,13.42,8.3,0.025,0.0
2026-02-16 11:30:00,181.9,460.2480000000001,13.46,9.2,0.6,0.0
2026-01-08 04:45:00,295.4,338.32800000000003,13.45,9.1,0.0,0.0
2026-01-12 12:30:00,299.3,320.04,13.56,4.2,0.0,0.0
2026-01-07 22:15:00,289.4,341.37600000000003,13.31,14.6,0.0,420.0
2026-01-11 02:15:00,296.4,323.088,13.32,7.8,0.0,0.0
2026-02-06 19:45:00,303.7,301.752,13.31,16.7,0.0,493.0
2026-02-15 00:00:00,301.9,298.704,13.36,13.4,0.0,165.0
2026-02-16 07:15:00,232.3,335.28000000000003,13.42,10.5,0.625,0.0
2026-02-07 05:45:00,307.9,298.704,13.37,10.9,0.0,0.0
2026-02-20 21:45:00,263.0,332.232,13.47,11.1,0.0,570.0
2026-02-13 01:00:00,251.4,301.752,13.27,14.5,0.0,173.0
2026-02-19 20:00:00,166.9,368.808,13.44,9.8,0.0,648.0
2026-01-15 22:15:00,300.8,313.944,13.23,16.7,0.0,486.0
2026-02-23 04:15:00,307.8,316.992,13.32,11.5,0.0,0.0
2026-01-12 09:00:00,300.0,316.992,13.55,5.5,0.0,0.0
2026-01-22 20:00:00,309.1,307.848,13.39,14.5,0.0,478.0
2026-02-25 23:15:00,233.3,335.28000000000003,13.29,16.9,0.0,209.0
2026-02-20 00:00:00,207.2,356.616,13.37,9.7,0.0,389.0
2026-01-09 23:15:00,291.8,326.136,13.31,11.2,0.0,369.0
2026-02-14 17:30:00,298.5,301.752,13.41,9.7,0.0,157.0
2026-02-04 10:00:00,301.2,301.752,13.4,5.8,0.0,0.0
2026-01-09 20:00:00,290.3,326.136,13.38,10.1,0.0,498.0
2026-01-30 21:30:00,300.7,301.752,13.26,13.8,0.0,526.0
2026-01-31 12:00:00,304.4,301.752,13.47,6.3,0.0,0.0
2026-01-29 23:45:00,303.6,304.8,13.21,16.2,0.0,442.0
2026-01-30 17:45:00,300.2,301.752,13.4,8.4,0.0,171.0
2026-01-30 23:00:00,301.6,301.752,13.22,14.6,0.0,409.0
2026-02-07 15:45:00,321.4,298.704,13.38,7.9,0.0,0.0
2026-01-14 06:00:00,303.6,313.944,13.45,6.9,0.0,0.0
2026-01-09 21:00:00,290.7,326.136,13.34,10.8,0.0,514.0
2026-02-06 04:30:00,304.9,298.704,13.28,12.0,0.0,0.0
2026-02-26 01:15:00,251.4,332.232,13.31,17.0,0.0,121.0
2026-01-12 20:00:00,296.2,316.992,13.37,12.1,0.0,489.0
2026-02-05 10:45:00,303.1,301.752,13.44,6.4,0.0,0.0
2026-01-24 18:30:00,306.1,307.848,13.46,11.3,0.0,312.0
2026-01-13 10:30:00,300.5,316.992,13.55,3.7,0.0,0.0
2026-02-19 21:00:00,180.3,365.76,13.48,10.1,0.025,676.0
2026-02-08 15:00:00,304.7,301.752,13.43,8.3,0.0,0.0
2026-02-11 04:45:00,303.6,347.472,13.39,9.8,0.15,0.0
2026-01-09 03:45:00,293.5,329.184,13.41,7.3,0.0,0.0
2026-02-22 18:45:00,297.2,320.04,13.35,14.4,0.0,379.0
2026-01-06 23:00:00,250.8,362.712,13.33,14.7,0.0,293.0
2026-02-20 10:00:00,245.3,341.37600000000003,13.55,3.7,0.0,0.0
2026-02-13 13:15:00,285.8,301.752,13.45,8.0,0.0,0.0
2026-02-17 03:15:00,139.2,658.368,13.47,8.1,0.075,0.0
2026-01-06 05:45:00,148.2,502.92,13.45,10.3,0.15,0.0
2026-02-27 21:00:00,312.9,320.04,13.24,23.2,0.0,699.0
2026-01-27 05:15:00,301.4,301.752,13.44,5.8,0.0,0.0
2026-02-12 20:30:00,210.9,301.752,13.29,14.2,0.0,464.0
2026-01-22 17:15:00,309.3,307.848,13.45,9.6,0.0,143.0
2026-02-01 01:00:00,305.1,301.752,13.21,13.0,0.0,136.0
2026-02-21 18:15:00,276.9,323.088,13.49,11.0,0.0,365.0
2026-02-03 13:30:00,297.2,298.704,13.54,5.7,0.0,0.0
2026-02-23 22:45:00,310.6,316.992,13.26,18.6,0.0,498.0
2026-01-10 19:30:00,292.1,323.088,13.39,9.1,0.0,415.0
2026-02-12 17:15:00,188.2,301.752,13.41,9.9,0.0,148.0
2026-02-07 00:45:00,307.8,298.704,13.21,19.0,0.0,326.0
2026-01-16 23:15:00,303.7,310.896,13.17,16.8,0.0,396.0
2026-01-23 04:30:00,311.7,304.8,13.4,9.6,0.0,0.0
2026-02-09 20:45:00,307.7,298.704,13.28,15.6,0.0,493.0
2026-02-01 10:00:00,304.7,301.752,13.47,7.9,0.0,0.0
2026-02-22 17:00:00,297.0,320.04,13.44,12.4,0.0,243.0
2026-02-21 17:45:00,276.4,323.088,13.52,9.3,0.0,221.0
2026-02-09 21:45:00,307.8,298.704,13.32,15.7,0.0,415.0
2026-02-27 04:15:00,311.7,323.088,13.19,16.0,0.0,0.0
2026-03-01 07:30:00,325.5,316.992,13.31,13.2,0.0,0.0
2026-01-14 22:45:00,300.9,313.944,13.2,15.3,0.0,473.0
2026-01-07 16:00:00,282.1,347.472,13.48,7.5,0.0,11.0
2026-01-08 21:00:00,292.7,332.232,13.44,11.9,0.0,514.0
2026-01-29 20:15:00,301.9,301.752,13.34,15.8,0.0,549.0
2026-02-05 01:00:00,302.3,301.752,13.2,15.8,0.0,157.0
2026-03-01 04:00:00,327.5,313.944,13.23,13.9,0.0,0.0
2026-01-22 23:15:00,310.0,307.848,13.26,15.7,0.0,400.0
2026-02-05 16:00:00,299.6,301.752,13.46,6.1,0.0,28.0
2026-02-15 13:45:00,301.4,301.752,13.41,10.7,0.025,0.0
2026-01-31 10:15:00,305.0,301.752,13.38,7.0,0.0,0.0
2026-01-13 01:30:00,298.9,316.992,13.29,10.7,0.0,76.0
2026-01-26 14:15:00,300.5,307.848,13.48,4.5,0.0,0.0
2026-02-12 13:15:00,157.8,301.752,13.43,7.8,0.0,0.0
2026-02-05 09:15:00,303.7,301.752,13.38,6.1,0.0,0.0
2026-02-02 17:45:00,300.0,301.752,13.47,10.2,0.0,161.0
2026-01-09 19:30:00,290.3,329.184,13.4,9.3,0.0,422.0
2026-01-22 20:45:00,309.3,304.8,13.36,14.5,0.0,478.0
2026-02-03 00:45:00,302.8,301.752,13.27,17.7,0.0,311.0
2026-01-12 22:00:00,296.4,316.992,13.35,12.7,0.0,458.0
2026-01-08 16:00:00,295.4,335.28000000000003,13.55,5.6,0.0,13.0
2026-02-08 00:15:00,316.0,298.704,13.28,16.3,0.0,312.0
2026-01-06 03:15:00,136.0,490.72800000000007,13.42,10.2,0.525,0.0
2026-02-26 13:00:00,290.9,326.136,13.34,12.1,0.0,0.0
2026-01-13 17:30:00,297.3,313.944,13.57,6.4,0.0,147.0
2026-01-18 07:45:00,309.7,310.896,13.45,6.8,0.0,0.0
2026-02-25 17:30:00,166.4,347.472,13.34,15.0,0.0,74.0
2026-02-16 05:30:00,290.0,399.288,13.37,10.6,0.375,0.0
2026-02-14 06:30:00,299.1,298.704,13.43,9.1,0.0,0.0
2026-01-23 09:15:00,310.9,304.8,13.44,8.4,0.0,0.0
2026-01-10 09:30:00,294.9,323.088,13.53,3.0,0.0,0.0
2026-01-13 07:30:00,301.1,313.944,13.49,4.6,0.0,0.0
2026-01-21 03:30:00,310.3,307.848,13.37,8.4,0.0,0.0
2026-02-16 15:30:00,149.0,405.384,13.43,9.5,0.6,0.0
2026-02-07 08:00:00,307.7,298.704,13.41,10.1,0.0,0.0
2026-02-10 12:45:00,304.1,298.704,13.42,7.2,0.0,0.0
2026-02-06 23:30:00,306.4,298.704,13.2,18.3,0.0,469.0
2026-01-28 04:00:00,300.9,304.8,13.32,12.2,0.175,0.0
2026-02-27 01:30:00,310.5,323.088,13.19,20.2,0.0,214.0
2026-02-09 08:45:00,309.8,298.704,13.33,12.7,0.0,0.0
2026-01-25 06:45:00,306.4,304.8,13.49,7.3,0.0,0.0
2026-01-12 13:30:00,299.2,316.992,13.62,3.2,0.0,0.0
2026-01-26 19:30:00,298.9,304.8,13.43,10.6,0.0,426.0
2026-01-23 14:45:00,310.6,304.8,13.38,8.8,0.0,0.0
2026-02-19 16:15:00,130.7,396.24,13.53,5.5,0.0,65.0
2026-02-21 20:45:00,278.8,323.088,13.42,13.3,0.0,665.0
2026-01-16 12:00:00,303.5,310.896,13.48,10.5,0.0,0.0
2026-01-19 17:30:00,306.8,307.848,13.44,7.7,0.0,125.0
2026-01-13 14:15:00,299.0,316.992,13.56,2.7,0.0,0.0
2026-02-05 11:30:00,302.7,301.752,13.48,6.2,0.0,0.0
2026-02-28 08:15:00,322.8,316.992,13.24,16.2,0.0,0.0
2026-01-11 00:15:00,295.0,323.088,13.29,11.7,0.0,215.0
2026-02-27 06:00:00,311.9,323.088,13.3,15.3,0.0,0.0
2026-01-26 15:00:00,300.2,307.848,13.47,4.2,0.0,0.0
2026-02-12 22:15:00,226.7,301.752,13.3,15.8,0.0,571.0
2026-01-16 12:45:00,303.2,310.896,13.49,10.5,0.0,0.0
2026-01-17 08:15:00,306.1,310.896,13.41,8.4,0.0,0.0
2026-01-16 14:30:00,302.7,310.896,13.54,7.5,0.0,0.0
2026-02-20 02:15:00,220.8,350.52,13.45,7.7,0.0,40.0
2026-02-23 05:15:00,308.5,316.992,13.34,11.3,0.0,0.0
2026-02-10 15:00:00,302.9,298.704,13.36,5.6,0.0,0.0
2026-03-01 07:00:00,324.8,313.944,13.28,13.2,0.0,0.0
2026-01-20 06:45:00,309.4,307.848,13.46,7.0,0.0,0.0
2026-02-17 08:00:00,112.4,359.664,13.46,7.1,0.0,0.0
2026-02-16 23:45:00,137.6,374.904,13.42,8.9,0.3,85.0
2026-02-02 11:15:00,303.5,301.752,13.51,7.9,0.0,0.0
2026-02-18 02:45:00,138.6,408.432,13.48,6.8,0.0,12.0
2026-01-16 13:45:00,302.9,310.896,13.49,8.4,0.0,0.0
2026-01-30 10:15:00,303.6,304.8,13.42,6.1,0.0,0.0
2026-01-15 20:30:00,300.0,310.896,13.36,15.2,0.0,509.0
2026-01-31 05:00:00,304.9,301.752,13.35,8.6,0.0,0.0
2026-02-04 11:00:00,300.8,298.704,13.44,5.4,0.0,0.0
2026-03-01 02:30:00,328.9,316.992,13.18,17.0,0.0,40.0
2026-02-07 10:45:00,308.1,298.704,13.36,9.7,0.0,0.0
2026-01-09 08:15:00,292.6,329.184,13.48,6.1,0.0,0.0
2026-02-17 07:45:00,110.2,359.664,13.45,7.1,0.0,0.0
2026-01-18 05:15:00,308.2,310.896,13.35,7.4,0.0,0.0
2026-02-14 13:15:00,298.6,298.704,13.4,6.8,0.0,0.0
2026-03-01 06:30:00,325.3,313.944,13.33,13.2,0.0,0.0
2026-01-18 19:00:00,305.4,307.848,13.34,13.9,0.0,437.0
2026-02-19 11:45:00,214.3,505.968,13.51,5.5,1.35,0.0
2026-01-18 06:30:00,309.5,310.896,13.38,7.4,0.0,0.0
2026-01-22 18:00:00,309.1,307.848,13.41,11.4,0.0,261.0
2026-02-22 09:30:00,294.6,320.04,13.45,9.4,0.0,0.0
2026-02-15 01:30:00,301.9,301.752,13.32,12.7,0.0,74.0
2026-01-14 23:00:00,301.2,313.944,13.19,15.0,0.0,378.0
2026-01-07 02:00:00,261.8,356.616,13.32,11.3,0.0,0.0
2026-01-13 11:30:00,299.9,316.992,13.59,4.1,0.0,0.0
2026-02-04 23:15:00,299.8,298.704,13.2,17.7,0.0,482.0
2026-02-20 00:15:00,208.8,353.568,13.36,9.7,0.0,389.0
2026-01-25 03:45:00,307.3,304.8,13.33,9.5,0.0,0.0
2026-02-20 20:00:00,259.5,332.232,13.45,10.1,0.0,464.0
2026-01-26 09:30:00,301.4,304.8,13.46,5.1,0.0,0.0
2026-02-21 04:30:00,272.9,329.184,13.5,5.7,0.0,0.0
2026-01-13 20:45:00,297.3,313.944,13.32,14.3,0.0,510.0
2026-01-05 09:15:00,200.0,387.096,13.42,8.6,0.0,0.0
2026-02-28 21:00:00,323.4,316.992,13.18,23.0,0.0,611.0
2026-02-04 06:15:00,301.1,298.704,13.36,8.4,0.0,0.0
2026-02-12 12:30:00,154.3,301.752,13.39,8.2,0.0,0.0
2026-02-09 02:30:00,309.6,298.704,13.27,12.9,0.0,15.0
2026-02-22 22:15:00,300.3,320.04,13.28,17.2,0.0,636.0
2026-02-26 11:00:00,287.6,326.136,13.38,12.7,0.0,0.0
2026-01-10 16:15:00,292.0,323.088,13.56,2.7,0.0,12.0
2026-02-20 01:15:00,214.7,350.52,13.38,9.1,0.0,195.0
2026-02-19 00:30:00,188.7,344.424,13.46,8.6,0.075,307.0
2026-02-12 17:00:00,186.5,301.752,13.42,9.9,0.0,148.0
2026-01-20 18:30:00,302.8,307.848,13.4,9.2,0.0,251.0
2026-02-08 09:45:00,307.9,298.704,13.42,9.2,0.0,0.0
2026-02-28 18:45:00,322.9,316.992,13.24,22.5,0.0,426.0
2026-01-09 18:15:00,290.2,326.136,13.48,8.3,0.0,297.0
2026-02-15 07:30:00,301.4,298.704,13.41,11.2,0.0,0.0
2026-02-15 02:30:00,301.9,298.704,13.38,11.7,0.0,14.0
2026-01-29 04:15:00,304.4,301.752,13.38,10.3,0.0,0.0
2026-02-20 00:30:00,210.4,350.52,13.4,9.7,0.0,389.0
2026-01-11 18:15:00,293.4,323.088,13.48,10.9,0.0,289.0
2026-02-20 07:00:00,237.7,341.37600000000003,13.52,5.5,0.0,0.0
2026-01-13 16:45:00,297.7,316.992,13.55,3.0,0.0,15.0
2026-01-11 06:45:00,297.6,323.088,13.46,5.7,0.0,0.0
2026-02-16 17:45:00,116.9,374.904,13.42,9.1,0.325,33.0
2026-01-31 14:00:00,303.7,301.752,13.49,5.0,0.0,0.0
2026-01-28 00:00:00,298.9,304.8,13.32,15.3,0.0,163.0
2026-02-25 16:30:00,157.0,356.616,13.3,14.3,0.0,25.0
2026-01-21 15:45:00,305.9,307.848,13.51,5.1,0.0,0.0
2026-02-24 03:00:00,315.2,316.992,13.33,14.1,0.0,0.0
2026-02-03 05:45:00,302.9,301.752,13.35,11.6,0.0,0.0
2026-01-17 01:30:00,304.9,310.896,13.21,13.8,0.0,88.0
2026-01-29 21:00:00,301.9,301.752,13.27,16.1,0.0,579.0
2026-01-24 17:00:00,306.9,304.8,13.49,9.0,0.0,137.0
2026-01-27 00:15:00,300.7,304.8,13.26,13.8,0.0,284.0
2026-01-11 04:45:00,297.3,320.04,13.37,6.2,0.0,0.0
2026-02-27 02:30:00,311.2,323.088,13.2,17.9,0.0,51.0
2026-01-27 22:00:00,298.0,304.8,13.34,15.2,0.0,386.0
2026-02-04 01:45:00,300.0,301.752,13.18,15.5,0.0,151.0
2026-02-02 14:45:00,301.5,301.752,13.5,5.6,0.0,0.0
2026-01-18 00:30:00,302.8,310.896,13.22,15.0,0.0,219.0
2026-02-22 10:00:00,294.8,320.04,13.42,9.2,0.0,0.0
2026-01-22 16:30:00,309.5,307.848,13.5,7.1,0.0,17.0
2026-02-18 10:15:00,157.4,374.904,13.56,2.3,0.0,0.0
2026-01-23 10:00:00,310.8,304.8,13.38,8.3,0.0,0.0
2026-02-26 17:45:00,296.8,323.088,13.35,14.2,0.0,170.0
2026-02-02 05:45:00,305.5,301.752,13.42,10.3,0.0,0.0
2026-01-27 06:00:00,301.2,304.8,13.41,5.5,0.0,0.0
2026-01-29 04:00:00,304.6,304.8,13.37,10.3,0.0,0.0
2026-01-20 12:00:00,304.4,307.848,13.52,5.6,0.0,0.0
2026-02-15 21:00:00,299.1,301.752,13.34,12.5,0.75,229.0
2026-01-08 01:30:00,294.0,341.37600000000003,13.39,11.1,0.0,58.0
2026-02-28 12:30:00,323.5,316.992,13.23,15.7,0.0,0.0
2026-02-20 19:15:00,258.1,335.28000000000003,13.48,8.9,0.0,367.0
2026-02-22 16:45:00,296.9,320.04,13.41,10.2,0.0,77.0
2026-02-19 14:30:00,140.2,490.72800000000007,13.59,5.9,0.0,0.0
2026-02-14 23:30:00,301.7,298.704,13.36,13.5,0.0,283.0
2026-01-23 20:00:00,310.6,307.848,13.41,11.9,0.0,317.0
2026-01-25 12:30:00,302.9,304.8,13.48,3.5,0.0,0.0
2026-02-15 02:15:00,302.0,301.752,13.36,11.7,0.0,14.0
2026-01-27 13:15:00,298.2,304.8,13.5,3.8,0.0,0.0
2026-01-21 19:30:00,305.4,307.848,13.44,11.2,0.0,251.0
2026-02-23 05:30:00,308.5,316.992,13.28,11.3,0.0,0.0
2026-01-18 12:30:00,308.9,310.896,13.46,5.4,0.0,0.0
2026-02-15 15:15:00,301.3,298.704,13.43,10.9,0.0,0.0
2026-01-12 06:30:00,299.7,320.04,13.5,5.6,0.0,0.0
2026-02-26 20:30:00,300.1,323.088,13.31,19.9,0.0,551.0
2026-02-13 09:15:00,281.5,301.752,13.43,8.4,0.0,0.0
2026-01-31 07:30:00,304.9,301.752,13.34,8.2,0.0,0.0
2026-02-24 22:15:00,318.5,313.944,13.18,18.2,0.0,367.0
2026-01-27 03:00:00,302.0,304.8,13.37,7.3,0.0,0.0
2026-02-19 16:45:00,131.6,390.144,13.56,5.5,0.0,65.0
2026-01-11 06:30:00,297.6,320.04,13.46,5.7,0.0,0.0
2026-02-26 16:15:00,295.2,323.088,13.34,12.5,0.0,55.0
2026-02-02 16:45:00,300.3,301.752,13.54,6.7,0.0,27.0
2026-01-30 12:45:00,302.8,301.752,13.44,5.3,0.0,0.0
2026-01-29 09:15:00,305.0,304.8,13.4,6.9,0.0,0.0
2026-02-26 18:45:00,298.0,323.088,13.34,16.4,0.0,314.0
2026-01-13 10:00:00,300.8,316.992,13.51,3.7,0.0,0.0
2026-02-10 17:45:00,301.5,301.752,13.4,9.9,0.0,188.0
2026-03-01 07:15:00,325.3,313.944,13.32,13.2,0.0,0.0
2026-02-24 13:30:00,315.2,316.992,13.37,13.3,0.0,0.0
2026-01-07 03:30:00,267.3,356.616,13.34,10.0,0.0,0.0
2026-01-21 16:45:00,305.5,307.848,13.52,5.4,0.0,14.0
2026-02-19 05:15:00,217.3,338.32800000000003,13.47,6.1,0.225,0.0
2026-02-26 07:00:00,278.5,326.136,13.36,13.6,0.0,0.0
2026-01-15 01:00:00,302.4,313.944,13.24,13.0,0.0,80.0
2026-02-13 07:30:00,278.5,301.752,13.4,9.0,0.0,0.0
2026-02-17 07:15:00,105.4,365.76,13.51,7.1,0.0,0.0
2026-02-05 12:15:00,302.2,298.704,13.42,6.5,0.0,0.0
2026-02-04 09:45:00,300.9,301.752,13.45,6.4,0.0,0.0
2026-01-07 18:15:00,284.6,344.424,13.44,11.1,0.0,244.0
2026-01-05 22:45:00,264.7,466.3440000000001,13.42,10.9,0.425,48.0
2026-01-27 14:45:00,297.9,304.8,13.52,3.7,0.0,0.0
2026-02-13 04:00:00,268.0,298.704,13.37,10.2,0.0,0.0
2026-02-28 03:45:00,322.3,316.992,13.17,18.1,0.0,0.0
2026-02-14 22:30:00,301.1,298.704,13.32,13.2,0.0,220.0
2026-02-20 03:30:00,227.5,347.472,13.48,7.0,0.0,0.0
2026-01-08 22:45:00,292.8,332.232,13.34,11.9,0.0,469.0
2026-01-18 15:00:00,307.5,307.848,13.48,5.2,0.0,0.0
2026-02-15 21:15:00,299.3,298.704,13.37,12.5,0.75,229.0
2026-01-24 09:45:00,309.0,304.8,13.38,8.8,0.0,0.0
2026-02-06 05:00:00,305.0,301.752,13.25,11.4,0.0,0.0
2026-02-22 13:30:00,296.3,320.04,13.46,8.5,0.0,0.0
2026-02-22 02:15:00,288.1,323.088,13.33,10.8,0.0,43.0
2026-02-25 03:15:00,322.4,313.944,13.28,14.7,0.0,0.0
2026-01-20 05:15:00,310.0,307.848,13.38,7.0,0.0,0.0
2026-01-23 19:15:00,310.7,304.8,13.37,11.2,0.0,293.0
2026-01-15 21:30:00,300.3,310.896,13.31,16.2,0.0,529.0
2026-02-03 01:00:00,303.1,301.752,13.22,15.2,0.0,143.0
2026-02-17 05:45:00,95.3,390.144,13.5,8.0,0.025,0.0
2026-01-20 11:45:00,304.4,307.848,13.49,5.5,0.0,0.0
2026-02-24 00:00:00,312.8,316.992,13.29,18.0,0.0,194.0
2026-02-26 08:45:00,282.7,329.184,13.38,13.0,0.0,0.0
2026-02-05 06:45:00,304.2,301.752,13.33,7.9,0.0,0.0
2026-01-24 02:00:00,312.0,304.8,13.41,8.9,0.0,4.0
2026-02-18 12:45:00,183.4,359.664,13.64,3.2,0.0,0.0
2026-02-28 16:30:00,323.7,316.992,13.34,15.1,0.0,96.0
2026-01-16 20:30:00,302.7,310.896,13.28,16.4,0.0,521.0
2026-02-26 07:15:00,279.0,329.184,13.37,13.6,0.0,0.0
2026-02-17 08:15:00,115.0,356.616,13.5,7.1,0.0,0.0
2026-02-17 22:30:00,120.7,417.576,13.46,8.4,0.175,130.0
2026-01-13 04:30:00,300.7,316.992,13.43,6.6,0.0,0.0
2026-02-03 19:45:00,294.8,301.752,13.31,14.2,0.0,481.0
2026-01-12 15:45:00,297.8,316.992,13.6,2.6,0.0,0.0
2026-02-03 14:45:00,295.9,301.752,13.54,5.3,0.0,0.0
2026-01-06 16:30:00,213.7,377.952,13.48,9.1,0.0,6.0
2026-01-11 13:30:00,295.3,320.04,13.53,3.2,0.0,0.0
2026-02-21 14:15:00,275.2,326.136,13.59,4.4,0.0,0.0
2026-02-02 17:00:00,300.2,301.752,13.46,10.2,0.0,161.0
2026-02-02 07:45:00,305.1,301.752,13.45,9.2,0.0,0.0
2026-01-14 07:15:00,303.9,313.944,13.44,6.7,0.0,0.0
2026-02-27 12:30:00,311.3,320.04,13.36,12.4,0.0,0.0
2026-02-09 14:45:00,308.7,301.752,13.4,9.1,0.0,0.0
2026-01-13 12:30:00,299.4,316.992,13.6,4.8,0.0,0.0
2026-02-28 00:00:00,319.2,320.04,13.15,22.8,0.0,360.0
2026-02-14 05:15:00,299.5,301.752,13.41,9.1,0.0,0.0
2026-01-21 21:00:00,306.3,307.848,13.41,12.9,0.0,288.0
2026-02-26 16:30:00,295.5,323.088,13.36,12.5,0.0,55.0
2026-02-19 10:00:00,247.1,362.712,13.54,6.2,0.525,0.0
2026-02-01 02:30:00,305.6,301.752,13.31,10.4,0.0,10.0
2026-02-15 03:45:00,301.8,298.704,13.39,11.4,0.0,0.0
2026-02-13 20:45:00,292.2,301.752,13.37,14.3,0.0,520.0
2026-02-12 13:00:00,156.6,301.752,13.45,7.8,0.0,0.0
2026-01-20 02:15:00,309.9,307.848,13.29,9.5,0.0,2.0
2026-01-10 10:30:00,294.5,323.088,13.56,3.0,0.0,0.0
2026-02-18 16:45:00,209.4,347.472,13.57,4.5,0.0,59.0
2026-01-24 04:00:00,311.2,304.8,13.4,7.6,0.0,0.0
2026-02-09 10:00:00,310.0,298.704,13.4,10.8,0.0,0.0
2026-02-20 06:00:00,235.6,344.424,13.47,5.8,0.0,0.0
2026-01-07 03:15:00,266.6,356.616,13.39,10.0,0.0,0.0
2026-01-31 15:15:00,303.0,301.752,13.47,4.7,0.0,0.0
2026-02-09 21:30:00,308.0,298.704,13.33,15.7,0.0,415.0
2026-02-12 05:45:00,150.9,307.848,13.43,9.4,0.0,0.0
2026-02-13 02:15:00,259.9,301.752,13.31,11.8,0.0,26.0
2026-02-19 15:45:00,131.3,402.336,13.54,5.1,0.075,0.0
2026-01-12 14:15:00,298.7,320.04,13.62,2.9,0.0,0.0
2026-01-22 21:00:00,309.4,307.848,13.37,14.9,0.0,523.0
2026-02-04 20:30:00,296.2,301.752,13.29,15.5,0.0,582.0
2026-02-13 09:00:00,281.2,298.704,13.43,8.4,0.0,0.0
2026-02-19 02:15:00,194.1,344.424,13.48,6.8,0.025,8.0
2026-01-25 06:30:00,306.6,304.8,13.47,7.3,0.0,0.0
2026-02-27 09:45:00,312.9,320.04,13.35,14.3,0.0,0.0
2026-02-05 04:45:00,303.9,301.752,13.31,8.9,0.0,0.0
2026-01-18 06:45:00,309.5,310.896,13.43,7.4,0.0,0.0
2026-02-15 05:00:00,301.3,301.752,13.38,11.1,0.0,0.0
2026-02-27 20:15:00,311.9,316.992,13.27,22.9,0.0,676.0
2026-02-20 17:00:00,254.6,335.28000000000003,13.6,5.7,0.0,173.0
2026-01-27 16:00:00,297.3,301.752,13.52,4.6,0.0,15.0
2026-02-13 07:15:00,277.8,298.704,13.4,9.0,0.0,0.0
2026-02-05 02:30:00,303.3,301.752,13.23,12.4,0.0,16.0
2026-02-07 11:00:00,308.4,298.704,13.37,9.5,0.0,0.0
2026-01-26 06:15:00,301.8,304.8,13.48,5.3,0.0,0.0
2026-02-08 04:15:00,312.2,298.704,13.32,10.4,0.0,0.0
2026-02-17 12:30:00,163.3,338.32800000000003,13.44,8.3,0.0,0.0
2026-02-04 05:30:00,301.1,298.704,13.29,9.2,0.0,0.0
2026-01-10 17:45:00,291.8,323.088,13.52,5.1,0.0,127.0
2026-02-24 04:30:00,316.0,316.992,13.34,13.4,0.0,0.0
2026-01-25 07:45:00,306.0,304.8,13.52,7.8,0.0,0.0
2026-02-09 11:45:00,309.8,298.704,13.37,10.2,0.0,0.0
2026-02-19 00:00:00,188.1,347.472,13.46,8.6,0.075,307.0
2026-01-31 02:15:00,304.2,301.752,13.26,10.6,0.0,9.0
2026-02-16 22:45:00,138.5,414.528,13.47,9.0,0.425,46.0
2026-02-16 16:15:00,130.7,402.336,13.47,9.1,0.425,7.0
2026-01-15 00:00:00,302.0,313.944,13.24,15.8,0.0,239.0
2026-02-19 12:30:00,194.8,429.768,13.53,4.4,0.375,0.0
2026-01-24 09:30:00,309.0,307.848,13.46,8.8,0.0,0.0
2026-01-07 23:15:00,291.3,344.424,13.35,14.0,0.0,328.0
2026-01-12 00:15:00,296.6,320.04,13.29,13.0,0.0,208.0
2026-02-24 06:00:00,315.3,316.992,13.35,13.0,0.025,0.0
2026-01-26 04:00:00,302.2,304.8,13.45,5.7,0.0,0.0
2026-02-07 02:45:00,308.8,298.704,13.28,13.7,0.0,17.0
2026-02-20 02:45:00,224.0,347.472,13.41,7.7,0.0,40.0
2026-01-13 07:45:00,301.2,316.992,13.51,4.6,0.0,0.0
2026-01-25 13:00:00,302.6,307.848,13.48,3.3,0.0,0.0
2026-01-13 10:45:00,300.6,316.992,13.57,3.7,0.0,0.0
2026-01-30 11:00:00,303.6,301.752,13.42,5.9,0.0,0.0
2026-02-05 02:00:00,303.1,301.752,13.16,12.4,0.0,16.0
2026-01-29 06:15:00,305.0,301.752,13.4,8.4,0.0,0.0
2026-01-23 18:00:00,310.6,304.8,13.42,9.8,0.0,201.0
2026-02-07 18:30:00,322.3,298.704,13.42,11.2,0.0,236.0
2026-01-09 04:15:00,293.4,332.232,13.42,6.9,0.0,0.0
2026-01-18 22:30:00,309.1,310.896,13.2,16.5,0.0,433.0
2026-01-27 03:30:00,302.1,304.8,13.4,7.3,0.0,0.0
2026-02-22 23:00:00,301.2,316.992,13.28,16.9,0.0,531.0
2026-01-26 21:15:00,299.3,304.8,13.37,14.1,0.0,573.0
2026-01-06 22:15:00,248.0,362.712,13.29,14.6,0.0,379.0
2026-02-17 19:00:00,113.9,560.832,13.51,8.0,0.3,94.0
2026-01-05 20:00:00,258.6,365.76,13.41,12.5,0.2,326.0
2026-02-21 21:15:00,279.6,323.088,13.41,13.5,0.0,657.0
2026-02-01 20:30:00,302.0,301.752,13.3,15.3,0.0,504.0
2026-02-11 04:30:00,303.9,350.52,13.37,9.8,0.15,0.0
2026-02-15 15:45:00,301.4,298.704,13.41,10.9,0.0,0.0
2026-02-20 22:00:00,263.3,332.232,13.47,11.2,0.0,458.0
2026-01-23 13:00:00,310.5,304.8,13.38,9.0,0.0,0.0
2026-02-03 02:30:00,303.7,301.752,13.32,12.8,0.0,13.0
2026-01-18 10:00:00,309.9,310.896,13.45,5.1,0.0,0.0
2026-01-31 18:15:00,302.0,301.752,13.44,10.2,0.0,266.0
2026-02-04 18:15:00,295.6,301.752,13.36,12.0,0.0,345.0
2026-02-14 19:15:00,298.8,301.752,13.33,12.6,0.0,413.0
2026-01-08 17:00:00,294.8,335.28000000000003,13.45,7.1,0.0,137.0
2026-02-03 22:00:00,296.5,301.752,13.24,16.8,0.0,567.0
2026-02-22 16:00:00,296.8,320.04,13.44,10.2,0.0,77.0
2026-01-26 13:15:00,300.6,307.848,13.52,5.0,0.0,0.0
2026-01-17 14:15:00,305.1,310.896,13.48,4.5,0.0,0.0
2026-01-08 17:45:00,294.3,335.28000000000003,13.48,7.1,0.0,137.0
2026-02-17 00:30:00,139.3,359.664,13.48,8.5,0.25,155.0
2026-01-09 08:00:00,292.7,329.184,13.47,6.1,0.0,0.0
2026-02-14 05:00:00,299.4,301.752,13.42,9.1,0.0,0.0
2026-02-03 09:30:00,300.8,301.752,13.43,9.0,0.0,0.0
2026-01-30 06:15:00,304.5,301.752,13.27,7.4,0.0,0.0
2026-02-13 12:45:00,285.4,301.752,13.46,7.7,0.0,0.0
2026-02-11 16:30:00,215.4,307.848,13.41,10.4,0.025,36.0
2026-01-18 15:45:00,306.5,310.896,13.51,5.2,0.0,0.0
2026-01-20 01:45:00,309.6,307.848,13.32,12.0,0.0,95.0
2026-01-10 01:15:00,293.4,326.136,13.3,8.9,0.0,68.0
2026-02-17 13:45:00,178.2,335.28000000000003,13.48,8.0,0.025,0.0
2026-02-01 09:15:00,304.9,301.752,13.4,7.6,0.0,0.0
2026-02-11 09:45:00,268.9,359.664,13.43,11.2,0.1,0.0
2026-01-22 04:45:00,310.0,307.848,13.4,8.5,0.0,0.0
2026-02-07 22:15:00,317.7,298.704,13.31,16.3,0.0,490.0
2026-02-01 12:45:00,304.2,301.752,13.5,6.3,0.0,0.0
2026-02-15 07:45:00,301.4,301.752,13.4,11.2,0.0,0.0
2026-01-12 08:45:00,299.9,316.992,13.53,5.5,0.0,0.0
2026-01-19 13:15:00,309.5,307.848,13.49,5.6,0.0,0.0
2026-01-27 01:45:00,301.9,304.8,13.35,11.5,0.0,114.0
2026-01-06 15:00:00,208.4,381.0,13.47,9.1,0.0,0.0
2026-01-11 13:45:00,295.2,320.04,13.58,3.2,0.0,0.0
2026-02-02 00:00:00,304.3,298.704,13.24,16.9,0.0,253.0
2026-01-26 08:45:00,301.6,304.8,13.52,5.4,0.0,0.0
2026-01-12 13:15:00,299.0,320.04,13.6,3.2,0.0,0.0
2026-02-19 15:00:00,135.7,432.816,13.54,5.1,0.075,0.0
2026-02-11 18:30:00,213.8,304.8,13.37,12.9,0.0,336.0
2026-02-28 15:45:00,323.9,316.992,13.33,13.6,0.0,2.0
2026-01-22 23:00:00,309.9,307.848,13.3,15.7,0.0,400.0
2026-02-05 21:00:00,299.2,301.752,13.22,18.6,0.0,597.0
2026-02-17 15:15:00,193.9,332.232,13.4,7.2,0.35,0.0
2026-01-24 05:45:00,310.3,304.8,13.44,7.1,0.0,0.0
2026-02-20 23:00:00,265.2,332.232,13.37,11.2,0.0,360.0
2026-01-15 18:45:00,299.6,313.944,13.37,11.2,0.0,303.0
2026-02-08 06:30:00,310.0,298.704,13.33,9.9,0.0,0.0
2026-01-16 14:45:00,302.6,310.896,13.49,7.5,0.0,0.0
2026-02-17 01:00:00,139.6,356.616,13.41,8.2,0.125,40.0
2026-01-09 05:30:00,293.1,329.184,13.44,7.0,0.0,0.0
2026-02-07 19:00:00,321.5,298.704,13.35,13.1,0.0,412.0
2026-02-16 07:45:00,217.3,326.136,13.43,10.5,0.625,0.0
2026-02-06 12:30:00,306.4,301.752,13.35,10.0,0.0,0.0
2026-02-08 23:30:00,307.3,301.752,13.24,15.1,0.0,450.0
2026-01-30 07:15:00,304.2,301.752,13.42,7.2,0.0,0.0
2026-01-09 10:15:00,292.2,329.184,13.56,5.7,0.0,0.0
2026-02-10 18:45:00,301.4,298.704,13.38,10.8,0.0,193.0
2026-01-10 10:15:00,294.5,323.088,13.53,3.0,0.0,0.0
2026-02-26 14:30:00,293.1,323.088,13.31,11.7,0.0,0.0
2026-02-01 10:30:00,304.7,301.752,13.47,7.9,0.0,0.0
2026-01-26 08:00:00,301.8,304.8,13.45,5.4,0.0,0.0
2026-01-26 21:30:00,299.6,304.8,13.38,14.1,0.0,573.0
2026-01-29 15:00:00,303.6,304.8,13.49,4.6,0.0,0.0
2026-02-23 02:15:00,306.4,316.992,13.28,13.2,0.0,42.0
2026-02-02 19:30:00,299.7,301.752,13.4,15.6,0.0,454.0
2026-02-03 20:15:00,294.8,301.752,13.29,15.6,0.0,583.0
2026-02-09 07:15:00,309.2,298.704,13.33,12.9,0.0,0.0
2026-02-28 09:30:00,323.2,316.992,13.22,15.9,0.0,0.0
2026-02-07 01:15:00,307.9,298.704,13.27,16.8,0.0,155.0
2026-01-29 00:45:00,303.9,301.752,13.24,15.7,0.0,284.0
2026-02-26 06:15:00,275.3,329.184,13.3,13.3,0.0,0.0
2026-01-24 14:45:00,307.5,304.8,13.53,6.3,0.0,0.0
2026-02-22 01:45:00,287.1,323.088,13.26,12.6,0.0,210.0
2026-02-16 10:00:00,174.4,423.672,13.42,9.4,0.7,0.0
2026-01-07 17:15:00,283.6,344.424,13.47,9.7,0.0,107.0
2026-02-13 00:30:00,247.5,298.704,13.19,15.9,0.0,353.0
2026-02-17 00:00:00,138.2,365.76,13.44,8.5,0.25,155.0
2026-02-01 15:15:00,303.2,301.752,13.48,5.4,0.0,0.0
2026-02-26 19:30:00,299.1,323.088,13.31,18.6,0.0,429.0
2026-02-25 06:30:00,323.0,448.056,13.33,14.0,0.175,0.0
2026-01-31 13:45:00,303.6,301.752,13.5,5.3,0.0,0.0
2026-02-13 21:15:00,292.7,301.752,13.35,14.9,0.0,583.0
2026-03-01 01:30:00,328.5,313.944,13.22,20.3,0.0,147.0
2026-02-06 19:15:00,303.6,301.752,13.28,16.7,0.0,493.0
2026-02-05 15:15:00,300.3,301.752,13.47,5.0,0.0,0.0
2026-02-27 23:15:00,317.7,316.992,13.13,22.9,0.0,544.0
2026-02-05 04:00:00,303.7,301.752,13.22,8.9,0.0,0.0
2026-02-03 00:15:00,302.4,301.752,13.22,17.7,0.0,311.0
2026-01-28 11:00:00,300.0,304.8,13.33,11.1,0.1,0.0
2026-02-20 09:45:00,244.6,341.37600000000003,13.53,4.3,0.0,0.0
2026-02-23 10:30:00,309.2,316.992,13.36,9.7,0.0,0.0
2026-01-31 06:00:00,305.1,301.752,13.35,8.5,0.0,0.0
2026-02-18 06:30:00,138.2,399.288,13.54,4.8,0.025,0.0
2026-02-25 09:30:00,273.9,441.96,13.34,14.0,0.025,0.0
2026-01-12 23:30:00,297.4,316.992,13.32,12.7,0.0,371.0
2026-02-04 13:15:00,299.6,301.752,13.48,4.1,0.0,0.0
2026-01-19 20:00:00,306.5,307.848,13.38,14.8,0.0,511.0
2026-01-13 18:00:00,297.3,316.992,13.53,9.9,0.0,306.0
2026-01-17 11:15:00,305.8,310.896,13.52,5.7,0.0,0.0
2026-02-25 21:15:00,213.8,338.32800000000003,13.33,16.8,0.0,264.0
2026-01-29 02:45:00,304.6,304.8,13.32,12.3,0.0,7.0
2026-02-11 03:15:00,303.8,347.472,13.42,10.0,0.05,0.0
2026-01-28 17:15:00,301.2,301.752,13.43,11.1,0.0,136.0
2026-02-04 19:15:00,295.8,298.704,13.3,14.3,0.0,502.0
2026-01-21 13:30:00,306.4,307.848,13.5,5.9,0.0,0.0
2026-01-06 23:15:00,251.8,362.712,13.26,14.7,0.0,293.0
2026-01-07 18:45:00,285.2,344.424,13.42,11.1,0.0,244.0
2026-02-15 14:00:00,301.4,298.704,13.38,11.0,0.025,0.0
2026-01-21 21:45:00,307.0,307.848,13.34,12.9,0.0,288.0
2026-02-06 12:15:00,306.3,298.704,13.35,10.0,0.0,0.0
2026-01-09 11:15:00,292.1,329.184,13.57,6.0,0.0,0.0
2026-02-15 12:45:00,301.5,298.704,13.39,10.8,0.05,0.0
2026-02-24 09:15:00,314.4,316.992,13.34,12.4,0.0,0.0
2026-02-14 17:45:00,298.7,298.704,13.36,9.7,0.0,157.0
2026-02-24 18:30:00,315.2,313.944,13.33,17.0,0.0,220.0
2026-01-14 14:30:00,301.5,313.944,13.6,4.7,0.0,0.0
2026-02-07 07:00:00,307.7,298.704,13.39,10.2,0.0,0.0
2026-01-26 11:45:00,300.9,304.8,13.52,4.8,0.0,0.0
2026-01-15 18:30:00,299.8,313.944,13.45,11.2,0.0,303.0
2026-01-15 05:45:00,304.3,313.944,13.42,7.3,0.0,0.0
2026-02-21 00:30:00,268.2,329.184,13.36,11.0,0.0,295.0
2026-02-01 03:30:00,305.7,301.752,13.26,9.1,0.0,0.0
2026-01-06 12:15:00,189.7,393.192,13.42,9.4,0.0,0.0
2026-01-31 22:00:00,303.2,301.752,13.29,15.6,0.0,478.0
2026-02-14 15:15:00,298.7,301.752,13.42,5.9,0.0,0.0
2026-02-18 04:30:00,138.1,426.72,13.56,4.7,0.25,0.0
2026-02-24 04:15:00,316.0,313.944,13.28,13.4,0.0,0.0
2026-02-25 17:00:00,161.4,353.568,13.3,15.0,0.0,74.0
2026-01-12 06:00:00,299.7,320.04,13.45,5.6,0.0,0.0
2026-01-22 10:45:00,310.3,307.848,13.45,7.9,0.0,0.0
2026-01-21 16:30:00,305.7,307.848,13.48,5.4,0.0,14.0
2026-02-26 11:30:00,288.5,326.136,13.34,12.7,0.0,0.0
2026-02-23 03:45:00,307.9,316.992,13.3,12.2,0.0,0.0
2026-01-09 09:00:00,292.4,329.184,13.49,5.8,0.0,0.0
2026-02-23 16:00:00,308.1,316.992,13.42,9.3,0.0,73.0
2026-01-21 12:45:00,306.4,307.848,13.5,6.4,0.0,0.0
2026-01-06 17:00:00,217.2,374.904,13.42,10.7,0.0,125.0
2026-02-15 04:00:00,301.8,301.752,13.37,11.1,0.0,0.0
2026-01-24 20:30:00,305.7,304.8,13.37,14.5,0.0,552.0
2026-02-18 14:30:00,196.7,353.568,13.65,1.7,0.0,0.0
2026-01-12 15:15:00,298.2,320.04,13.57,2.6,0.0,0.0
2026-01-10 19:00:00,292.0,323.088,13.47,9.1,0.0,415.0
2026-01-28 10:00:00,300.3,304.8,13.35,11.5,0.075,0.0
2026-01-21 07:45:00,308.0,307.848,13.39,7.4,0.0,0.0
2026-01-22 14:45:00,310.3,307.848,13.43,6.2,0.0,0.0
2026-02-04 16:45:00,296.2,301.752,13.51,5.3,0.0,34.0
2026-02-11 02:45:00,303.6,320.04,13.37,10.6,0.15,11.0
2026-02-16 09:00:00,190.5,316.992,13.38,9.7,0.5,0.0
2026-02-22 02:30:00,288.2,320.04,13.33,10.8,0.0,43.0
2026-02-02 05:15:00,305.7,301.752,13.35,10.3,0.0,0.0
2026-02-21 18:00:00,276.6,323.088,13.42,11.0,0.0,365.0
2026-02-06 20:30:00,304.3,298.704,13.3,17.6,0.0,537.0
2026-01-23 23:15:00,311.4,304.8,13.38,12.7,0.0,351.0
2026-01-09 15:30:00,291.1,329.184,13.6,5.4,0.0,0.0
2026-01-18 20:45:00,306.0,310.896,13.28,15.7,0.0,514.0
2026-02-27 13:00:00,311.2,320.04,13.37,12.3,0.0,0.0
2026-01-17 04:45:00,304.9,310.896,13.35,9.7,0.0,0.0
2026-01-28 13:15:00,299.9,304.8,13.37,10.1,0.0,0.0
2026-01-28 08:30:00,300.5,304.8,13.32,11.7,0.0,0.0
2026-02-12 20:15:00,208.7,298.704,13.33,14.2,0.0,464.0
2026-02-04 03:00:00,300.6,301.752,13.21,10.8,0.0,0.0
2026-02-03 23:15:00,297.7,301.752,13.17,17.1,0.0,474.0
2026-01-31 05:15:00,305.3,301.752,13.3,8.6,0.0,0.0
2026-02-23 08:30:00,309.0,316.992,13.37,11.0,0.0,0.0
2026-02-15 15:30:00,301.2,298.704,13.43,10.9,0.0,0.0
2026-01-17 18:15:00,304.0,310.896,13.41,10.9,0.0,294.0
2026-02-24 19:30:00,315.7,313.944,13.3,18.4,0.0,521.0
2026-01-29 11:00:00,304.9,304.8,13.48,6.2,0.0,0.0
2026-01-28 11:45:00,299.6,304.8,13.34,11.1,0.1,0.0
2026-02-15 11:00:00,301.3,301.752,13.35,10.8,0.0,0.0
2026-02-26 10:30:00,286.6,326.136,13.39,12.7,0.0,0.0
2026-02-09 07:00:00,309.3,301.752,13.38,12.9,0.0,0.0
2026-01-10 14:30:00,292.8,323.088,13.61,2.1,0.0,0.0
2026-01-09 13:45:00,291.5,329.184,13.57,5.2,0.0,0.0
2026-02-08 10:00:00,307.9,298.704,13.46,9.2,0.0,0.0
2026-02-18 04:45:00,138.3,487.68000000000006,13.51,4.7,0.25,0.0
2026-02-26 02:45:00,261.3,329.184,13.32,15.3,0.0,43.0
2026-01-28 03:30:00,300.6,304.8,13.38,12.5,0.0,0.0
2026-01-06 15:15:00,209.1,381.0,13.46,9.1,0.0,0.0
2026-02-09 08:30:00,309.6,298.704,13.38,12.7,0.0,0.0
2026-01-23 23:30:00,311.8,304.8,13.32,12.7,0.0,351.0
2026-02-21 13:15:00,275.1,326.136,13.57,4.4,0.0,0.0
2026-02-27 08:30:00,312.6,320.04,13.3,14.2,0.0,0.0
2026-02-21 01:45:00,270.0,329.184,13.38,10.1,0.0,176.0
2026-02-02 16:15:00,300.6,301.752,13.53,6.7,0.0,27.0
2026-01-21 08:00:00,307.8,307.848,13.45,7.1,0.0,0.0
2026-01-21 13:00:00,306.3,307.848,13.48,5.9,0.0,0.0
2026-02-06 22:15:00,305.3,301.752,13.25,18.5,0.0,567.0
2026-01-18 23:45:00,310.8,307.848,13.21,16.3,0.0,340.0
2026-02-04 14:30:00,298.4,301.752,13.49,3.7,0.0,0.0
2026-02-18 23:15:00,189.4,350.52,13.42,9.4,0.025,405.0
2026-01-05 08:30:00,193.7,390.144,13.44,8.8,0.0,0.0
2026-01-17 07:15:00,305.5,310.896,13.39,8.8,0.0,0.0
2026-01-07 04:30:00,269.7,356.616,13.42,9.4,0.0,0.0
2026-02-26 02:00:00,256.6,332.232,13.32,15.3,0.0,43.0
2026-02-13 18:30:00,289.5,301.752,13.44,11.1,0.0,261.0
2026-02-06 18:00:00,304.0,301.752,13.34,15.1,0.0,365.0
2026-01-12 10:45:00,299.7,316.992,13.52,5.3,0.0,0.0
2026-02-05 13:00:00,301.8,301.752,13.4,5.5,0.0,0.0
2026-02-13 09:30:00,281.9,301.752,13.44,8.4,0.0,0.0
2026-02-06 14:45:00,306.0,298.704,13.4,9.9,0.0,0.0
2026-01-28 21:45:00,302.3,301.752,13.25,15.3,0.0,515.0
2026-01-14 05:45:00,303.6,313.944,13.4,7.2,0.0,0.0
2026-02-18 17:45:00,214.7,350.52,13.55,6.2,0.0,192.0
2026-02-05 17:45:00,298.8,301.752,13.38,9.2,0.0,154.0
2026-02-28 14:30:00,323.5,316.992,13.3,14.7,0.0,0.0
2026-02-13 22:15:00,294.5,301.752,13.31,14.9,0.0,585.0
2026-02-08 16:45:00,304.3,298.704,13.45,9.0,0.0,28.0
2026-01-23 21:45:00,311.1,307.848,13.39,12.5,0.0,346.0
2026-01-10 20:00:00,292.2,323.088,13.38,10.8,0.0,493.0
2026-02-27 23:00:00,317.0,320.04,13.13,22.9,0.0,544.0
2026-02-18 08:00:00,141.5,381.0,13.55,4.2,0.0,0.0
2026-01-12 22:45:00,297.1,316.992,13.25,12.7,0.0,458.0
2026-02-22 16:15:00,297.0,320.04,13.44,10.2,0.0,77.0
2026-01-27 09:15:00,299.7,304.8,13.45,4.7,0.0,0.0
2026-01-29 21:15:00,301.9,304.8,13.27,16.1,0.0,579.0
2026-02-28 21:45:00,324.0,316.992,13.19,23.0,0.0,611.0
2026-01-18 04:15:00,305.8,310.896,13.38,8.0,0.0,0.0
2026-01-17 11:00:00,306.1,310.896,13.51,5.7,0.0,0.0
2026-02-09 12:45:00,309.5,298.704,13.43,10.0,0.0,0.0
2026-02-09 00:15:00,308.4,298.704,13.23,14.3,0.0,274.0
2026-01-06 13:00:00,196.1,393.192,13.43,9.3,0.0,0.0
2026-02-26 17:00:00,296.0,323.088,13.35,14.2,0.0,170.0
2026-01-13 15:15:00,298.5,316.992,13.58,2.4,0.0,0.0
2026-02-28 05:00:00,322.7,320.04,13.21,17.5,0.0,0.0
2026-02-13 06:45:00,276.7,298.704,13.42,9.2,0.0,0.0
2026-02-08 23:00:00,307.1,298.704,13.28,15.1,0.0,450.0
2026-02-27 15:45:00,311.3,316.992,13.4,12.7,0.0,2.0
2026-02-13 10:45:00,283.5,298.704,13.48,8.4,0.0,0.0
2026-02-08 18:00:00,304.2,298.704,13.45,12.2,0.0,301.0
2026-02-23 01:30:00,305.5,316.992,13.27,16.0,0.0,204.0
2026-01-07 01:45:00,261.1,359.664,13.31,12.6,0.0,52.0
2026-02-18 21:45:00,206.3,374.904,13.51,8.8,0.05,489.0
2026-02-04 21:00:00,296.6,301.752,13.2,16.6,0.0,607.0
2026-01-20 20:45:00,302.8,307.848,13.39,12.6,0.0,442.0
2026-01-15 02:45:00,303.7,313.944,13.3,10.4,0.0,1.0
2026-02-12 03:30:00,174.0,320.04,13.42,10.1,0.025,0.0
2026-02-01 02:00:00,305.3,301.752,13.3,10.4,0.0,10.0
2026-01-28 05:30:00,301.2,304.8,13.38,11.7,0.0,0.0
2026-02-01 04:45:00,305.4,301.752,13.32,8.2,0.0,0.0
2026-01-05 21:45:00,264.3,405.384,13.41,11.8,0.125,76.0
2026-01-29 07:30:00,305.0,304.8,13.41,8.2,0.0,0.0
2026-01-19 20:45:00,306.9,307.848,13.34,14.8,0.0,511.0
2026-02-07 00:30:00,307.4,298.704,13.22,19.0,0.0,326.0
2026-02-15 05:45:00,301.7,301.752,13.39,11.1,0.0,0.0
2026-02-11 11:15:00,252.3,335.28000000000003,13.43,10.8,0.05,0.0
2026-01-08 07:00:00,296.3,338.32800000000003,13.44,9.4,0.025,0.0
2026-01-05 10:15:00,208.8,384.048,13.45,8.7,0.075,0.0
2026-01-23 05:45:00,311.4,307.848,13.43,9.1,0.0,0.0
2026-01-22 17:45:00,309.2,304.8,13.45,9.6,0.0,143.0
2026-02-26 11:15:00,288.2,323.088,13.35,12.7,0.0,0.0
2026-02-14 19:30:00,299.0,301.752,13.39,12.6,0.0,413.0
2026-02-07 13:00:00,312.5,298.704,13.37,8.6,0.0,0.0
2026-01-13 12:00:00,300.1,316.992,13.53,4.8,0.0,0.0
2026-02-05 19:00:00,298.7,301.752,13.3,14.7,0.0,424.0
2026-01-17 22:15:00,303.0,307.848,13.28,16.1,0.0,465.0
2026-02-07 21:00:00,318.5,298.704,13.34,16.6,0.0,585.0
2026-01-19 09:15:00,311.9,307.848,13.43,7.0,0.0,0.0
2026-02-06 07:45:00,305.7,298.704,13.33,10.1,0.0,0.0
2026-01-07 15:00:00,280.9,347.472,13.47,8.2,0.0,0.0
2026-02-22 06:15:00,291.8,323.088,13.38,8.9,0.0,0.0
2026-02-10 20:00:00,302.0,298.704,13.34,14.1,0.0,516.0
2026-01-16 07:00:00,306.0,310.896,13.41,9.1,0.0,0.0
2026-02-27 10:00:00,312.7,320.04,13.34,13.9,0.0,0.0
2026-02-28 11:45:00,323.6,316.992,13.24,15.3,0.0,0.0
2026-02-13 14:00:00,286.3,298.704,13.49,8.0,0.0,0.0
2026-01-06 17:15:00,218.5,374.904,13.41,10.7,0.0,125.0
2026-02-13 12:15:00,284.9,301.752,13.49,7.7,0.0,0.0
2026-01-22 11:00:00,310.3,307.848,13.41,7.4,0.0,0.0
2026-01-27 18:30:00,296.8,304.8,13.46,9.5,0.0,273.0
2026-02-09 13:00:00,309.4,298.704,13.43,9.3,0.0,0.0
2026-02-12 05:00:00,156.3,310.896,13.43,9.4,0.0,0.0
2026-02-26 14:45:00,293.5,323.088,13.39,11.7,0.0,0.0
2026-02-16 16:30:00,127.1,396.24,13.43,9.1,0.425,7.0
2026-02-21 19:45:00,277.2,323.088,13.44,12.7,0.0,564.0
2026-02-19 17:15:00,133.1,390.144,13.56,6.9,0.0,158.0
2026-01-21 22:45:00,307.6,307.848,13.34,13.3,0.0,291.0
2026-02-24 03:15:00,315.8,316.992,13.31,14.1,0.0,0.0
2026-01-15 12:00:00,302.7,310.896,13.53,4.5,0.0,0.0
2026-02-08 03:00:00,313.7,298.704,13.34,11.8,0.0,0.0
2026-01-12 03:00:00,299.0,320.04,13.38,7.4,0.0,0.0
2026-01-16 18:15:00,302.0,310.896,13.44,14.0,0.0,306.0
2026-02-28 01:15:00,321.0,316.992,13.05,21.7,0.0,152.0
2026-02-07 19:30:00,320.8,301.752,13.38,13.1,0.0,412.0
2026-02-25 05:30:00,322.1,313.944,13.27,13.9,0.35,0.0
2026-02-17 09:45:00,130.4,344.424,13.46,7.0,0.0,0.0
2026-02-12 03:00:00,183.1,326.136,13.36,10.1,0.025,0.0
2026-02-12 08:00:00,144.7,304.8,13.43,9.3,0.0,0.0
2026-02-03 15:30:00,295.5,301.752,13.54,4.8,0.0,0.0
2026-01-26 12:15:00,300.9,304.8,13.47,5.2,0.0,0.0
2026-02-04 04:00:00,300.7,298.704,13.28,9.7,0.0,0.0
2026-01-26 00:00:00,301.1,304.8,13.34,9.8,0.0,141.0
2026-01-25 04:15:00,307.5,304.8,13.33,8.9,0.0,0.0
2026-02-13 07:00:00,277.3,301.752,13.43,9.0,0.0,0.0
2026-02-09 12:00:00,309.7,298.704,13.38,10.0,0.0,0.0
2026-02-24 11:00:00,314.6,313.944,13.36,12.7,0.0,0.0
2026-02-10 07:30:00,307.8,298.704,13.42,9.4,0.0,0.0
2026-01-28 01:00:00,299.3,304.8,13.3,14.5,0.0,39.0
2026-01-09 06:15:00,293.1,329.184,13.5,7.0,0.0,0.0
2026-01-11 02:30:00,296.4,323.088,13.34,7.8,0.0,0.0
2026-02-06 16:00:00,305.2,298.704,13.41,9.4,0.0,36.0
2026-01-06 15:30:00,209.7,381.0,13.42,9.1,0.0,0.0
2026-02-03 14:30:00,296.3,298.704,13.55,5.3,0.0,0.0
2026-02-01 03:15:00,305.7,301.752,13.28,9.1,0.0,0.0
2026-02-06 13:45:00,306.2,301.752,13.37,10.1,0.0,0.0
2026-01-24 13:45:00,308.1,304.8,13.5,6.6,0.0,0.0
2026-02-14 06:15:00,299.2,301.752,13.38,9.1,0.0,0.0
2026-02-25 01:45:00,322.3,313.944,13.22,16.1,0.0,143.0
2026-02-01 01:30:00,305.1,301.752,13.28,13.0,0.0,136.0
2026-01-18 18:30:00,305.4,307.848,13.43,10.9,0.0,304.0
2026-02-02 09:15:00,304.6,301.752,13.48,8.9,0.0,0.0
2026-02-19 07:00:00,232.1,341.37600000000003,13.53,6.4,0.1,0.0
2026-01-25 10:15:00,304.5,304.8,13.5,5.2,0.0,0.0
2026-02-06 01:30:00,304.1,298.704,13.15,17.0,0.0,138.0
2026-01-19 03:00:00,312.9,307.848,13.27,9.1,0.0,0.0
2026-02-07 02:30:00,308.7,298.704,13.32,13.7,0.0,17.0
2026-02-06 06:30:00,305.6,298.704,13.26,10.8,0.0,0.0
2026-02-09 09:30:00,309.7,298.704,13.41,11.8,0.0,0.0
2026-01-31 02:30:00,304.6,301.752,13.31,10.6,0.0,9.0
2026-01-11 10:30:00,296.5,320.04,13.48,4.6,0.0,0.0
2026-01-21 19:15:00,305.3,307.848,13.44,11.2,0.0,251.0
2026-01-18 19:45:00,305.8,310.896,13.36,13.9,0.0,437.0
2026-01-06 11:00:00,174.6,399.288,13.46,9.2,0.025,0.0
2026-01-22 04:30:00,310.0,307.848,13.39,8.5,0.0,0.0
2026-02-21 12:15:00,275.2,326.136,13.62,3.9,0.0,0.0
2026-02-21 16:45:00,275.7,326.136,13.52,6.6,0.0,59.0
2026-02-26 06:00:00,275.2,329.184,13.35,13.3,0.0,0.0
2026-01-20 01:30:00,309.3,307.848,13.3,12.0,0.0,95.0
2026-02-23 09:30:00,309.2,316.992,13.4,10.5,0.0,0.0
2026-01-23 01:15:00,311.6,307.848,13.29,13.4,0.0,100.0
2026-02-14 10:00:00,298.7,301.752,13.41,8.8,0.0,0.0
2026-01-08 04:30:00,295.5,338.32800000000003,13.45,9.1,0.0,0.0
2026-01-09 16:15:00,290.5,329.184,13.58,5.6,0.0,13.0
2026-02-25 16:15:00,155.3,359.664,13.34,14.3,0.0,25.0
2026-01-27 04:30:00,301.6,304.8,13.42,6.3,0.0,0.0
2026-01-28 02:00:00,299.9,301.752,13.37,13.5,0.0,4.0
2026-02-09 05:45:00,309.0,298.704,13.35,13.1,0.0,0.0
2026-01-15 12:15:00,302.5,313.944,13.53,4.5,0.0,0.0
2026-01-25 01:30:00,306.8,304.8,13.3,13.5,0.0,118.0
2026-02-15 10:45:00,301.4,301.752,13.4,10.5,0.0,0.0
2026-01-18 09:30:00,310.0,307.848,13.49,5.3,0.0,0.0
2026-02-25 00:15:00,321.2,313.944,13.19,17.4,0.0,121.0
2026-01-30 03:00:00,304.5,304.8,13.26,9.7,0.0,0.0
2026-01-26 16:45:00,299.6,304.8,13.48,4.0,0.0,18.0
2026-02-28 16:45:00,323.6,316.992,13.29,15.1,0.0,96.0
2026-02-03 08:45:00,301.5,301.752,13.46,9.6,0.0,0.0
2026-02-09 13:15:00,309.3,298.704,13.44,9.3,0.0,0.0
2026-01-31 19:00:00,301.9,301.752,13.35,12.5,0.0,376.0
2026-01-07 09:45:00,275.4,350.52,13.49,9.3,0.0,0.0
2026-02-16 20:45:00,126.4,344.424,13.48,9.2,0.225,74.0
2026-02-04 09:15:00,301.1,298.704,13.39,6.4,0.0,0.0
2026-01-31 20:00:00,302.2,301.752,13.33,14.2,0.0,486.0
2026-01-30 15:15:00,301.5,301.752,13.46,4.2,0.0,0.0
2026-02-26 21:30:00,302.0,323.088,13.24,21.1,0.0,659.0
2026-01-13 05:00:00,300.7,316.992,13.44,6.4,0.0,0.0
2026-02-05 21:15:00,299.5,298.704,13.17,18.6,0.0,597.0
2026-01-14 05:15:00,303.5,313.944,13.39,7.2,0.0,0.0
2026-01-18 13:15:00,308.7,310.896,13.47,5.1,0.0,0.0
2026-02-13 00:45:00,249.4,301.752,13.21,15.9,0.0,353.0
2026-02-06 10:30:00,306.0,298.704,13.32,11.4,0.05,0.0
2026-01-06 23:30:00,252.9,362.712,13.28,14.7,0.0,293.0
2026-01-28 00:30:00,299.2,304.8,13.33,15.3,0.0,163.0
2026-01-08 13:45:00,296.2,335.28000000000003,13.49,6.9,0.0,0.0
2026-01-15 00:15:00,302.0,313.944,13.2,15.8,0.0,239.0
2026-02-08 10:15:00,307.8,298.704,13.47,9.2,0.0,0.0
2026-01-30 04:30:00,304.7,301.752,13.29,8.6,0.0,0.0
2026-02-06 00:30:00,303.3,301.752,13.14,19.3,0.0,329.0
2026-02-22 04:00:00,289.5,320.04,13.32,9.2,0.0,0.0
2026-01-17 03:45:00,305.1,310.896,13.33,10.1,0.0,0.0
2026-02-12 10:15:00,147.1,304.8,13.43,8.7,0.0,0.0
2026-01-23 05:00:00,311.5,307.848,13.36,9.1,0.0,0.0
2026-01-16 16:00:00,302.5,310.896,13.49,7.2,0.0,16.0
2026-02-23 04:30:00,308.3,316.992,13.3,11.5,0.0,0.0
2026-02-26 04:30:00,269.4,329.184,13.28,13.4,0.0,0.0
2026-02-01 17:30:00,302.0,301.752,13.41,8.8,0.0,132.0
2026-01-30 01:00:00,304.3,304.8,13.22,14.0,0.0,129.0
2026-01-30 02:30:00,304.5,301.752,13.32,11.4,0.0,9.0
2026-01-14 12:45:00,302.4,313.944,13.57,5.3,0.0,0.0
2026-01-09 03:30:00,293.5,329.184,13.45,7.3,0.0,0.0
2026-02-04 20:15:00,296.1,298.704,13.3,15.5,0.0,582.0
2026-01-15 08:30:00,304.1,313.944,13.44,5.9,0.0,0.0
2026-02-08 16:15:00,304.5,298.704,13.47,9.0,0.0,28.0
2026-01-28 16:15:00,300.8,304.8,13.43,8.8,0.0,16.0
2026-01-26 15:30:00,299.9,304.8,13.49,4.2,0.0,0.0
2026-01-07 22:45:00,290.6,341.37600000000003,13.3,14.6,0.0,420.0
2026-01-22 00:00:00,308.2,307.848,13.37,11.9,0.0,84.0
2026-01-28 03:45:00,300.8,304.8,13.33,12.5,0.0,0.0
2026-01-27 05:45:00,301.2,304.8,13.45,5.8,0.0,0.0
2026-01-23 15:15:00,310.7,307.848,13.43,8.9,0.0,0.0
2026-02-08 22:15:00,306.3,298.704,13.25,16.9,0.0,566.0
2026-01-20 22:15:00,304.2,307.848,13.35,14.1,0.0,384.0
2026-02-09 07:45:00,309.5,298.704,13.33,12.9,0.0,0.0
2026-02-08 00:45:00,315.3,298.704,13.31,16.3,0.0,312.0
2026-02-13 17:15:00,288.3,301.752,13.45,10.0,0.0,130.0
2026-02-08 07:15:00,309.5,298.704,13.37,9.9,0.0,0.0
2026-01-23 16:45:00,310.8,304.8,13.4,8.8,0.0,9.0
2026-01-28 01:45:00,299.9,304.8,13.32,14.5,0.0,39.0
2026-02-21 20:15:00,278.0,326.136,13.39,13.3,0.0,665.0
2026-02-13 11:00:00,283.8,298.704,13.45,8.5,0.0,0.0
2026-01-05 09:30:00,201.8,387.096,13.46,8.6,0.0,0.0
2026-01-29 20:45:00,302.2,304.8,13.27,15.8,0.0,549.0
2026-02-20 01:00:00,213.3,353.568,13.41,9.1,0.0,195.0
2026-01-25 00:00:00,306.1,304.8,13.26,16.2,0.0,291.0
2026-01-16 03:30:00,305.2,310.896,13.31,10.3,0.0,0.0
2026-02-26 03:30:00,264.9,329.184,13.29,13.8,0.0,0.0
2026-02-04 04:30:00,300.7,301.752,13.31,9.7,0.0,0.0
2026-01-26 00:30:00,301.5,304.8,13.38,9.8,0.0,141.0
2026-02-07 08:15:00,307.6,298.704,13.35,10.1,0.0,0.0
2026-01-09 07:15:00,292.9,329.184,13.45,6.6,0.0,0.0
2026-01-12 17:00:00,297.1,316.992,13.6,5.9,0.0,124.0
2026-02-26 01:00:00,249.2,332.232,13.29,17.0,0.0,121.0
2026-02-13 17:30:00,288.6,298.704,13.46,10.0,0.0,130.0
2026-01-05 19:45:00,258.0,365.76,13.41,12.1,0.1,196.0
2026-01-23 12:30:00,310.6,307.848,13.38,8.8,0.0,0.0
2026-02-04 05:00:00,300.7,301.752,13.27,9.2,0.0,0.0
2026-01-17 01:45:00,304.9,310.896,13.22,13.8,0.0,88.0
2026-02-09 11:00:00,309.8,298.704,13.35,10.2,0.0,0.0
2026-02-11 20:45:00,216.3,304.8,13.3,12.9,0.25,427.0
2026-01-11 02:00:00,295.9,323.088,13.34,7.8,0.0,0.0
2026-02-20 22:45:00,264.7,332.232,13.46,11.2,0.0,458.0
2026-02-27 11:45:00,311.7,320.04,13.34,13.2,0.0,0.0
2026-01-11 08:30:00,297.0,320.04,13.45,5.7,0.0,0.0
2026-02-15 10:15:00,301.2,298.704,13.4,10.5,0.0,0.0
2026-01-06 10:45:00,170.6,402.336,13.4,8.8,0.025,0.0
2026-01-08 16:15:00,295.4,335.28000000000003,13.49,5.6,0.0,13.0
2026-02-11 20:00:00,215.0,304.8,13.35,12.9,0.25,427.0
2026-02-13 10:15:00,283.1,301.752,13.45,8.4,0.0,0.0
2026-02-12 12:45:00,155.4,301.752,13.43,8.2,0.0,0.0
2026-02-07 09:00:00,307.9,298.704,13.4,9.7,0.0,0.0
2026-02-13 18:00:00,288.9,301.752,13.44,11.1,0.0,261.0
2026-01-28 17:00:00,301.2,301.752,13.4,11.1,0.0,136.0
2026-02-02 03:00:00,305.5,301.752,13.34,11.9,0.0,0.0
2026-01-18 15:15:00,307.2,310.896,13.47,5.2,0.0,0.0
2026-02-23 02:00:00,306.2,320.04,13.22,13.2,0.0,42.0
2026-02-19 07:45:00,236.8,338.32800000000003,13.46,6.4,0.1,0.0
2026-02-21 17:30:00,276.1,323.088,13.52,9.3,0.0,221.0
2026-01-12 07:00:00,299.8,316.992,13.51,5.5,0.0,0.0
2026-01-17 14:00:00,305.2,310.896,13.56,4.5,0.0,0.0
2026-02-28 01:00:00,320.9,316.992,13.1,21.7,0.0,152.0
2026-01-24 19:15:00,305.9,307.848,13.38,13.0,0.0,455.0
2026-01-08 07:45:00,296.4,338.32800000000003,13.38,9.4,0.025,0.0
2026-02-17 00:15:00,138.8,362.712,13.43,8.5,0.25,155.0
2026-02-22 04:30:00,290.1,323.088,13.38,9.2,0.0,0.0
2026-01-19 23:30:00,307.5,307.848,13.29,14.7,0.0,397.0
2026-01-20 10:15:00,304.9,307.848,13.47,5.4,0.0,0.0
2026-01-14 08:45:00,303.8,313.944,13.48,6.4,0.0,0.0
2026-02-17 22:45:00,124.1,408.432,13.47,8.4,0.175,130.0
2026-02-27 07:45:00,312.0,320.04,13.32,14.6,0.0,0.0
2026-01-08 20:45:00,292.8,332.232,13.4,11.1,0.0,498.0
2026-01-17 06:00:00,304.6,310.896,13.4,9.0,0.0,0.0
2026-02-17 23:00:00,127.8,414.528,13.47,8.1,0.25,171.0
2026-02-15 07:00:00,301.4,301.752,13.33,11.2,0.0,0.0
2026-01-06 21:30:00,245.1,365.76,13.37,13.4,0.0,228.0
2026-01-28 11:15:00,299.6,304.8,13.33,11.1,0.1,0.0
2026-02-18 14:15:00,195.0,353.568,13.55,1.7,0.0,0.0
2026-02-09 11:30:00,309.9,298.704,13.38,10.2,0.0,0.0
2026-01-28 05:45:00,300.9,304.8,13.32,11.7,0.0,0.0
2026-02-09 19:30:00,307.3,301.752,13.33,14.3,0.0,361.0
2026-02-04 08:00:00,301.1,298.704,13.34,7.0,0.0,0.0
2026-02-25 22:30:00,226.1,335.28000000000003,13.26,17.2,0.025,309.0
2026-01-12 09:45:00,299.9,320.04,13.56,5.5,0.0,0.0
2026-01-17 15:00:00,304.8,310.896,13.56,4.7,0.0,0.0
2026-01-22 12:30:00,310.4,307.848,13.41,7.2,0.0,0.0
2026-02-27 22:30:00,315.9,320.04,13.16,23.1,0.0,659.0
2026-01-20 04:15:00,310.0,307.848,13.39,7.4,0.0,0.0
2026-01-07 21:45:00,288.9,344.424,13.31,14.3,0.0,456.0
2026-02-15 16:00:00,301.2,298.704,13.38,11.2,0.0,21.0
2026-02-07 18:00:00,322.8,298.704,13.37,11.2,0.0,236.0
2026-02-06 02:00:00,304.3,301.752,13.21,14.4,0.0,13.0
2026-02-23 18:45:00,307.9,316.992,13.42,13.9,0.0,326.0
2026-01-21 20:00:00,305.7,307.848,13.41,12.3,0.0,300.0
2026-02-25 02:45:00,322.4,313.944,13.22,15.2,0.125,29.0
2026-01-09 16:00:00,290.7,329.184,13.57,5.6,0.0,13.0
2026-02-08 05:30:00,310.9,298.704,13.35,10.4,0.0,0.0
2026-02-17 18:15:00,123.9,606.552,13.51,7.6,0.4,29.0
2026-02-25 21:00:00,211.0,338.32800000000003,13.28,16.8,0.0,264.0
2026-01-23 19:45:00,310.8,304.8,13.37,11.2,0.0,293.0
2026-02-04 13:30:00,299.3,298.704,13.5,4.1,0.0,0.0
2026-01-27 19:30:00,296.9,304.8,13.43,12.8,0.0,423.0
2026-02-19 15:15:00,133.7,420.624,13.57,5.1,0.075,0.0
2026-01-17 04:30:00,304.7,310.896,13.36,9.7,0.0,0.0
2026-01-21 16:15:00,305.7,307.848,13.45,5.4,0.0,14.0
2026-02-02 22:00:00,300.5,301.752,13.25,18.0,0.0,561.0
2026-01-22 10:15:00,310.4,307.848,13.44,7.9,0.0,0.0
2026-02-18 16:15:00,207.3,350.52,13.59,4.5,0.0,59.0
2026-02-20 11:45:00,248.2,338.32800000000003,13.63,3.4,0.0,0.0
2026-02-28 04:15:00,322.6,316.992,13.19,17.9,0.0,0.0
2026-02-19 14:15:00,144.3,499.872,13.53,5.9,0.0,0.0
2026-01-12 02:45:00,298.9,320.04,13.34,8.6,0.0,0.0
2026-01-16 11:30:00,303.7,310.896,13.48,9.1,0.0,0.0
2026-02-18 10:30:00,160.2,371.856,13.61,2.3,0.0,0.0
2026-01-11 11:00:00,296.3,320.04,13.48,4.3,0.0,0.0
2026-01-15 06:30:00,304.6,313.944,13.44,6.7,0.0,0.0
2026-02-13 04:30:00,270.0,301.752,13.38,10.2,0.0,0.0
2026-02-12 10:30:00,147.6,301.752,13.38,8.7,0.0,0.0
2026-01-15 23:30:00,301.9,313.944,13.28,16.9,0.0,388.0
2026-02-18 13:30:00,189.5,356.616,13.61,2.3,0.0,0.0
2026-02-28 21:30:00,323.7,313.944,13.18,23.0,0.0,611.0
2026-01-16 03:45:00,305.4,310.896,13.3,10.3,0.0,0.0
2026-02-28 16:00:00,323.4,316.992,13.32,15.1,0.0,96.0
2026-02-03 02:15:00,303.4,301.752,13.31,12.8,0.0,13.0
2026-01-07 19:00:00,285.5,344.424,13.37,12.3,0.0,397.0
2026-01-27 21:45:00,297.9,304.8,13.39,16.1,0.0,501.0
2026-02-28 01:45:00,321.6,316.992,13.14,21.7,0.0,152.0
2026-01-07 01:00:00,258.5,359.664,13.35,12.6,0.0,52.0
2026-02-17 06:30:00,99.1,374.904,13.5,7.3,0.0,0.0
2026-01-19 04:45:00,313.1,307.848,13.36,8.5,0.0,0.0
2026-01-16 01:45:00,304.0,310.896,13.26,14.2,0.0,83.0
2026-01-23 02:00:00,311.6,307.848,13.34,10.8,0.0,3.0
2026-01-25 23:15:00,301.0,304.8,13.35,11.1,0.0,300.0
2026-02-27 06:45:00,311.8,320.04,13.31,15.3,0.0,0.0
2026-02-13 23:30:00,296.8,301.752,13.27,14.1,0.0,492.0
2026-02-01 08:15:00,305.1,301.752,13.44,7.3,0.0,0.0
2026-02-08 00:30:00,315.8,298.704,13.32,16.3,0.0,312.0
2026-02-27 08:45:00,312.6,323.088,13.28,14.2,0.0,0.0
2026-02-22 07:30:00,293.3,320.04,13.44,9.0,0.0,0.0
2026-02-07 01:30:00,308.2,298.704,13.27,16.8,0.0,155.0
2026-02-02 14:00:00,302.0,301.752,13.49,5.6,0.0,0.0
2026-01-11 15:45:00,294.4,320.04,13.55,3.3,0.0,0.0
2026-01-06 06:30:00,156.9,493.77600000000007,13.36,10.2,0.05,0.0
2026-02-23 10:45:00,309.3,316.992,13.36,9.7,0.0,0.0
2026-02-01 13:30:00,303.9,301.752,13.5,5.3,0.0,0.0
2026-01-07 05:45:00,272.1,356.616,13.45,8.6,0.0,0.0
2026-02-21 05:15:00,273.5,329.184,13.46,4.8,0.0,0.0
2026-01-29 22:45:00,302.9,301.752,13.28,16.2,0.0,539.0
2026-01-06 05:30:00,146.4,457.2000000000001,13.4,10.3,0.15,0.0
2026-02-05 22:45:00,301.1,301.752,13.21,19.5,0.0,562.0
2026-02-08 12:45:00,306.0,298.704,13.44,8.3,0.0,0.0
2026-01-13 17:45:00,297.4,316.992,13.5,6.4,0.0,147.0
2026-02-14 18:45:00,298.5,298.704,13.36,11.5,0.0,285.0
2026-01-21 11:00:00,306.8,307.848,13.48,6.2,0.0,0.0
2026-02-11 05:15:00,302.6,338.32800000000003,13.38,9.9,0.75,0.0
2026-02-08 17:00:00,304.3,301.752,13.4,10.5,0.0,133.0
2026-02-17 02:30:00,139.4,347.472,13.47,7.8,0.175,16.0
2026-02-02 12:30:00,302.7,301.752,13.48,6.1,0.0,0.0
2026-02-21 19:30:00,276.9,326.136,13.48,12.7,0.0,564.0
2026-01-24 08:30:00,309.2,304.8,13.45,8.7,0.0,0.0
2026-01-12 11:15:00,299.6,320.04,13.52,4.5,0.0,0.0
2026-01-27 22:15:00,298.1,301.752,13.32,15.2,0.0,386.0
2026-02-03 00:30:00,302.5,301.752,13.27,17.7,0.0,311.0
2026-01-09 00:15:00,293.1,332.232,13.39,11.6,0.0,225.0
2026-02-05 07:15:00,304.3,301.752,13.33,7.3,0.0,0.0
2026-02-01 16:45:00,302.4,301.752,13.51,6.5,0.0,25.0
2026-01-21 08:15:00,307.7,307.848,13.45,7.1,0.0,0.0
2026-02-10 10:00:00,306.0,301.752,13.4,9.2,0.0,0.0
2026-02-11 13:45:00,228.5,310.896,13.41,10.4,0.025,0.0
2026-02-17 16:45:00,167.8,603.504,13.51,7.2,0.125,10.0
2026-02-02 10:00:00,304.2,301.752,13.49,8.2,0.0,0.0
2026-02-24 20:30:00,316.5,316.992,13.22,19.1,0.0,528.0
2026-02-16 14:15:00,170.3,457.2000000000001,13.47,9.5,0.625,0.0
2026-01-10 04:00:00,294.8,326.136,13.39,5.2,0.0,0.0
2026-02-09 06:45:00,309.1,298.704,13.36,12.9,0.0,0.0
2026-02-22 14:15:00,296.6,320.04,13.39,8.5,0.0,0.0
2026-01-07 07:15:00,274.3,353.568,13.4,9.0,0.0,0.0
2026-02-10 00:15:00,308.6,298.704,13.28,16.7,0.0,345.0
2026-01-14 00:30:00,300.2,316.992,13.3,15.0,0.0,242.0
2026-01-20 14:30:00,302.7,307.848,13.52,4.9,0.0,0.0
2026-01-08 00:30:00,292.9,341.37600000000003,13.34,13.0,0.0,196.0
2026-01-28 00:45:00,299.1,304.8,13.33,15.3,0.0,163.0
2026-01-25 12:45:00,302.7,304.8,13.49,3.5,0.0,0.0
2026-01-23 01:45:00,311.6,304.8,13.33,13.4,0.0,100.0
2026-01-06 18:00:00,222.5,374.904,13.44,12.8,0.0,273.0
2026-02-04 11:15:00,300.7,298.704,13.43,5.4,0.0,0.0
2026-02-04 19:45:00,295.9,301.752,13.28,14.3,0.0,502.0
2026-01-09 01:00:00,293.2,332.232,13.35,9.4,0.0,67.0
2026-02-17 16:30:00,171.2,536.448,13.5,7.2,0.125,10.0
2026-02-22 09:00:00,294.2,323.088,13.4,9.4,0.0,0.0
2026-02-15 04:30:00,301.9,301.752,13.39,11.1,0.0,0.0
2026-02-18 10:45:00,163.0,368.808,13.61,2.3,0.0,0.0
2026-01-23 17:45:00,310.6,304.8,13.44,9.1,0.0,87.0
2026-01-28 15:45:00,300.5,304.8,13.43,9.2,0.0,0.0
2026-01-07 12:45:00,278.0,347.472,13.43,8.7,0.0,0.0
2026-01-07 02:15:00,263.2,359.664,13.3,11.3,0.0,0.0
2026-02-08 07:00:00,309.7,298.704,13.42,9.9,0.0,0.0
2026-01-07 14:45:00,280.5,347.472,13.43,8.3,0.025,0.0
2026-01-22 14:15:00,310.2,304.8,13.43,6.2,0.0,0.0
2026-01-29 10:00:00,305.1,304.8,13.42,6.5,0.0,0.0
2026-02-21 05:45:00,273.8,326.136,13.47,4.8,0.0,0.0
2026-01-16 19:30:00,302.2,310.896,13.35,15.4,0.0,436.0
2026-01-08 03:45:00,295.2,341.37600000000003,13.39,9.3,0.0,0.0
2026-01-27 06:15:00,300.9,304.8,13.46,5.5,0.0,0.0
2026-01-09 09:15:00,292.4,329.184,13.48,5.8,0.0,0.0
2026-01-06 01:15:00,181.3,691.8960000000001,13.37,10.5,0.8,7.0
2026-01-22 13:45:00,310.3,307.848,13.44,6.1,0.0,0.0
2026-01-13 19:45:00,297.2,313.944,13.37,12.5,0.0,429.0
2026-02-03 11:00:00,299.7,301.752,13.5,7.8,0.0,0.0
2026-02-26 17:30:00,296.5,323.088,13.34,14.2,0.0,170.0
2026-02-07 16:45:00,323.0,298.704,13.39,8.3,0.0,20.0
2026-01-08 14:15:00,296.1,335.28000000000003,13.51,6.2,0.0,0.0
2026-02-22 00:45:00,285.8,323.088,13.27,13.9,0.0,343.0
2026-02-18 22:45:00,192.5,353.568,13.49,8.3,0.3,463.0
2026-01-15 20:00:00,299.7,313.944,13.38,15.2,0.0,509.0
2026-01-05 19:00:00,256.4,362.712,13.37,12.1,0.1,196.0
2026-02-07 16:30:00,322.6,298.704,13.45,8.3,0.0,20.0
2026-01-10 04:30:00,294.9,323.088,13.46,5.2,0.0,0.0
2026-02-08 11:00:00,307.2,298.704,13.43,8.0,0.0,0.0
2026-02-17 14:30:00,186.5,335.28000000000003,13.5,8.3,0.025,0.0
2026-01-05 23:00:00,262.0,487.68000000000006,13.43,10.8,0.775,31.0
2026-02-18 00:45:00,148.9,569.976,13.51,6.9,0.45,121.0
2026-02-02 06:45:00,305.4,301.752,13.44,9.2,0.0,0.0
2026-01-14 16:15:00,300.4,313.944,13.54,4.8,0.0,14.0
2026-01-24 00:00:00,311.8,307.848,13.3,12.0,0.0,265.0
2026-02-16 20:00:00,121.3,350.52,13.47,9.2,0.225,74.0
2026-01-09 01:45:00,293.3,332.232,13.38,9.4,0.0,67.0
2026-02-27 09:15:00,312.4,320.04,13.29,14.3,0.0,0.0
2026-02-23 14:00:00,308.7,316.992,13.44,7.6,0.0,0.0
2026-01-11 23:00:00,295.0,320.04,13.31,13.6,0.0,355.0
2026-01-06 05:00:00,144.6,445.008,13.44,10.3,0.15,0.0
2026-02-26 18:15:00,297.4,323.088,13.37,16.4,0.0,314.0
2026-02-11 17:45:00,213.8,307.848,13.32,11.9,0.0,193.0
2026-02-22 12:15:00,295.6,320.04,13.46,8.9,0.0,0.0
2026-01-08 05:30:00,295.8,338.32800000000003,13.45,8.8,0.0,0.0
2026-01-29 10:15:00,305.0,301.752,13.48,6.5,0.0,0.0
2026-01-15 04:00:00,303.9,313.944,13.36,8.1,0.0,0.0
2026-01-12 09:15:00,299.9,320.04,13.54,5.5,0.0,0.0
2026-03-01 06:00:00,325.0,313.944,13.32,13.2,0.0,0.0
2026-01-07 06:00:00,272.5,353.568,13.39,9.1,0.0,0.0
2026-02-13 08:30:00,280.4,301.752,13.46,8.6,0.0,0.0
2026-02-22 23:45:00,302.4,316.992,13.21,16.9,0.0,531.0
2026-01-10 01:30:00,293.6,326.136,13.35,8.9,0.0,68.0
2026-02-11 17:00:00,214.5,307.848,13.4,11.9,0.0,193.0
2026-02-05 13:15:00,301.5,301.752,13.42,5.5,0.0,0.0
2026-02-03 10:15:00,300.3,301.752,13.48,8.5,0.0,0.0
2026-02-27 04:45:00,311.8,323.088,13.28,16.0,0.0,0.0
2026-02-04 03:45:00,300.6,301.752,13.23,10.8,0.0,0.0
2026-02-26 18:00:00,297.1,323.088,13.39,16.4,0.0,314.0
2026-02-03 11:30:00,299.1,301.752,13.5,7.8,0.0,0.0
2026-01-27 01:30:00,301.7,304.8,13.26,11.5,0.0,114.0
2026-01-06 18:45:00,226.5,371.856,13.39,12.8,0.0,273.0
2026-01-29 23:15:00,303.1,301.752,13.27,16.2,0.0,442.0
2026-02-14 21:45:00,300.8,301.752,13.3,13.3,0.0,381.0
2026-02-11 07:15:00,292.2,313.944,13.34,10.1,0.175,0.0
2026-01-13 20:15:00,297.2,316.992,13.38,14.3,0.0,510.0
2026-02-21 08:00:00,274.4,326.136,13.52,4.7,0.0,0.0
2026-02-06 20:15:00,304.2,301.752,13.29,17.6,0.0,537.0
2026-02-16 15:00:00,164.3,414.528,13.48,9.5,0.6,0.0
2026-02-26 23:00:00,305.1,323.088,13.24,21.2,0.0,532.0
2026-01-21 23:45:00,308.1,307.848,13.32,13.4,0.0,212.0
2026-02-15 16:15:00,301.2,298.704,13.44,11.2,0.0,21.0
2026-01-23 21:00:00,310.9,307.848,13.31,12.5,0.0,346.0
2026-02-08 18:30:00,304.3,298.704,13.44,12.2,0.0,301.0
2026-02-12 06:45:00,146.8,307.848,13.39,9.9,0.0,0.0
2026-02-22 05:30:00,291.0,323.088,13.41,8.8,0.0,0.0
2026-02-21 23:30:00,283.7,323.088,13.28,14.5,0.0,446.0
2026-02-02 04:00:00,305.9,301.752,13.33,11.3,0.0,0.0
2026-01-10 21:15:00,292.5,323.088,13.39,12.2,0.0,510.0
2026-02-19 07:30:00,235.2,338.32800000000003,13.54,6.4,0.1,0.0
2026-02-08 01:15:00,314.9,298.704,13.32,15.4,0.0,134.0
2026-02-08 19:15:00,304.6,298.704,13.36,13.9,0.0,451.0
2026-02-21 13:45:00,275.2,326.136,13.6,4.4,0.0,0.0
2026-01-28 10:30:00,300.2,301.752,13.33,11.5,0.075,0.0
2026-02-23 05:00:00,308.1,316.992,13.33,11.3,0.0,0.0
2026-02-26 09:15:00,284.0,326.136,13.38,13.0,0.0,0.0
2026-02-20 17:15:00,254.9,335.28000000000003,13.6,5.7,0.0,173.0
2026-01-05 15:15:00,247.2,374.904,13.46,9.4,0.0,0.0
2026-02-13 01:15:00,253.2,301.752,13.29,14.5,0.0,173.0
2026-01-31 01:45:00,303.8,301.752,13.29,12.9,0.0,122.0
2026-02-21 22:00:00,280.8,323.088,13.39,14.1,0.0,615.0
2026-01-20 19:15:00,302.7,307.848,13.35,11.3,0.0,378.0
2026-01-19 08:15:00,312.4,307.848,13.47,7.1,0.0,0.0
2026-02-09 02:00:00,309.6,298.704,13.28,12.9,0.0,15.0
2026-01-19 20:30:00,306.7,307.848,13.36,14.8,0.0,511.0
2026-01-14 14:15:00,301.4,313.944,13.56,4.7,0.0,0.0
2026-02-18 09:15:00,147.4,381.0,13.61,3.4,0.0,0.0
2026-01-26 10:15:00,301.5,304.8,13.47,4.9,0.0,0.0
2026-02-09 15:30:00,308.2,298.704,13.39,9.2,0.0,0.0
2026-01-10 07:00:00,295.1,326.136,13.5,3.9,0.0,0.0
2026-02-03 15:00:00,295.9,298.704,13.55,4.8,0.0,0.0
2026-02-10 11:45:00,304.9,301.752,13.4,7.9,0.0,0.0
2026-01-15 20:15:00,300.0,313.944,13.32,15.2,0.0,509.0
2026-01-27 23:45:00,299.0,304.8,13.37,15.2,0.0,269.0
2026-02-19 22:00:00,191.1,362.712,13.41,10.2,0.0,620.0
2026-02-08 14:15:00,305.1,298.704,13.44,8.2,0.0,0.0
2026-01-27 05:30:00,301.4,304.8,13.45,5.8,0.0,0.0
2026-02-27 14:45:00,311.4,320.04,13.38,12.6,0.0,0.0
2026-01-21 23:00:00,307.8,307.848,13.39,13.4,0.0,212.0
2026-01-27 13:00:00,298.4,304.8,13.49,3.8,0.0,0.0
2026-02-07 02:00:00,308.2,298.704,13.3,13.7,0.0,17.0
2026-02-11 00:30:00,303.7,301.752,13.36,11.4,0.1,81.0
2026-02-09 22:15:00,308.1,298.704,13.25,16.4,0.0,488.0
2026-01-10 16:45:00,292.0,323.088,13.55,2.7,0.0,12.0
2026-01-25 12:00:00,303.2,304.8,13.43,3.5,0.0,0.0
2026-01-28 19:15:00,301.8,301.752,13.38,14.4,0.0,432.0
2026-02-10 12:30:00,304.4,298.704,13.4,7.2,0.0,0.0
2026-02-03 21:30:00,295.9,298.704,13.27,16.3,0.0,605.0
2026-01-08 17:30:00,294.4,335.28000000000003,13.52,7.1,0.0,137.0
2026-02-06 01:00:00,303.8,301.752,13.15,17.0,0.0,138.0
2026-01-15 21:00:00,299.9,313.944,13.33,16.2,0.0,529.0
2026-01-25 14:45:00,301.4,304.8,13.46,3.1,0.0,0.0
2026-02-19 18:15:00,142.5,377.952,13.49,7.7,0.0,373.0
2026-01-29 22:15:00,302.5,301.752,13.27,16.2,0.0,539.0
2026-02-10 19:00:00,301.5,301.752,13.32,12.4,0.05,356.0
2026-01-05 22:15:00,265.7,423.672,13.37,10.9,0.425,48.0
2026-01-30 22:00:00,301.0,301.752,13.25,14.4,0.0,495.0
2026-02-14 12:15:00,298.5,301.752,13.43,7.7,0.0,0.0
2026-02-28 18:00:00,322.9,316.992,13.22,22.5,0.0,426.0
2026-03-01 00:45:00,328.1,313.944,13.14,21.9,0.0,362.0
2026-01-20 08:45:00,306.4,307.848,13.51,5.9,0.0,0.0
2026-02-23 08:00:00,309.0,316.992,13.36,11.0,0.0,0.0
2026-02-25 00:30:00,321.6,313.944,13.2,17.4,0.0,121.0
2026-01-27 00:00:00,300.5,304.8,13.27,13.8,0.0,284.0
2026-02-10 09:30:00,306.6,301.752,13.42,9.8,0.0,0.0
2026-02-19 02:00:00,193.1,344.424,13.48,6.8,0.025,8.0
2026-01-11 15:00:00,294.8,320.04,13.6,3.3,0.0,0.0
2026-01-26 04:30:00,302.2,304.8,13.47,5.7,0.0,0.0
2026-01-09 11:00:00,292.1,329.184,13.53,6.0,0.0,0.0
2026-02-01 04:30:00,305.5,301.752,13.28,8.2,0.0,0.0
2026-01-12 23:15:00,297.4,316.992,13.28,12.7,0.0,371.0
2026-02-27 22:15:00,315.2,320.04,13.21,23.1,0.0,659.0
2026-01-16 10:00:00,304.3,310.896,13.5,9.4,0.0,0.0
2026-02-27 12:15:00,311.5,320.04,13.29,12.4,0.0,0.0
2026-01-10 23:30:00,294.3,323.088,13.31,12.5,0.0,370.0
2026-01-10 17:15:00,291.7,323.088,13.53,5.1,0.0,127.0
2026-01-20 03:45:00,310.2,307.848,13.32,8.2,0.0,0.0
2026-01-16 02:30:00,304.7,310.896,13.28,11.9,0.0,1.0
2026-02-02 15:30:00,301.1,301.752,13.56,5.8,0.0,0.0
2026-01-30 01:30:00,304.3,304.8,13.3,14.0,0.0,129.0
2026-01-31 20:30:00,302.1,301.752,13.34,14.2,0.0,486.0
2026-02-01 21:45:00,302.4,301.752,13.24,17.0,0.0,547.0
2026-02-05 12:30:00,302.2,301.752,13.44,6.5,0.0,0.0
2026-01-12 00:00:00,296.3,320.04,13.3,13.0,0.0,208.0
2026-02-17 21:00:00,110.6,475.48800000000006,13.47,7.9,0.25,78.0
2026-01-29 23:30:00,303.4,301.752,13.22,16.2,0.0,442.0
2026-02-16 18:00:00,116.1,371.856,13.42,10.0,0.275,58.0
2026-02-25 06:45:00,320.5,475.48800000000006,13.32,14.0,0.175,0.0
2026-02-13 08:00:00,279.4,301.752,13.45,8.6,0.0,0.0
2026-01-08 20:15:00,292.9,332.232,13.41,11.1,0.0,498.0
2026-01-11 21:30:00,294.1,320.04,13.4,14.5,0.0,504.0
2026-01-14 13:00:00,302.1,313.944,13.55,5.0,0.0,0.0
2026-01-28 22:30:00,302.4,301.752,13.3,15.6,0.0,480.0
2026-02-03 23:00:00,297.8,301.752,13.22,17.1,0.0,474.0
2026-02-19 11:30:00,215.2,576.072,13.51,5.5,1.35,0.0
2026-01-27 11:45:00,298.6,304.8,13.46,4.7,0.0,0.0
2026-01-17 06:15:00,304.7,310.896,13.37,9.0,0.0,0.0
2026-01-29 20:30:00,302.1,301.752,13.34,15.8,0.0,549.0
2026-01-06 11:30:00,182.2,396.24,13.4,9.2,0.025,0.0
2026-01-31 10:00:00,305.0,301.752,13.41,7.0,0.0,0.0
2026-01-30 18:15:00,300.0,301.752,13.39,11.5,0.0,320.0
2026-02-19 03:45:00,203.0,341.37600000000003,13.44,6.5,0.025,0.0
2026-01-12 00:45:00,297.1,316.992,13.31,13.0,0.0,208.0
2026-01-12 10:00:00,299.9,316.992,13.52,5.3,0.0,0.0
2026-01-23 08:00:00,311.2,304.8,13.39,8.5,0.0,0.0
2026-02-10 14:15:00,303.2,298.704,13.41,6.2,0.0,0.0
2026-01-19 02:00:00,312.5,307.848,13.29,10.6,0.0,2.0
2026-01-18 08:45:00,310.0,310.896,13.47,6.0,0.0,0.0
2026-02-03 16:30:00,294.9,298.704,13.47,5.8,0.0,29.0
2026-01-14 22:00:00,300.2,313.944,13.29,15.3,0.0,473.0
2026-01-25 23:00:00,300.7,304.8,13.4,11.1,0.0,300.0
2026-01-05 12:00:00,226.1,377.952,13.41,9.4,0.3,0.0
2026-02-08 07:30:00,309.4,298.704,13.44,9.9,0.0,0.0
2026-02-10 05:30:00,308.5,298.704,13.37,11.1,0.0,0.0
2026-02-09 01:00:00,308.9,298.704,13.3,14.1,0.0,148.0
2026-01-27 08:15:00,300.0,304.8,13.49,4.8,0.0,0.0
2026-01-25 18:00:00,299.9,304.8,13.46,6.9,0.0,150.0
2026-02-14 06:45:00,299.2,301.752,13.43,9.1,0.0,0.0
2026-01-09 07:30:00,292.9,329.184,13.52,6.6,0.0,0.0
2026-02-19 11:15:00,221.3,694.944,13.51,5.5,1.35,0.0
2026-01-11 03:30:00,296.9,323.088,13.38,7.0,0.0,0.0
2026-01-14 19:00:00,299.8,313.944,13.45,13.8,0.0,417.0
2026-02-16 20:15:00,122.9,347.472,13.43,9.2,0.225,74.0
2026-01-18 18:15:00,305.5,310.896,13.39,10.9,0.0,304.0
2026-01-24 01:15:00,312.1,307.848,13.34,10.7,0.0,101.0
2026-01-10 04:15:00,295.0,326.136,13.36,5.2,0.0,0.0
2026-01-31 12:30:00,304.2,301.752,13.44,6.3,0.0,0.0
2026-01-07 12:30:00,277.8,347.472,13.48,8.7,0.0,0.0
2026-01-18 20:30:00,306.1,307.848,13.29,15.7,0.0,514.0
2026-01-10 10:45:00,294.4,323.088,13.53,3.0,0.0,0.0
2026-02-05 10:00:00,303.7,301.752,13.45,6.4,0.0,0.0
2026-01-06 07:00:00,157.6,451.104,13.39,9.8,0.0,0.0
2026-01-19 05:15:00,313.0,307.848,13.39,8.1,0.0,0.0
2026-02-08 08:00:00,309.1,298.704,13.42,8.5,0.0,0.0
2026-01-22 03:15:00,309.7,307.848,13.38,9.1,0.0,0.0
2026-01-19 02:45:00,313.2,307.848,13.26,10.6,0.0,2.0
2026-01-14 18:30:00,299.8,313.944,13.47,11.9,0.0,289.0
2026-01-12 18:15:00,296.5,316.992,13.51,9.3,0.0,273.0
2026-01-13 11:00:00,300.5,316.992,13.56,4.1,0.0,0.0
2026-01-21 02:15:00,309.5,307.848,13.32,9.2,0.0,2.0
2026-02-11 04:00:00,303.8,365.76,13.38,9.8,0.15,0.0
2026-01-25 23:30:00,301.0,304.8,13.35,11.1,0.0,300.0
2026-01-11 22:00:00,294.6,320.04,13.38,14.3,0.0,454.0
2026-02-25 07:15:00,303.7,490.72800000000007,13.32,14.0,0.225,0.0
2026-01-21 17:00:00,305.7,307.848,13.51,8.4,0.0,106.0
2026-02-10 01:45:00,309.2,298.704,13.27,15.2,0.0,84.0
2026-01-13 19:30:00,297.0,316.992,13.43,12.5,0.0,429.0
2026-01-27 02:00:00,301.9,304.8,13.29,8.9,0.0,6.0
2026-02-13 05:45:00,274.0,301.752,13.36,9.7,0.0,0.0
2026-01-09 12:30:00,291.8,329.184,13.6,5.2,0.0,0.0
2026-02-26 10:45:00,287.0,326.136,13.39,12.7,0.0,0.0
2026-02-20 04:00:00,229.3,344.424,13.49,6.3,0.0,0.0
2026-01-10 09:15:00,294.9,326.136,13.52,3.0,0.0,0.0
2026-02-10 04:15:00,308.9,298.704,13.31,11.9,0.0,0.0
2026-01-19 23:00:00,307.2,310.896,13.26,14.7,0.0,397.0
2026-01-28 12:00:00,299.7,304.8,13.34,10.7,0.075,0.0
2026-02-11 22:45:00,219.0,350.52,13.38,12.0,0.075,165.0
2026-02-08 05:15:00,311.2,298.704,13.36,10.4,0.0,0.0
2026-02-26 22:30:00,303.9,323.088,13.23,21.5,0.0,625.0
2026-01-28 23:30:00,302.9,301.752,13.24,15.8,0.0,413.0
2026-02-25 19:15:00,188.4,341.37600000000003,13.36,16.1,0.025,183.0
2026-01-19 02:15:00,312.4,307.848,13.24,10.6,0.0,2.0
2026-02-16 06:00:00,276.4,368.808,13.38,10.5,0.575,0.0
2026-02-09 21:00:00,307.8,301.752,13.34,15.7,0.0,415.0
2026-02-15 22:45:00,300.8,298.704,13.26,13.8,0.075,363.0
2026-02-19 23:30:00,203.9,356.616,13.43,10.2,0.0,528.0
2026-02-24 17:30:00,315.3,313.944,13.35,15.9,0.0,214.0
2026-01-15 17:00:00,300.1,313.944,13.5,7.3,0.0,145.0
2026-01-11 12:30:00,295.6,323.088,13.56,3.8,0.0,0.0
2026-01-09 18:30:00,290.2,329.184,13.5,8.3,0.0,297.0
2026-01-11 17:45:00,293.4,320.04,13.56,7.3,0.0,136.0
2026-01-23 17:30:00,310.7,307.848,13.43,9.1,0.0,87.0
2026-02-26 02:30:00,260.1,332.232,13.31,15.3,0.0,43.0
2026-01-10 05:30:00,295.2,326.136,13.48,4.4,0.0,0.0
2026-02-14 01:00:00,299.1,301.752,13.28,12.0,0.0,164.0
2026-02-06 05:15:00,305.0,298.704,13.28,11.4,0.0,0.0
2026-02-27 01:45:00,310.6,320.04,13.13,20.2,0.0,214.0
2026-01-14 22:30:00,300.7,313.944,13.27,15.3,0.0,473.0
2026-02-22 07:15:00,292.9,323.088,13.43,9.0,0.0,0.0
2026-01-24 19:45:00,306.0,304.8,13.32,13.0,0.0,455.0
2026-01-29 15:15:00,303.6,301.752,13.54,4.6,0.0,0.0
2026-02-12 23:45:00,240.8,298.704,13.22,16.0,0.0,494.0
2026-02-28 20:15:00,323.0,316.992,13.23,22.7,0.0,520.0
2026-02-27 20:45:00,312.6,316.992,13.26,22.9,0.0,676.0
2026-02-15 03:15:00,301.8,301.752,13.27,11.4,0.0,0.0
2026-01-23 11:45:00,310.6,304.8,13.39,8.7,0.0,0.0
2026-01-18 17:30:00,305.6,310.896,13.48,8.2,0.0,142.0
2026-02-11 06:45:00,295.6,316.992,13.43,10.2,0.3,0.0
2026-02-22 02:00:00,287.3,323.088,13.25,10.8,0.0,43.0
2026-02-09 00:30:00,308.5,298.704,13.24,14.3,0.0,274.0
2026-02-19 04:15:00,207.6,341.37600000000003,13.46,6.1,0.05,0.0
2026-01-14 16:00:00,300.6,313.944,13.54,4.8,0.0,14.0
2026-02-08 08:15:00,308.9,298.704,13.44,8.5,0.0,0.0
2026-01-21 23:30:00,308.1,307.848,13.32,13.4,0.0,212.0
2026-01-30 03:15:00,304.5,301.752,13.29,9.7,0.0,0.0
2026-01-12 18:30:00,296.4,316.992,13.51,9.3,0.0,273.0
2026-01-19 18:45:00,306.6,307.848,13.4,10.5,0.0,261.0
2026-01-22 00:30:00,308.5,307.848,13.38,11.9,0.0,84.0
2026-02-16 03:00:00,302.0,353.568,13.39,10.9,0.625,0.0
2026-02-24 06:30:00,315.4,316.992,13.37,13.0,0.025,0.0
2026-02-08 20:15:00,305.2,298.704,13.35,15.3,0.0,548.0
2026-02-18 11:45:00,174.5,365.76,13.63,2.2,0.0,0.0
2026-01-15 17:30:00,299.8,310.896,13.49,7.3,0.0,145.0
2026-01-12 06:45:00,299.5,320.04,13.46,5.6,0.0,0.0
2026-02-21 05:00:00,273.3,326.136,13.45,4.8,0.0,0.0
2026-02-20 08:15:00,240.9,344.424,13.55,4.8,0.0,0.0
2026-02-05 03:45:00,303.7,301.752,13.28,10.3,0.0,0.0
2026-01-13 12:45:00,299.8,316.992,13.55,4.8,0.0,0.0
2026-01-11 00:45:00,295.3,323.088,13.33,11.7,0.0,215.0
2026-02-10 04:30:00,308.7,298.704,13.37,11.9,0.0,0.0
2026-02-11 21:30:00,217.2,313.944,13.39,12.2,0.125,261.0
2026-01-18 11:45:00,309.1,307.848,13.5,4.8,0.0,0.0
2026-01-09 23:45:00,292.3,326.136,13.33,11.2,0.0,369.0
2026-01-22 22:45:00,310.2,307.848,13.22,15.6,0.0,496.0
2026-01-29 17:15:00,302.3,301.752,13.47,9.1,0.0,155.0
2026-01-20 00:30:00,308.2,307.848,13.26,15.0,0.0,257.0
2026-01-15 14:15:00,301.4,313.944,13.55,3.6,0.0,0.0
2026-02-17 06:45:00,101.0,371.856,13.51,7.3,0.0,0.0
2026-01-30 17:00:00,300.6,304.8,13.45,8.4,0.0,171.0
2026-01-08 20:00:00,293.1,335.28000000000003,13.42,11.1,0.0,498.0
2026-02-15 06:45:00,301.3,298.704,13.32,11.1,0.0,0.0
2026-02-18 11:30:00,171.6,365.76,13.59,2.2,0.0,0.0
2026-02-16 15:15:00,157.3,408.432,13.44,9.5,0.6,0.0
2026-02-24 13:45:00,315.1,313.944,13.39,13.3,0.0,0.0
2026-02-17 02:00:00,139.5,350.52,13.41,7.8,0.175,16.0
2026-01-25 09:30:00,304.9,304.8,13.47,7.0,0.0,0.0
2026-02-22 15:15:00,296.8,320.04,13.42,8.7,0.0,0.0
2026-02-27 02:15:00,310.9,320.04,13.19,17.9,0.0,51.0
2026-02-01 18:45:00,301.7,301.752,13.42,10.9,0.0,248.0
2026-01-26 07:45:00,301.8,304.8,13.5,5.4,0.0,0.0
2026-01-14 10:30:00,303.1,313.944,13.5,5.5,0.0,0.0
2026-01-07 19:15:00,285.7,344.424,13.42,12.3,0.0,397.0
2026-02-01 08:30:00,305.1,301.752,13.45,7.3,0.0,0.0
2026-01-18 14:00:00,308.3,310.896,13.51,5.2,0.0,0.0
2026-02-12 02:30:00,192.4,329.184,13.39,10.5,0.075,12.0
2026-01-12 01:00:00,297.3,320.04,13.31,10.6,0.0,53.0
2026-01-08 10:30:00,297.0,338.32800000000003,13.47,7.9,0.0,0.0
2026-01-26 02:15:00,302.1,304.8,13.36,6.7,0.0,4.0
2026-01-26 08:15:00,301.9,304.8,13.47,5.4,0.0,0.0
2026-02-24 16:15:00,315.6,313.944,13.31,14.0,0.0,53.0
2026-02-25 10:15:00,249.3,420.624,13.34,14.0,0.025,0.0
2026-01-07 23:00:00,290.7,341.37600000000003,13.34,14.0,0.0,328.0
2026-01-13 15:45:00,298.2,316.992,13.62,2.4,0.0,0.0
2026-01-31 18:45:00,301.9,301.752,13.37,10.2,0.0,266.0
2026-02-03 01:15:00,303.1,301.752,13.24,15.2,0.0,143.0
2026-02-28 06:00:00,322.9,316.992,13.2,17.1,0.0,0.0
2026-02-07 15:00:00,319.3,298.704,13.39,7.9,0.0,0.0
2026-01-18 17:00:00,306.0,310.896,13.48,8.2,0.0,142.0
2026-01-29 11:30:00,304.7,301.752,13.45,6.2,0.0,0.0
2026-01-05 21:00:00,261.3,365.76,13.37,11.8,0.125,76.0
2026-01-30 16:00:00,301.1,301.752,13.53,4.9,0.0,26.0
2026-01-15 06:00:00,304.4,313.944,13.39,6.7,0.0,0.0
2026-01-28 16:00:00,300.6,304.8,13.43,8.8,0.0,16.0
2026-01-22 19:15:00,309.0,307.848,13.35,13.3,0.0,401.0
2026-02-19 08:30:00,240.6,338.32800000000003,13.5,6.0,0.025,0.0
2026-01-24 02:15:00,312.0,304.8,13.39,8.9,0.0,4.0
2026-01-08 20:30:00,292.9,332.232,13.46,11.1,0.0,498.0
2026-01-17 20:45:00,303.3,310.896,13.29,15.2,0.0,513.0
2026-01-29 17:45:00,302.3,304.8,13.48,9.1,0.0,155.0
2026-02-09 09:45:00,309.9,298.704,13.4,11.8,0.0,0.0
2026-02-01 12:00:00,304.4,301.752,13.44,6.3,0.0,0.0
2026-02-07 05:30:00,308.1,298.704,13.32,10.9,0.0,0.0
2026-02-04 15:30:00,297.6,301.752,13.53,4.0,0.0,0.0
2026-02-25 11:30:00,231.6,429.768,13.29,13.9,0.025,0.0
2026-02-01 07:00:00,305.2,301.752,13.39,7.5,0.0,0.0
2026-01-18 14:15:00,308.0,310.896,13.47,5.2,0.0,0.0
2026-01-14 08:00:00,303.9,313.944,13.5,6.4,0.0,0.0
2026-02-13 16:45:00,287.9,301.752,13.47,9.0,0.0,30.0
2026-02-14 23:45:00,301.9,301.752,13.33,13.5,0.0,283.0
2026-02-03 06:00:00,302.6,301.752,13.35,10.6,0.0,0.0
2026-02-04 09:30:00,301.2,301.752,13.45,6.4,0.0,0.0
2026-02-12 01:45:00,215.3,350.52,13.36,11.2,0.075,50.0
2026-02-04 21:15:00,297.0,301.752,13.26,16.6,0.0,607.0
2026-02-17 13:30:00,175.3,335.28000000000003,13.49,8.0,0.025,0.0
2026-02-18 04:00:00,138.6,432.816,13.49,4.7,0.25,0.0
2026-02-28 17:00:00,323.2,316.992,13.32,19.6,0.0,257.0
2026-02-19 22:45:00,198.1,359.664,13.45,10.2,0.0,620.0
2026-02-18 01:00:00,138.3,597.408,13.48,6.9,0.1,28.0
2026-01-22 04:15:00,309.8,307.848,13.4,8.5,0.0,0.0
2026-02-10 09:00:00,306.8,298.704,13.43,9.8,0.0,0.0
2026-02-09 04:45:00,308.8,298.704,13.33,13.1,0.0,0.0
2026-02-11 03:00:00,303.8,341.37600000000003,13.37,10.0,0.05,0.0
2026-01-15 09:45:00,303.4,313.944,13.49,5.4,0.0,0.0
2026-02-09 15:00:00,308.6,298.704,13.45,9.2,0.0,0.0
2026-02-23 17:15:00,307.6,316.992,13.46,12.5,0.0,213.0
2026-02-11 14:15:00,224.9,310.896,13.41,10.0,0.05,0.0
2026-01-25 02:30:00,307.4,304.8,13.3,10.7,0.0,5.0
2026-01-16 18:00:00,302.1,310.896,13.43,14.0,0.0,306.0
2026-01-29 08:30:00,305.0,301.752,13.42,7.5,0.0,0.0
2026-01-31 23:30:00,304.3,301.752,13.23,15.3,0.0,408.0
2026-02-04 04:15:00,300.6,298.704,13.25,9.7,0.0,0.0
2026-01-27 08:00:00,300.3,304.8,13.48,4.8,0.0,0.0
2026-01-25 13:45:00,302.3,304.8,13.49,3.3,0.0,0.0
2026-01-11 12:45:00,295.6,320.04,13.52,3.8,0.0,0.0
2026-01-18 21:45:00,307.6,307.848,13.25,16.6,0.0,505.0
2026-02-13 21:30:00,293.3,301.752,13.26,14.9,0.0,583.0
2026-01-08 21:15:00,292.7,332.232,13.39,11.9,0.0,514.0
2026-02-01 22:30:00,302.9,298.704,13.28,17.7,0.0,539.0
2026-02-15 17:00:00,301.0,298.704,13.37,11.7,0.05,113.0
2026-01-06 04:30:00,141.9,451.104,13.44,10.2,0.225,0.0
2026-01-29 02:15:00,304.4,301.752,13.27,12.3,0.0,7.0
2026-01-29 12:15:00,304.6,301.752,13.51,5.8,0.0,0.0
2026-02-19 19:00:00,153.0,374.904,13.47,8.9,0.0,537.0
2026-01-29 05:15:00,304.6,301.752,13.35,9.3,0.0,0.0
2026-03-01 06:45:00,325.1,313.944,13.27,13.2,0.0,0.0
2026-01-19 10:30:00,311.0,307.848,13.5,7.1,0.0,0.0
2026-01-18 03:45:00,304.3,310.896,13.37,8.8,0.0,0.0
2026-02-13 19:00:00,289.9,301.752,13.42,12.6,0.0,374.0
2026-01-23 20:45:00,310.9,307.848,13.39,11.9,0.0,317.0
2026-01-17 09:30:00,306.3,310.896,13.44,7.4,0.0,0.0
2026-02-27 22:00:00,314.9,320.04,13.19,23.1,0.0,659.0
2026-02-28 22:45:00,325.0,313.944,13.22,22.7,0.0,645.0
2026-02-02 10:45:00,303.7,298.704,13.46,8.2,0.0,0.0
2026-02-03 12:00:00,298.8,301.752,13.46,6.5,0.0,0.0
2026-02-18 00:15:00,147.7,414.528,13.44,6.9,0.45,121.0
2026-02-09 21:15:00,308.0,298.704,13.33,15.7,0.0,415.0
2026-01-11 05:45:00,297.5,320.04,13.43,5.8,0.0,0.0
2026-01-07 02:45:00,265.0,356.616,13.32,11.3,0.0,0.0
2026-01-22 14:30:00,310.0,307.848,13.48,6.2,0.0,0.0
2026-02-18 09:45:00,152.0,377.952,13.62,3.4,0.0,0.0
2026-01-18 10:15:00,309.6,307.848,13.48,5.1,0.0,0.0
2026-01-26 01:00:00,301.6,304.8,13.36,8.4,0.0,66.0
2026-02-05 08:00:00,304.1,301.752,13.35,6.6,0.0,0.0
2026-02-15 08:45:00,301.3,301.752,13.4,10.7,0.0,0.0
2026-01-27 17:15:00,296.9,304.8,13.47,7.1,0.0,114.0
2026-01-24 02:45:00,311.9,307.848,13.41,8.9,0.0,4.0
2026-02-14 01:45:00,299.5,301.752,13.31,12.0,0.0,164.0
2026-02-09 19:45:00,307.4,298.704,13.35,14.3,0.0,361.0
2026-02-09 04:30:00,308.8,298.704,13.36,13.1,0.0,0.0
2026-02-25 18:30:00,178.1,341.37600000000003,13.35,15.5,0.0,144.0
2026-01-20 06:00:00,309.9,307.848,13.42,7.0,0.0,0.0
2026-01-19 08:30:00,312.3,307.848,13.47,7.1,0.0,0.0
2026-02-05 15:45:00,299.9,301.752,13.45,5.0,0.0,0.0
2026-02-05 11:00:00,302.9,301.752,13.41,6.2,0.0,0.0
2026-02-06 23:45:00,306.7,301.752,13.21,18.3,0.0,469.0
2026-02-18 20:15:00,227.8,377.952,13.51,8.1,0.05,429.0
2026-01-10 23:45:00,294.5,323.088,13.29,12.5,0.0,370.0
2026-01-09 08:45:00,292.6,329.184,13.48,6.1,0.0,0.0
2026-02-24 01:00:00,314.0,316.992,13.32,16.5,0.0,44.0
2026-01-15 13:00:00,302.1,313.944,13.5,3.7,0.0,0.0
2026-01-07 10:15:00,275.8,350.52,13.48,9.7,0.0,0.0
2026-01-19 01:30:00,312.2,307.848,13.21,13.2,0.0,90.0
2026-01-14 04:00:00,302.8,313.944,13.35,7.4,0.0,0.0
2026-03-01 05:15:00,326.1,313.944,13.3,13.2,0.0,0.0
2026-01-26 10:30:00,301.4,304.8,13.46,4.9,0.0,0.0
2026-02-06 04:00:00,304.7,301.752,13.27,12.0,0.0,0.0
2026-01-19 18:30:00,306.5,307.848,13.45,10.5,0.0,261.0
2026-02-23 06:30:00,309.0,316.992,13.36,11.5,0.0,0.0
2026-01-11 02:45:00,296.6,323.088,13.39,7.8,0.0,0.0
2026-02-21 01:30:00,269.7,329.184,13.43,10.1,0.0,176.0
2026-02-14 09:45:00,298.7,301.752,13.46,9.1,0.0,0.0
2026-02-18 11:15:00,168.9,365.76,13.63,2.2,0.0,0.0
2026-02-25 20:30:00,205.0,341.37600000000003,13.33,16.6,0.025,255.0
2026-01-19 22:45:00,307.0,307.848,13.24,15.0,0.0,499.0
2026-01-31 13:30:00,304.0,301.752,13.45,5.3,0.0,0.0
2026-01-20 20:00:00,302.8,307.848,13.34,12.6,0.0,442.0
2026-02-27 13:45:00,311.2,320.04,13.37,12.3,0.0,0.0
2026-01-28 10:45:00,300.2,304.8,13.36,11.5,0.075,0.0
2026-01-27 12:30:00,298.6,304.8,13.55,4.4,0.0,0.0
2026-02-05 11:45:00,302.7,301.752,13.44,6.2,0.0,0.0
2026-02-08 13:15:00,305.6,298.704,13.45,8.2,0.0,0.0
2026-02-24 13:00:00,315.0,316.992,13.33,13.3,0.0,0.0
2026-02-25 14:00:00,157.8,371.856,13.34,13.7,0.0,0.0
2026-02-25 19:30:00,191.9,341.37600000000003,13.36,16.1,0.025,183.0
2026-02-08 02:00:00,314.5,298.704,13.29,13.1,0.0,18.0
2026-02-13 09:45:00,282.3,301.752,13.44,8.4,0.0,0.0
2026-02-06 01:45:00,304.0,301.752,13.17,17.0,0.0,138.0
2026-01-24 18:00:00,306.4,304.8,13.49,11.3,0.0,312.0
2026-01-19 12:45:00,309.9,307.848,13.49,6.7,0.0,0.0
2026-01-16 19:15:00,302.3,310.896,13.36,15.4,0.0,436.0
2026-01-30 22:45:00,301.6,301.752,13.22,14.4,0.0,495.0
2026-01-29 22:30:00,303.1,301.752,13.22,16.2,0.0,539.0
2026-01-05 20:30:00,259.9,365.76,13.37,12.5,0.2,326.0
2026-01-17 17:15:00,303.9,310.896,13.51,7.6,0.0,129.0
2026-02-15 22:00:00,299.6,298.704,13.34,13.8,0.075,363.0
2026-01-05 13:15:00,236.1,374.904,13.41,9.4,0.025,0.0
2026-01-10 18:30:00,291.7,323.088,13.48,7.8,0.0,283.0
2026-02-14 16:00:00,298.6,298.704,13.47,6.9,0.0,37.0
2026-01-10 23:15:00,294.1,323.088,13.28,12.5,0.0,370.0
2026-01-08 10:15:00,297.1,338.32800000000003,13.45,7.9,0.0,0.0
2026-02-03 19:15:00,294.5,301.752,13.27,14.2,0.0,481.0
2026-02-27 07:15:00,312.3,320.04,13.25,14.6,0.0,0.0
2026-01-19 14:15:00,308.8,307.848,13.5,4.7,0.0,0.0
2026-01-16 10:45:00,304.0,310.896,13.49,9.4,0.0,0.0
2026-02-15 11:30:00,301.4,298.704,13.43,10.8,0.0,0.0
2026-01-23 11:00:00,310.6,307.848,13.43,8.7,0.0,0.0
2026-01-18 18:45:00,305.4,310.896,13.4,10.9,0.0,304.0
2026-01-28 18:45:00,301.4,301.752,13.38,13.4,0.0,298.0
2026-01-05 13:00:00,234.5,374.904,13.41,9.4,0.025,0.0
2026-01-19 23:45:00,308.1,310.896,13.25,14.7,0.0,397.0
2026-01-10 08:30:00,294.9,323.088,13.54,3.4,0.0,0.0
2026-01-16 20:15:00,302.4,310.896,13.32,16.4,0.0,521.0
2026-01-25 01:00:00,306.6,304.8,13.26,13.5,0.0,118.0
2026-02-20 05:45:00,235.0,344.424,13.52,5.8,0.0,0.0
2026-01-24 00:15:00,311.8,304.8,13.37,12.0,0.0,265.0
2026-02-14 04:00:00,299.6,301.752,13.39,9.1,0.0,0.0
2026-01-16 06:45:00,305.9,310.896,13.39,8.6,0.0,0.0
2026-02-19 13:15:00,167.3,408.432,13.57,5.3,0.075,0.0
2026-02-19 21:15:00,183.2,365.76,13.48,10.1,0.025,676.0
2026-02-10 04:00:00,308.9,298.704,13.3,11.9,0.0,0.0
2026-02-08 16:00:00,304.5,298.704,13.47,9.0,0.0,28.0
2026-01-09 04:45:00,293.2,332.232,13.47,6.9,0.0,0.0
2026-01-08 00:00:00,292.4,341.37600000000003,13.35,13.0,0.0,196.0
2026-01-22 15:15:00,310.0,307.848,13.44,6.1,0.0,0.0
2026-02-22 05:15:00,290.8,323.088,13.4,8.8,0.0,0.0
2026-01-07 06:45:00,273.8,353.568,13.46,9.1,0.0,0.0
2026-01-16 10:30:00,304.0,310.896,13.47,9.4,0.0,0.0
2026-02-14 08:45:00,298.8,301.752,13.45,9.3,0.0,0.0
2026-01-18 21:00:00,306.2,310.896,13.27,16.6,0.0,505.0
2026-02-02 06:15:00,305.4,301.752,13.43,9.2,0.0,0.0
2026-01-06 08:00:00,158.9,423.672,13.45,9.2,0.075,0.0
2026-01-20 01:00:00,308.6,307.848,13.31,12.0,0.0,95.0
2026-02-23 11:00:00,309.2,316.992,13.38,9.2,0.0,0.0
2026-02-26 12:00:00,289.3,326.136,13.39,12.5,0.0,0.0
2026-01-11 09:30:00,296.8,323.088,13.47,5.1,0.0,0.0
2026-01-07 16:15:00,282.5,344.424,13.47,7.5,0.0,11.0
2026-02-10 00:45:00,309.1,298.704,13.26,16.7,0.0,345.0
2026-01-31 09:30:00,305.0,301.752,13.37,7.4,0.0,0.0
2026-02-28 20:45:00,323.2,316.992,13.24,22.7,0.0,520.0
2026-01-24 20:45:00,305.8,304.8,13.32,14.5,0.0,552.0
2026-01-07 01:15:00,259.4,359.664,13.3,12.6,0.0,52.0
2026-02-11 07:30:00,290.6,310.896,13.37,10.1,0.175,0.0
2026-02-01 18:30:00,301.7,301.752,13.43,10.9,0.0,248.0
2026-02-16 16:00:00,135.3,405.384,13.47,9.1,0.425,7.0
2026-01-10 15:15:00,292.5,323.088,13.59,2.1,0.0,0.0
2026-02-22 04:45:00,290.4,323.088,13.4,9.2,0.0,0.0
2026-02-27 06:30:00,312.3,320.04,13.25,15.3,0.0,0.0
2026-02-14 12:45:00,298.5,301.752,13.48,7.7,0.0,0.0
2026-02-28 11:30:00,323.4,316.992,13.29,15.3,0.0,0.0
2026-02-10 16:45:00,301.8,301.752,13.42,6.9,0.0,22.0
2026-02-16 13:00:00,186.0,432.816,13.45,9.2,0.85,0.0
2026-01-06 00:15:00,227.7,588.264,13.42,10.9,0.875,16.0
2026-02-17 12:00:00,156.8,338.32800000000003,13.43,8.3,0.0,0.0
2026-01-22 08:45:00,310.4,307.848,13.44,8.3,0.0,0.0
2026-02-15 19:15:00,299.4,301.752,13.35,13.5,0.125,416.0
2026-02-15 21:30:00,299.5,301.752,13.32,12.5,0.75,229.0
2026-02-07 07:15:00,307.8,298.704,13.33,10.2,0.0,0.0
2026-01-22 19:00:00,309.0,307.848,13.38,13.3,0.0,401.0
2026-02-23 11:45:00,309.2,316.992,13.44,9.2,0.0,0.0
2026-02-27 19:15:00,310.7,320.04,13.23,21.9,0.0,587.0
2026-03-01 06:15:00,325.3,316.992,13.26,13.2,0.0,0.0
2026-01-12 12:45:00,299.2,316.992,13.6,4.2,0.0,0.0
2026-01-26 06:30:00,301.9,304.8,13.44,5.3,0.0,0.0
2026-01-08 22:00:00,292.6,332.232,13.4,11.9,0.0,469.0
2026-01-29 00:30:00,303.7,301.752,13.26,15.7,0.0,284.0
2026-01-06 10:15:00,166.6,402.336,13.39,8.8,0.025,0.0
2026-02-28 18:30:00,322.9,313.944,13.27,22.5,0.0,426.0
2026-02-27 19:30:00,311.0,320.04,13.24,21.9,0.0,587.0
2026-01-23 12:45:00,310.6,307.848,13.44,8.8,0.0,0.0
2026-02-05 19:30:00,298.7,301.752,13.35,14.7,0.0,424.0
2026-01-08 10:00:00,296.9,338.32800000000003,13.46,7.9,0.0,0.0
2026-02-17 15:45:00,199.0,414.528,13.44,7.2,0.35,0.0
2026-02-10 03:30:00,309.1,301.752,13.35,12.5,0.0,0.0
2026-02-23 21:30:00,309.5,316.992,13.34,18.7,0.0,695.0
2026-02-05 22:15:00,300.4,301.752,13.18,19.5,0.0,562.0
2026-01-23 03:00:00,311.7,307.848,13.33,9.7,0.0,0.0
2026-02-19 05:45:00,222.0,341.37600000000003,13.52,6.1,0.225,0.0
2026-02-20 13:45:00,250.7,338.32800000000003,13.57,1.2,0.0,0.0
2026-02-06 07:30:00,305.6,298.704,13.34,10.1,0.0,0.0
2026-02-18 07:00:00,139.1,393.192,13.5,3.9,0.05,0.0
2026-02-13 06:30:00,276.1,301.752,13.43,9.2,0.0,0.0
2026-01-23 01:00:00,311.2,307.848,13.28,13.4,0.0,100.0
2026-01-21 04:00:00,310.7,307.848,13.39,7.7,0.0,0.0
2026-01-07 00:45:00,257.7,359.664,13.34,14.2,0.0,161.0
2026-01-31 04:45:00,305.3,304.8,13.33,9.3,0.0,0.0
2026-02-22 11:15:00,295.2,323.088,13.41,9.1,0.0,0.0
2026-02-17 13:15:00,172.4,335.28000000000003,13.44,8.0,0.025,0.0
2026-02-19 03:15:00,199.3,341.37600000000003,13.49,6.5,0.025,0.0
2026-02-28 13:15:00,323.5,316.992,13.25,15.9,0.0,0.0
2026-01-06 08:30:00,159.6,417.576,13.46,9.2,0.075,0.0
2026-02-20 19:00:00,257.9,335.28000000000003,13.48,8.9,0.0,367.0
2026-01-31 18:00:00,302.0,301.752,13.39,10.2,0.0,266.0
2026-02-02 09:45:00,304.2,301.752,13.45,8.9,0.0,0.0
2026-02-08 15:30:00,304.7,301.752,13.48,8.3,0.0,0.0
2026-02-12 03:45:00,170.6,323.088,13.36,10.1,0.025,0.0
2026-02-05 15:30:00,300.0,301.752,13.47,5.0,0.0,0.0
2026-01-13 08:15:00,301.2,316.992,13.48,4.1,0.0,0.0
2026-01-10 11:00:00,294.3,323.088,13.58,3.1,0.0,0.0
2026-01-21 13:45:00,306.1,307.848,13.49,5.9,0.0,0.0
2026-02-27 21:45:00,314.2,320.04,13.15,23.2,0.0,699.0
2026-02-26 08:30:00,282.2,326.136,13.36,13.0,0.0,0.0
2026-02-02 06:00:00,305.5,301.752,13.37,9.2,0.0,0.0
2026-02-14 03:00:00,299.8,301.752,13.4,9.6,0.0,0.0
2026-01-28 02:45:00,300.3,304.8,13.31,13.5,0.0,4.0
2026-02-07 11:30:00,308.9,298.704,13.36,9.5,0.0,0.0
2026-02-14 11:15:00,298.4,301.752,13.43,8.2,0.0,0.0
2026-02-14 15:45:00,298.6,301.752,13.42,5.9,0.0,0.0
2026-01-21 05:30:00,310.2,304.8,13.4,7.2,0.0,0.0
2026-02-27 07:30:00,311.9,320.04,13.27,14.6,0.0,0.0
2026-02-04 02:15:00,300.2,301.752,13.23,12.7,0.0,14.0
2026-01-29 21:30:00,302.1,301.752,13.31,16.1,0.0,579.0
2026-02-11 15:45:00,217.6,307.848,13.43,10.1,0.025,0.0
2026-02-25 14:45:00,153.4,362.712,13.35,13.7,0.0,0.0
2026-01-08 10:45:00,297.0,338.32800000000003,13.43,7.9,0.0,0.0
2026-02-24 05:30:00,316.1,313.944,13.34,13.4,0.0,0.0
2026-01-18 04:00:00,305.0,310.896,13.33,8.0,0.0,0.0
2026-02-14 05:45:00,299.3,301.752,13.39,9.1,0.0,0.0
2026-02-21 13:30:00,275.3,326.136,13.61,4.4,0.0,0.0
2026-02-05 03:15:00,303.6,298.704,13.26,10.3,0.0,0.0
2026-01-21 03:00:00,310.1,304.8,13.34,8.4,0.0,0.0
2026-01-19 04:30:00,313.3,307.848,13.33,8.5,0.0,0.0
2026-01-10 11:45:00,294.0,326.136,13.49,3.1,0.0,0.0
2026-01-29 21:45:00,302.4,304.8,13.28,16.1,0.0,579.0
2026-01-12 16:00:00,297.8,320.04,13.63,2.9,0.0,13.0
2026-02-13 22:00:00,293.8,298.704,13.33,14.9,0.0,585.0
2026-01-05 23:30:00,248.7,545.592,13.43,10.8,0.775,31.0
2026-02-09 14:15:00,308.9,298.704,13.38,9.1,0.0,0.0
2026-01-25 12:15:00,302.9,304.8,13.45,3.5,0.0,0.0
2026-01-05 20:45:00,260.6,365.76,13.41,12.5,0.2,326.0
2026-01-11 08:00:00,297.3,320.04,13.48,5.7,0.0,0.0
2026-01-16 18:30:00,302.0,310.896,13.42,14.0,0.0,306.0
2026-02-16 19:15:00,117.5,359.664,13.46,9.6,0.4,85.0
2026-01-21 04:15:00,310.8,307.848,13.34,7.7,0.0,0.0
2026-02-14 17:15:00,298.5,301.752,13.34,9.7,0.0,157.0
2026-02-07 10:30:00,307.9,298.704,13.33,9.7,0.0,0.0
2026-01-28 13:30:00,300.0,301.752,13.42,10.1,0.0,0.0
2026-02-02 10:15:00,303.9,301.752,13.46,8.2,0.0,0.0
2026-02-10 23:30:00,302.9,301.752,13.38,13.0,0.1,114.0
2026-01-16 22:15:00,303.4,310.896,13.22,17.4,0.0,496.0
2026-02-27 00:15:00,308.4,323.088,13.18,21.1,0.0,402.0
2026-02-25 22:15:00,223.7,338.32800000000003,13.3,17.2,0.025,309.0
2026-02-24 14:45:00,315.3,316.992,13.37,12.9,0.0,0.0
2026-02-15 19:30:00,299.2,301.752,13.39,13.5,0.125,416.0
2026-02-16 02:15:00,302.7,329.184,13.35,11.1,0.15,8.0
2026-02-26 00:30:00,245.4,332.232,13.24,17.2,0.0,145.0
2026-01-17 09:15:00,306.2,310.896,13.44,7.4,0.0,0.0
2026-02-24 15:30:00,315.3,313.944,13.38,12.7,0.0,1.0
2026-01-11 01:30:00,295.9,323.088,13.39,9.4,0.0,66.0
2026-01-31 23:00:00,303.8,301.752,13.22,15.3,0.0,408.0
2026-01-10 02:45:00,294.4,326.136,13.43,7.6,0.0,0.0
2026-01-10 22:45:00,293.7,323.088,13.34,12.8,0.0,460.0
2026-01-07 06:15:00,273.0,356.616,13.44,9.1,0.0,0.0
2026-02-18 01:15:00,136.5,512.064,13.47,6.9,0.1,28.0
2026-01-21 17:15:00,305.6,307.848,13.5,8.4,0.0,106.0
2026-02-04 14:15:00,298.6,301.752,13.49,3.7,0.0,0.0
2026-02-13 13:00:00,285.7,301.752,13.51,8.0,0.0,0.0
2026-01-06 04:45:00,143.3,448.056,13.39,10.2,0.225,0.0
2026-01-10 00:00:00,292.5,326.136,13.3,11.1,0.0,225.0
2026-02-08 16:30:00,304.5,298.704,13.47,9.0,0.0,28.0
2026-02-22 12:30:00,295.9,320.04,13.4,8.9,0.0,0.0
2026-01-13 09:30:00,300.9,316.992,13.5,4.2,0.0,0.0
2026-02-26 15:45:00,294.7,323.088,13.41,11.7,0.0,1.0
2026-02-08 12:30:00,306.2,298.704,13.49,8.3,0.0,0.0
2026-02-06 11:30:00,306.2,298.704,13.33,11.0,0.0,0.0
2026-02-16 08:45:00,195.1,320.04,13.36,9.9,0.45,0.0
2026-01-10 12:15:00,293.8,323.088,13.54,2.5,0.0,0.0
2026-02-03 10:45:00,299.7,301.752,13.45,8.5,0.0,0.0
2026-01-07 11:00:00,276.4,350.52,13.48,9.6,0.0,0.0
2026-03-01 05:45:00,325.4,313.944,13.27,13.2,0.0,0.0
2026-02-12 01:30:00,219.6,356.616,13.41,11.2,0.075,50.0
2026-01-17 20:15:00,303.1,310.896,13.35,15.2,0.0,513.0
2026-02-06 22:45:00,305.7,301.752,13.21,18.5,0.0,567.0
2026-02-10 07:00:00,307.9,298.704,13.42,9.4,0.0,0.0
2026-02-11 02:30:00,303.8,310.896,13.38,10.6,0.15,11.0
2026-01-29 18:00:00,302.2,304.8,13.47,12.8,0.0,331.0
2026-01-28 18:15:00,301.2,304.8,13.35,13.4,0.0,298.0
2026-02-01 23:30:00,303.8,301.752,13.29,17.4,0.0,418.0
2026-01-30 12:15:00,303.0,301.752,13.44,5.3,0.0,0.0
2026-01-19 16:45:00,307.2,307.848,13.48,4.6,0.0,15.0
2026-02-16 07:00:00,240.7,341.37600000000003,13.43,10.5,0.625,0.0
2026-01-14 09:00:00,303.8,313.944,13.47,6.0,0.0,0.0
2026-02-06 11:45:00,306.3,301.752,13.33,11.0,0.0,0.0
2026-02-18 18:45:00,220.1,353.568,13.57,6.4,0.025,290.0
2026-02-23 11:30:00,309.2,316.992,13.43,9.2,0.0,0.0
2026-01-12 01:45:00,297.9,316.992,13.33,10.6,0.0,53.0
2026-01-08 12:15:00,296.9,335.28000000000003,13.49,7.7,0.0,0.0
2026-02-07 12:00:00,309.9,298.704,13.36,8.3,0.0,0.0
2026-02-07 12:30:00,311.1,298.704,13.37,8.3,0.0,0.0
2026-02-13 06:15:00,275.4,301.752,13.43,9.2,0.0,0.0
2026-02-04 18:30:00,295.6,301.752,13.39,12.0,0.0,345.0
2026-02-17 02:15:00,139.5,347.472,13.46,7.8,0.175,16.0
2026-02-24 18:15:00,315.1,313.944,13.27,17.0,0.0,220.0
2026-02-19 12:00:00,215.1,469.39200000000005,13.56,4.4,0.375,0.0
2026-02-25 18:45:00,181.1,341.37600000000003,13.29,15.5,0.0,144.0
2026-02-13 08:45:00,280.6,301.752,13.47,8.6,0.0,0.0
2026-02-11 22:00:00,217.8,332.232,13.39,12.0,0.075,165.0
2026-01-21 13:15:00,306.3,307.848,13.46,5.9,0.0,0.0
2026-02-18 13:15:00,187.4,359.664,13.59,2.3,0.0,0.0
2026-02-03 23:45:00,298.2,301.752,13.16,17.1,0.0,474.0
2026-02-11 03:45:00,303.7,368.808,13.34,10.0,0.05,0.0
2026-01-21 16:00:00,305.7,307.848,13.47,5.4,0.0,14.0
2026-01-21 03:45:00,310.7,307.848,13.39,8.4,0.0,0.0
2026-01-12 15:30:00,298.3,316.992,13.57,2.6,0.0,0.0
2026-01-15 07:45:00,304.2,313.944,13.45,6.5,0.0,0.0
2026-01-06 14:30:00,207.0,384.048,13.47,9.2,0.0,0.0
2026-02-11 21:00:00,216.2,307.848,13.37,12.2,0.125,261.0
2026-01-19 07:45:00,312.6,307.848,13.37,7.3,0.0,0.0
2026-02-14 22:00:00,300.4,301.752,13.35,13.2,0.0,220.0
2026-02-15 16:45:00,301.1,298.704,13.43,11.2,0.0,21.0
2026-02-20 15:00:00,252.3,335.28000000000003,13.61,0.6,0.0,0.0
2026-02-06 07:15:00,305.6,301.752,13.27,10.1,0.0,0.0
2026-02-12 03:15:00,178.1,323.088,13.36,10.1,0.025,0.0
2026-01-07 10:00:00,275.7,350.52,13.49,9.7,0.0,0.0
2026-02-11 22:15:00,218.2,335.28000000000003,13.34,12.0,0.075,165.0
2026-01-15 23:00:00,301.5,313.944,13.23,16.9,0.0,388.0
2026-01-16 21:15:00,302.8,310.896,13.29,17.2,0.0,539.0
2026-01-21 01:30:00,308.8,307.848,13.29,11.0,0.0,50.0
2026-01-24 08:15:00,309.2,307.848,13.44,8.7,0.0,0.0
2026-02-28 02:45:00,322.2,316.992,13.16,19.1,0.0,42.0
2026-02-01 22:45:00,303.2,301.752,13.23,17.7,0.0,539.0
2026-01-12 11:00:00,299.6,316.992,13.53,4.5,0.0,0.0
2026-02-10 06:30:00,308.3,298.704,13.41,10.0,0.0,0.0
2026-01-26 14:30:00,300.2,310.896,13.48,4.5,0.0,0.0
2026-01-24 11:00:00,308.8,304.8,13.42,8.8,0.0,0.0
2026-02-28 03:30:00,322.5,316.992,13.12,18.1,0.0,0.0
2026-01-22 01:30:00,309.1,307.848,13.39,10.4,0.0,32.0
2026-02-17 18:00:00,128.6,487.68000000000006,13.5,7.6,0.4,29.0
2026-01-15 08:00:00,304.1,313.944,13.41,5.9,0.0,0.0
2026-01-14 15:45:00,300.7,313.944,13.6,4.5,0.0,0.0
2026-02-21 12:30:00,275.2,326.136,13.62,3.9,0.0,0.0
2026-01-10 15:00:00,292.6,323.088,13.57,2.1,0.0,0.0
2026-02-08 00:00:00,316.0,298.704,13.32,16.3,0.0,312.0
2026-01-24 03:45:00,311.4,304.8,13.41,8.3,0.0,0.0
2026-01-12 10:30:00,299.8,320.04,13.53,5.3,0.0,0.0
2026-02-13 16:30:00,287.8,301.752,13.46,9.0,0.0,30.0
2026-02-25 08:30:00,294.7,399.288,13.28,14.0,0.125,0.0
2026-01-10 00:30:00,292.9,326.136,13.37,11.1,0.0,225.0
2026-01-19 16:15:00,307.5,310.896,13.56,4.6,0.0,15.0
2026-01-12 18:00:00,296.6,316.992,13.5,9.3,0.0,273.0
2026-02-27 16:00:00,311.0,316.992,13.35,14.3,0.0,79.0
2026-01-07 20:00:00,286.5,344.424,13.41,13.3,0.0,475.0
2026-01-08 02:15:00,294.4,341.37600000000003,13.36,9.8,0.0,0.0
2026-01-06 02:30:00,139.1,542.544,13.45,10.3,1.575,0.0
2026-01-17 20:30:00,303.0,310.896,13.3,15.2,0.0,513.0
2026-02-07 02:15:00,308.8,301.752,13.31,13.7,0.0,17.0
2026-01-21 06:30:00,309.2,307.848,13.37,7.0,0.0,0.0
2026-01-18 11:30:00,308.9,310.896,13.5,4.8,0.0,0.0
2026-01-09 23:30:00,292.1,326.136,13.31,11.2,0.0,369.0
2026-02-26 16:45:00,295.5,323.088,13.4,12.5,0.0,55.0
2026-01-11 14:30:00,294.9,320.04,13.59,3.0,0.0,0.0
2026-01-28 07:15:00,300.8,304.8,13.35,11.4,0.0,0.0
2026-01-05 13:45:00,239.9,371.856,13.42,9.4,0.025,0.0
2026-01-23 04:15:00,311.7,307.848,13.34,9.6,0.0,0.0
2026-01-15 19:00:00,299.7,313.944,13.41,13.5,0.0,437.0
2026-02-18 03:00:00,139.3,408.432,13.53,5.6,0.125,0.0
2026-01-20 04:45:00,310.1,307.848,13.42,7.4,0.0,0.0
2026-02-12 11:30:00,150.3,304.8,13.44,8.0,0.0,0.0
2026-02-04 16:00:00,297.2,301.752,13.49,5.3,0.0,34.0
2026-01-11 10:15:00,296.5,323.088,13.46,4.6,0.0,0.0
2026-02-11 13:15:00,232.9,313.944,13.42,10.4,0.025,0.0
2026-01-12 20:15:00,296.4,316.992,13.35,12.1,0.0,489.0
2026-02-19 14:45:00,138.2,457.2000000000001,13.55,5.9,0.0,0.0
2026-03-01 04:30:00,327.2,313.944,13.29,13.9,0.0,0.0
2026-01-20 04:00:00,310.1,307.848,13.31,7.4,0.0,0.0
2026-01-28 06:00:00,301.0,304.8,13.3,11.8,0.025,0.0
2026-01-30 11:45:00,303.3,301.752,13.45,5.9,0.0,0.0
2026-02-03 16:00:00,295.1,301.752,13.5,5.8,0.0,29.0
2026-01-17 21:00:00,302.9,310.896,13.33,15.8,0.0,503.0
2026-01-14 09:15:00,303.6,313.944,13.52,6.0,0.0,0.0
2026-01-12 14:30:00,298.9,316.992,13.57,2.9,0.0,0.0
2026-01-20 14:00:00,303.0,307.848,13.48,4.9,0.0,0.0
2026-02-16 07:30:00,224.4,332.232,13.43,10.5,0.625,0.0
2026-02-18 02:15:00,136.5,414.528,13.49,6.8,0.0,12.0
2026-01-24 18:15:00,306.3,304.8,13.48,11.3,0.0,312.0
2026-02-16 18:15:00,115.6,368.808,13.47,10.0,0.275,58.0
2026-02-06 21:30:00,304.8,301.752,13.28,18.5,0.0,603.0
2026-02-17 05:00:00,96.1,426.72,13.44,8.0,0.025,0.0
2026-01-05 16:00:00,250.2,368.808,13.45,9.5,0.025,5.0
2026-02-23 14:15:00,308.5,316.992,13.45,7.6,0.0,0.0
2026-02-22 21:30:00,299.3,320.04,13.27,17.3,0.0,678.0
2026-02-03 13:15:00,297.4,301.752,13.52,5.7,0.0,0.0
2026-01-14 23:30:00,301.8,313.944,13.19,15.0,0.0,378.0
2026-02-05 19:45:00,298.8,301.752,13.29,14.7,0.0,424.0
2026-02-10 21:15:00,302.4,298.704,13.3,14.3,0.0,341.0
2026-01-17 02:30:00,304.0,310.896,13.25,11.3,0.0,1.0
2026-01-11 01:00:00,295.4,323.088,13.36,9.4,0.0,66.0
2026-02-07 13:30:00,314.1,301.752,13.39,8.6,0.0,0.0
2026-02-23 00:45:00,304.2,320.04,13.25,17.2,0.0,377.0
2026-01-28 07:00:00,300.9,304.8,13.36,11.4,0.0,0.0
2026-02-05 12:00:00,302.4,298.704,13.47,6.5,0.0,0.0
2026-02-11 19:00:00,214.2,304.8,13.36,13.4,0.05,322.0
2026-01-18 11:00:00,309.1,310.896,13.49,4.8,0.0,0.0
2026-01-19 11:30:00,310.6,307.848,13.48,7.1,0.0,0.0
2026-02-05 18:15:00,298.5,301.752,13.39,12.5,0.0,320.0
2026-02-06 02:45:00,304.4,298.704,13.19,14.4,0.0,13.0
2026-01-22 01:00:00,308.8,307.848,13.39,10.4,0.0,32.0
2026-02-12 15:45:00,177.8,301.752,13.46,6.9,0.0,0.0
2026-02-11 07:45:00,288.7,310.896,13.38,10.1,0.175,0.0
2026-01-30 19:15:00,300.0,301.752,13.39,13.6,0.0,469.0
2026-01-24 09:00:00,309.2,304.8,13.44,8.8,0.0,0.0
2026-02-27 02:45:00,311.3,320.04,13.14,17.9,0.0,51.0
2026-01-14 10:00:00,303.5,313.944,13.54,5.5,0.0,0.0
2026-02-05 18:00:00,298.7,301.752,13.39,12.5,0.0,320.0
2026-01-26 01:30:00,301.9,304.8,13.42,8.4,0.0,66.0
2026-02-18 13:00:00,185.5,359.664,13.57,2.3,0.0,0.0
2026-02-22 20:15:00,298.0,320.04,13.32,16.8,0.0,557.0
2026-02-02 06:30:00,305.4,301.752,13.42,9.2,0.0,0.0
2026-02-23 17:30:00,307.7,316.992,13.41,12.5,0.0,213.0
2026-02-06 08:00:00,305.7,301.752,13.29,10.4,0.0,0.0
2026-01-15 15:15:00,300.9,313.944,13.51,4.0,0.0,0.0
2026-01-15 23:15:00,301.6,313.944,13.24,16.9,0.0,388.0
2026-02-16 13:45:00,172.9,454.152,13.43,9.2,0.85,0.0
2026-01-19 03:45:00,313.3,307.848,13.3,9.1,0.0,0.0
2026-01-20 21:15:00,302.8,307.848,13.38,13.8,0.0,457.0
2026-02-04 04:45:00,301.0,301.752,13.25,9.7,0.0,0.0
2026-01-15 15:45:00,300.7,313.944,13.53,4.0,0.0,0.0
2026-01-20 06:15:00,309.8,307.848,13.39,7.0,0.0,0.0
2026-01-12 21:30:00,296.5,316.992,13.29,12.6,0.0,508.0
2026-02-04 20:45:00,296.4,301.752,13.29,15.5,0.0,582.0
2026-01-06 18:30:00,225.1,371.856,13.43,12.8,0.0,273.0
2026-01-26 22:45:00,300.1,301.752,13.26,14.7,0.0,531.0
2026-02-22 23:30:00,302.0,316.992,13.28,16.9,0.0,531.0
2026-01-18 09:15:00,310.1,310.896,13.43,5.3,0.0,0.0
2026-01-17 15:15:00,304.8,310.896,13.51,4.7,0.0,0.0
2026-01-29 07:15:00,305.1,304.8,13.37,8.2,0.0,0.0
2026-02-03 07:45:00,302.1,301.752,13.39,10.5,0.0,0.0
2026-01-18 12:15:00,309.0,307.848,13.45,5.4,0.0,0.0
2026-01-09 05:15:00,293.2,329.184,13.47,7.0,0.0,0.0
2026-01-14 00:45:00,300.4,313.944,13.3,15.0,0.0,242.0
2026-01-18 21:15:00,306.6,310.896,13.25,16.6,0.0,505.0
2026-01-25 00:15:00,306.3,304.8,13.16,16.2,0.0,291.0
2026-02-25 04:15:00,322.3,313.944,13.23,14.8,0.05,0.0
2026-01-06 03:00:00,136.2,505.968,13.38,10.2,0.525,0.0
2026-02-20 18:30:00,257.0,335.28000000000003,13.55,7.6,0.0,287.0
2026-01-15 17:45:00,299.7,313.944,13.44,7.3,0.0,145.0
2026-02-11 06:00:00,299.8,326.136,13.38,10.2,0.3,0.0
2026-02-26 19:00:00,298.4,320.04,13.37,18.6,0.0,429.0
2026-01-24 21:15:00,305.9,307.848,13.28,15.7,0.0,579.0
2026-02-24 02:00:00,314.9,316.992,13.31,14.5,0.0,23.0
2026-01-28 16:30:00,300.9,301.752,13.43,8.8,0.0,16.0
2026-01-08 02:00:00,294.2,341.37600000000003,13.33,9.8,0.0,0.0
2026-02-05 06:30:00,304.0,301.752,13.35,7.9,0.0,0.0
2026-01-17 03:00:00,304.7,310.896,13.31,10.1,0.0,0.0
2026-02-24 21:00:00,316.9,313.944,13.25,19.0,0.0,345.0
2026-01-18 03:00:00,302.9,307.848,13.26,8.8,0.0,0.0
2026-01-31 17:00:00,302.4,301.752,13.49,8.0,0.0,138.0
2026-02-10 12:00:00,304.6,298.704,13.42,7.2,0.0,0.0
2026-01-28 15:00:00,300.3,304.8,13.41,9.2,0.0,0.0
2026-02-22 01:15:00,286.6,323.088,13.3,12.6,0.0,210.0
2026-02-23 07:45:00,309.1,316.992,13.38,11.5,0.0,0.0
2026-01-13 13:45:00,299.1,316.992,13.55,3.6,0.0,0.0
2026-02-15 11:45:00,301.4,298.704,13.42,10.8,0.0,0.0
2026-02-27 16:45:00,310.8,316.992,13.33,14.3,0.0,79.0
2026-02-19 16:30:00,131.2,393.192,13.57,5.5,0.0,65.0
2026-02-03 03:30:00,303.5,298.704,13.31,11.7,0.0,0.0
2026-01-14 16:30:00,300.3,313.944,13.59,4.8,0.0,14.0
2026-02-27 08:00:00,312.4,320.04,13.32,14.2,0.0,0.0
2026-01-20 12:45:00,303.7,307.848,13.52,5.6,0.0,0.0
2026-01-26 20:45:00,299.2,304.8,13.35,12.7,0.0,553.0
2026-01-12 19:15:00,296.3,316.992,13.46,11.2,0.0,402.0
2026-01-29 03:00:00,304.7,304.8,13.29,11.2,0.0,0.0
2026-02-20 07:45:00,239.6,341.37600000000003,13.5,5.5,0.0,0.0
2026-02-23 17:00:00,307.8,316.992,13.42,12.5,0.0,213.0
2026-02-16 05:15:00,292.9,414.528,13.41,10.6,0.375,0.0
2026-02-27 22:45:00,316.3,320.04,13.15,23.1,0.0,659.0
2026-01-22 10:30:00,310.3,307.848,13.45,7.9,0.0,0.0
2026-02-11 21:15:00,216.9,307.848,13.38,12.2,0.125,261.0
2026-02-12 18:45:00,198.3,301.752,13.38,11.6,0.0,295.0
2026-01-20 16:30:00,302.6,307.848,13.47,5.1,0.0,14.0
2026-02-24 09:30:00,314.3,316.992,13.33,12.4,0.0,0.0
2026-01-27 13:45:00,298.1,304.8,13.55,3.8,0.0,0.0
2026-02-12 19:00:00,200.1,304.8,13.38,13.3,0.0,409.0
2026-01-20 07:15:00,308.8,307.848,13.41,6.7,0.0,0.0
2026-01-20 05:00:00,310.0,307.848,13.41,7.0,0.0,0.0
2026-01-31 00:45:00,303.2,301.752,13.28,14.6,0.0,282.0
2026-02-04 15:45:00,297.4,298.704,13.49,4.0,0.0,0.0
2026-02-22 23:15:00,301.7,320.04,13.28,16.9,0.0,531.0
2026-02-17 14:45:00,188.9,335.28000000000003,13.48,8.3,0.025,0.0
2026-02-24 21:15:00,317.1,313.944,13.23,19.0,0.0,345.0
2026-01-06 16:00:00,211.8,377.952,13.43,9.1,0.0,6.0
2026-01-29 15:30:00,303.5,304.8,13.52,4.6,0.0,0.0
2026-02-04 09:00:00,301.2,298.704,13.38,6.4,0.0,0.0
2026-01-09 18:45:00,290.3,326.136,13.49,8.3,0.0,297.0
2026-02-22 08:15:00,293.7,323.088,13.44,9.2,0.0,0.0
2026-02-14 03:45:00,300.0,301.752,13.38,9.6,0.0,0.0
2026-01-18 19:30:00,305.6,310.896,13.37,13.9,0.0,437.0
2026-03-01 05:30:00,325.6,316.992,13.28,13.2,0.0,0.0
2026-01-21 00:45:00,307.7,307.848,13.34,12.8,0.0,94.0
2026-02-17 07:30:00,107.7,362.712,13.5,7.1,0.0,0.0
2026-01-22 00:45:00,308.6,307.848,13.33,11.9,0.0,84.0
2026-01-22 08:15:00,310.5,307.848,13.43,8.3,0.0,0.0
2026-02-19 01:30:00,191.5,341.37600000000003,13.48,7.9,0.075,117.0
2026-02-16 21:00:00,128.2,350.52,13.42,9.0,0.325,128.0
2026-01-05 09:00:00,197.7,387.096,13.47,8.6,0.0,0.0
2026-01-07 08:15:00,274.5,350.52,13.39,9.6,0.0,0.0
2026-01-29 01:45:00,304.4,301.752,13.31,14.2,0.0,121.0
2026-01-24 05:15:00,310.4,304.8,13.44,7.1,0.0,0.0
2026-01-24 10:45:00,308.9,304.8,13.46,8.9,0.0,0.0
2026-02-27 00:00:00,307.8,323.088,13.2,21.1,0.0,402.0
2026-02-11 05:30:00,302.0,332.232,13.44,9.9,0.75,0.0
2026-01-19 09:45:00,311.5,307.848,13.4,7.0,0.0,0.0
2026-02-14 08:30:00,298.8,301.752,13.36,9.3,0.0,0.0
2026-02-28 10:15:00,323.2,316.992,13.22,14.9,0.0,0.0
2026-02-22 08:00:00,293.6,320.04,13.39,9.2,0.0,0.0
2026-01-16 02:15:00,304.5,310.896,13.32,11.9,0.0,1.0
2026-02-17 05:30:00,94.9,402.336,13.5,8.0,0.025,0.0
2026-02-03 18:15:00,294.2,301.752,13.4,11.7,0.0,333.0
2026-02-09 01:30:00,309.6,298.704,13.31,14.1,0.0,148.0
2026-02-04 11:30:00,300.5,301.752,13.5,5.4,0.0,0.0
2026-02-15 12:30:00,301.4,298.704,13.37,10.8,0.05,0.0
2026-02-06 03:15:00,304.6,301.752,13.25,12.8,0.0,0.0
2026-02-07 20:45:00,319.3,301.752,13.3,14.8,0.0,544.0
2026-02-04 06:30:00,301.1,301.752,13.37,8.4,0.0,0.0
2026-01-24 16:30:00,307.0,304.8,13.51,6.5,0.0,18.0
2026-02-28 23:00:00,325.9,316.992,13.18,22.0,0.0,512.0
2026-02-22 21:15:00,299.0,320.04,13.3,17.3,0.0,678.0
2026-01-20 00:45:00,308.3,307.848,13.28,15.0,0.0,257.0
2026-01-27 14:30:00,297.8,301.752,13.52,3.7,0.0,0.0
2026-02-03 03:45:00,303.5,301.752,13.32,11.7,0.0,0.0
2026-02-28 19:45:00,322.8,316.992,13.23,23.0,0.0,528.0
2026-02-06 00:00:00,302.9,301.752,13.2,19.3,0.0,329.0
2026-02-07 06:45:00,307.8,298.704,13.33,10.0,0.0,0.0
2026-02-05 08:30:00,304.0,301.752,13.43,6.6,0.0,0.0
2026-01-30 08:45:00,303.7,301.752,13.41,6.4,0.0,0.0
2026-01-22 06:30:00,310.4,307.848,13.42,8.0,0.0,0.0
2026-02-19 11:00:00,226.1,777.24,13.49,5.5,1.35,0.0
2026-01-06 09:00:00,160.4,414.528,13.39,9.2,0.05,0.0
2026-02-16 21:45:00,133.4,435.864,13.42,9.0,0.325,128.0
2026-02-10 21:45:00,302.8,298.704,13.32,14.3,0.0,341.0
2026-02-18 05:30:00,138.4,441.96,13.57,4.4,0.225,0.0
2026-01-13 17:00:00,297.6,316.992,13.55,6.4,0.0,147.0
2026-01-23 03:45:00,311.7,304.8,13.39,9.7,0.0,0.0
2026-02-15 00:15:00,302.0,301.752,13.36,13.4,0.0,165.0
2026-02-20 15:15:00,252.7,335.28000000000003,13.65,0.6,0.0,0.0
2026-02-23 13:15:00,309.0,316.992,13.4,7.9,0.0,0.0
2026-01-29 12:00:00,304.7,304.8,13.44,5.8,0.0,0.0
2026-02-13 15:45:00,287.4,301.752,13.42,8.4,0.0,0.0
2026-01-10 19:15:00,291.9,323.088,13.46,9.1,0.0,415.0
2026-02-27 06:15:00,311.9,323.088,13.3,15.3,0.0,0.0
2026-01-11 08:45:00,297.0,323.088,13.49,5.7,0.0,0.0
2026-02-27 14:15:00,311.1,320.04,13.33,12.6,0.0,0.0
2026-01-09 01:30:00,293.3,332.232,13.36,9.4,0.0,67.0
2026-01-10 17:00:00,292.0,323.088,13.6,5.1,0.0,127.0
2026-01-27 21:00:00,297.3,304.8,13.38,16.1,0.0,501.0
2026-02-05 03:00:00,303.5,298.704,13.19,10.3,0.0,0.0
2026-02-25 15:00:00,152.8,362.712,13.35,13.7,0.0,0.0
2026-01-06 04:00:00,138.5,472.44000000000005,13.39,10.2,0.225,0.0
2026-01-31 17:15:00,302.2,301.752,13.48,8.0,0.0,138.0
2026-01-14 18:45:00,299.7,313.944,13.43,11.9,0.0,289.0
2026-02-10 03:00:00,309.0,298.704,13.33,12.5,0.0,0.0
2026-01-25 13:30:00,302.2,304.8,13.45,3.3,0.0,0.0
2026-02-19 09:30:00,245.3,347.472,13.54,6.2,0.075,0.0
2026-02-04 07:45:00,301.3,301.752,13.35,7.9,0.0,0.0
2026-01-18 00:45:00,302.8,310.896,13.21,15.0,0.0,219.0
2026-02-15 03:00:00,301.8,298.704,13.37,11.4,0.0,0.0
2026-02-21 16:00:00,275.4,326.136,13.6,6.6,0.0,59.0
2026-02-28 12:15:00,323.2,316.992,13.28,15.7,0.0,0.0
2026-01-06 16:15:00,212.7,377.952,13.45,9.1,0.0,6.0
2026-01-21 17:45:00,305.4,307.848,13.49,8.4,0.0,106.0
2026-01-31 11:30:00,304.5,301.752,13.4,6.3,0.0,0.0
2026-02-06 09:45:00,305.7,301.752,13.36,11.1,0.0,0.0
2026-01-15 01:30:00,302.8,313.944,13.23,13.0,0.0,80.0
2026-02-11 00:45:00,303.7,301.752,13.35,11.4,0.1,81.0
2026-02-10 11:00:00,305.6,298.704,13.36,7.9,0.0,0.0
2026-02-19 17:30:00,134.5,384.048,13.52,6.9,0.0,158.0
2026-02-24 16:45:00,315.3,313.944,13.31,14.0,0.0,53.0
2026-01-22 15:00:00,310.0,307.848,13.49,6.1,0.0,0.0
2026-02-06 09:30:00,305.8,298.704,13.36,11.1,0.0,0.0
2026-01-30 03:45:00,304.8,301.752,13.29,9.7,0.0,0.0
2026-01-28 21:30:00,302.0,301.752,13.29,15.3,0.0,515.0
2026-01-07 22:30:00,290.1,344.424,13.32,14.6,0.0,420.0
2026-02-15 13:30:00,301.5,298.704,13.43,10.7,0.025,0.0
2026-02-17 17:30:00,135.0,512.064,13.51,7.5,0.35,26.0
2026-02-12 01:15:00,221.9,365.76,13.35,11.2,0.075,50.0
2026-02-15 04:15:00,301.9,301.752,13.33,11.1,0.0,0.0
2026-02-20 18:45:00,257.4,335.28000000000003,13.53,7.6,0.0,287.0
2026-01-19 14:45:00,308.4,307.848,13.54,4.7,0.0,0.0
2026-01-27 01:15:00,301.6,304.8,13.31,11.5,0.0,114.0
2026-01-29 11:45:00,304.8,304.8,13.45,6.2,0.0,0.0
2026-01-19 21:15:00,307.2,307.848,13.33,15.1,0.0,535.0
2026-02-11 04:15:00,303.9,359.664,13.43,9.8,0.15,0.0
2026-01-29 12:45:00,304.5,304.8,13.48,5.8,0.0,0.0
2026-02-05 18:30:00,298.7,298.704,13.33,12.5,0.0,320.0
2026-01-22 07:00:00,310.3,304.8,13.43,8.2,0.0,0.0
2026-01-06 19:30:00,232.0,368.808,13.37,13.4,0.0,334.0
2026-02-09 04:00:00,308.9,298.704,13.3,13.1,0.0,0.0
2026-01-07 01:30:00,260.2,359.664,13.34,12.6,0.0,52.0
2026-02-16 23:30:00,138.1,384.048,13.48,8.9,0.3,85.0
2026-02-08 04:30:00,311.9,298.704,13.38,10.4,0.0,0.0
2026-01-24 20:15:00,305.6,304.8,13.32,14.5,0.0,552.0
2026-02-02 20:45:00,299.7,298.704,13.31,16.8,0.0,544.0
2026-01-06 14:15:00,206.2,384.048,13.43,9.2,0.0,0.0
2026-02-01 15:45:00,302.9,301.752,13.52,5.4,0.0,0.0
2026-02-10 02:15:00,309.0,301.752,13.32,13.2,0.0,10.0
2026-01-27 14:15:00,298.0,301.752,13.5,3.7,0.0,0.0
2026-01-14 19:15:00,299.7,313.944,13.44,13.8,0.0,417.0
2026-01-13 00:00:00,297.5,316.992,13.31,13.0,0.0,234.0
2026-02-27 03:15:00,311.5,320.04,13.2,16.2,0.0,0.0
2026-01-23 17:00:00,310.8,304.8,13.36,9.1,0.0,87.0
2026-01-11 08:15:00,297.3,320.04,13.43,5.7,0.0,0.0
2026-02-13 03:45:00,266.9,301.752,13.31,10.9,0.0,0.0
2026-01-25 03:00:00,307.5,304.8,13.35,9.5,0.0,0.0
2026-01-26 22:30:00,299.8,304.8,13.31,14.7,0.0,531.0
2026-02-13 13:30:00,285.9,301.752,13.51,8.0,0.0,0.0
2026-01-14 19:45:00,299.8,313.944,13.38,13.8,0.0,417.0
2026-01-21 11:45:00,306.8,307.848,13.45,6.2,0.0,0.0
2026-01-23 10:15:00,310.7,307.848,13.43,8.3,0.0,0.0
2026-01-17 21:15:00,303.0,310.896,13.28,15.8,0.0,503.0
2026-02-03 23:30:00,298.0,301.752,13.21,17.1,0.0,474.0
2026-02-27 23:45:00,318.6,316.992,13.17,22.9,0.0,544.0
2026-01-15 03:30:00,303.9,313.944,13.29,9.1,0.0,0.0
2026-01-25 07:30:00,306.2,304.8,13.49,7.8,0.0,0.0
2026-02-03 04:30:00,303.4,301.752,13.37,11.7,0.0,0.0
2026-02-16 08:00:00,210.7,326.136,13.38,9.9,0.45,0.0
2026-01-31 19:30:00,302.0,301.752,13.34,12.5,0.0,376.0
2026-01-09 14:15:00,291.6,329.184,13.62,5.2,0.0,0.0
2026-01-19 01:15:00,312.0,307.848,13.26,13.2,0.0,90.0
2026-02-26 05:45:00,274.3,329.184,13.35,13.0,0.0,0.0
2026-02-10 18:15:00,301.5,298.704,13.37,10.8,0.0,193.0
2026-02-17 18:45:00,115.9,615.696,13.51,7.6,0.4,29.0
2026-01-09 11:45:00,292.0,329.184,13.54,6.0,0.0,0.0
2026-01-20 14:45:00,302.6,307.848,13.54,4.9,0.0,0.0
2026-01-05 18:00:00,254.3,365.76,13.43,12.1,0.0,158.0
2026-02-13 05:30:00,273.3,301.752,13.41,9.7,0.0,0.0
2026-01-25 17:00:00,300.4,304.8,13.47,5.2,0.0,85.0
2026-02-22 06:45:00,292.4,323.088,13.42,8.9,0.0,0.0
2026-02-09 12:15:00,309.7,298.704,13.43,10.0,0.0,0.0
2026-01-13 11:15:00,300.3,313.944,13.53,4.1,0.0,0.0
2026-01-12 23:45:00,297.7,316.992,13.33,12.7,0.0,371.0
2026-02-12 08:30:00,144.8,304.8,13.42,9.3,0.0,0.0
2026-02-07 17:30:00,323.3,298.704,13.44,9.9,0.0,113.0
2026-01-22 09:15:00,310.3,307.848,13.4,8.2,0.0,0.0
2026-02-25 00:00:00,320.9,313.944,13.24,17.4,0.0,121.0
2026-02-02 20:30:00,300.0,301.752,13.3,16.8,0.0,544.0
2026-01-14 21:00:00,299.8,313.944,13.29,15.4,0.0,513.0
2026-02-03 22:45:00,297.0,301.752,13.22,16.8,0.0,567.0
2026-01-30 02:15:00,304.9,304.8,13.25,11.4,0.0,9.0
2026-02-04 16:15:00,297.0,301.752,13.54,5.3,0.0,34.0
2026-02-27 08:15:00,312.6,320.04,13.27,14.2,0.0,0.0
2026-01-21 12:15:00,306.4,307.848,13.38,6.4,0.0,0.0
2026-02-08 15:45:00,304.5,301.752,13.47,8.3,0.0,0.0
2026-01-07 09:00:00,274.9,350.52,13.49,9.3,0.0,0.0
2026-02-22 18:00:00,297.0,320.04,13.33,14.4,0.0,379.0
2026-01-09 15:00:00,291.1,326.136,13.64,5.4,0.0,0.0
2026-02-26 12:30:00,290.4,323.088,13.31,12.5,0.0,0.0
2026-01-26 12:00:00,300.9,304.8,13.5,5.2,0.0,0.0
2026-01-29 06:30:00,304.9,304.8,13.33,8.4,0.0,0.0
2026-02-01 16:00:00,302.8,301.752,13.44,6.5,0.0,25.0
2026-01-31 11:00:00,304.6,304.8,13.44,6.3,0.0,0.0
2026-01-07 13:30:00,278.8,347.472,13.43,8.8,0.0,0.0
2026-02-23 03:00:00,307.2,320.04,13.25,12.2,0.0,0.0
2026-02-28 02:15:00,321.9,316.992,13.09,19.1,0.0,42.0
2026-01-25 01:45:00,306.9,304.8,13.29,13.5,0.0,118.0
2026-02-19 12:45:00,184.8,423.672,13.52,4.4,0.375,0.0
2026-02-14 20:15:00,299.3,298.704,13.37,12.7,0.0,436.0
2026-01-10 07:45:00,295.1,323.088,13.49,3.9,0.0,0.0
2026-02-07 23:45:00,316.1,298.704,13.31,16.0,0.0,400.0
2026-02-02 13:30:00,302.3,301.752,13.54,5.2,0.0,0.0
2026-01-14 17:15:00,300.0,313.944,13.49,8.0,0.0,133.0
2026-02-26 21:15:00,301.4,323.088,13.29,21.1,0.0,659.0
2026-02-21 01:00:00,268.9,329.184,13.31,10.1,0.0,176.0
2026-02-19 18:45:00,149.3,374.904,13.53,7.7,0.0,373.0
2026-01-08 07:30:00,296.4,338.32800000000003,13.45,9.4,0.025,0.0
2026-02-11 23:15:00,220.1,344.424,13.38,12.1,0.025,135.0
2026-01-10 04:45:00,295.1,323.088,13.37,5.2,0.0,0.0
2026-02-26 07:45:00,280.3,326.136,13.36,13.6,0.0,0.0
2026-01-17 05:30:00,304.6,310.896,13.37,9.4,0.0,0.0
2026-02-23 12:30:00,309.1,316.992,13.4,8.6,0.0,0.0
2026-02-06 08:15:00,305.6,298.704,13.3,10.4,0.0,0.0
2026-01-24 07:00:00,309.6,307.848,13.41,8.2,0.0,0.0
2026-02-21 09:30:00,274.7,326.136,13.54,4.8,0.0,0.0
2026-01-08 13:30:00,296.3,335.28000000000003,13.47,6.9,0.0,0.0
2026-02-24 02:30:00,315.5,316.992,13.25,14.5,0.0,23.0
2026-02-28 23:45:00,327.0,313.944,13.14,22.0,0.0,512.0
2026-01-15 07:00:00,304.5,313.944,13.44,6.5,0.0,0.0
2026-01-29 15:45:00,303.3,301.752,13.5,4.6,0.0,0.0
2026-02-21 03:15:00,271.8,329.184,13.42,6.5,0.0,0.0
2026-02-12 18:30:00,196.7,301.752,13.28,11.6,0.0,295.0
2026-02-24 03:30:00,315.8,316.992,13.27,14.1,0.0,0.0
2026-02-22 13:45:00,296.3,320.04,13.4,8.5,0.0,0.0
2026-02-09 05:00:00,308.8,298.704,13.32,13.1,0.0,0.0
2026-01-16 23:00:00,303.7,310.896,13.24,16.8,0.0,396.0
2026-01-13 07:00:00,301.1,316.992,13.48,4.6,0.0,0.0
2026-02-27 15:30:00,311.2,316.992,13.4,12.7,0.0,2.0
2026-01-09 10:00:00,292.2,329.184,13.5,5.7,0.0,0.0
2026-01-19 13:45:00,309.3,307.848,13.5,5.6,0.0,0.0
2026-01-20 22:00:00,303.7,307.848,13.36,14.1,0.0,384.0
2026-01-30 05:00:00,304.7,301.752,13.28,7.9,0.0,0.0
2026-02-25 19:00:00,184.3,344.424,13.36,16.1,0.025,183.0
2026-01-19 21:00:00,306.9,307.848,13.35,15.1,0.0,535.0
2026-01-16 06:00:00,306.0,310.896,13.37,8.6,0.0,0.0
2026-01-23 13:30:00,310.5,304.8,13.44,9.0,0.0,0.0
2026-01-22 22:30:00,309.6,304.8,13.28,15.6,0.0,496.0
2026-02-03 18:00:00,294.3,298.704,13.35,11.7,0.0,333.0
2026-02-03 22:15:00,296.4,301.752,13.18,16.8,0.0,567.0
2026-01-22 09:45:00,310.3,307.848,13.39,8.2,0.0,0.0
2026-01-12 09:30:00,300.0,316.992,13.55,5.5,0.0,0.0
2026-02-17 20:45:00,110.1,502.92,13.53,8.0,0.675,90.0
2026-02-17 12:15:00,160.0,338.32800000000003,13.45,8.3,0.0,0.0
2026-02-07 22:45:00,317.4,298.704,13.32,16.3,0.0,490.0
2026-02-26 03:45:00,266.0,329.184,13.33,13.8,0.0,0.0
2026-02-05 05:00:00,304.1,301.752,13.27,7.8,0.0,0.0
2026-01-29 01:15:00,304.2,301.752,13.29,14.2,0.0,121.0
2026-02-01 11:30:00,304.5,301.752,13.43,7.6,0.0,0.0
2026-02-13 18:15:00,289.2,298.704,13.44,11.1,0.0,261.0
2026-02-03 09:45:00,300.7,301.752,13.43,9.0,0.0,0.0
2026-01-14 17:45:00,299.8,313.944,13.53,8.0,0.0,133.0
2026-01-07 17:30:00,284.0,344.424,13.41,9.7,0.0,107.0
2026-02-28 18:15:00,322.8,316.992,13.21,22.5,0.0,426.0
2026-02-28 23:30:00,326.4,316.992,13.2,22.0,0.0,512.0
2026-02-25 20:15:00,201.8,341.37600000000003,13.33,16.6,0.025,255.0
2026-01-21 19:45:00,305.6,304.8,13.45,11.2,0.0,251.0
2026-02-20 11:30:00,247.7,338.32800000000003,13.57,3.4,0.0,0.0
2026-02-13 05:15:00,272.7,301.752,13.29,9.7,0.0,0.0
2026-02-16 13:30:00,177.9,445.008,13.43,9.2,0.85,0.0
2026-02-12 10:00:00,146.6,301.752,13.38,8.7,0.0,0.0
2026-01-31 03:45:00,304.9,301.752,13.33,9.7,0.0,0.0
2026-02-03 18:30:00,294.4,301.752,13.34,11.7,0.0,333.0
2026-01-11 19:30:00,293.4,320.04,13.43,12.6,0.0,410.0
2026-01-07 19:45:00,286.3,344.424,13.36,12.3,0.0,397.0
2026-01-14 07:00:00,303.9,313.944,13.49,6.7,0.0,0.0
2026-02-16 14:30:00,169.5,445.008,13.48,9.5,0.625,0.0
2026-02-16 23:15:00,139.4,393.192,13.44,8.9,0.3,85.0
2026-02-23 07:30:00,309.1,316.992,13.36,11.5,0.0,0.0
2026-02-01 21:00:00,301.9,301.752,13.31,17.0,0.0,547.0
2026-01-08 00:15:00,292.6,341.37600000000003,13.31,13.0,0.0,196.0
2026-01-16 09:00:00,304.9,310.896,13.48,9.8,0.0,0.0
2026-01-10 06:15:00,295.2,326.136,13.47,4.0,0.0,0.0
2026-03-01 02:45:00,329.0,313.944,13.22,17.0,0.0,40.0
2026-01-12 16:15:00,297.7,316.992,13.58,2.9,0.0,13.0
2026-02-06 23:00:00,305.8,301.752,13.22,18.3,0.0,469.0
2026-01-05 22:30:00,265.7,441.96,13.43,10.9,0.425,48.0
2026-02-08 13:45:00,305.5,298.704,13.43,8.2,0.0,0.0
2026-02-06 11:15:00,306.2,298.704,13.37,11.0,0.0,0.0
2026-01-16 12:30:00,303.5,310.896,13.53,10.5,0.0,0.0
2026-02-19 01:00:00,189.8,344.424,13.42,7.9,0.075,117.0
2026-01-26 14:45:00,300.2,307.848,13.48,4.5,0.0,0.0
2026-02-07 12:45:00,311.8,298.704,13.38,8.3,0.0,0.0
2026-01-28 20:15:00,302.3,304.8,13.31,14.8,0.0,493.0
2026-02-08 22:30:00,306.6,298.704,13.21,16.9,0.0,566.0
2026-01-14 12:00:00,302.7,313.944,13.52,5.3,0.0,0.0
2026-01-26 04:45:00,302.0,304.8,13.41,5.7,0.0,0.0
2026-01-11 18:45:00,293.4,320.04,13.48,10.9,0.0,289.0
2026-02-09 04:15:00,308.8,298.704,13.32,13.1,0.0,0.0
2026-02-27 05:15:00,311.8,320.04,13.22,15.8,0.0,0.0
2026-02-23 06:45:00,308.9,316.992,13.31,11.5,0.0,0.0
2026-02-27 17:45:00,310.6,320.04,13.34,18.0,0.0,242.0
2026-01-24 22:45:00,305.5,304.8,13.22,16.2,0.0,541.0
2026-02-14 07:45:00,298.9,298.704,13.44,9.3,0.0,0.0
2026-02-06 14:30:00,306.0,301.752,13.45,9.9,0.0,0.0
2026-02-12 15:15:00,173.7,304.8,13.4,6.9,0.0,0.0
2026-02-08 09:00:00,308.5,298.704,13.45,9.2,0.0,0.0
2026-01-27 00:30:00,300.8,304.8,13.26,13.8,0.0,284.0
2026-02-13 11:15:00,284.0,298.704,13.5,8.5,0.0,0.0
2026-01-09 13:30:00,291.8,329.184,13.61,5.2,0.0,0.0
2026-01-25 15:30:00,301.0,304.8,13.48,3.0,0.0,0.0
2026-01-10 12:45:00,293.6,323.088,13.54,2.5,0.0,0.0
2026-02-24 03:45:00,315.2,316.992,13.33,14.1,0.0,0.0
2026-02-28 22:00:00,324.3,313.944,13.22,22.7,0.0,645.0
2026-01-30 09:45:00,303.6,301.752,13.48,6.1,0.0,0.0
2026-02-26 13:15:00,291.6,326.136,13.39,12.1,0.0,0.0
2026-02-16 02:45:00,302.2,362.712,13.4,11.1,0.15,8.0
2026-01-25 02:45:00,307.4,304.8,13.32,10.7,0.0,5.0
2026-02-08 20:00:00,304.9,298.704,13.37,15.3,0.0,548.0
2026-01-17 19:30:00,303.8,310.896,13.33,13.5,0.0,423.0
2026-02-15 20:30:00,298.9,301.752,13.39,12.2,0.225,180.0
2026-02-15 09:45:00,301.3,298.704,13.41,10.3,0.0,0.0
2026-01-25 21:00:00,299.7,304.8,13.39,10.5,0.0,376.0
2026-01-12 08:30:00,299.9,316.992,13.55,5.5,0.0,0.0
2026-02-01 15:30:00,303.0,298.704,13.44,5.4,0.0,0.0
2026-02-05 06:00:00,304.0,301.752,13.35,7.9,0.0,0.0
2026-02-04 05:45:00,301.1,301.752,13.29,9.2,0.0,0.0
2026-01-07 05:30:00,271.6,353.568,13.44,8.6,0.0,0.0
2026-02-01 14:30:00,303.6,301.752,13.5,5.6,0.0,0.0
2026-02-11 12:45:00,237.9,316.992,13.37,11.0,0.0,0.0
