DateTimeUTC,Meter_Hydros21_Cond,Meter_Hydros21_Depth,Meter_Hydros21_Temp,air_temp_c,rain_mm,shortwave_radiation
2026-01-05 08:00:00,497.0,413.8,13.98,8.8,0.0,0.0
2026-01-05 08:15:00,500.0,412.3,13.92,8.8,0.0,0.0
2026-01-05 08:30:00,498.0,410.3,13.98,8.8,0.0,0.0
2026-01-05 08:45:00,502.8,404.5,13.93,8.8,0.0,0.0
2026-01-05 09:00:00,505.3,402.3,13.92,8.6,0.0,0.0
2026-01-05 09:15:00,508.0,399.7,13.92,8.6,0.0,0.0
2026-01-05 09:30:00,510.5,406.0,13.9,8.6,0.0,0.0
2026-01-05 09:45:00,512.2,403.0,13.9,8.6,0.0,0.0
2026-01-05 10:00:00,511.2,403.5,13.9,8.7,0.075,0.0
2026-01-05 10:15:00,512.3,404.3,13.9,8.7,0.075,0.0
2026-01-05 10:30:00,513.2,403.2,13.88,8.7,0.075,0.0
2026-01-05 10:45:00,516.2,399.7,13.9,8.7,0.075,0.0
2026-01-05 11:00:00,518.0,393.5,13.9,8.9,0.025,0.0
2026-01-05 11:15:00,521.8,389.3,13.9,8.9,0.025,0.0
2026-01-05 11:30:00,520.8,388.7,13.9,8.9,0.025,0.0
2026-01-05 11:45:00,522.0,384.0,13.9,8.9,0.025,0.0
2026-01-05 12:00:00,520.2,383.5,13.9,9.4,0.3,0.0
2026-01-05 12:15:00,526.3,383.2,13.9,9.4,0.3,0.0
2026-01-05 12:30:00,528.5,381.8,13.9,9.4,0.3,0.0
2026-01-05 12:45:00,530.3,380.3,13.9,9.4,0.3,0.0
2026-01-05 13:00:00,531.5,379.2,13.9,9.4,0.025,0.0
2026-01-05 13:15:00,530.5,379.5,13.9,9.4,0.025,0.0
2026-01-05 13:30:00,531.2,376.7,13.9,9.4,0.025,0.0
2026-01-05 13:45:00,531.3,383.3,13.9,9.4,0.025,0.0
2026-01-05 14:00:00,529.7,388.7,13.9,9.5,0.025,0.0
2026-01-05 14:15:00,510.7,392.7,13.85,9.5,0.025,0.0
2026-01-05 14:30:00,499.0,385.3,13.73,9.5,0.025,0.0
2026-01-05 14:45:00,506.5,383.7,13.7,9.5,0.025,0.0
2026-01-05 15:00:00,511.5,381.3,13.7,9.4,0.0,0.0
2026-01-05 15:15:00,511.0,376.3,13.7,9.4,0.0,0.0
2026-01-05 15:30:00,513.2,374.8,13.72,9.4,0.0,0.0
2026-01-05 15:45:00,510.3,371.7,13.8,9.4,0.0,0.0
2026-01-05 16:00:00,506.2,371.0,13.8,9.5,0.025,5.0
2026-01-05 16:15:00,504.7,366.7,13.8,9.5,0.025,5.0
2026-01-05 16:30:00,505.2,367.7,13.8,9.5,0.025,5.0
2026-01-05 16:45:00,509.3,366.3,13.8,9.5,0.025,5.0
2026-01-05 17:00:00,511.7,363.7,13.8,10.5,0.0,53.0
2026-01-05 17:15:00,520.0,360.7,13.9,10.5,0.0,53.0
2026-01-05 17:30:00,516.7,359.0,13.9,10.5,0.0,53.0
2026-01-05 17:45:00,523.8,360.0,13.9,10.5,0.0,53.0
2026-01-05 18:00:00,529.3,360.5,13.9,12.1,0.0,158.0
2026-01-05 18:15:00,535.0,356.3,13.9,12.1,0.0,158.0
2026-01-05 18:30:00,536.7,361.0,13.9,12.1,0.0,158.0
2026-01-05 18:45:00,541.8,356.7,13.9,12.1,0.0,158.0
2026-01-05 19:00:00,543.7,352.7,13.9,12.1,0.1,196.0
2026-01-05 19:15:00,545.5,349.8,13.9,12.1,0.1,196.0
2026-01-05 19:30:00,544.0,346.8,13.98,12.1,0.1,196.0
2026-01-05 19:45:00,543.0,344.5,14.0,12.1,0.1,196.0
2026-01-05 20:00:00,529.7,341.7,14.0,12.5,0.2,326.0
2026-01-05 20:15:00,527.0,336.3,14.0,12.5,0.2,326.0
2026-01-05 20:30:00,534.5,336.5,14.0,12.5,0.2,326.0
2026-01-05 20:45:00,539.8,388.7,14.0,12.5,0.2,326.0
2026-01-05 21:00:00,337.3,432.7,13.9,11.8,0.125,76.0
2026-01-05 21:15:00,382.2,421.5,13.5,11.8,0.125,76.0
2026-01-05 21:30:00,325.0,404.8,13.5,11.8,0.125,76.0
2026-01-05 21:45:00,273.7,398.3,13.43,11.8,0.125,76.0
2026-01-05 22:00:00,241.2,410.0,13.42,10.9,0.425,48.0
2026-01-05 22:15:00,203.2,448.2,13.3,10.9,0.425,48.0
2026-01-05 22:30:00,183.0,473.3,13.0,10.9,0.425,48.0
2026-01-05 22:45:00,154.7,486.5,12.8,10.9,0.425,48.0
2026-01-05 23:00:00,134.2,496.2,12.6,10.8,0.775,31.0
2026-01-05 23:15:00,108.7,541.0,12.5,10.8,0.775,31.0
2026-01-05 23:30:00,107.0,543.0,12.3,10.8,0.775,31.0
2026-01-05 23:45:00,92.2,585.0,12.2,10.8,0.775,31.0
2026-01-06 00:00:00,73.2,684.5,12.0,10.9,0.875,16.0
2026-01-06 00:15:00,76.7,600.2,11.8,10.9,0.875,16.0
2026-01-06 00:30:00,83.5,611.7,11.9,10.9,0.875,16.0
2026-01-06 00:45:00,78.3,665.8,11.8,10.9,0.875,16.0
2026-01-06 01:00:00,70.2,726.3,11.7,10.5,0.8,7.0
2026-01-06 01:15:00,76.7,669.0,11.6,10.5,0.8,7.0
2026-01-06 01:30:00,91.3,644.5,11.7,10.5,0.8,7.0
2026-01-06 01:45:00,99.3,616.2,11.7,10.5,0.8,7.0
2026-01-06 02:00:00,125.8,539.8,11.83,10.3,1.575,0.0
2026-01-06 02:15:00,146.5,555.7,12.02,10.3,1.575,0.0
2026-01-06 02:30:00,171.2,533.8,12.08,10.3,1.575,0.0
2026-01-06 02:45:00,183.0,492.3,12.2,10.3,1.575,0.0
2026-01-06 03:00:00,208.7,470.7,12.4,10.2,0.525,0.0
2026-01-06 03:15:00,239.7,457.7,12.52,10.2,0.525,0.0
2026-01-06 03:30:00,264.8,457.7,12.7,10.2,0.525,0.0
2026-01-06 03:45:00,275.0,459.2,12.8,10.2,0.525,0.0
2026-01-06 04:00:00,294.8,451.0,12.88,10.2,0.225,0.0
2026-01-06 04:15:00,301.8,442.5,13.0,10.2,0.225,0.0
2026-01-06 04:30:00,305.7,454.7,13.1,10.2,0.225,0.0
2026-01-06 04:45:00,294.7,456.5,13.0,10.2,0.225,0.0
2026-01-06 05:00:00,320.3,442.3,13.0,10.3,0.15,0.0
2026-01-06 05:15:00,330.2,444.3,13.12,10.3,0.15,0.0
2026-01-06 05:30:00,298.2,488.3,13.2,10.3,0.15,0.0
2026-01-06 05:45:00,223.0,556.0,12.62,10.3,0.15,0.0
2026-01-06 06:00:00,215.0,530.2,12.4,10.2,0.05,0.0
2026-01-06 06:15:00,193.3,495.5,12.4,10.2,0.05,0.0
2026-01-06 06:30:00,213.5,470.7,12.5,10.2,0.05,0.0
2026-01-06 06:45:00,240.5,455.0,12.7,10.2,0.05,0.0
2026-01-06 07:00:00,263.5,443.3,12.8,9.8,0.0,0.0
2026-01-06 07:15:00,289.3,438.2,13.0,9.8,0.0,0.0
2026-01-06 07:30:00,313.7,436.7,13.1,9.8,0.0,0.0
2026-01-06 07:45:00,337.3,432.5,13.2,9.8,0.0,0.0
2026-01-06 08:00:00,355.2,430.0,13.3,9.2,0.075,0.0
2026-01-06 08:15:00,373.7,428.3,13.4,9.2,0.075,0.0
2026-01-06 08:30:00,388.7,426.8,13.4,9.2,0.075,0.0
2026-01-06 08:45:00,399.3,424.5,13.5,9.2,0.075,0.0
2026-01-06 09:00:00,412.2,417.0,13.5,9.2,0.05,0.0
2026-01-06 09:15:00,420.7,416.0,13.6,9.2,0.05,0.0
2026-01-06 09:30:00,430.2,412.5,13.6,9.2,0.05,0.0
2026-01-06 09:45:00,434.8,413.0,13.62,9.2,0.05,0.0
2026-01-06 10:00:00,442.5,414.3,13.7,8.8,0.025,0.0
2026-01-06 10:15:00,448.0,420.8,13.7,8.8,0.025,0.0
2026-01-06 10:30:00,454.5,422.0,13.7,8.8,0.025,0.0
2026-01-06 10:45:00,459.8,423.0,13.7,8.8,0.025,0.0
2026-01-06 11:00:00,463.2,420.8,13.7,9.2,0.025,0.0
2026-01-06 11:15:00,467.7,417.7,13.72,9.2,0.025,0.0
2026-01-06 11:30:00,472.8,420.5,13.72,9.2,0.025,0.0
2026-01-06 11:45:00,471.0,426.3,13.8,9.2,0.025,0.0
2026-01-06 12:00:00,466.3,428.3,13.77,9.4,0.0,0.0
2026-01-06 12:15:00,471.7,425.2,13.7,9.4,0.0,0.0
2026-01-06 12:30:00,478.3,418.8,13.7,9.4,0.0,0.0
2026-01-06 12:45:00,480.5,417.0,13.72,9.4,0.0,0.0
2026-01-06 13:00:00,477.2,410.8,13.8,9.3,0.0,0.0
2026-01-06 13:15:00,474.7,413.2,13.8,9.3,0.0,0.0
2026-01-06 13:30:00,472.7,416.0,13.8,9.3,0.0,0.0
2026-01-06 13:45:00,470.8,416.5,13.9,9.3,0.0,0.0
2026-01-06 14:00:00,476.3,418.2,13.9,9.2,0.0,0.0
2026-01-06 14:15:00,484.5,425.2,13.82,9.2,0.0,0.0
2026-01-06 14:30:00,491.7,430.5,13.8,9.2,0.0,0.0
2026-01-06 14:45:00,497.7,434.2,13.8,9.2,0.0,0.0
2026-01-06 15:00:00,502.3,435.5,13.78,9.1,0.0,0.0
2026-01-06 15:15:00,504.7,437.2,13.8,9.1,0.0,0.0
2026-01-06 15:30:00,508.2,439.0,13.72,9.1,0.0,0.0
2026-01-06 15:45:00,512.5,441.3,13.73,9.1,0.0,0.0
2026-01-06 16:00:00,515.8,433.8,13.72,9.1,0.0,6.0
2026-01-06 16:15:00,519.2,433.0,13.75,9.1,0.0,6.0
2026-01-06 16:30:00,520.3,433.3,13.73,9.1,0.0,6.0
2026-01-06 16:45:00,522.3,422.0,13.78,9.1,0.0,6.0
2026-01-06 17:00:00,522.5,419.0,13.82,10.7,0.0,125.0
2026-01-06 17:15:00,525.7,418.3,13.9,10.7,0.0,125.0
2026-01-06 17:30:00,528.8,416.5,13.9,10.7,0.0,125.0
2026-01-06 17:45:00,529.0,412.8,13.9,10.7,0.0,125.0
2026-01-06 18:00:00,531.3,402.8,13.9,12.8,0.0,273.0
2026-01-06 18:15:00,535.0,395.7,13.92,12.8,0.0,273.0
2026-01-06 18:30:00,538.3,382.5,14.0,12.8,0.0,273.0
2026-01-06 18:45:00,535.7,370.0,14.02,12.8,0.0,273.0
2026-01-06 19:00:00,539.2,359.5,14.1,13.4,0.0,334.0
2026-01-06 19:15:00,542.2,368.0,14.1,13.4,0.0,334.0
2026-01-06 19:30:00,545.5,372.3,14.1,13.4,0.0,334.0
2026-01-06 19:45:00,545.5,369.0,14.2,13.4,0.0,334.0
2026-01-06 20:00:00,548.5,361.5,14.18,13.0,0.0,238.0
2026-01-06 20:15:00,550.2,360.8,14.2,13.0,0.0,238.0
2026-01-06 20:30:00,552.0,346.7,14.2,13.0,0.0,238.0
2026-01-06 20:45:00,551.5,339.8,14.25,13.0,0.0,238.0
2026-01-06 21:00:00,549.0,331.5,14.3,13.4,0.0,228.0
2026-01-06 21:15:00,553.3,322.7,14.3,13.4,0.0,228.0
2026-01-06 21:30:00,554.8,314.2,14.3,13.4,0.0,228.0
2026-01-06 21:45:00,556.3,292.5,14.3,13.4,0.0,228.0
2026-01-06 22:00:00,557.2,286.5,14.4,14.6,0.0,379.0
2026-01-06 22:15:00,559.3,282.5,14.4,14.6,0.0,379.0
2026-01-06 22:30:00,560.5,283.7,14.4,14.6,0.0,379.0
2026-01-06 22:45:00,562.2,291.8,14.4,14.6,0.0,379.0
2026-01-06 23:00:00,562.5,300.2,14.4,14.7,0.0,293.0
2026-01-06 23:15:00,562.3,302.3,14.4,14.7,0.0,293.0
2026-01-06 23:30:00,566.8,301.0,14.4,14.7,0.0,293.0
2026-01-06 23:45:00,568.0,305.8,14.4,14.7,0.0,293.0
2026-01-07 00:00:00,568.7,310.5,14.4,14.2,0.0,161.0
2026-01-07 00:15:00,570.5,315.0,14.4,14.2,0.0,161.0
2026-01-07 00:30:00,571.2,318.0,14.4,14.2,0.0,161.0
2026-01-07 00:45:00,573.3,324.5,14.4,14.2,0.0,161.0
2026-01-07 01:00:00,574.8,338.3,14.4,12.6,0.0,52.0
2026-01-07 01:15:00,574.0,346.0,14.4,12.6,0.0,52.0
2026-01-07 01:30:00,573.3,345.0,14.4,12.6,0.0,52.0
2026-01-07 01:45:00,576.0,347.3,14.4,12.6,0.0,52.0
2026-01-07 02:00:00,575.7,354.2,14.4,11.3,0.0,0.0
2026-01-07 02:15:00,579.8,358.3,14.3,11.3,0.0,0.0
2026-01-07 02:30:00,580.5,362.0,14.3,11.3,0.0,0.0
2026-01-07 02:45:00,581.8,367.3,14.3,11.3,0.0,0.0
2026-01-07 03:00:00,582.8,374.3,14.3,10.0,0.0,0.0
2026-01-07 03:15:00,583.3,377.5,14.22,10.0,0.0,0.0
2026-01-07 03:30:00,586.3,381.0,14.2,10.0,0.0,0.0
2026-01-07 03:45:00,586.3,387.3,14.2,10.0,0.0,0.0
2026-01-07 04:00:00,587.2,389.3,14.2,9.4,0.0,0.0
2026-01-07 04:15:00,583.5,396.3,14.2,9.4,0.0,0.0
2026-01-07 04:30:00,584.3,393.7,14.2,9.4,0.0,0.0
2026-01-07 04:45:00,587.2,394.5,14.1,9.4,0.0,0.0
2026-01-07 05:00:00,589.0,400.8,14.07,8.6,0.0,0.0
2026-01-07 05:15:00,590.3,401.2,14.1,8.6,0.0,0.0
2026-01-07 05:30:00,591.3,403.3,14.02,8.6,0.0,0.0
2026-01-07 05:45:00,591.2,406.8,14.0,8.6,0.0,0.0
2026-01-07 06:00:00,592.5,403.8,14.0,9.1,0.0,0.0
2026-01-07 06:15:00,593.3,404.2,14.0,9.1,0.0,0.0
2026-01-07 06:30:00,594.0,405.7,14.0,9.1,0.0,0.0
2026-01-07 06:45:00,595.2,405.5,14.0,9.1,0.0,0.0
2026-01-07 07:00:00,596.8,406.0,14.0,9.0,0.0,0.0
2026-01-07 07:15:00,597.2,401.7,13.92,9.0,0.0,0.0
2026-01-07 07:30:00,593.7,405.7,13.92,9.0,0.0,0.0
2026-01-07 07:45:00,594.2,407.5,13.98,9.0,0.0,0.0
2026-01-07 08:00:00,595.0,407.5,13.92,9.6,0.0,0.0
2026-01-07 08:15:00,598.2,403.3,13.9,9.6,0.0,0.0
2026-01-07 08:30:00,600.5,402.3,13.9,9.6,0.0,0.0
2026-01-07 08:45:00,601.2,402.7,13.9,9.6,0.0,0.0
2026-01-07 09:00:00,601.5,398.7,13.9,9.3,0.0,0.0
2026-01-07 09:15:00,603.2,401.0,13.9,9.3,0.0,0.0
2026-01-07 09:30:00,602.8,400.5,13.9,9.3,0.0,0.0
2026-01-07 09:45:00,600.7,396.5,13.9,9.3,0.0,0.0
2026-01-07 10:00:00,598.8,388.7,13.9,9.7,0.0,0.0
2026-01-07 10:15:00,597.7,387.3,13.9,9.7,0.0,0.0
2026-01-07 10:30:00,597.8,386.8,13.9,9.7,0.0,0.0
2026-01-07 10:45:00,599.3,385.7,13.9,9.7,0.0,0.0
2026-01-07 11:00:00,603.8,383.0,13.9,9.6,0.0,0.0
2026-01-07 11:15:00,603.0,382.3,13.9,9.6,0.0,0.0
2026-01-07 11:30:00,601.3,375.8,13.9,9.6,0.0,0.0
2026-01-07 11:45:00,606.0,375.5,13.9,9.6,0.0,0.0
2026-01-07 12:00:00,606.8,382.7,13.9,8.7,0.0,0.0
2026-01-07 12:15:00,608.0,391.2,13.88,8.7,0.0,0.0
2026-01-07 12:30:00,610.2,386.2,13.82,8.7,0.0,0.0
2026-01-07 12:45:00,610.7,383.7,13.8,8.7,0.0,0.0
2026-01-07 13:00:00,611.7,385.8,13.8,8.8,0.0,0.0
2026-01-07 13:15:00,611.5,378.0,13.78,8.8,0.0,0.0
2026-01-07 13:30:00,611.0,374.5,13.8,8.8,0.0,0.0
2026-01-07 13:45:00,611.0,372.8,13.82,8.8,0.0,0.0
2026-01-07 14:00:00,611.2,371.0,13.82,8.3,0.025,0.0
2026-01-07 14:15:00,608.0,371.7,13.82,8.3,0.025,0.0
2026-01-07 14:30:00,609.0,372.5,13.8,8.3,0.025,0.0
2026-01-07 14:45:00,612.0,385.2,13.8,8.3,0.025,0.0
2026-01-07 15:00:00,611.7,393.3,13.8,8.2,0.0,0.0
2026-01-07 15:15:00,613.5,392.8,13.72,8.2,0.0,0.0
2026-01-07 15:30:00,608.2,395.2,13.72,8.2,0.0,0.0
2026-01-07 15:45:00,607.8,397.8,13.72,8.2,0.0,0.0
2026-01-07 16:00:00,607.2,398.2,13.72,7.5,0.0,11.0
2026-01-07 16:15:00,610.7,396.3,13.7,7.5,0.0,11.0
2026-01-07 16:30:00,612.3,386.7,13.7,7.5,0.0,11.0
2026-01-07 16:45:00,612.3,382.3,13.7,7.5,0.0,11.0
2026-01-07 17:00:00,614.2,387.2,13.7,9.7,0.0,107.0
2026-01-07 17:15:00,612.8,388.3,13.7,9.7,0.0,107.0
2026-01-07 17:30:00,613.3,389.7,13.7,9.7,0.0,107.0
2026-01-07 17:45:00,613.0,389.8,13.7,9.7,0.0,107.0
2026-01-07 18:00:00,613.0,384.8,13.7,11.1,0.0,244.0
2026-01-07 18:15:00,614.0,384.0,13.7,11.1,0.0,244.0
2026-01-07 18:30:00,615.7,385.0,13.7,11.1,0.0,244.0
2026-01-07 18:45:00,616.0,382.0,13.7,11.1,0.0,244.0
2026-01-07 19:00:00,617.3,379.7,13.7,12.3,0.0,397.0
2026-01-07 19:15:00,618.0,377.7,13.7,12.3,0.0,397.0
2026-01-07 19:30:00,619.2,374.7,13.7,12.3,0.0,397.0
2026-01-07 19:45:00,621.3,371.2,13.7,12.3,0.0,397.0
2026-01-07 20:00:00,621.7,358.0,13.7,13.3,0.0,475.0
2026-01-07 20:15:00,618.5,346.2,13.72,13.3,0.0,475.0
2026-01-07 20:30:00,616.7,326.0,13.8,13.3,0.0,475.0
2026-01-07 20:45:00,618.2,322.7,13.87,13.3,0.0,475.0
2026-01-07 21:00:00,620.0,311.8,13.9,14.3,0.0,456.0
2026-01-07 21:15:00,621.5,303.5,13.9,14.3,0.0,456.0
2026-01-07 21:30:00,622.5,292.5,13.9,14.3,0.0,456.0
2026-01-07 21:45:00,621.3,263.3,13.9,14.3,0.0,456.0
2026-01-07 22:00:00,621.7,248.7,14.0,14.6,0.0,420.0
2026-01-07 22:15:00,622.8,240.2,14.0,14.6,0.0,420.0
2026-01-07 22:30:00,623.8,239.3,14.0,14.6,0.0,420.0
2026-01-07 22:45:00,625.5,242.0,14.0,14.6,0.0,420.0
2026-01-07 23:00:00,625.8,255.2,14.0,14.0,0.0,328.0
2026-01-07 23:15:00,625.3,257.0,14.0,14.0,0.0,328.0
2026-01-07 23:30:00,625.8,281.7,14.0,14.0,0.0,328.0
2026-01-07 23:45:00,626.8,302.3,14.0,14.0,0.0,328.0
2026-01-08 00:00:00,628.8,314.2,14.0,13.0,0.0,196.0
2026-01-08 00:15:00,629.0,326.3,14.0,13.0,0.0,196.0
2026-01-08 00:30:00,626.8,336.2,14.0,13.0,0.0,196.0
2026-01-08 00:45:00,628.0,345.0,14.0,13.0,0.0,196.0
2026-01-08 01:00:00,628.8,357.8,14.0,11.1,0.0,58.0
2026-01-08 01:15:00,630.0,358.0,13.9,11.1,0.0,58.0
2026-01-08 01:30:00,630.7,365.7,13.9,11.1,0.0,58.0
2026-01-08 01:45:00,626.2,370.3,13.9,11.1,0.0,58.0
2026-01-08 02:00:00,625.3,378.2,13.9,9.8,0.0,0.0
2026-01-08 02:15:00,626.2,385.2,13.82,9.8,0.0,0.0
2026-01-08 02:30:00,628.7,389.5,13.73,9.8,0.0,0.0
2026-01-08 02:45:00,628.3,392.5,13.7,9.8,0.0,0.0
2026-01-08 03:00:00,630.7,391.0,13.7,9.3,0.0,0.0
2026-01-08 03:15:00,631.0,393.5,13.7,9.3,0.0,0.0
2026-01-08 03:30:00,630.7,394.8,13.6,9.3,0.0,0.0
2026-01-08 03:45:00,632.7,397.5,13.6,9.3,0.0,0.0
2026-01-08 04:00:00,631.2,397.7,13.6,9.1,0.0,0.0
2026-01-08 04:15:00,633.3,397.3,13.52,9.1,0.0,0.0
2026-01-08 04:30:00,631.8,403.0,13.5,9.1,0.0,0.0
2026-01-08 04:45:00,632.2,406.2,13.5,9.1,0.0,0.0
2026-01-08 05:00:00,634.7,405.7,13.5,8.8,0.0,0.0
2026-01-08 05:15:00,634.7,397.5,13.5,8.8,0.0,0.0
2026-01-08 05:30:00,635.0,395.0,13.43,8.8,0.0,0.0
2026-01-08 05:45:00,634.5,392.0,13.42,8.8,0.0,0.0
2026-01-08 06:00:00,634.0,389.5,13.43,8.8,0.05,0.0
2026-01-08 06:15:00,634.0,392.8,13.43,8.8,0.05,0.0
2026-01-08 06:30:00,634.2,391.7,13.4,8.8,0.05,0.0
2026-01-08 06:45:00,634.5,388.2,13.42,8.8,0.05,0.0
2026-01-08 07:00:00,634.7,388.5,13.4,9.4,0.025,0.0
2026-01-08 07:15:00,633.3,402.8,13.4,9.4,0.025,0.0
2026-01-08 07:30:00,634.7,425.2,13.4,9.4,0.025,0.0
2026-01-08 07:45:00,630.7,464.2,13.42,9.4,0.025,0.0
2026-01-08 08:00:00,551.2,451.0,13.4,8.7,0.0,0.0
2026-01-08 08:15:00,578.0,442.5,13.3,8.7,0.0,0.0
2026-01-08 08:30:00,599.5,434.5,13.12,8.7,0.0,0.0
2026-01-08 08:45:00,611.5,427.2,13.1,8.7,0.0,0.0
2026-01-08 09:00:00,609.8,425.8,13.08,8.3,0.0,0.0
2026-01-08 09:15:00,599.3,426.7,13.1,8.3,0.0,0.0
2026-01-08 09:30:00,589.8,429.0,13.1,8.3,0.0,0.0
2026-01-08 09:45:00,574.0,435.0,13.1,8.3,0.0,0.0
2026-01-08 10:00:00,556.5,439.5,13.1,7.9,0.0,0.0
2026-01-08 10:15:00,540.2,445.0,13.1,7.9,0.0,0.0
2026-01-08 10:30:00,523.0,449.3,13.02,7.9,0.0,0.0
2026-01-08 10:45:00,515.2,442.7,13.0,7.9,0.0,0.0
2026-01-08 11:00:00,510.2,446.2,13.0,7.6,0.0,0.0
2026-01-08 11:15:00,510.8,445.8,13.0,7.6,0.0,0.0
2026-01-08 11:30:00,515.3,445.3,12.9,7.6,0.0,0.0
2026-01-08 11:45:00,521.3,445.0,12.9,7.6,0.0,0.0
2026-01-08 12:00:00,530.8,446.5,12.9,7.7,0.0,0.0
2026-01-08 12:15:00,538.7,447.2,12.85,7.7,0.0,0.0
2026-01-08 12:30:00,549.3,452.0,12.8,7.7,0.0,0.0
2026-01-08 12:45:00,559.2,455.0,12.8,7.7,0.0,0.0
2026-01-08 13:00:00,568.2,459.0,12.7,6.9,0.0,0.0
2026-01-08 13:15:00,575.7,457.8,12.7,6.9,0.0,0.0
2026-01-08 13:30:00,584.8,460.8,12.6,6.9,0.0,0.0
2026-01-08 13:45:00,591.0,467.5,12.6,6.9,0.0,0.0
2026-01-08 14:00:00,594.7,465.3,12.6,6.2,0.0,0.0
2026-01-08 14:15:00,597.3,470.7,12.5,6.2,0.0,0.0
2026-01-08 14:30:00,601.3,472.0,12.5,6.2,0.0,0.0
2026-01-08 14:45:00,605.3,474.0,12.5,6.2,0.0,0.0
2026-01-08 15:00:00,607.2,465.3,12.5,5.6,0.0,0.0
2026-01-08 15:15:00,611.0,469.8,12.4,5.6,0.0,0.0
2026-01-08 15:30:00,615.0,455.5,12.38,5.6,0.0,0.0
2026-01-08 15:45:00,618.5,452.3,12.3,5.6,0.0,0.0
2026-01-08 16:00:00,619.2,448.5,12.3,5.6,0.0,13.0
2026-01-08 16:15:00,621.0,444.8,12.27,5.6,0.0,13.0
2026-01-08 16:30:00,622.0,430.5,12.2,5.6,0.0,13.0
2026-01-08 17:00:00,626.3,428.5,12.2,7.1,0.0,137.0
2026-01-08 17:15:00,624.7,427.3,12.2,7.1,0.0,137.0
2026-01-08 17:30:00,625.2,424.5,12.2,7.1,0.0,137.0
2026-01-08 17:45:00,627.5,421.2,12.12,7.1,0.0,137.0
2026-01-08 18:00:00,630.0,418.0,12.1,8.7,0.0,295.0
2026-01-08 18:15:00,628.5,419.2,12.1,8.7,0.0,295.0
2026-01-08 18:30:00,629.7,416.3,12.1,8.7,0.0,295.0
2026-01-08 18:45:00,630.0,408.3,12.1,8.7,0.0,295.0
2026-01-08 19:00:00,632.8,400.3,12.12,10.1,0.0,422.0
2026-01-08 19:15:00,633.2,393.3,12.2,10.1,0.0,422.0
2026-01-08 19:30:00,634.0,384.8,12.2,10.1,0.0,422.0
2026-01-08 19:45:00,635.3,377.3,12.2,10.1,0.0,422.0
2026-01-08 20:00:00,634.3,367.2,12.22,11.1,0.0,498.0
2026-01-08 20:15:00,633.7,354.2,12.3,11.1,0.0,498.0
2026-01-08 20:30:00,634.5,340.8,12.3,11.1,0.0,498.0
2026-01-08 20:45:00,637.2,336.7,12.3,11.1,0.0,498.0
2026-01-08 21:00:00,634.3,326.2,12.4,11.9,0.0,514.0
2026-01-08 21:15:00,637.5,316.8,12.4,11.9,0.0,514.0
2026-01-08 21:30:00,638.8,311.5,12.4,11.9,0.0,514.0
2026-01-08 21:45:00,636.8,290.2,12.4,11.9,0.0,514.0
2026-01-08 22:00:00,634.2,283.0,12.5,11.9,0.0,469.0
2026-01-08 22:15:00,634.0,282.3,12.5,11.9,0.0,469.0
2026-01-08 22:30:00,636.3,285.7,12.5,11.9,0.0,469.0
2026-01-08 22:45:00,637.8,280.8,12.6,11.9,0.0,469.0
2026-01-08 23:00:00,636.5,286.3,12.6,11.7,0.0,368.0
2026-01-08 23:15:00,639.0,295.7,12.6,11.7,0.0,368.0
2026-01-08 23:30:00,639.0,316.0,12.6,11.7,0.0,368.0
2026-01-08 23:45:00,639.7,334.8,12.52,11.7,0.0,368.0
2026-01-09 00:00:00,640.7,345.8,12.5,11.6,0.0,225.0
2026-01-09 00:15:00,641.8,357.0,12.5,11.6,0.0,225.0
2026-01-09 00:30:00,641.0,366.5,12.5,11.6,0.0,225.0
2026-01-09 00:45:00,638.8,374.7,12.5,11.6,0.0,225.0
2026-01-09 01:00:00,640.2,383.0,12.45,9.4,0.0,67.0
2026-01-09 01:15:00,642.3,389.7,12.4,9.4,0.0,67.0
2026-01-09 01:30:00,642.0,395.2,12.4,9.4,0.0,67.0
2026-01-09 01:45:00,641.8,397.7,12.4,9.4,0.0,67.0
2026-01-09 02:00:00,642.8,389.8,12.32,7.9,0.0,0.0
2026-01-09 02:15:00,642.0,391.7,12.3,7.9,0.0,0.0
2026-01-09 02:30:00,641.3,398.7,12.3,7.9,0.0,0.0
2026-01-09 02:45:00,643.5,397.8,12.3,7.9,0.0,0.0
2026-01-09 03:00:00,643.5,397.5,12.3,7.3,0.0,0.0
2026-01-09 03:15:00,642.0,398.0,12.3,7.3,0.0,0.0
2026-01-09 03:30:00,644.0,399.0,12.22,7.3,0.0,0.0
2026-01-09 03:45:00,644.5,403.8,12.2,7.3,0.0,0.0
2026-01-09 04:00:00,643.0,406.0,12.2,6.9,0.0,0.0
2026-01-09 04:15:00,645.3,408.5,12.2,6.9,0.0,0.0
2026-01-09 04:30:00,645.0,415.7,12.1,6.9,0.0,0.0
2026-01-09 04:45:00,644.7,411.8,12.1,6.9,0.0,0.0
2026-01-09 05:00:00,645.5,419.5,12.1,7.0,0.0,0.0
2026-01-09 05:15:00,645.5,419.3,12.1,7.0,0.0,0.0
2026-01-09 05:30:00,644.5,418.7,12.1,7.0,0.0,0.0
2026-01-09 05:45:00,643.8,423.0,12.0,7.0,0.0,0.0
2026-01-09 06:00:00,644.3,420.5,12.0,7.0,0.0,0.0
2026-01-09 06:15:00,640.3,419.8,12.0,7.0,0.0,0.0
2026-01-09 06:30:00,642.5,419.7,12.0,7.0,0.0,0.0
2026-01-09 06:45:00,642.5,416.8,12.0,7.0,0.0,0.0
2026-01-09 07:00:00,644.5,424.5,12.0,6.6,0.0,0.0
2026-01-09 07:15:00,646.3,424.5,11.9,6.6,0.0,0.0
2026-01-09 07:30:00,646.2,427.8,11.9,6.6,0.0,0.0
2026-01-09 07:45:00,646.0,436.3,11.9,6.6,0.0,0.0
2026-01-09 08:00:00,647.0,435.2,11.88,6.1,0.0,0.0
2026-01-09 08:15:00,647.2,442.5,11.8,6.1,0.0,0.0
2026-01-09 08:30:00,648.0,445.5,11.8,6.1,0.0,0.0
2026-01-09 08:45:00,648.2,448.8,11.7,6.1,0.0,0.0
2026-01-09 09:00:00,648.2,454.0,11.7,5.8,0.0,0.0
2026-01-09 09:15:00,648.8,455.8,11.62,5.8,0.0,0.0
2026-01-09 09:30:00,647.2,455.2,11.6,5.8,0.0,0.0
2026-01-09 09:45:00,649.0,454.3,11.6,5.8,0.0,0.0
2026-01-09 10:00:00,648.0,456.3,11.6,5.7,0.0,0.0
2026-01-09 10:15:00,648.8,457.0,11.6,5.7,0.0,0.0
2026-01-09 10:30:00,648.2,457.0,11.52,5.7,0.0,0.0
2026-01-09 10:45:00,646.7,462.2,11.5,5.7,0.0,0.0
2026-01-09 11:00:00,645.3,465.2,11.5,6.0,0.0,0.0
2026-01-09 11:15:00,644.3,465.8,11.5,6.0,0.0,0.0
2026-01-09 11:30:00,643.8,469.2,11.42,6.0,0.0,0.0
2026-01-09 11:45:00,645.2,464.3,11.4,6.0,0.0,0.0
2026-01-09 12:00:00,646.7,459.7,11.4,5.2,0.0,0.0
2026-01-09 12:15:00,648.0,458.8,11.4,5.2,0.0,0.0
2026-01-09 12:30:00,646.8,455.8,11.37,5.2,0.0,0.0
2026-01-09 12:45:00,648.0,458.3,11.3,5.2,0.0,0.0
2026-01-09 13:00:00,647.8,460.7,11.3,5.2,0.0,0.0
2026-01-09 13:15:00,648.3,464.8,11.3,5.2,0.0,0.0
2026-01-09 13:30:00,647.8,463.7,11.3,5.2,0.0,0.0
2026-01-09 13:45:00,648.5,471.3,11.2,5.2,0.0,0.0
2026-01-09 14:00:00,651.7,474.7,11.2,5.2,0.0,0.0
2026-01-09 14:15:00,651.0,471.5,11.2,5.2,0.0,0.0
2026-01-09 14:30:00,649.0,469.7,11.2,5.2,0.0,0.0
2026-01-09 14:45:00,643.8,471.7,11.2,5.2,0.0,0.0
2026-01-09 15:00:00,644.0,469.2,11.2,5.4,0.0,0.0
2026-01-09 15:15:00,642.2,469.8,11.2,5.4,0.0,0.0
2026-01-09 15:30:00,642.8,469.8,11.2,5.4,0.0,0.0
2026-01-09 15:45:00,647.2,450.7,11.1,5.4,0.0,0.0
2026-01-09 16:00:00,645.7,439.8,11.1,5.6,0.0,13.0
2026-01-09 16:15:00,648.0,434.2,11.1,5.6,0.0,13.0
2026-01-09 16:30:00,650.3,433.5,11.1,5.6,0.0,13.0
2026-01-09 16:45:00,649.7,428.7,11.1,5.6,0.0,13.0
2026-01-09 17:00:00,651.0,416.3,11.1,6.7,0.0,139.0
2026-01-09 17:15:00,651.0,402.7,11.1,6.7,0.0,139.0
2026-01-09 17:30:00,651.2,388.7,11.12,6.7,0.0,139.0
2026-01-09 17:45:00,652.0,381.7,11.2,6.7,0.0,139.0
2026-01-09 18:00:00,650.8,370.8,11.2,8.3,0.0,297.0
2026-01-09 18:15:00,650.2,367.7,11.3,8.3,0.0,297.0
2026-01-09 18:30:00,652.7,359.7,11.3,8.3,0.0,297.0
2026-01-09 18:45:00,654.0,356.5,11.3,8.3,0.0,297.0
2026-01-09 19:00:00,651.3,354.7,11.4,9.3,0.0,422.0
2026-01-09 19:15:00,652.2,341.5,11.4,9.3,0.0,422.0
2026-01-09 19:30:00,653.8,336.2,11.4,9.3,0.0,422.0
2026-01-09 19:45:00,655.3,337.8,11.5,9.3,0.0,422.0
2026-01-09 20:00:00,653.3,335.7,11.5,10.1,0.0,498.0
2026-01-09 20:15:00,655.3,320.7,11.5,10.1,0.0,498.0
2026-01-09 20:30:00,654.2,309.7,11.6,10.1,0.0,498.0
2026-01-09 20:45:00,653.5,306.3,11.6,10.1,0.0,498.0
2026-01-09 21:00:00,652.0,292.7,11.7,10.8,0.0,514.0
2026-01-09 21:15:00,654.3,295.0,11.7,10.8,0.0,514.0
2026-01-09 21:30:00,654.0,279.7,11.8,10.8,0.0,514.0
2026-01-09 21:45:00,653.2,269.5,11.8,10.8,0.0,514.0
2026-01-09 22:00:00,655.2,261.0,11.8,11.2,0.0,470.0
2026-01-09 22:15:00,653.3,251.2,11.9,11.2,0.0,470.0
2026-01-09 22:30:00,653.3,262.2,11.9,11.2,0.0,470.0
2026-01-09 22:45:00,656.2,259.0,11.9,11.2,0.0,470.0
2026-01-09 23:00:00,654.5,255.8,12.0,11.2,0.0,369.0
2026-01-09 23:15:00,655.3,270.3,12.0,11.2,0.0,369.0
2026-01-09 23:30:00,655.0,279.0,12.0,11.2,0.0,369.0
2026-01-09 23:45:00,654.2,297.7,12.0,11.2,0.0,369.0
2026-01-10 00:00:00,653.3,313.8,12.0,11.1,0.0,225.0
2026-01-10 00:15:00,653.2,323.3,12.02,11.1,0.0,225.0
2026-01-10 00:30:00,648.2,337.3,12.1,11.1,0.0,225.0
2026-01-10 00:45:00,648.0,346.8,12.1,11.1,0.0,225.0
2026-01-10 01:00:00,650.3,355.2,12.1,8.9,0.0,68.0
2026-01-10 01:15:00,651.8,365.8,12.1,8.9,0.0,68.0
2026-01-10 01:30:00,652.7,374.7,12.1,8.9,0.0,68.0
2026-01-10 01:45:00,655.7,383.8,12.07,8.9,0.0,68.0
2026-01-10 02:00:00,656.3,373.3,12.0,7.6,0.0,0.0
2026-01-10 02:15:00,654.8,378.2,12.0,7.6,0.0,0.0
2026-01-10 02:30:00,654.2,382.0,12.0,7.6,0.0,0.0
2026-01-10 02:45:00,656.5,384.7,11.92,7.6,0.0,0.0
2026-01-10 03:00:00,656.0,380.5,11.9,6.4,0.0,0.0
2026-01-10 03:15:00,656.3,377.3,11.9,6.4,0.0,0.0
2026-01-10 03:30:00,654.5,388.5,11.9,6.4,0.0,0.0
2026-01-10 03:45:00,654.0,388.3,11.9,6.4,0.0,0.0
2026-01-10 04:00:00,654.0,393.2,11.9,5.2,0.0,0.0
2026-01-10 04:15:00,654.3,394.5,11.82,5.2,0.0,0.0
2026-01-10 04:30:00,657.2,403.2,11.8,5.2,0.0,0.0
2026-01-10 04:45:00,655.8,407.2,11.8,5.2,0.0,0.0
2026-01-10 05:00:00,652.8,409.5,11.8,4.4,0.0,0.0
2026-01-10 05:15:00,656.3,412.3,11.7,4.4,0.0,0.0
2026-01-10 05:30:00,656.8,418.5,11.7,4.4,0.0,0.0
2026-01-10 05:45:00,655.0,422.5,11.7,4.4,0.0,0.0
2026-01-10 06:00:00,656.3,425.3,11.7,4.0,0.0,0.0
2026-01-10 06:15:00,657.8,424.8,11.62,4.0,0.0,0.0
2026-01-10 06:30:00,656.5,425.5,11.6,4.0,0.0,0.0
2026-01-10 06:45:00,656.5,431.2,11.6,4.0,0.0,0.0
2026-01-10 07:00:00,658.2,430.5,11.6,3.9,0.0,0.0
2026-01-10 07:15:00,657.3,429.7,11.6,3.9,0.0,0.0
2026-01-10 07:30:00,656.7,432.8,11.52,3.9,0.0,0.0
2026-01-10 07:45:00,657.7,432.3,11.5,3.9,0.0,0.0
2026-01-10 08:00:00,656.7,426.5,11.5,3.4,0.0,0.0
2026-01-10 08:15:00,656.3,428.0,11.5,3.4,0.0,0.0
2026-01-10 08:30:00,657.3,428.2,11.5,3.4,0.0,0.0
2026-01-10 08:45:00,657.2,436.8,11.5,3.4,0.0,0.0
2026-01-10 09:00:00,657.5,441.7,11.4,3.0,0.0,0.0
2026-01-10 09:15:00,660.5,443.7,11.4,3.0,0.0,0.0
2026-01-10 09:30:00,659.3,444.3,11.4,3.0,0.0,0.0
2026-01-10 09:45:00,658.0,444.0,11.4,3.0,0.0,0.0
2026-01-10 10:00:00,656.7,453.7,11.4,3.0,0.0,0.0
2026-01-10 10:15:00,659.2,451.8,11.38,3.0,0.0,0.0
2026-01-10 10:30:00,656.5,449.8,11.3,3.0,0.0,0.0
2026-01-10 10:45:00,656.5,447.7,11.3,3.0,0.0,0.0
2026-01-10 11:00:00,654.3,449.5,11.3,3.1,0.0,0.0
2026-01-10 11:15:00,653.7,449.5,11.3,3.1,0.0,0.0
2026-01-10 11:30:00,654.5,448.7,11.3,3.1,0.0,0.0
2026-01-10 11:45:00,656.2,450.8,11.3,3.1,0.0,0.0
2026-01-10 12:00:00,656.2,442.0,11.3,2.5,0.0,0.0
2026-01-10 12:15:00,657.2,435.0,11.3,2.5,0.0,0.0
2026-01-10 12:30:00,655.2,436.3,11.3,2.5,0.0,0.0
2026-01-10 12:45:00,654.8,439.0,11.3,2.5,0.0,0.0
2026-01-10 13:00:00,656.8,441.7,11.3,2.0,0.0,0.0
2026-01-10 13:15:00,657.5,446.2,11.3,2.0,0.0,0.0
2026-01-10 13:30:00,656.7,445.0,11.27,2.0,0.0,0.0
2026-01-10 13:45:00,657.2,446.8,11.2,2.0,0.0,0.0
2026-01-10 14:00:00,660.2,451.2,11.2,2.1,0.0,0.0
2026-01-10 14:15:00,658.2,447.5,11.2,2.1,0.0,0.0
2026-01-10 14:30:00,659.0,444.2,11.2,2.1,0.0,0.0
2026-01-10 14:45:00,659.8,451.2,11.2,2.1,0.0,0.0
2026-01-10 15:00:00,658.5,448.8,11.2,2.1,0.0,0.0
2026-01-10 15:15:00,660.0,447.2,11.12,2.1,0.0,0.0
2026-01-10 15:30:00,660.2,450.7,11.1,2.1,0.0,0.0
2026-01-10 15:45:00,656.7,441.7,11.1,2.1,0.0,0.0
2026-01-10 16:00:00,657.2,442.5,11.1,2.7,0.0,12.0
2026-01-10 16:15:00,658.2,439.7,11.1,2.7,0.0,12.0
2026-01-10 16:30:00,657.5,429.8,11.1,2.7,0.0,12.0
2026-01-10 16:45:00,658.7,424.8,11.1,2.7,0.0,12.0
2026-01-10 17:00:00,660.7,414.7,11.1,5.1,0.0,127.0
2026-01-10 17:15:00,658.7,399.5,11.1,5.1,0.0,127.0
2026-01-10 17:30:00,661.3,391.8,11.1,5.1,0.0,127.0
2026-01-10 17:45:00,659.5,381.0,11.2,5.1,0.0,127.0
2026-01-10 18:00:00,661.8,372.3,11.2,7.8,0.0,283.0
2026-01-10 18:15:00,660.2,364.8,11.22,7.8,0.0,283.0
2026-01-10 18:30:00,661.0,353.3,11.3,7.8,0.0,283.0
2026-01-10 18:45:00,660.3,343.0,11.3,7.8,0.0,283.0
2026-01-10 19:00:00,660.0,335.2,11.4,9.1,0.0,415.0
2026-01-10 19:15:00,661.8,328.7,11.42,9.1,0.0,415.0
2026-01-10 19:30:00,660.7,316.2,11.5,9.1,0.0,415.0
2026-01-10 19:45:00,661.5,306.3,11.5,9.1,0.0,415.0
2026-01-10 20:00:00,661.0,300.5,11.6,10.8,0.0,493.0
2026-01-10 20:15:00,662.0,281.8,11.65,10.8,0.0,493.0
2026-01-10 20:30:00,661.3,271.5,11.7,10.8,0.0,493.0
2026-01-10 20:45:00,663.3,273.8,11.8,10.8,0.0,493.0
2026-01-10 21:00:00,662.7,261.7,11.9,12.2,0.0,510.0
2026-01-10 21:15:00,663.8,245.2,11.98,12.2,0.0,510.0
2026-01-10 21:30:00,663.2,248.2,12.0,12.2,0.0,510.0
2026-01-10 21:45:00,668.2,224.7,12.0,12.2,0.0,510.0
2026-01-10 22:00:00,668.3,221.2,12.0,12.8,0.0,460.0
2026-01-10 22:15:00,668.2,206.0,12.1,12.8,0.0,460.0
2026-01-10 22:30:00,670.8,203.8,12.1,12.8,0.0,460.0
2026-01-10 22:45:00,671.3,199.5,12.1,12.8,0.0,460.0
2026-01-10 23:00:00,666.8,195.8,12.2,12.5,0.0,370.0
2026-01-10 23:15:00,661.2,198.8,12.2,12.5,0.0,370.0
2026-01-10 23:30:00,654.3,203.5,12.2,12.5,0.0,370.0
2026-01-10 23:45:00,644.7,231.7,12.3,12.5,0.0,370.0
2026-01-11 00:00:00,638.7,253.5,12.3,11.7,0.0,215.0
2026-01-11 00:15:00,632.8,269.7,12.3,11.7,0.0,215.0
2026-01-11 00:30:00,625.8,279.5,12.3,11.7,0.0,215.0
2026-01-11 00:45:00,619.2,287.8,12.3,11.7,0.0,215.0
2026-01-11 01:00:00,612.3,296.3,12.3,9.4,0.0,66.0
2026-01-11 01:15:00,608.3,309.2,12.3,9.4,0.0,66.0
2026-01-11 01:30:00,609.2,322.2,12.3,9.4,0.0,66.0
2026-01-11 01:45:00,607.3,330.3,12.3,9.4,0.0,66.0
2026-01-11 02:00:00,608.0,332.0,12.3,7.8,0.0,0.0
2026-01-11 02:15:00,612.5,339.7,12.3,7.8,0.0,0.0
2026-01-11 02:30:00,616.5,345.0,12.2,7.8,0.0,0.0
2026-01-11 02:45:00,620.7,348.2,12.2,7.8,0.0,0.0
2026-01-11 03:00:00,625.7,347.2,12.2,7.0,0.0,0.0
2026-01-11 03:15:00,631.7,350.3,12.12,7.0,0.0,0.0
2026-01-11 03:30:00,638.5,354.7,12.1,7.0,0.0,0.0
2026-01-11 03:45:00,641.8,357.8,12.1,7.0,0.0,0.0
2026-01-11 04:00:00,642.5,361.2,12.1,6.2,0.0,0.0
2026-01-11 04:15:00,644.5,356.5,12.1,6.2,0.0,0.0
2026-01-11 04:30:00,648.5,358.5,12.02,6.2,0.0,0.0
2026-01-11 04:45:00,649.5,357.2,12.0,6.2,0.0,0.0
2026-01-11 05:00:00,650.7,349.8,12.0,5.8,0.0,0.0
2026-01-11 05:15:00,650.7,360.3,12.0,5.8,0.0,0.0
2026-01-11 05:30:00,653.0,365.5,12.0,5.8,0.0,0.0
2026-01-11 05:45:00,652.8,353.5,12.0,5.8,0.0,0.0
2026-01-11 06:00:00,654.3,357.7,12.0,5.7,0.0,0.0
2026-01-11 06:15:00,656.0,359.8,12.0,5.7,0.0,0.0
2026-01-11 06:30:00,655.2,356.5,12.0,5.7,0.0,0.0
2026-01-11 06:45:00,656.5,352.7,11.92,5.7,0.0,0.0
2026-01-11 07:00:00,657.2,351.0,11.9,5.8,0.0,0.0
2026-01-11 07:15:00,658.0,353.8,11.9,5.8,0.0,0.0
2026-01-11 07:30:00,658.0,358.0,11.9,5.8,0.0,0.0
2026-01-11 07:45:00,659.2,360.5,11.9,5.8,0.0,0.0
2026-01-11 08:00:00,658.7,362.7,11.9,5.7,0.0,0.0
2026-01-11 08:15:00,659.7,364.3,11.9,5.7,0.0,0.0
2026-01-11 08:30:00,658.8,364.2,11.8,5.7,0.0,0.0
2026-01-11 08:45:00,659.5,364.2,11.8,5.7,0.0,0.0
2026-01-11 09:00:00,659.5,367.0,11.8,5.1,0.0,0.0
2026-01-11 09:15:00,657.7,368.2,11.8,5.1,0.0,0.0
2026-01-11 09:30:00,658.0,368.5,11.8,5.1,0.0,0.0
2026-01-11 09:45:00,659.2,373.7,11.8,5.1,0.0,0.0
2026-01-11 10:00:00,659.3,375.5,11.75,4.6,0.0,0.0
2026-01-11 10:15:00,660.0,375.0,11.72,4.6,0.0,0.0
2026-01-11 10:30:00,661.2,378.0,11.7,4.6,0.0,0.0
2026-01-11 10:45:00,661.0,378.3,11.7,4.6,0.0,0.0
2026-01-11 11:00:00,661.7,382.7,11.7,4.3,0.0,0.0
2026-01-11 11:15:00,660.3,379.0,11.7,4.3,0.0,0.0
2026-01-11 11:30:00,660.3,385.7,11.7,4.3,0.0,0.0
2026-01-11 11:45:00,660.3,384.2,11.7,4.3,0.0,0.0
2026-01-11 12:00:00,661.5,385.2,11.6,3.8,0.0,0.0
2026-01-11 12:15:00,661.0,385.0,11.6,3.8,0.0,0.0
2026-01-11 12:30:00,660.5,388.2,11.6,3.8,0.0,0.0
2026-01-11 12:45:00,656.7,391.0,11.6,3.8,0.0,0.0
2026-01-11 13:00:00,656.7,388.8,11.6,3.2,0.0,0.0
2026-01-11 13:15:00,657.7,391.3,11.5,3.2,0.0,0.0
2026-01-11 13:30:00,658.0,391.3,11.5,3.2,0.0,0.0
2026-01-11 13:45:00,658.5,386.7,11.5,3.2,0.0,0.0
2026-01-11 14:00:00,657.8,393.5,11.5,3.0,0.0,0.0
2026-01-11 14:15:00,660.5,393.8,11.48,3.0,0.0,0.0
2026-01-11 14:30:00,660.8,397.3,11.4,3.0,0.0,0.0
2026-01-11 14:45:00,661.0,403.2,11.4,3.0,0.0,0.0
2026-01-11 15:00:00,663.2,399.5,11.4,3.3,0.0,0.0
2026-01-11 15:15:00,662.8,400.7,11.4,3.3,0.0,0.0
2026-01-11 15:30:00,663.3,402.2,11.3,3.3,0.0,0.0
2026-01-11 15:45:00,663.0,404.0,11.3,3.3,0.0,0.0
2026-01-11 16:00:00,661.3,393.8,11.3,4.1,0.0,13.0
2026-01-11 16:15:00,661.8,393.8,11.3,4.1,0.0,13.0
2026-01-11 16:30:00,661.0,384.5,11.3,4.1,0.0,13.0
2026-01-11 16:45:00,661.8,378.5,11.3,4.1,0.0,13.0
2026-01-11 17:00:00,662.5,370.2,11.3,7.3,0.0,136.0
2026-01-11 17:15:00,662.5,360.8,11.3,7.3,0.0,136.0
2026-01-11 17:30:00,664.0,350.5,11.3,7.3,0.0,136.0
2026-01-11 17:45:00,663.0,344.0,11.3,7.3,0.0,136.0
2026-01-11 18:00:00,664.0,335.0,11.4,10.9,0.0,289.0
2026-01-11 18:15:00,663.7,323.3,11.4,10.9,0.0,289.0
2026-01-11 18:30:00,662.7,312.8,11.42,10.9,0.0,289.0
2026-01-11 18:45:00,663.7,307.7,11.5,10.9,0.0,289.0
2026-01-11 19:00:00,663.5,293.0,11.5,12.6,0.0,410.0
2026-01-11 19:15:00,663.3,288.0,11.6,12.6,0.0,410.0
2026-01-11 19:30:00,661.5,281.3,11.6,12.6,0.0,410.0
2026-01-11 19:45:00,662.7,277.8,11.7,12.6,0.0,410.0
2026-01-11 20:00:00,662.7,265.7,11.8,14.0,0.0,489.0
2026-01-11 20:15:00,663.2,252.8,11.8,14.0,0.0,489.0
2026-01-11 20:30:00,664.7,226.3,11.9,14.0,0.0,489.0
2026-01-11 20:45:00,666.0,216.7,11.9,14.0,0.0,489.0
2026-01-11 21:00:00,665.7,210.5,12.0,14.5,0.0,504.0
2026-01-11 21:15:00,667.0,188.3,12.1,14.5,0.0,504.0
2026-01-11 21:30:00,666.7,166.5,12.2,14.5,0.0,504.0
2026-01-11 21:45:00,667.7,147.5,12.2,14.5,0.0,504.0
2026-01-11 22:00:00,667.0,158.2,12.3,14.3,0.0,454.0
2026-01-11 22:15:00,667.5,146.5,12.3,14.3,0.0,454.0
2026-01-11 22:30:00,666.8,132.0,12.4,14.3,0.0,454.0
2026-01-11 22:45:00,670.2,146.2,12.4,14.3,0.0,454.0
2026-01-11 23:00:00,668.8,155.3,12.5,13.6,0.0,355.0
2026-01-11 23:15:00,668.2,166.3,12.5,13.6,0.0,355.0
2026-01-11 23:30:00,670.5,175.0,12.5,13.6,0.0,355.0
2026-01-11 23:45:00,668.0,188.5,12.6,13.6,0.0,355.0
2026-01-12 00:00:00,667.7,199.3,12.6,13.0,0.0,208.0
2026-01-12 00:15:00,666.7,211.0,12.6,13.0,0.0,208.0
2026-01-12 00:30:00,667.0,226.0,12.62,13.0,0.0,208.0
2026-01-12 00:45:00,669.3,240.0,12.67,13.0,0.0,208.0
2026-01-12 01:00:00,666.3,256.2,12.7,10.6,0.0,53.0
2026-01-12 01:15:00,666.7,270.0,12.7,10.6,0.0,53.0
2026-01-12 01:30:00,669.0,281.8,12.67,10.6,0.0,53.0
2026-01-12 01:45:00,667.7,288.7,12.6,10.6,0.0,53.0
2026-01-12 02:00:00,668.5,296.5,12.6,8.6,0.0,0.0
2026-01-12 02:15:00,669.3,304.7,12.6,8.6,0.0,0.0
2026-01-12 02:30:00,667.5,318.0,12.6,8.6,0.0,0.0
2026-01-12 02:45:00,669.5,322.8,12.5,8.6,0.0,0.0
2026-01-12 03:00:00,669.3,327.7,12.5,7.4,0.0,0.0
2026-01-12 03:15:00,668.2,334.7,12.5,7.4,0.0,0.0
2026-01-12 03:30:00,667.2,337.8,12.42,7.4,0.0,0.0
2026-01-12 03:45:00,664.7,341.3,12.4,7.4,0.0,0.0
2026-01-12 04:00:00,665.8,349.2,12.4,6.7,0.0,0.0
2026-01-12 04:15:00,663.0,352.0,12.4,6.7,0.0,0.0
2026-01-12 04:30:00,664.0,357.5,12.4,6.7,0.0,0.0
2026-01-12 04:45:00,664.8,361.7,12.3,6.7,0.0,0.0
2026-01-12 05:00:00,664.3,365.2,12.3,6.1,0.0,0.0
2026-01-12 05:15:00,667.8,363.5,12.22,6.1,0.0,0.0
2026-01-12 05:30:00,666.3,362.8,12.2,6.1,0.0,0.0
2026-01-12 05:45:00,667.8,364.0,12.2,6.1,0.0,0.0
2026-01-12 06:00:00,666.3,362.5,12.2,5.6,0.0,0.0
2026-01-12 06:15:00,666.8,368.5,12.2,5.6,0.0,0.0
2026-01-12 06:30:00,667.8,367.3,12.1,5.6,0.0,0.0
2026-01-12 06:45:00,668.3,366.5,12.1,5.6,0.0,0.0
2026-01-12 07:00:00,668.5,365.8,12.1,5.5,0.0,0.0
2026-01-12 07:15:00,668.0,368.5,12.1,5.5,0.0,0.0
2026-01-12 07:30:00,667.8,366.5,12.03,5.5,0.0,0.0
2026-01-12 07:45:00,670.0,369.3,12.0,5.5,0.0,0.0
2026-01-12 08:00:00,670.8,358.3,12.0,5.5,0.0,0.0
2026-01-12 08:15:00,669.5,360.7,12.0,5.5,0.0,0.0
2026-01-12 08:30:00,669.7,357.7,12.0,5.5,0.0,0.0
2026-01-12 08:45:00,669.7,363.7,12.0,5.5,0.0,0.0
2026-01-12 09:00:00,668.5,364.7,12.0,5.5,0.0,0.0
2026-01-12 09:15:00,668.7,364.2,12.0,5.5,0.0,0.0
2026-01-12 09:30:00,667.7,365.8,12.0,5.5,0.0,0.0
2026-01-12 09:45:00,667.5,367.5,12.0,5.5,0.0,0.0
2026-01-12 10:00:00,666.8,368.7,11.97,5.3,0.0,0.0
2026-01-12 10:15:00,668.7,371.2,11.9,5.3,0.0,0.0
2026-01-12 10:30:00,667.3,372.0,11.9,5.3,0.0,0.0
2026-01-12 10:45:00,667.7,373.0,11.9,5.3,0.0,0.0
2026-01-12 11:00:00,669.0,371.2,11.9,4.5,0.0,0.0
2026-01-12 11:15:00,668.8,373.2,11.9,4.5,0.0,0.0
2026-01-12 11:30:00,667.7,367.0,11.8,4.5,0.0,0.0
2026-01-12 11:45:00,666.0,370.3,11.8,4.5,0.0,0.0
2026-01-12 12:00:00,666.3,373.7,11.8,4.2,0.0,0.0
2026-01-12 12:15:00,666.5,372.0,11.8,4.2,0.0,0.0
2026-01-12 12:30:00,666.7,375.5,11.8,4.2,0.0,0.0
2026-01-12 12:45:00,667.3,378.7,11.8,4.2,0.0,0.0
2026-01-12 13:00:00,668.8,378.5,11.72,3.2,0.0,0.0
2026-01-12 13:15:00,668.3,380.8,11.7,3.2,0.0,0.0
2026-01-12 13:30:00,667.8,384.8,11.7,3.2,0.0,0.0
2026-01-12 13:45:00,668.3,385.8,11.7,3.2,0.0,0.0
2026-01-12 14:00:00,668.3,384.8,11.62,2.9,0.0,0.0
2026-01-12 14:15:00,666.2,387.2,11.6,2.9,0.0,0.0
2026-01-12 14:30:00,668.8,394.0,11.6,2.9,0.0,0.0
2026-01-12 14:45:00,665.3,392.8,11.6,2.9,0.0,0.0
2026-01-12 15:00:00,668.8,394.7,11.5,2.6,0.0,0.0
2026-01-12 15:15:00,670.0,397.3,11.5,2.6,0.0,0.0
2026-01-12 15:30:00,668.8,390.2,11.5,2.6,0.0,0.0
2026-01-12 15:45:00,670.5,389.7,11.5,2.6,0.0,0.0
2026-01-12 16:00:00,670.3,385.5,11.5,2.9,0.0,13.0
2026-01-12 16:15:00,670.8,387.5,11.5,2.9,0.0,13.0
2026-01-12 16:30:00,670.5,384.3,11.5,2.9,0.0,13.0
2026-01-12 16:45:00,669.8,375.2,11.5,2.9,0.0,13.0
2026-01-12 17:00:00,670.5,363.8,11.5,5.9,0.0,124.0
2026-01-12 17:15:00,669.7,358.7,11.5,5.9,0.0,124.0
2026-01-12 17:30:00,669.3,347.8,11.5,5.9,0.0,124.0
2026-01-12 17:45:00,670.7,332.8,11.52,5.9,0.0,124.0
2026-01-12 18:00:00,670.8,321.2,11.6,9.3,0.0,273.0
2026-01-12 18:15:00,669.8,313.2,11.6,9.3,0.0,273.0
2026-01-12 18:30:00,668.7,302.3,11.62,9.3,0.0,273.0
2026-01-12 18:45:00,671.3,295.5,11.7,9.3,0.0,273.0
2026-01-12 19:00:00,669.8,284.0,11.8,11.2,0.0,402.0
2026-01-12 19:15:00,670.7,272.0,11.8,11.2,0.0,402.0
2026-01-12 19:30:00,672.0,261.0,11.9,11.2,0.0,402.0
2026-01-12 19:45:00,670.2,248.8,12.0,11.2,0.0,402.0
2026-01-12 20:00:00,668.2,245.2,12.0,12.1,0.0,489.0
2026-01-12 20:15:00,668.0,228.0,12.0,12.1,0.0,489.0
2026-01-12 20:30:00,670.3,200.5,12.03,12.1,0.0,489.0
2026-01-12 20:45:00,669.2,195.5,12.2,12.1,0.0,489.0
2026-01-12 21:00:00,667.8,193.2,12.2,12.6,0.0,508.0
2026-01-12 21:15:00,666.5,181.0,12.3,12.6,0.0,508.0
2026-01-12 21:30:00,665.3,169.7,12.3,12.6,0.0,508.0
2026-01-12 22:00:00,664.2,167.3,12.4,12.7,0.0,458.0
2026-01-12 22:15:00,665.2,159.3,12.4,12.7,0.0,458.0
2026-01-12 22:30:00,664.2,149.5,12.5,12.7,0.0,458.0
2026-01-12 22:45:00,664.2,134.2,12.5,12.7,0.0,458.0
2026-01-12 23:00:00,665.5,153.5,12.5,12.7,0.0,371.0
2026-01-12 23:15:00,665.3,163.0,12.5,12.7,0.0,371.0
2026-01-12 23:30:00,664.8,179.2,12.57,12.7,0.0,371.0
2026-01-12 23:45:00,666.2,209.3,12.6,12.7,0.0,371.0
2026-01-13 00:00:00,667.3,223.7,12.6,13.0,0.0,234.0
2026-01-13 00:15:00,664.2,235.0,12.57,13.0,0.0,234.0
2026-01-13 00:30:00,664.3,246.7,12.5,13.0,0.0,234.0
2026-01-13 00:45:00,663.0,251.0,12.52,13.0,0.0,234.0
2026-01-13 01:00:00,660.8,260.7,12.5,10.7,0.0,76.0
2026-01-13 01:15:00,660.7,266.2,12.5,10.7,0.0,76.0
2026-01-13 01:30:00,663.2,274.3,12.5,10.7,0.0,76.0
2026-01-13 02:00:00,663.2,301.3,12.5,8.2,0.0,0.0
2026-01-13 02:15:00,662.3,315.7,12.5,8.2,0.0,0.0
2026-01-13 02:30:00,663.8,321.2,12.4,8.2,0.0,0.0
2026-01-13 02:45:00,663.3,332.3,12.4,8.2,0.0,0.0
2026-01-13 03:00:00,664.0,335.2,12.4,6.9,0.0,0.0
2026-01-13 03:15:00,664.3,337.0,12.4,6.9,0.0,0.0
2026-01-13 03:30:00,663.3,339.2,12.32,6.9,0.0,0.0
2026-01-13 03:45:00,663.2,343.3,12.3,6.9,0.0,0.0
2026-01-13 04:00:00,663.8,346.8,12.3,6.6,0.0,0.0
2026-01-13 04:15:00,665.3,350.8,12.3,6.6,0.0,0.0
2026-01-13 04:30:00,664.3,327.5,12.3,6.6,0.0,0.0
2026-01-13 04:45:00,665.8,330.0,12.3,6.6,0.0,0.0
2026-01-13 05:00:00,666.0,330.0,12.2,6.4,0.0,0.0
2026-01-13 05:15:00,665.0,332.8,12.2,6.4,0.0,0.0
2026-01-13 05:30:00,664.5,338.3,12.2,6.4,0.0,0.0
2026-01-13 05:45:00,667.8,343.8,12.1,6.4,0.0,0.0
2026-01-13 06:00:00,666.5,341.5,12.1,5.2,0.0,0.0
2026-01-13 06:15:00,664.5,347.8,12.1,5.2,0.0,0.0
2026-01-13 06:30:00,663.8,353.0,12.1,5.2,0.0,0.0
2026-01-13 06:45:00,665.8,353.2,12.0,5.2,0.0,0.0
2026-01-13 07:00:00,665.2,355.5,12.0,4.6,0.0,0.0
2026-01-13 07:15:00,666.0,351.0,12.0,4.6,0.0,0.0
2026-01-13 07:30:00,663.2,358.5,12.0,4.6,0.0,0.0
2026-01-13 07:45:00,664.3,361.5,11.93,4.6,0.0,0.0
2026-01-13 08:00:00,664.2,359.7,11.9,4.1,0.0,0.0
2026-01-13 08:15:00,663.5,361.5,11.9,4.1,0.0,0.0
2026-01-13 08:30:00,662.5,359.5,11.9,4.1,0.0,0.0
2026-01-13 08:45:00,662.3,358.3,11.9,4.1,0.0,0.0
2026-01-13 09:00:00,663.5,362.7,11.82,4.2,0.0,0.0
2026-01-13 09:15:00,663.7,357.0,11.8,4.2,0.0,0.0
2026-01-13 09:30:00,665.7,364.3,11.8,4.2,0.0,0.0
2026-01-13 09:45:00,663.5,366.0,11.8,4.2,0.0,0.0
2026-01-13 10:00:00,663.7,368.8,11.8,3.7,0.0,0.0
2026-01-13 10:15:00,665.0,366.2,11.7,3.7,0.0,0.0
2026-01-13 10:30:00,663.8,366.7,11.7,3.7,0.0,0.0
2026-01-13 10:45:00,664.8,364.0,11.7,3.7,0.0,0.0
2026-01-13 11:00:00,663.2,363.0,11.7,4.1,0.0,0.0
2026-01-13 11:15:00,662.8,363.8,11.7,4.1,0.0,0.0
2026-01-13 11:30:00,663.3,362.7,11.62,4.1,0.0,0.0
2026-01-13 11:45:00,663.7,366.8,11.62,4.1,0.0,0.0
2026-01-13 12:00:00,663.7,369.8,11.62,4.8,0.0,0.0
2026-01-13 12:15:00,662.3,371.0,11.62,4.8,0.0,0.0
2026-01-13 12:30:00,663.3,370.3,11.6,4.8,0.0,0.0
2026-01-13 12:45:00,664.5,373.7,11.6,4.8,0.0,0.0
2026-01-13 13:00:00,662.7,372.3,11.6,3.6,0.0,0.0
2026-01-13 13:15:00,662.5,376.5,11.6,3.6,0.0,0.0
2026-01-13 13:30:00,662.7,376.2,11.6,3.6,0.0,0.0
2026-01-13 13:45:00,661.0,378.3,11.6,3.6,0.0,0.0
2026-01-13 14:00:00,662.0,377.8,11.5,2.7,0.0,0.0
2026-01-13 14:15:00,661.8,376.7,11.5,2.7,0.0,0.0
2026-01-13 14:30:00,663.8,380.7,11.5,2.7,0.0,0.0
2026-01-13 14:45:00,663.7,383.5,11.5,2.7,0.0,0.0
2026-01-13 15:00:00,663.0,385.3,11.5,2.4,0.0,0.0
2026-01-13 15:15:00,663.2,387.5,11.5,2.4,0.0,0.0
2026-01-13 15:30:00,660.5,378.5,11.5,2.4,0.0,0.0
2026-01-13 15:45:00,663.7,375.7,11.5,2.4,0.0,0.0
2026-01-13 16:00:00,664.0,379.0,11.5,3.0,0.0,15.0
2026-01-13 16:15:00,662.3,382.5,11.5,3.0,0.0,15.0
2026-01-13 16:30:00,661.5,377.0,11.5,3.0,0.0,15.0
2026-01-13 16:45:00,663.7,374.2,11.5,3.0,0.0,15.0
2026-01-13 17:00:00,663.7,360.8,11.5,6.4,0.0,147.0
2026-01-13 17:15:00,662.8,349.3,11.5,6.4,0.0,147.0
2026-01-13 17:30:00,664.3,334.0,11.5,6.4,0.0,147.0
2026-01-13 17:45:00,663.5,324.2,11.5,6.4,0.0,147.0
2026-01-13 18:00:00,665.2,315.3,11.5,9.9,0.0,306.0
2026-01-13 18:15:00,664.7,305.2,11.52,9.9,0.0,306.0
2026-01-13 18:30:00,662.8,295.3,11.6,9.9,0.0,306.0
2026-01-13 18:45:00,663.2,283.3,11.6,9.9,0.0,306.0
2026-01-13 19:00:00,662.2,274.5,11.7,12.5,0.0,429.0
2026-01-13 19:15:00,660.3,264.3,11.7,12.5,0.0,429.0
2026-01-13 19:30:00,660.0,260.0,11.8,12.5,0.0,429.0
2026-01-13 19:45:00,655.3,251.5,11.9,12.5,0.0,429.0
2026-01-13 20:00:00,652.0,235.8,11.97,14.3,0.0,510.0
2026-01-13 20:15:00,653.2,215.0,12.0,14.3,0.0,510.0
2026-01-13 20:30:00,651.0,193.0,12.0,14.3,0.0,510.0
2026-01-13 20:45:00,647.3,182.5,12.1,14.3,0.0,510.0
2026-01-13 21:00:00,641.7,172.7,12.12,15.1,0.0,528.0
2026-01-13 21:15:00,636.2,145.3,12.28,15.1,0.0,528.0
2026-01-13 21:30:00,640.3,125.2,12.4,15.1,0.0,528.0
2026-01-13 21:45:00,644.5,173.7,12.5,15.1,0.0,528.0
2026-01-13 22:00:00,651.2,176.7,12.53,15.3,0.0,484.0
2026-01-13 22:15:00,653.8,179.3,12.6,15.3,0.0,484.0
2026-01-13 22:30:00,657.8,181.8,12.7,15.3,0.0,484.0
2026-01-13 22:45:00,656.7,179.8,12.7,15.3,0.0,484.0
2026-01-13 23:00:00,660.7,190.7,12.7,15.2,0.0,386.0
2026-01-13 23:15:00,658.0,197.2,12.8,15.2,0.0,386.0
2026-01-13 23:30:00,659.5,215.3,12.8,15.2,0.0,386.0
2026-01-13 23:45:00,661.2,252.0,12.8,15.2,0.0,386.0
2026-01-14 00:00:00,661.0,271.7,12.8,15.0,0.0,242.0
2026-01-14 00:15:00,660.7,279.0,12.8,15.0,0.0,242.0
2026-01-14 00:30:00,660.0,279.7,12.8,15.0,0.0,242.0
2026-01-14 00:45:00,661.8,283.0,12.8,15.0,0.0,242.0
2026-01-14 01:00:00,662.5,299.8,12.82,12.1,0.0,79.0
2026-01-14 01:15:00,662.7,311.3,12.9,12.1,0.0,79.0
2026-01-14 01:30:00,662.3,320.0,12.9,12.1,0.0,79.0
2026-01-14 01:45:00,660.3,325.0,12.88,12.1,0.0,79.0
2026-01-14 02:00:00,662.8,331.3,12.82,9.6,0.0,1.0
2026-01-14 02:15:00,662.5,342.0,12.8,9.6,0.0,1.0
2026-01-14 02:30:00,664.3,353.7,12.8,9.6,0.0,1.0
2026-01-14 02:45:00,663.5,360.3,12.8,9.6,0.0,1.0
2026-01-14 03:00:00,664.5,366.7,12.8,8.2,0.0,0.0
2026-01-14 03:15:00,663.8,372.2,12.8,8.2,0.0,0.0
2026-01-14 03:30:00,664.8,376.2,12.7,8.2,0.0,0.0
2026-01-14 03:45:00,663.5,376.8,12.7,8.2,0.0,0.0
2026-01-14 04:00:00,665.0,378.7,12.7,7.4,0.0,0.0
2026-01-14 04:15:00,664.0,382.8,12.7,7.4,0.0,0.0
2026-01-14 04:30:00,662.7,387.7,12.6,7.4,0.0,0.0
2026-01-14 04:45:00,664.7,388.2,12.6,7.4,0.0,0.0
2026-01-14 05:00:00,663.5,392.0,12.6,7.2,0.0,0.0
2026-01-14 05:15:00,665.2,394.7,12.5,7.2,0.0,0.0
2026-01-14 05:30:00,663.3,394.2,12.5,7.2,0.0,0.0
2026-01-14 05:45:00,662.8,393.5,12.5,7.2,0.0,0.0
2026-01-14 06:00:00,663.8,393.7,12.4,6.9,0.0,0.0
2026-01-14 06:15:00,663.7,394.7,12.4,6.9,0.0,0.0
2026-01-14 06:30:00,662.3,390.3,12.4,6.9,0.0,0.0
2026-01-14 06:45:00,663.3,388.0,12.4,6.9,0.0,0.0
2026-01-14 07:00:00,662.7,329.5,12.3,6.7,0.0,0.0
2026-01-14 07:15:00,664.5,336.3,12.3,6.7,0.0,0.0
2026-01-14 07:30:00,661.8,344.0,12.3,6.7,0.0,0.0
2026-01-14 07:45:00,662.5,350.2,12.3,6.7,0.0,0.0
2026-01-14 08:00:00,665.0,346.2,12.2,6.4,0.0,0.0
2026-01-14 08:15:00,665.5,353.3,12.2,6.4,0.0,0.0
2026-01-14 08:30:00,664.5,351.5,12.2,6.4,0.0,0.0
2026-01-14 08:45:00,663.7,356.5,12.2,6.4,0.0,0.0
2026-01-14 09:00:00,664.8,355.3,12.1,6.0,0.0,0.0
2026-01-14 09:15:00,664.7,353.5,12.12,6.0,0.0,0.0
2026-01-14 09:30:00,664.0,350.7,12.13,6.0,0.0,0.0
2026-01-14 09:45:00,664.2,350.3,12.1,6.0,0.0,0.0
2026-01-14 10:00:00,664.5,348.0,12.1,5.5,0.0,0.0
2026-01-14 10:15:00,663.2,357.2,12.1,5.5,0.0,0.0
2026-01-14 10:30:00,665.5,367.7,12.0,5.5,0.0,0.0
2026-01-14 10:45:00,663.7,368.2,12.0,5.5,0.0,0.0
2026-01-14 11:00:00,663.0,367.2,12.0,5.2,0.0,0.0
2026-01-14 11:15:00,662.8,363.8,12.0,5.2,0.0,0.0
2026-01-14 11:30:00,660.7,362.8,12.0,5.2,0.0,0.0
2026-01-14 11:45:00,661.2,364.2,11.9,5.2,0.0,0.0
2026-01-14 12:00:00,661.5,363.8,11.9,5.3,0.0,0.0
2026-01-14 12:15:00,660.2,369.2,11.9,5.3,0.0,0.0
2026-01-14 12:30:00,662.3,368.2,11.9,5.3,0.0,0.0
2026-01-14 13:00:00,662.7,370.5,11.9,5.0,0.0,0.0
2026-01-14 13:15:00,662.7,368.3,11.82,5.0,0.0,0.0
2026-01-14 13:30:00,664.3,369.2,11.8,5.0,0.0,0.0
2026-01-14 13:45:00,664.0,368.8,11.8,5.0,0.0,0.0
2026-01-14 14:00:00,664.0,365.3,11.8,4.7,0.0,0.0
2026-01-14 14:15:00,662.7,369.2,11.8,4.7,0.0,0.0
2026-01-14 14:30:00,663.8,368.0,11.8,4.7,0.0,0.0
2026-01-14 14:45:00,662.7,368.8,11.8,4.7,0.0,0.0
2026-01-14 15:00:00,663.2,366.8,11.72,4.5,0.0,0.0
2026-01-14 15:15:00,664.2,361.5,11.7,4.5,0.0,0.0
2026-01-14 15:30:00,664.8,364.2,11.72,4.5,0.0,0.0
2026-01-14 15:45:00,665.0,360.0,11.7,4.5,0.0,0.0
2026-01-14 16:00:00,663.5,354.2,11.7,4.8,0.0,14.0
2026-01-14 16:15:00,664.2,347.5,11.7,4.8,0.0,14.0
2026-01-14 16:30:00,665.3,341.5,11.7,4.8,0.0,14.0
2026-01-14 16:45:00,665.2,336.5,11.7,4.8,0.0,14.0
2026-01-14 17:00:00,663.7,329.3,11.7,8.0,0.0,133.0
2026-01-14 17:15:00,665.5,322.7,11.7,8.0,0.0,133.0
2026-01-14 17:30:00,665.0,312.3,11.72,8.0,0.0,133.0
2026-01-14 17:45:00,664.3,301.3,11.8,8.0,0.0,133.0
2026-01-14 18:00:00,666.0,291.2,11.8,11.9,0.0,289.0
2026-01-14 18:15:00,665.3,279.8,11.8,11.9,0.0,289.0
2026-01-14 18:30:00,664.8,272.0,11.9,11.9,0.0,289.0
2026-01-14 18:45:00,667.0,265.7,11.9,11.9,0.0,289.0
2026-01-14 19:00:00,666.3,257.2,11.9,13.8,0.0,417.0
2026-01-14 19:15:00,664.5,251.0,12.0,13.8,0.0,417.0
2026-01-14 19:30:00,666.8,243.5,12.0,13.8,0.0,417.0
2026-01-14 19:45:00,667.2,231.5,12.1,13.8,0.0,417.0
2026-01-14 20:00:00,666.8,220.5,12.2,14.9,0.0,488.0
2026-01-14 20:15:00,665.8,209.0,12.2,14.9,0.0,488.0
2026-01-14 20:30:00,666.5,182.3,12.3,14.9,0.0,488.0
2026-01-14 20:45:00,665.7,169.2,12.3,14.9,0.0,488.0
2026-01-14 21:00:00,663.7,147.5,12.43,15.4,0.0,513.0
2026-01-14 21:15:00,665.8,186.0,12.5,15.4,0.0,513.0
2026-01-14 21:30:00,666.3,165.3,12.6,15.4,0.0,513.0
2026-01-14 21:45:00,664.8,181.0,12.7,15.4,0.0,513.0
2026-01-14 22:00:00,664.3,196.7,12.7,15.3,0.0,473.0
2026-01-14 22:15:00,662.5,168.0,12.8,15.3,0.0,473.0
2026-01-14 22:30:00,660.5,189.8,12.8,15.3,0.0,473.0
2026-01-14 22:45:00,660.0,177.5,12.9,15.3,0.0,473.0
2026-01-14 23:00:00,660.7,182.0,12.9,15.0,0.0,378.0
2026-01-14 23:15:00,660.3,201.0,13.0,15.0,0.0,378.0
2026-01-14 23:30:00,659.7,185.8,13.0,15.0,0.0,378.0
2026-01-14 23:45:00,661.3,220.7,13.0,15.0,0.0,378.0
2026-01-15 00:00:00,661.7,233.7,13.0,15.8,0.0,239.0
2026-01-15 00:15:00,663.2,246.3,13.07,15.8,0.0,239.0
2026-01-15 00:30:00,662.7,255.7,13.1,15.8,0.0,239.0
2026-01-15 00:45:00,662.0,261.8,13.1,15.8,0.0,239.0
2026-01-15 01:00:00,664.7,271.0,13.08,13.0,0.0,80.0
2026-01-15 01:15:00,663.0,283.5,13.03,13.0,0.0,80.0
2026-01-15 01:30:00,664.0,295.3,13.0,13.0,0.0,80.0
2026-01-15 01:45:00,663.7,306.2,13.0,13.0,0.0,80.0
2026-01-15 02:00:00,663.3,308.3,13.02,10.4,0.0,1.0
2026-01-15 02:15:00,663.3,311.2,13.0,10.4,0.0,1.0
2026-01-15 02:30:00,663.7,318.3,13.0,10.4,0.0,1.0
2026-01-15 02:45:00,662.7,324.7,13.0,10.4,0.0,1.0
2026-01-15 03:00:00,661.8,327.5,12.92,9.1,0.0,0.0
2026-01-15 03:15:00,662.2,332.0,12.9,9.1,0.0,0.0
2026-01-15 03:30:00,661.2,337.0,12.9,9.1,0.0,0.0
2026-01-15 03:45:00,663.2,340.2,12.9,9.1,0.0,0.0
2026-01-15 04:00:00,661.8,346.5,12.8,8.1,0.0,0.0
2026-01-15 04:15:00,662.3,351.3,12.82,8.1,0.0,0.0
2026-01-15 04:30:00,660.3,351.0,12.8,8.1,0.0,0.0
2026-01-15 04:45:00,660.5,356.5,12.8,8.1,0.0,0.0
2026-01-15 05:00:00,661.0,359.3,12.7,7.3,0.0,0.0
2026-01-15 05:15:00,660.8,361.0,12.7,7.3,0.0,0.0
2026-01-15 05:30:00,661.8,362.5,12.7,7.3,0.0,0.0
2026-01-15 05:45:00,661.0,367.5,12.7,7.3,0.0,0.0
2026-01-15 06:00:00,661.5,366.0,12.6,6.7,0.0,0.0
2026-01-15 06:15:00,663.7,371.8,12.6,6.7,0.0,0.0
2026-01-15 06:30:00,662.0,373.2,12.6,6.7,0.0,0.0
2026-01-15 06:45:00,662.8,375.8,12.6,6.7,0.0,0.0
2026-01-15 07:00:00,663.5,372.7,12.5,6.5,0.0,0.0
2026-01-15 07:15:00,662.5,376.2,12.5,6.5,0.0,0.0
2026-01-15 07:30:00,662.0,373.0,12.5,6.5,0.0,0.0
2026-01-15 07:45:00,662.8,370.7,12.5,6.5,0.0,0.0
2026-01-15 08:00:00,663.0,373.7,12.5,5.9,0.0,0.0
2026-01-15 08:15:00,663.0,378.0,12.5,5.9,0.0,0.0
2026-01-15 08:30:00,662.7,376.5,12.5,5.9,0.0,0.0
2026-01-15 08:45:00,661.3,379.5,12.5,5.9,0.0,0.0
2026-01-15 09:00:00,662.2,380.3,12.5,5.4,0.0,0.0
2026-01-15 09:15:00,661.7,383.7,12.45,5.4,0.0,0.0
2026-01-15 09:30:00,661.8,384.2,12.4,5.4,0.0,0.0
2026-01-15 09:45:00,661.3,381.3,12.4,5.4,0.0,0.0
2026-01-15 10:00:00,664.3,386.3,12.4,5.2,0.0,0.0
2026-01-15 10:15:00,661.8,386.3,12.4,5.2,0.0,0.0
2026-01-15 10:30:00,662.3,390.8,12.4,5.2,0.0,0.0
2026-01-15 10:45:00,661.7,395.0,12.4,5.2,0.0,0.0
2026-01-15 11:00:00,662.8,385.7,12.4,4.9,0.0,0.0
2026-01-15 11:15:00,664.0,338.5,12.32,4.9,0.0,0.0
2026-01-15 11:30:00,660.5,332.8,12.3,4.9,0.0,0.0
2026-01-15 11:45:00,662.7,335.8,12.3,4.9,0.0,0.0
2026-01-15 12:00:00,661.3,339.7,12.3,4.5,0.0,0.0
2026-01-15 12:15:00,661.0,345.2,12.3,4.5,0.0,0.0
2026-01-15 12:30:00,662.0,342.8,12.3,4.5,0.0,0.0
2026-01-15 12:45:00,662.0,342.2,12.2,4.5,0.0,0.0
2026-01-15 13:00:00,663.7,344.5,12.2,3.7,0.0,0.0
2026-01-15 13:15:00,661.7,349.0,12.2,3.7,0.0,0.0
2026-01-15 13:30:00,661.7,348.0,12.2,3.7,0.0,0.0
2026-01-15 13:45:00,661.8,355.8,12.2,3.7,0.0,0.0
2026-01-15 14:00:00,662.5,361.0,12.2,3.6,0.0,0.0
2026-01-15 14:15:00,662.0,362.8,12.12,3.6,0.0,0.0
2026-01-15 14:30:00,660.7,365.8,12.1,3.6,0.0,0.0
2026-01-15 14:45:00,661.2,366.3,12.1,3.6,0.0,0.0
2026-01-15 15:00:00,661.0,364.5,12.1,4.0,0.0,0.0
2026-01-15 15:15:00,660.0,364.3,12.1,4.0,0.0,0.0
2026-01-15 15:30:00,662.8,368.8,12.02,4.0,0.0,0.0
2026-01-15 15:45:00,661.8,366.8,12.0,4.0,0.0,0.0
2026-01-15 16:00:00,660.7,368.3,12.0,4.7,0.0,15.0
2026-01-15 16:15:00,660.7,363.7,12.0,4.7,0.0,15.0
2026-01-15 16:30:00,661.8,358.7,12.0,4.7,0.0,15.0
2026-01-15 16:45:00,661.2,352.5,12.0,4.7,0.0,15.0
2026-01-15 17:00:00,659.5,340.7,12.0,7.3,0.0,145.0
2026-01-15 17:15:00,661.7,328.5,12.0,7.3,0.0,145.0
2026-01-15 17:30:00,660.2,319.5,12.1,7.3,0.0,145.0
2026-01-15 17:45:00,662.8,304.3,12.1,7.3,0.0,145.0
2026-01-15 18:00:00,660.0,294.5,12.1,11.2,0.0,303.0
2026-01-15 18:15:00,660.5,283.5,12.2,11.2,0.0,303.0
2026-01-15 18:30:00,662.0,276.2,12.2,11.2,0.0,303.0
2026-01-15 18:45:00,662.2,269.2,12.2,11.2,0.0,303.0
2026-01-15 19:00:00,659.8,258.7,12.3,13.5,0.0,437.0
2026-01-15 19:15:00,660.3,252.0,12.3,13.5,0.0,437.0
2026-01-15 19:30:00,659.3,243.3,12.4,13.5,0.0,437.0
2026-01-15 19:45:00,658.3,236.8,12.42,13.5,0.0,437.0
2026-01-15 20:00:00,657.0,225.8,12.5,15.2,0.0,509.0
2026-01-15 20:15:00,656.0,202.7,12.5,15.2,0.0,509.0
2026-01-15 20:30:00,656.3,181.5,12.6,15.2,0.0,509.0
2026-01-15 20:45:00,657.5,176.8,12.62,15.2,0.0,509.0
2026-01-15 21:00:00,658.2,158.0,12.7,16.2,0.0,529.0
2026-01-15 21:15:00,657.3,181.8,12.8,16.2,0.0,529.0
2026-01-15 21:30:00,659.0,184.3,12.8,16.2,0.0,529.0
2026-01-15 21:45:00,658.0,200.8,12.9,16.2,0.0,529.0
2026-01-15 22:00:00,658.3,196.8,13.0,16.7,0.0,486.0
2026-01-15 22:15:00,658.7,188.0,13.0,16.7,0.0,486.0
2026-01-15 22:30:00,659.8,189.3,13.1,16.7,0.0,486.0
2026-01-15 22:45:00,660.8,190.0,13.1,16.7,0.0,486.0
2026-01-15 23:00:00,663.2,187.7,13.2,16.9,0.0,388.0
2026-01-15 23:15:00,661.7,192.8,13.2,16.9,0.0,388.0
2026-01-15 23:30:00,662.3,202.7,13.23,16.9,0.0,388.0
2026-01-15 23:45:00,663.5,238.2,13.3,16.9,0.0,388.0
2026-01-16 00:00:00,661.2,258.0,13.3,16.8,0.0,245.0
2026-01-16 00:15:00,663.7,272.0,13.3,16.8,0.0,245.0
2026-01-16 00:30:00,662.5,284.7,13.3,16.8,0.0,245.0
2026-01-16 00:45:00,662.7,293.7,13.3,16.8,0.0,245.0
2026-01-16 01:00:00,662.0,305.2,13.3,14.2,0.0,83.0
2026-01-16 01:15:00,664.3,307.0,13.3,14.2,0.0,83.0
2026-01-16 01:30:00,664.0,318.0,13.3,14.2,0.0,83.0
2026-01-16 01:45:00,663.2,326.7,13.22,14.2,0.0,83.0
2026-01-16 02:00:00,663.0,328.3,13.2,11.9,0.0,1.0
2026-01-16 02:15:00,661.7,333.7,13.2,11.9,0.0,1.0
2026-01-16 02:30:00,663.8,335.5,13.2,11.9,0.0,1.0
2026-01-16 02:45:00,662.3,336.8,13.2,11.9,0.0,1.0
2026-01-16 03:00:00,663.0,338.7,13.2,10.3,0.0,0.0
2026-01-16 03:15:00,662.7,339.0,13.2,10.3,0.0,0.0
2026-01-16 03:30:00,663.2,340.5,13.15,10.3,0.0,0.0
2026-01-16 03:45:00,662.2,339.3,13.12,10.3,0.0,0.0
2026-01-16 04:00:00,660.2,346.8,13.1,9.1,0.0,0.0
2026-01-16 04:15:00,660.8,350.3,13.1,9.1,0.0,0.0
2026-01-16 04:30:00,660.7,354.2,13.1,9.1,0.0,0.0
2026-01-16 04:45:00,659.3,358.5,13.1,9.1,0.0,0.0
2026-01-16 05:00:00,659.0,362.5,13.1,8.5,0.0,0.0
2026-01-16 05:15:00,660.2,365.5,13.08,8.5,0.0,0.0
2026-01-16 05:30:00,660.2,371.5,13.0,8.5,0.0,0.0
2026-01-16 05:45:00,661.0,372.5,13.0,8.5,0.0,0.0
2026-01-16 06:00:00,659.2,373.3,13.0,8.6,0.0,0.0
2026-01-16 06:15:00,661.2,373.3,13.0,8.6,0.0,0.0
2026-01-16 06:30:00,661.7,374.2,13.0,8.6,0.0,0.0
2026-01-16 06:45:00,661.7,376.2,12.9,8.6,0.0,0.0
2026-01-16 07:00:00,661.0,375.5,12.9,9.1,0.0,0.0
2026-01-16 07:15:00,659.8,367.2,12.9,9.1,0.0,0.0
2026-01-16 07:30:00,659.8,368.7,12.9,9.1,0.0,0.0
2026-01-16 07:45:00,659.7,285.8,12.9,9.1,0.0,0.0
2026-01-16 08:00:00,660.2,289.3,12.82,9.5,0.0,0.0
2026-01-16 08:15:00,660.5,294.3,12.82,9.5,0.0,0.0
2026-01-16 08:30:00,660.3,299.0,12.8,9.5,0.0,0.0
2026-01-16 08:45:00,660.3,302.5,12.8,9.5,0.0,0.0
2026-01-16 09:00:00,657.8,306.2,12.8,9.8,0.0,0.0
2026-01-16 09:15:00,658.8,314.2,12.7,9.8,0.0,0.0
2026-01-16 09:30:00,658.3,317.7,12.7,9.8,0.0,0.0
2026-01-16 09:45:00,658.5,319.5,12.7,9.8,0.0,0.0
2026-01-16 10:00:00,658.3,318.5,12.7,9.4,0.0,0.0
2026-01-16 10:15:00,659.2,320.0,12.6,9.4,0.0,0.0
2026-01-16 10:30:00,658.5,320.7,12.6,9.4,0.0,0.0
2026-01-16 10:45:00,656.8,319.3,12.6,9.4,0.0,0.0
2026-01-16 11:00:00,657.8,319.0,12.6,9.1,0.0,0.0
2026-01-16 11:15:00,654.7,316.5,12.6,9.1,0.0,0.0
2026-01-16 11:30:00,655.2,317.8,12.6,9.1,0.0,0.0
2026-01-16 11:45:00,654.2,319.2,12.52,9.1,0.0,0.0
2026-01-16 12:00:00,652.5,324.5,12.5,10.5,0.0,0.0
2026-01-16 12:15:00,653.5,317.7,12.5,10.5,0.0,0.0
2026-01-16 12:30:00,653.5,318.3,12.5,10.5,0.0,0.0
2026-01-16 12:45:00,654.2,323.3,12.5,10.5,0.0,0.0
2026-01-16 13:00:00,655.8,322.8,12.5,8.4,0.0,0.0
2026-01-16 13:15:00,655.7,320.3,12.5,8.4,0.0,0.0
2026-01-16 13:30:00,653.0,323.7,12.5,8.4,0.0,0.0
2026-01-16 13:45:00,651.0,327.0,12.5,8.4,0.0,0.0
2026-01-16 14:00:00,651.3,329.2,12.5,7.5,0.0,0.0
2026-01-16 14:15:00,653.3,331.5,12.48,7.5,0.0,0.0
2026-01-16 14:30:00,653.5,325.2,12.4,7.5,0.0,0.0
2026-01-16 14:45:00,654.5,331.8,12.4,7.5,0.0,0.0
2026-01-16 15:00:00,654.5,334.8,12.4,7.0,0.0,0.0
2026-01-16 15:15:00,656.2,333.0,12.4,7.0,0.0,0.0
2026-01-16 15:30:00,656.0,333.8,12.4,7.0,0.0,0.0
2026-01-16 15:45:00,657.8,334.2,12.4,7.0,0.0,0.0
2026-01-16 16:00:00,658.3,333.2,12.4,7.2,0.0,16.0
2026-01-16 16:15:00,658.7,334.2,12.4,7.2,0.0,16.0
2026-01-16 16:30:00,657.7,324.2,12.4,7.2,0.0,16.0
2026-01-16 16:45:00,656.3,321.3,12.4,7.2,0.0,16.0
2026-01-16 17:00:00,658.0,316.2,12.4,10.2,0.0,146.0
2026-01-16 17:15:00,658.3,310.0,12.4,10.2,0.0,146.0
2026-01-16 17:30:00,657.0,301.5,12.4,10.2,0.0,146.0
2026-01-16 17:45:00,660.0,294.7,12.42,10.2,0.0,146.0
2026-01-16 18:00:00,659.2,286.0,12.5,14.0,0.0,306.0
2026-01-16 18:15:00,659.2,275.0,12.5,14.0,0.0,306.0
2026-01-16 18:30:00,659.2,265.0,12.5,14.0,0.0,306.0
2026-01-16 18:45:00,659.0,255.5,12.6,14.0,0.0,306.0
2026-01-16 19:00:00,657.5,240.7,12.6,15.4,0.0,436.0
2026-01-16 19:15:00,658.0,227.0,12.7,15.4,0.0,436.0
2026-01-16 19:30:00,660.2,211.8,12.7,15.4,0.0,436.0
2026-01-16 19:45:00,660.7,201.3,12.8,15.4,0.0,436.0
2026-01-16 20:00:00,658.7,185.8,12.8,16.4,0.0,521.0
2026-01-16 20:15:00,660.8,171.5,12.82,16.4,0.0,521.0
2026-01-16 20:30:00,660.3,161.5,12.9,16.4,0.0,521.0
2026-01-16 20:45:00,658.2,166.8,13.0,16.4,0.0,521.0
2026-01-16 21:00:00,658.0,162.7,13.02,17.2,0.0,539.0
2026-01-16 21:15:00,656.0,169.7,13.1,17.2,0.0,539.0
2026-01-16 21:30:00,656.2,185.0,13.17,17.2,0.0,539.0
2026-01-16 22:00:00,659.0,195.8,13.2,17.4,0.0,496.0
2026-01-16 22:15:00,656.8,198.0,13.3,17.4,0.0,496.0
2026-01-16 22:30:00,657.8,200.7,13.32,17.4,0.0,496.0
2026-01-16 22:45:00,659.3,211.8,13.32,17.4,0.0,496.0
2026-01-16 23:00:00,657.2,209.2,13.4,16.8,0.0,396.0
2026-01-16 23:15:00,659.0,211.8,13.4,16.8,0.0,396.0
2026-01-16 23:30:00,660.5,211.3,13.4,16.8,0.0,396.0
2026-01-16 23:45:00,660.0,237.0,13.4,16.8,0.0,396.0
2026-01-17 00:00:00,658.7,249.2,13.4,16.8,0.0,251.0
2026-01-17 00:15:00,657.7,260.7,13.4,16.8,0.0,251.0
2026-01-17 00:30:00,659.7,272.8,13.4,16.8,0.0,251.0
2026-01-17 00:45:00,660.2,278.5,13.42,16.8,0.0,251.0
2026-01-17 01:00:00,660.3,294.5,13.42,13.8,0.0,88.0
2026-01-17 01:15:00,659.3,298.5,13.42,13.8,0.0,88.0
2026-01-17 01:30:00,658.8,317.3,13.4,13.8,0.0,88.0
2026-01-17 01:45:00,657.8,328.2,13.4,13.8,0.0,88.0
2026-01-17 02:00:00,659.3,331.5,13.4,11.3,0.0,1.0
2026-01-17 02:15:00,657.8,342.8,13.32,11.3,0.0,1.0
2026-01-17 02:30:00,657.8,344.7,13.3,11.3,0.0,1.0
2026-01-17 02:45:00,659.0,349.0,13.27,11.3,0.0,1.0
2026-01-17 03:00:00,657.8,354.8,13.2,10.1,0.0,0.0
2026-01-17 03:15:00,657.7,357.2,13.2,10.1,0.0,0.0
2026-01-17 03:30:00,657.3,362.3,13.2,10.1,0.0,0.0
2026-01-17 03:45:00,657.8,365.7,13.2,10.1,0.0,0.0
2026-01-17 04:00:00,658.8,273.0,13.12,9.7,0.0,0.0
2026-01-17 04:15:00,657.5,278.3,13.1,9.7,0.0,0.0
2026-01-17 04:30:00,656.7,287.5,13.1,9.7,0.0,0.0
2026-01-17 04:45:00,656.7,293.2,13.07,9.7,0.0,0.0
2026-01-17 05:00:00,657.3,303.2,13.0,9.4,0.0,0.0
2026-01-17 05:15:00,655.5,308.7,13.0,9.4,0.0,0.0
2026-01-17 05:30:00,655.8,317.7,13.0,9.4,0.0,0.0
2026-01-17 05:45:00,658.2,321.7,12.92,9.4,0.0,0.0
2026-01-17 06:00:00,657.8,319.7,12.9,9.0,0.0,0.0
2026-01-17 06:15:00,658.0,322.0,12.9,9.0,0.0,0.0
2026-01-17 06:30:00,656.8,322.5,12.9,9.0,0.0,0.0
2026-01-17 06:45:00,656.8,326.0,12.82,9.0,0.0,0.0
2026-01-17 07:00:00,656.7,332.8,12.8,8.8,0.0,0.0
2026-01-17 07:15:00,655.7,336.0,12.8,8.8,0.0,0.0
2026-01-17 07:30:00,655.7,340.0,12.8,8.8,0.0,0.0
2026-01-17 07:45:00,656.7,342.2,12.72,8.8,0.0,0.0
2026-01-17 08:00:00,657.0,351.8,12.7,8.4,0.0,0.0
2026-01-17 08:15:00,656.8,353.3,12.7,8.4,0.0,0.0
2026-01-17 08:30:00,654.2,355.5,12.7,8.4,0.0,0.0
2026-01-17 08:45:00,656.0,352.8,12.62,8.4,0.0,0.0
2026-01-17 09:00:00,655.8,352.2,12.6,7.4,0.0,0.0
2026-01-17 09:15:00,656.0,355.7,12.6,7.4,0.0,0.0
2026-01-17 09:30:00,656.0,361.3,12.6,7.4,0.0,0.0
2026-01-17 09:45:00,657.2,363.7,12.58,7.4,0.0,0.0
2026-01-17 10:00:00,657.5,363.7,12.52,6.4,0.0,0.0
2026-01-17 10:15:00,656.3,266.2,12.5,6.4,0.0,0.0
2026-01-17 10:30:00,655.7,271.2,12.5,6.4,0.0,0.0
2026-01-17 10:45:00,655.5,272.8,12.5,6.4,0.0,0.0
2026-01-17 11:00:00,654.5,272.5,12.5,5.7,0.0,0.0
2026-01-17 11:15:00,655.2,269.8,12.5,5.7,0.0,0.0
2026-01-17 11:30:00,655.5,271.2,12.5,5.7,0.0,0.0
2026-01-17 11:45:00,655.7,280.0,12.4,5.7,0.0,0.0
2026-01-17 12:00:00,656.5,280.5,12.4,5.8,0.0,0.0
2026-01-17 12:15:00,655.7,280.8,12.4,5.8,0.0,0.0
2026-01-17 12:30:00,657.2,284.0,12.4,5.8,0.0,0.0
2026-01-17 12:45:00,656.3,281.0,12.4,5.8,0.0,0.0
2026-01-17 13:00:00,657.3,280.8,12.32,4.7,0.0,0.0
2026-01-17 13:15:00,658.2,282.8,12.3,4.7,0.0,0.0
2026-01-17 13:30:00,657.5,284.7,12.3,4.7,0.0,0.0
2026-01-17 13:45:00,658.5,282.2,12.3,4.7,0.0,0.0
2026-01-17 14:00:00,657.5,287.0,12.3,4.5,0.0,0.0
2026-01-17 14:15:00,655.8,296.5,12.3,4.5,0.0,0.0
2026-01-17 14:30:00,654.8,299.8,12.3,4.5,0.0,0.0
2026-01-17 14:45:00,655.2,302.7,12.22,4.5,0.0,0.0
2026-01-17 15:00:00,656.5,303.2,12.2,4.7,0.0,0.0
2026-01-17 15:15:00,656.7,308.3,12.2,4.7,0.0,0.0
2026-01-17 15:30:00,657.2,310.2,12.2,4.7,0.0,0.0
2026-01-17 15:45:00,654.8,308.2,12.2,4.7,0.0,0.0
2026-01-17 16:00:00,654.7,310.0,12.2,5.2,0.0,15.0
2026-01-17 16:15:00,655.0,302.3,12.2,5.2,0.0,15.0
2026-01-17 16:30:00,656.2,297.3,12.2,5.2,0.0,15.0
2026-01-17 16:45:00,658.5,286.3,12.2,5.2,0.0,15.0
2026-01-17 17:00:00,656.0,274.2,12.2,7.6,0.0,129.0
2026-01-17 17:15:00,655.8,268.2,12.22,7.6,0.0,129.0
2026-01-17 17:30:00,657.3,261.3,12.3,7.6,0.0,129.0
2026-01-17 17:45:00,657.2,255.3,12.3,7.6,0.0,129.0
2026-01-17 18:00:00,656.2,249.5,12.4,10.9,0.0,294.0
2026-01-17 18:15:00,656.3,240.2,12.4,10.9,0.0,294.0
2026-01-17 18:30:00,656.5,230.2,12.42,10.9,0.0,294.0
2026-01-17 18:45:00,657.3,219.2,12.5,10.9,0.0,294.0
2026-01-17 19:00:00,657.3,207.2,12.53,13.5,0.0,423.0
2026-01-17 19:15:00,657.0,197.2,12.6,13.5,0.0,423.0
2026-01-17 19:30:00,657.7,193.7,12.62,13.5,0.0,423.0
2026-01-17 19:45:00,657.5,181.8,12.7,13.5,0.0,423.0
2026-01-17 20:00:00,656.5,175.3,12.72,15.2,0.0,513.0
2026-01-17 20:15:00,657.3,171.8,12.8,15.2,0.0,513.0
2026-01-17 20:30:00,657.7,166.2,12.87,15.2,0.0,513.0
2026-01-17 20:45:00,658.3,166.7,12.9,15.2,0.0,513.0
2026-01-17 21:00:00,657.7,225.3,13.0,15.8,0.0,503.0
2026-01-17 21:15:00,659.5,193.2,13.02,15.8,0.0,503.0
2026-01-17 21:30:00,656.2,198.8,13.1,15.8,0.0,503.0
2026-01-17 21:45:00,655.2,177.3,13.12,15.8,0.0,503.0
2026-01-17 22:00:00,656.3,184.8,13.2,16.1,0.0,465.0
2026-01-17 22:15:00,656.5,221.7,13.2,16.1,0.0,465.0
2026-01-17 22:30:00,656.2,225.2,13.3,16.1,0.0,465.0
2026-01-17 22:45:00,655.3,248.2,13.32,16.1,0.0,465.0
2026-01-17 23:00:00,656.8,237.3,13.4,15.8,0.0,361.0
2026-01-17 23:15:00,655.7,225.0,13.4,15.8,0.0,361.0
2026-01-17 23:30:00,657.3,244.2,13.42,15.8,0.0,361.0
2026-01-17 23:45:00,657.2,249.8,13.48,15.8,0.0,361.0
2026-01-18 00:00:00,656.5,261.3,13.5,15.0,0.0,219.0
2026-01-18 00:15:00,655.2,285.2,13.5,15.0,0.0,219.0
2026-01-18 00:30:00,656.3,296.2,13.5,15.0,0.0,219.0
2026-01-18 00:45:00,656.7,313.0,13.5,15.0,0.0,219.0
2026-01-18 01:00:00,655.3,320.8,13.5,12.6,0.0,66.0
2026-01-18 01:15:00,656.7,331.5,13.5,12.6,0.0,66.0
2026-01-18 01:30:00,656.5,337.5,13.42,12.6,0.0,66.0
2026-01-18 01:45:00,655.5,344.3,13.42,12.6,0.0,66.0
2026-01-18 02:00:00,655.0,351.0,13.4,10.2,0.0,1.0
2026-01-18 02:15:00,655.7,346.7,13.4,10.2,0.0,1.0
2026-01-18 02:30:00,655.8,256.8,13.4,10.2,0.0,1.0
2026-01-18 02:45:00,654.0,257.0,13.32,10.2,0.0,1.0
2026-01-18 03:00:00,654.3,259.0,13.3,8.8,0.0,0.0
2026-01-18 03:15:00,655.8,270.2,13.3,8.8,0.0,0.0
2026-01-18 03:30:00,655.2,276.3,13.2,8.8,0.0,0.0
2026-01-18 03:45:00,653.8,282.2,13.2,8.8,0.0,0.0
2026-01-18 04:00:00,654.0,283.2,13.2,8.0,0.0,0.0
2026-01-18 04:15:00,654.8,285.3,13.1,8.0,0.0,0.0
2026-01-18 04:30:00,655.0,286.8,13.1,8.0,0.0,0.0
2026-01-18 04:45:00,653.3,285.8,13.1,8.0,0.0,0.0
2026-01-18 05:00:00,653.7,291.8,13.1,7.4,0.0,0.0
2026-01-18 05:15:00,654.7,298.3,13.1,7.4,0.0,0.0
2026-01-18 05:30:00,654.0,296.3,13.02,7.4,0.0,0.0
2026-01-18 05:45:00,654.7,296.0,13.02,7.4,0.0,0.0
2026-01-18 06:00:00,654.2,302.8,13.0,7.4,0.0,0.0
2026-01-18 06:15:00,654.2,307.0,13.0,7.4,0.0,0.0
2026-01-18 06:30:00,654.8,311.7,13.0,7.4,0.0,0.0
2026-01-18 06:45:00,655.5,317.8,13.0,7.4,0.0,0.0
2026-01-18 07:00:00,654.3,324.0,12.9,6.8,0.0,0.0
2026-01-18 07:30:00,654.7,328.7,12.9,6.8,0.0,0.0
2026-01-18 07:45:00,654.3,326.0,12.9,6.8,0.0,0.0
2026-01-18 08:00:00,654.8,326.2,12.8,6.0,0.0,0.0
2026-01-18 08:30:00,655.0,328.0,12.8,6.0,0.0,0.0
2026-01-18 09:00:00,654.5,333.3,12.8,5.3,0.0,0.0
2026-01-18 09:15:00,653.7,337.0,12.8,5.3,0.0,0.0
2026-01-18 09:30:00,655.0,336.2,12.73,5.3,0.0,0.0
2026-01-18 09:45:00,653.5,256.7,12.7,5.3,0.0,0.0
2026-01-18 10:00:00,653.7,256.0,12.7,5.1,0.0,0.0
2026-01-18 10:15:00,653.3,256.0,12.7,5.1,0.0,0.0
2026-01-18 10:30:00,654.7,256.2,12.7,5.1,0.0,0.0
2026-01-18 10:45:00,652.5,255.8,12.7,5.1,0.0,0.0
2026-01-18 11:00:00,653.7,257.2,12.7,4.8,0.0,0.0
2026-01-18 11:15:00,652.8,255.3,12.7,4.8,0.0,0.0
2026-01-18 11:45:00,654.5,254.2,12.6,4.8,0.0,0.0
2026-01-18 12:00:00,653.7,252.2,12.6,5.4,0.0,0.0
2026-01-18 12:15:00,654.7,254.0,12.6,5.4,0.0,0.0
2026-01-18 12:45:00,654.7,255.3,12.52,5.4,0.0,0.0
2026-01-18 13:00:00,654.8,255.7,12.5,5.1,0.0,0.0
2026-01-18 13:45:00,654.5,255.0,12.5,5.1,0.0,0.0
2026-01-18 14:00:00,653.8,254.0,12.5,5.2,0.0,0.0
2026-01-18 14:30:00,654.8,255.0,12.5,5.2,0.0,0.0
2026-01-18 14:45:00,652.7,254.2,12.5,5.2,0.0,0.0
2026-01-18 15:00:00,653.5,254.7,12.5,5.2,0.0,0.0
2026-01-18 15:15:00,654.2,255.8,12.5,5.2,0.0,0.0
2026-01-18 15:30:00,655.0,254.8,12.47,5.2,0.0,0.0
2026-01-18 16:00:00,655.5,254.2,12.4,5.2,0.0,16.0
2026-01-18 16:30:00,653.5,254.7,12.42,5.2,0.0,16.0
2026-01-18 16:45:00,653.8,256.0,12.5,5.2,0.0,16.0
2026-01-18 17:00:00,653.2,254.8,12.5,8.2,0.0,142.0
2026-01-18 17:15:00,654.7,255.3,12.5,8.2,0.0,142.0
2026-01-18 17:30:00,654.5,255.0,12.5,8.2,0.0,142.0
2026-01-18 18:00:00,654.3,253.2,12.6,10.9,0.0,304.0
2026-01-18 18:15:00,653.3,253.5,12.6,10.9,0.0,304.0
2026-01-18 18:30:00,652.3,256.0,12.7,10.9,0.0,304.0
2026-01-18 18:45:00,653.2,255.2,12.7,10.9,0.0,304.0
2026-01-18 19:00:00,653.0,255.3,12.78,13.9,0.0,437.0
2026-01-18 19:30:00,654.8,255.2,12.88,13.9,0.0,437.0
2026-01-18 20:00:00,654.3,254.5,13.0,15.7,0.0,514.0
2026-01-18 20:30:00,654.7,256.7,13.03,15.7,0.0,514.0
2026-01-18 21:00:00,655.5,255.7,13.1,16.6,0.0,505.0
2026-01-18 21:45:00,654.5,256.2,13.3,16.6,0.0,505.0
2026-01-18 22:45:00,652.8,257.0,13.5,16.5,0.0,433.0
2026-01-18 23:00:00,653.0,256.3,13.52,16.3,0.0,340.0
2026-01-18 23:15:00,652.8,257.7,13.6,16.3,0.0,340.0
2026-01-18 23:45:00,653.0,255.2,13.62,16.3,0.0,340.0
2026-01-19 00:00:00,653.8,256.0,13.67,16.1,0.0,235.0
2026-01-19 00:15:00,657.3,256.8,13.7,16.1,0.0,235.0
2026-01-19 00:30:00,656.2,256.3,13.7,16.1,0.0,235.0
2026-01-19 01:00:00,654.0,256.2,13.7,13.2,0.0,90.0
2026-01-19 01:15:00,654.0,256.2,13.7,13.2,0.0,90.0
2026-01-19 01:30:00,655.0,256.3,13.7,13.2,0.0,90.0
2026-01-19 01:45:00,672.0,255.8,13.62,13.2,0.0,90.0
2026-01-19 02:00:00,671.2,255.5,13.6,10.6,0.0,2.0
2026-01-19 02:45:00,667.0,255.5,13.5,10.6,0.0,2.0
2026-01-19 03:15:00,656.5,254.3,13.42,9.1,0.0,0.0
2026-01-19 03:30:00,656.3,254.0,13.4,9.1,0.0,0.0
2026-01-19 04:00:00,662.2,256.2,13.38,8.5,0.0,0.0
2026-01-19 04:45:00,657.0,255.7,13.2,8.5,0.0,0.0
2026-01-19 05:00:00,660.8,255.5,13.2,8.1,0.0,0.0
2026-01-19 05:15:00,650.0,256.3,13.2,8.1,0.0,0.0
2026-01-19 05:30:00,650.8,254.3,13.12,8.1,0.0,0.0
2026-01-19 05:45:00,653.2,255.8,13.1,8.1,0.0,0.0
2026-01-19 06:00:00,656.3,254.8,13.1,7.1,0.0,0.0
2026-01-19 06:30:00,650.3,254.5,13.0,7.1,0.0,0.0
2026-01-19 07:00:00,650.3,254.2,13.0,7.3,0.0,0.0
2026-01-19 07:30:00,651.8,253.3,12.9,7.3,0.0,0.0
2026-01-19 08:00:00,651.0,253.7,12.9,7.1,0.0,0.0
2026-01-19 09:00:00,651.5,253.7,12.8,7.0,0.0,0.0
2026-01-19 09:15:00,652.3,253.3,12.8,7.0,0.0,0.0
2026-01-19 09:45:00,652.0,253.7,12.7,7.0,0.0,0.0
2026-01-19 10:00:00,649.8,257.0,12.7,7.1,0.0,0.0
2026-01-19 10:45:00,650.2,253.3,12.6,7.1,0.0,0.0
2026-01-19 11:00:00,651.5,252.3,12.6,7.1,0.0,0.0
2026-01-19 11:15:00,649.8,253.5,12.6,7.1,0.0,0.0
2026-01-19 11:30:00,649.3,253.7,12.6,7.1,0.0,0.0
2026-01-19 12:00:00,647.2,253.5,12.5,6.7,0.0,0.0
2026-01-19 12:15:00,646.8,252.7,12.5,6.7,0.0,0.0
2026-01-19 12:30:00,646.8,254.0,12.5,6.7,0.0,0.0
2026-01-19 12:45:00,647.0,254.0,12.5,6.7,0.0,0.0
2026-01-19 13:00:00,646.5,254.5,12.5,5.6,0.0,0.0
2026-01-19 13:30:00,648.3,252.8,12.4,5.6,0.0,0.0
2026-01-19 14:00:00,650.3,255.0,12.4,4.7,0.0,0.0
2026-01-19 14:15:00,650.3,253.0,12.4,4.7,0.0,0.0
2026-01-19 14:30:00,650.5,253.5,12.4,4.7,0.0,0.0
2026-01-19 14:45:00,651.3,253.3,12.32,4.7,0.0,0.0
2026-01-19 15:00:00,651.3,252.8,12.3,4.5,0.0,0.0
2026-01-19 16:00:00,650.7,252.8,12.2,4.6,0.0,15.0
2026-01-19 16:30:00,650.5,251.5,12.2,4.6,0.0,15.0
2026-01-19 16:45:00,651.2,251.8,12.2,4.6,0.0,15.0
2026-01-19 17:00:00,651.3,252.5,12.2,7.7,0.0,125.0
2026-01-19 17:15:00,653.3,252.3,12.2,7.7,0.0,125.0
2026-01-19 18:00:00,651.7,254.3,12.3,10.5,0.0,261.0
2026-01-19 18:30:00,653.0,255.0,12.4,10.5,0.0,261.0
2026-01-19 19:00:00,654.8,253.2,12.5,13.3,0.0,406.0
2026-01-19 19:30:00,651.3,254.3,12.6,13.3,0.0,406.0
2026-01-19 19:45:00,650.8,253.3,12.6,13.3,0.0,406.0
2026-01-19 20:00:00,650.3,255.3,12.7,14.8,0.0,511.0
2026-01-19 20:30:00,665.8,255.2,12.8,14.8,0.0,511.0
2026-01-19 20:45:00,662.2,254.0,12.9,14.8,0.0,511.0
2026-01-19 21:00:00,662.3,255.3,13.0,15.1,0.0,535.0
2026-01-19 21:15:00,658.5,255.3,13.05,15.1,0.0,535.0
2026-01-19 21:30:00,655.5,255.3,13.1,15.1,0.0,535.0
2026-01-19 21:45:00,651.3,255.0,13.2,15.1,0.0,535.0
2026-01-19 22:00:00,654.7,257.2,13.2,15.0,0.0,499.0
2026-01-19 22:45:00,655.2,260.7,13.33,15.0,0.0,499.0
2026-01-19 23:00:00,654.8,257.0,13.4,14.7,0.0,397.0
2026-01-19 23:45:00,658.2,257.0,13.42,14.7,0.0,397.0
2026-01-20 00:00:00,663.0,263.8,13.42,15.0,0.0,257.0
2026-01-20 00:15:00,658.5,258.7,13.42,15.0,0.0,257.0
2026-01-20 00:45:00,651.7,255.3,13.4,15.0,0.0,257.0
2026-01-20 01:00:00,649.3,256.0,13.4,12.0,0.0,95.0
2026-01-20 01:30:00,650.7,257.7,13.38,12.0,0.0,95.0
2026-01-20 01:45:00,644.0,256.5,13.32,12.0,0.0,95.0
2026-01-20 02:30:00,647.2,256.2,13.27,9.5,0.0,2.0
2026-01-20 02:45:00,648.7,256.3,13.2,9.5,0.0,2.0
2026-01-20 03:15:00,650.7,256.2,13.2,8.2,0.0,0.0
2026-01-20 03:30:00,647.7,255.8,13.1,8.2,0.0,0.0
2026-01-20 03:45:00,649.8,256.3,13.1,8.2,0.0,0.0
2026-01-20 04:00:00,649.8,256.0,13.08,7.4,0.0,0.0
2026-01-20 04:15:00,648.8,256.3,13.0,7.4,0.0,0.0
2026-01-20 04:30:00,650.2,256.2,13.0,7.4,0.0,0.0
2026-01-20 04:45:00,652.7,255.5,12.97,7.4,0.0,0.0
2026-01-20 05:00:00,650.7,256.3,12.9,7.0,0.0,0.0
2026-01-20 05:15:00,650.8,255.5,12.9,7.0,0.0,0.0
2026-01-20 05:30:00,650.7,254.7,12.9,7.0,0.0,0.0
2026-01-20 05:45:00,650.8,256.0,12.83,7.0,0.0,0.0
2026-01-20 06:45:00,652.0,254.5,12.8,7.0,0.0,0.0
2026-01-20 07:00:00,650.2,255.3,12.73,6.7,0.0,0.0
2026-01-20 07:45:00,648.8,253.5,12.7,6.7,0.0,0.0
2026-01-20 08:00:00,650.2,255.7,12.62,5.9,0.0,0.0
2026-01-20 08:30:00,649.5,254.8,12.6,5.9,0.0,0.0
2026-01-20 08:45:00,649.7,254.5,12.6,5.9,0.0,0.0
2026-01-20 09:00:00,651.7,254.8,12.5,5.6,0.0,0.0
2026-01-20 09:30:00,650.2,255.2,12.5,5.6,0.0,0.0
2026-01-20 09:45:00,650.7,255.3,12.5,5.6,0.0,0.0
2026-01-20 10:00:00,648.0,256.5,12.42,5.4,0.0,0.0
2026-01-20 10:45:00,648.3,254.2,12.4,5.4,0.0,0.0
2026-01-20 11:00:00,648.0,255.2,12.37,5.5,0.0,0.0
2026-01-20 11:30:00,648.8,253.3,12.3,5.5,0.0,0.0
2026-01-20 11:45:00,650.8,254.7,12.3,5.5,0.0,0.0
2026-01-20 12:00:00,648.7,256.2,12.3,5.6,0.0,0.0
2026-01-20 12:45:00,648.8,254.0,12.3,5.6,0.0,0.0
2026-01-20 13:00:00,649.5,254.0,12.3,5.2,0.0,0.0
2026-01-20 13:15:00,650.8,253.8,12.2,5.2,0.0,0.0
2026-01-20 13:30:00,651.2,254.5,12.2,5.2,0.0,0.0
2026-01-20 14:00:00,650.8,255.0,12.2,4.9,0.0,0.0
2026-01-20 14:15:00,649.0,254.3,12.2,4.9,0.0,0.0
2026-01-20 14:30:00,650.3,254.2,12.2,4.9,0.0,0.0
2026-01-20 14:45:00,650.0,255.3,12.15,4.9,0.0,0.0
2026-01-20 15:00:00,650.7,255.5,12.12,5.1,0.0,0.0
2026-01-20 15:45:00,651.3,253.2,12.1,5.1,0.0,0.0
2026-01-20 16:00:00,652.2,254.2,12.1,5.1,0.0,14.0
2026-01-20 16:30:00,651.8,254.0,12.1,5.1,0.0,14.0
2026-01-20 17:00:00,652.3,253.2,12.12,7.2,0.0,106.0
2026-01-20 17:30:00,650.3,255.0,12.2,7.2,0.0,106.0
2026-01-20 18:00:00,649.2,255.8,12.2,9.2,0.0,251.0
2026-01-20 19:00:00,651.7,257.0,12.4,11.3,0.0,378.0
2026-01-20 19:15:00,652.7,257.2,12.4,11.3,0.0,378.0
2026-01-20 20:00:00,653.3,257.5,12.52,12.6,0.0,442.0
2026-01-20 20:30:00,652.3,255.2,12.6,12.6,0.0,442.0
2026-01-20 21:00:00,652.5,256.5,12.7,13.8,0.0,457.0
2026-01-20 21:15:00,654.8,256.0,12.8,13.8,0.0,457.0
2026-01-20 21:30:00,652.8,257.7,12.8,13.8,0.0,457.0
2026-01-20 21:45:00,656.7,258.0,12.8,13.8,0.0,457.0
2026-01-20 22:00:00,653.7,257.5,12.9,14.1,0.0,384.0
2026-01-20 22:30:00,653.2,265.8,13.0,14.1,0.0,384.0
2026-01-20 22:45:00,654.5,261.5,13.02,14.1,0.0,384.0
2026-01-20 23:00:00,652.5,258.7,13.1,13.7,0.0,245.0
2026-01-20 23:30:00,654.3,257.7,13.1,13.7,0.0,245.0
2026-01-21 00:00:00,655.8,256.0,13.1,12.8,0.0,94.0
2026-01-21 00:30:00,655.8,257.0,13.1,12.8,0.0,94.0
2026-01-21 00:45:00,654.2,256.0,13.1,12.8,0.0,94.0
2026-01-21 01:00:00,653.7,255.3,13.1,11.0,0.0,50.0
2026-01-21 01:45:00,650.7,255.2,13.1,11.0,0.0,50.0
2026-01-21 02:00:00,649.3,255.7,13.1,9.2,0.0,2.0
2026-01-21 02:15:00,648.2,255.0,13.1,9.2,0.0,2.0
2026-01-21 02:30:00,649.2,255.8,13.1,9.2,0.0,2.0
2026-01-21 02:45:00,647.7,256.0,13.08,9.2,0.0,2.0
2026-01-21 03:00:00,647.2,254.7,13.03,8.4,0.0,0.0
2026-01-21 03:45:00,645.5,254.7,13.0,8.4,0.0,0.0
2026-01-21 04:00:00,644.7,255.0,13.0,7.7,0.0,0.0
2026-01-21 04:30:00,644.5,255.3,12.92,7.7,0.0,0.0
2026-01-21 04:45:00,640.2,255.3,12.9,7.7,0.0,0.0
2026-01-21 05:00:00,637.7,254.5,12.9,7.2,0.0,0.0
2026-01-21 05:15:00,636.7,252.8,12.9,7.2,0.0,0.0
2026-01-21 05:45:00,634.2,253.8,12.8,7.2,0.0,0.0
2026-01-21 06:00:00,631.8,254.3,12.8,7.0,0.0,0.0
2026-01-21 06:30:00,632.0,254.0,12.8,7.0,0.0,0.0
2026-01-21 06:45:00,633.0,255.5,12.8,7.0,0.0,0.0
2026-01-21 07:00:00,633.8,254.0,12.72,7.4,0.0,0.0
2026-01-21 07:15:00,633.7,254.0,12.7,7.4,0.0,0.0
2026-01-21 07:30:00,633.8,253.8,12.7,7.4,0.0,0.0
2026-01-21 07:45:00,636.7,253.8,12.7,7.4,0.0,0.0
2026-01-21 08:00:00,635.2,254.3,12.7,7.1,0.0,0.0
2026-01-21 08:15:00,636.5,254.8,12.7,7.1,0.0,0.0
2026-01-21 08:45:00,639.2,254.7,12.63,7.1,0.0,0.0
2026-01-21 09:30:00,640.7,253.7,12.6,6.7,0.0,0.0
2026-01-21 09:45:00,641.2,254.5,12.6,6.7,0.0,0.0
2026-01-21 10:00:00,639.7,254.8,12.6,6.5,0.0,0.0
2026-01-21 10:15:00,642.2,255.0,12.6,6.5,0.0,0.0
2026-01-21 10:30:00,641.7,254.2,12.6,6.5,0.0,0.0
2026-01-21 10:45:00,642.8,254.0,12.55,6.5,0.0,0.0
2026-01-21 11:00:00,643.7,254.7,12.5,6.2,0.0,0.0
2026-01-21 11:15:00,643.3,253.7,12.5,6.2,0.0,0.0
2026-01-21 11:30:00,642.8,253.0,12.5,6.2,0.0,0.0
2026-01-21 11:45:00,644.5,252.3,12.5,6.2,0.0,0.0
2026-01-21 12:00:00,643.7,253.7,12.5,6.4,0.0,0.0
2026-01-21 12:15:00,642.3,251.8,12.48,6.4,0.0,0.0
2026-01-21 12:45:00,643.2,252.3,12.4,6.4,0.0,0.0
2026-01-21 13:00:00,643.3,251.3,12.4,5.9,0.0,0.0
2026-01-21 13:45:00,643.8,252.5,12.4,5.9,0.0,0.0
2026-01-21 14:00:00,645.2,251.7,12.32,5.6,0.0,0.0
2026-01-21 14:30:00,647.5,251.8,12.3,5.6,0.0,0.0
2026-01-21 15:00:00,646.2,251.2,12.3,5.1,0.0,0.0
2026-01-21 15:15:00,650.2,252.7,12.28,5.1,0.0,0.0
2026-01-21 15:30:00,648.8,251.3,12.2,5.1,0.0,0.0
2026-01-21 15:45:00,647.0,250.3,12.2,5.1,0.0,0.0
2026-01-21 16:00:00,648.8,250.7,12.2,5.4,0.0,14.0
2026-01-21 16:15:00,648.0,251.2,12.2,5.4,0.0,14.0
2026-01-21 16:30:00,648.0,251.3,12.2,5.4,0.0,14.0
2026-01-21 16:45:00,648.0,251.2,12.2,5.4,0.0,14.0
2026-01-21 17:00:00,647.5,251.0,12.2,8.4,0.0,106.0
2026-01-21 17:15:00,648.5,251.7,12.2,8.4,0.0,106.0
2026-01-21 17:30:00,647.8,250.8,12.2,8.4,0.0,106.0
2026-01-21 17:45:00,649.3,251.2,12.2,8.4,0.0,106.0
2026-01-21 18:00:00,650.5,250.8,12.22,9.7,0.0,179.0
2026-01-21 18:30:00,648.0,251.7,12.3,9.7,0.0,179.0
2026-01-21 19:15:00,648.2,253.0,12.4,11.2,0.0,251.0
2026-01-21 20:00:00,649.8,254.0,12.5,12.3,0.0,300.0
2026-01-21 20:15:00,651.2,252.8,12.5,12.3,0.0,300.0
2026-01-21 21:00:00,650.7,252.3,12.62,12.9,0.0,288.0
2026-01-21 21:30:00,651.0,252.2,12.7,12.9,0.0,288.0
2026-01-21 21:45:00,649.3,253.5,12.8,12.9,0.0,288.0
2026-01-21 22:00:00,648.5,252.3,12.8,13.3,0.0,291.0
2026-01-21 22:30:00,649.7,252.5,12.83,13.3,0.0,291.0
2026-01-21 23:00:00,649.8,253.8,12.9,13.4,0.0,212.0
2026-01-21 23:15:00,650.2,253.3,12.9,13.4,0.0,212.0
2026-01-21 23:30:00,650.5,253.0,13.0,13.4,0.0,212.0
2026-01-22 00:45:00,650.7,253.7,13.0,11.9,0.0,84.0
2026-01-22 01:00:00,650.3,254.5,13.0,10.4,0.0,32.0
2026-01-22 01:30:00,650.3,253.2,13.0,10.4,0.0,32.0
2026-01-22 01:45:00,650.2,253.8,13.0,10.4,0.0,32.0
2026-01-22 02:00:00,650.7,255.5,13.0,9.3,0.0,1.0
2026-01-22 02:30:00,649.8,254.8,13.0,9.3,0.0,1.0
2026-01-22 02:45:00,650.0,253.3,13.0,9.3,0.0,1.0
2026-01-22 03:00:00,649.5,254.5,13.0,9.1,0.0,0.0
2026-01-22 03:15:00,649.2,254.0,13.02,9.1,0.0,0.0
2026-01-22 04:00:00,650.8,255.0,13.0,8.5,0.0,0.0
2026-01-22 04:45:00,650.0,253.3,13.0,8.5,0.0,0.0
2026-01-22 05:00:00,650.3,251.3,13.0,8.2,0.0,0.0
2026-01-22 05:15:00,651.0,252.7,13.0,8.2,0.0,0.0
2026-01-22 05:30:00,650.8,252.5,13.0,8.2,0.0,0.0
2026-01-22 05:45:00,649.7,252.8,12.95,8.2,0.0,0.0
2026-01-22 06:00:00,648.8,252.7,12.92,8.0,0.0,0.0
2026-01-22 06:30:00,648.2,253.2,12.9,8.0,0.0,0.0
2026-01-22 06:45:00,649.5,252.8,12.9,8.0,0.0,0.0
2026-01-22 07:00:00,650.5,252.8,12.9,8.2,0.0,0.0
2026-01-22 07:15:00,649.0,252.0,12.9,8.2,0.0,0.0
2026-01-22 07:45:00,650.7,253.2,12.9,8.2,0.0,0.0
2026-01-22 08:00:00,649.3,252.0,12.9,8.3,0.0,0.0
2026-01-22 08:45:00,650.3,251.8,12.9,8.3,0.0,0.0
2026-01-22 09:00:00,650.3,251.3,12.82,8.2,0.0,0.0
2026-01-22 09:15:00,650.3,252.5,12.8,8.2,0.0,0.0
2026-01-22 09:45:00,649.5,252.0,12.8,8.2,0.0,0.0
2026-01-22 10:00:00,649.8,251.8,12.8,7.9,0.0,0.0
2026-01-22 10:15:00,648.5,252.7,12.8,7.9,0.0,0.0
2026-01-22 10:45:00,647.3,251.8,12.8,7.9,0.0,0.0
2026-01-22 11:00:00,647.5,251.8,12.8,7.4,0.0,0.0
2026-01-22 11:15:00,648.8,253.0,12.8,7.4,0.0,0.0
2026-01-22 11:30:00,647.5,251.8,12.8,7.4,0.0,0.0
2026-01-22 11:45:00,648.8,250.8,12.8,7.4,0.0,0.0
2026-01-22 12:00:00,648.3,251.2,12.73,7.2,0.0,0.0
2026-01-22 12:30:00,648.8,252.3,12.7,7.2,0.0,0.0
2026-01-22 12:45:00,649.2,252.2,12.7,7.2,0.0,0.0
2026-01-22 13:00:00,647.2,252.0,12.7,6.1,0.0,0.0
2026-01-22 13:45:00,649.0,251.2,12.63,6.1,0.0,0.0
2026-01-22 14:30:00,649.3,250.3,12.52,6.2,0.0,0.0
2026-01-22 14:45:00,647.8,250.7,12.5,6.2,0.0,0.0
2026-01-22 15:00:00,647.3,250.5,12.5,6.1,0.0,0.0
2026-01-22 15:30:00,649.2,250.0,12.42,6.1,0.0,0.0
2026-01-22 16:00:00,649.3,249.3,12.4,7.1,0.0,17.0
2026-01-22 16:15:00,647.7,249.3,12.4,7.1,0.0,17.0
2026-01-22 16:45:00,648.2,250.0,12.4,7.1,0.0,17.0
2026-01-22 17:00:00,648.7,251.0,12.4,9.6,0.0,143.0
2026-01-22 17:30:00,648.2,250.3,12.4,9.6,0.0,143.0
2026-01-22 17:45:00,648.8,250.3,12.4,9.6,0.0,143.0
2026-01-22 18:00:00,647.5,249.8,12.4,11.4,0.0,261.0
2026-01-22 18:15:00,646.8,252.0,12.43,11.4,0.0,261.0
2026-01-22 18:45:00,647.2,251.2,12.5,11.4,0.0,261.0
2026-01-22 19:00:00,649.2,251.2,12.52,13.3,0.0,401.0
2026-01-22 19:15:00,649.2,252.3,12.6,13.3,0.0,401.0
2026-01-22 19:30:00,648.5,252.0,12.6,13.3,0.0,401.0
2026-01-22 19:45:00,648.0,251.7,12.7,13.3,0.0,401.0
2026-01-22 20:00:00,647.5,253.0,12.7,14.5,0.0,478.0
2026-01-22 20:15:00,649.2,251.0,12.8,14.5,0.0,478.0
2026-01-22 21:00:00,648.5,252.7,12.95,14.9,0.0,523.0
2026-01-22 22:15:00,648.2,253.2,13.2,15.6,0.0,496.0
2026-01-22 23:45:00,649.2,253.5,13.32,15.7,0.0,400.0
2026-01-23 00:00:00,649.3,252.0,13.32,16.1,0.0,261.0
2026-01-23 00:30:00,649.5,251.7,13.32,16.1,0.0,261.0
2026-01-23 00:45:00,648.3,252.5,13.32,16.1,0.0,261.0
2026-01-23 01:00:00,648.0,251.8,13.32,13.4,0.0,100.0
2026-01-23 01:30:00,648.2,248.7,13.3,13.4,0.0,100.0
2026-01-23 01:45:00,648.3,248.0,13.23,13.4,0.0,100.0
2026-01-23 02:00:00,649.2,249.5,13.2,10.8,0.0,3.0
2026-01-23 02:30:00,648.3,248.8,13.2,10.8,0.0,3.0
2026-01-23 02:45:00,649.3,248.3,13.2,10.8,0.0,3.0
2026-01-23 03:00:00,648.2,248.5,13.1,9.7,0.0,0.0
2026-01-23 03:45:00,648.2,247.3,13.1,9.7,0.0,0.0
2026-01-23 04:00:00,649.0,247.8,13.1,9.6,0.0,0.0
2026-01-23 04:45:00,647.7,247.0,13.0,9.6,0.0,0.0
2026-01-23 05:00:00,647.5,248.3,13.0,9.1,0.0,0.0
2026-01-23 05:15:00,648.2,248.3,13.0,9.1,0.0,0.0
2026-01-23 06:00:00,648.0,248.0,12.9,8.3,0.0,0.0
2026-01-23 06:15:00,648.2,248.0,12.9,8.3,0.0,0.0
2026-01-23 06:45:00,646.5,247.5,12.9,8.3,0.0,0.0
2026-01-23 07:00:00,648.7,246.3,12.8,8.3,0.0,0.0
2026-01-23 07:30:00,645.8,246.2,12.8,8.3,0.0,0.0
2026-01-23 07:45:00,648.0,245.5,12.8,8.3,0.0,0.0
2026-01-23 08:00:00,646.5,246.8,12.8,8.5,0.0,0.0
2026-01-23 08:30:00,648.0,247.5,12.8,8.5,0.0,0.0
2026-01-23 09:00:00,648.0,247.0,12.8,8.4,0.0,0.0
2026-01-23 09:15:00,649.3,246.5,12.8,8.4,0.0,0.0
2026-01-23 09:30:00,648.5,245.8,12.8,8.4,0.0,0.0
2026-01-23 09:45:00,647.5,246.5,12.8,8.4,0.0,0.0
2026-01-23 10:00:00,648.7,248.8,12.8,8.3,0.0,0.0
2026-01-23 10:30:00,648.0,249.3,12.8,8.3,0.0,0.0
2026-01-23 10:45:00,646.3,248.0,12.8,8.3,0.0,0.0
2026-01-23 11:00:00,648.7,248.5,12.8,8.7,0.0,0.0
2026-01-23 11:45:00,645.0,246.7,12.8,8.7,0.0,0.0
2026-01-23 12:00:00,643.3,247.2,12.8,8.8,0.0,0.0
2026-01-23 12:15:00,643.0,246.8,12.8,8.8,0.0,0.0
2026-01-23 12:30:00,641.8,246.8,12.8,8.8,0.0,0.0
2026-01-23 13:00:00,642.5,247.2,12.8,9.0,0.0,0.0
2026-01-23 13:30:00,643.5,246.8,12.72,9.0,0.0,0.0
2026-01-23 14:00:00,642.8,246.2,12.7,8.8,0.0,0.0
2026-01-23 14:15:00,645.2,246.8,12.7,8.8,0.0,0.0
2026-01-23 14:30:00,647.5,247.3,12.7,8.8,0.0,0.0
2026-01-23 14:45:00,645.8,247.7,12.7,8.8,0.0,0.0
2026-01-23 15:00:00,647.3,250.0,12.7,8.9,0.0,0.0
2026-01-23 15:15:00,646.2,248.7,12.7,8.9,0.0,0.0
2026-01-23 15:30:00,645.7,248.8,12.7,8.9,0.0,0.0
2026-01-23 16:00:00,646.7,247.3,12.7,8.8,0.0,9.0
2026-01-23 16:30:00,645.7,247.0,12.7,8.8,0.0,9.0
2026-01-23 17:00:00,643.8,247.2,12.7,9.1,0.0,87.0
2026-01-23 17:45:00,644.8,249.2,12.7,9.1,0.0,87.0
2026-01-23 18:00:00,645.3,248.5,12.7,9.8,0.0,201.0
2026-01-23 18:30:00,646.0,248.8,12.7,9.8,0.0,201.0
2026-01-23 19:00:00,647.7,246.8,12.72,11.2,0.0,293.0
2026-01-23 19:15:00,647.7,247.5,12.8,11.2,0.0,293.0
2026-01-23 19:30:00,645.3,247.2,12.8,11.2,0.0,293.0
2026-01-23 19:45:00,646.0,248.5,12.8,11.2,0.0,293.0
2026-01-23 20:00:00,647.7,250.2,12.8,11.9,0.0,317.0
2026-01-23 20:30:00,647.8,248.0,12.83,11.9,0.0,317.0
2026-01-23 20:45:00,648.5,246.8,12.9,11.9,0.0,317.0
2026-01-23 21:00:00,647.3,247.0,12.9,12.5,0.0,346.0
2026-01-23 21:15:00,646.7,248.0,12.9,12.5,0.0,346.0
2026-01-23 21:30:00,648.5,248.0,12.9,12.5,0.0,346.0
2026-01-23 21:45:00,649.3,247.2,12.92,12.5,0.0,346.0
2026-01-23 22:00:00,649.0,247.7,12.95,13.0,0.0,388.0
2026-01-24 00:00:00,646.3,248.0,13.1,12.0,0.0,265.0
2026-01-24 00:30:00,647.2,248.0,13.03,12.0,0.0,265.0
2026-01-24 00:45:00,646.3,248.3,13.0,12.0,0.0,265.0
2026-01-24 01:00:00,647.3,247.3,13.0,10.7,0.0,101.0
2026-01-24 01:15:00,647.3,247.5,13.0,10.7,0.0,101.0
2026-01-24 01:45:00,646.3,247.7,13.0,10.7,0.0,101.0
2026-01-24 02:00:00,648.5,247.0,12.98,8.9,0.0,4.0
2026-01-24 03:00:00,646.8,247.2,12.9,8.3,0.0,0.0
2026-01-24 03:15:00,647.5,247.2,12.8,8.3,0.0,0.0
2026-01-24 03:30:00,648.0,246.7,12.8,8.3,0.0,0.0
2026-01-24 03:45:00,647.8,246.8,12.8,8.3,0.0,0.0
2026-01-24 04:00:00,648.2,245.8,12.72,7.6,0.0,0.0
2026-01-24 04:15:00,648.0,245.3,12.7,7.6,0.0,0.0
2026-01-24 04:30:00,648.0,245.2,12.7,7.6,0.0,0.0
2026-01-24 04:45:00,647.3,243.5,12.7,7.6,0.0,0.0
2026-01-24 05:00:00,648.2,243.8,12.7,7.1,0.0,0.0
2026-01-24 05:15:00,646.8,243.0,12.7,7.1,0.0,0.0
2026-01-24 05:30:00,646.5,244.5,12.7,7.1,0.0,0.0
2026-01-24 05:45:00,646.8,243.0,12.7,7.1,0.0,0.0
2026-01-24 06:00:00,646.5,243.0,12.62,8.2,0.0,0.0
2026-01-24 06:15:00,647.3,242.5,12.6,8.2,0.0,0.0
2026-01-24 06:30:00,645.3,242.8,12.6,8.2,0.0,0.0
2026-01-24 06:45:00,646.5,243.2,12.6,8.2,0.0,0.0
2026-01-24 07:00:00,646.5,242.3,12.6,8.2,0.0,0.0
2026-01-24 07:30:00,646.5,244.0,12.6,8.2,0.0,0.0
2026-01-24 07:45:00,644.8,243.2,12.6,8.2,0.0,0.0
2026-01-24 08:00:00,645.2,243.2,12.6,8.7,0.0,0.0
2026-01-24 08:30:00,645.3,242.0,12.6,8.7,0.0,0.0
2026-01-24 09:00:00,645.5,243.0,12.6,8.8,0.0,0.0
2026-01-24 09:15:00,645.0,242.2,12.6,8.8,0.0,0.0
2026-01-24 10:00:00,645.8,241.2,12.6,8.9,0.0,0.0
2026-01-24 10:30:00,645.5,241.0,12.5,8.9,0.0,0.0
2026-01-24 10:45:00,646.3,240.3,12.5,8.9,0.0,0.0
2026-01-24 11:00:00,643.5,240.2,12.5,8.8,0.0,0.0
2026-01-24 11:15:00,644.8,241.0,12.5,8.8,0.0,0.0
2026-01-24 11:30:00,643.3,240.7,12.4,8.8,0.0,0.0
2026-01-24 11:45:00,645.0,240.8,12.4,8.8,0.0,0.0
2026-01-24 12:00:00,643.7,240.3,12.4,6.8,0.0,0.0
2026-01-24 12:15:00,643.0,240.8,12.3,6.8,0.0,0.0
2026-01-24 12:30:00,643.7,241.0,12.3,6.8,0.0,0.0
2026-01-24 12:45:00,645.2,240.3,12.3,6.8,0.0,0.0
2026-01-24 13:00:00,645.0,240.3,12.2,6.6,0.0,0.0
2026-01-24 13:15:00,644.8,239.7,12.2,6.6,0.0,0.0
2026-01-24 13:45:00,646.8,239.8,12.1,6.6,0.0,0.0
2026-01-24 14:00:00,645.5,238.8,12.1,6.3,0.0,0.0
2026-01-24 14:15:00,643.8,240.5,12.1,6.3,0.0,0.0
2026-01-24 14:45:00,644.3,239.8,12.0,6.3,0.0,0.0
2026-01-24 15:00:00,645.3,240.3,12.0,5.8,0.0,0.0
2026-01-24 15:15:00,646.5,238.8,11.9,5.8,0.0,0.0
2026-01-24 15:45:00,644.7,239.0,11.9,5.8,0.0,0.0
2026-01-24 16:00:00,644.8,238.3,11.9,6.5,0.0,18.0
2026-01-24 16:30:00,645.0,238.3,11.8,6.5,0.0,18.0
2026-01-24 16:45:00,644.8,239.3,11.8,6.5,0.0,18.0
2026-01-24 17:00:00,647.7,238.8,11.8,9.0,0.0,137.0
2026-01-24 17:15:00,646.5,239.0,11.8,9.0,0.0,137.0
2026-01-24 17:30:00,646.2,238.8,11.82,9.0,0.0,137.0
2026-01-24 18:45:00,645.5,240.2,12.0,11.3,0.0,312.0
2026-01-24 19:00:00,646.2,240.8,12.0,13.0,0.0,455.0
2026-01-24 19:15:00,646.2,240.3,12.0,13.0,0.0,455.0
2026-01-24 19:30:00,647.2,240.8,12.0,13.0,0.0,455.0
2026-01-24 19:45:00,644.3,238.8,12.1,13.0,0.0,455.0
2026-01-24 20:00:00,643.8,240.2,12.1,14.5,0.0,552.0
2026-01-24 20:15:00,646.3,240.0,12.1,14.5,0.0,552.0
2026-01-24 20:30:00,646.3,239.5,12.2,14.5,0.0,552.0
2026-01-24 20:45:00,645.7,239.8,12.2,14.5,0.0,552.0
2026-01-24 21:45:00,646.5,240.2,12.32,15.7,0.0,579.0
2026-01-24 22:00:00,647.3,237.8,12.4,16.2,0.0,541.0
2026-01-24 22:15:00,645.3,239.0,12.4,16.2,0.0,541.0
2026-01-24 22:45:00,646.0,239.5,12.4,16.2,0.0,541.0
2026-01-24 23:15:00,646.8,240.2,12.5,16.0,0.0,441.0
2026-01-24 23:30:00,646.5,241.2,12.5,16.0,0.0,441.0
2026-01-24 23:45:00,644.8,240.2,12.5,16.0,0.0,441.0
2026-01-25 00:00:00,645.8,242.3,12.5,16.2,0.0,291.0
2026-01-25 00:30:00,646.8,240.0,12.52,16.2,0.0,291.0
2026-01-25 00:45:00,646.3,239.0,12.52,16.2,0.0,291.0
2026-01-25 01:00:00,645.8,239.8,12.58,13.5,0.0,118.0
2026-01-25 01:30:00,644.8,240.0,12.6,13.5,0.0,118.0
2026-01-25 01:45:00,644.8,239.8,12.5,13.5,0.0,118.0
2026-01-25 02:00:00,643.8,238.8,12.5,10.7,0.0,5.0
2026-01-25 02:15:00,643.3,240.7,12.5,10.7,0.0,5.0
2026-01-25 02:30:00,644.0,239.0,12.4,10.7,0.0,5.0
2026-01-25 02:45:00,645.5,239.0,12.4,10.7,0.0,5.0
2026-01-25 03:00:00,644.5,239.7,12.4,9.5,0.0,0.0
2026-01-25 03:15:00,644.0,238.7,12.3,9.5,0.0,0.0
2026-01-25 03:30:00,645.0,237.5,12.3,9.5,0.0,0.0
2026-01-25 04:00:00,644.7,238.0,12.2,8.9,0.0,0.0
2026-01-25 04:45:00,645.3,237.0,12.1,8.9,0.0,0.0
2026-01-25 05:00:00,645.3,236.7,12.02,8.2,0.0,0.0
2026-01-25 05:45:00,645.2,235.3,11.9,8.2,0.0,0.0
2026-01-25 06:00:00,643.3,235.5,11.9,7.3,0.0,0.0
2026-01-25 06:30:00,643.5,236.0,11.8,7.3,0.0,0.0
2026-01-25 06:45:00,643.3,235.3,11.8,7.3,0.0,0.0
2026-01-25 07:00:00,641.7,235.5,11.8,7.8,0.0,0.0
2026-01-25 07:15:00,642.7,236.5,11.7,7.8,0.0,0.0
2026-01-25 07:45:00,644.7,234.8,11.7,7.8,0.0,0.0
2026-01-25 08:00:00,642.7,236.2,11.7,8.3,0.0,0.0
2026-01-25 08:45:00,645.5,237.3,11.6,8.3,0.0,0.0
2026-01-25 09:00:00,644.7,236.8,11.6,7.0,0.0,0.0
2026-01-25 09:45:00,643.3,239.0,11.6,7.0,0.0,0.0
2026-01-25 10:30:00,643.2,237.0,11.6,5.2,0.0,0.0
2026-01-25 10:45:00,643.3,238.0,11.5,5.2,0.0,0.0
2026-01-25 11:00:00,642.8,238.7,11.5,3.6,0.0,0.0
2026-01-25 11:30:00,642.7,238.3,11.5,3.6,0.0,0.0
2026-01-25 11:45:00,641.8,238.0,11.5,3.6,0.0,0.0
2026-01-25 12:00:00,643.0,238.2,11.5,3.5,0.0,0.0
2026-01-25 12:30:00,642.2,238.7,11.42,3.5,0.0,0.0
2026-01-25 12:45:00,640.8,237.8,11.4,3.5,0.0,0.0
2026-01-25 13:00:00,641.5,237.7,11.4,3.3,0.0,0.0
2026-01-25 13:15:00,644.0,238.5,11.4,3.3,0.0,0.0
2026-01-25 13:30:00,646.2,237.7,11.33,3.3,0.0,0.0
2026-01-25 13:45:00,643.5,237.7,11.3,3.3,0.0,0.0
2026-01-25 14:00:00,644.7,236.7,11.3,3.1,0.0,0.0
2026-01-25 14:15:00,642.5,236.5,11.3,3.1,0.0,0.0
2026-01-25 14:45:00,642.7,236.5,11.3,3.1,0.0,0.0
2026-01-25 15:00:00,643.7,236.8,11.3,3.0,0.0,0.0
2026-01-25 15:45:00,645.8,237.7,11.25,3.0,0.0,0.0
2026-01-25 16:00:00,642.2,236.5,11.22,3.5,0.0,14.0
2026-01-25 16:15:00,644.3,236.7,11.27,3.5,0.0,14.0
2026-01-25 16:30:00,642.2,236.3,11.3,3.5,0.0,14.0
2026-01-25 17:15:00,644.3,237.0,11.3,5.2,0.0,85.0
2026-01-25 17:45:00,644.7,238.0,11.33,5.2,0.0,85.0
2026-01-25 18:00:00,643.8,237.2,11.4,6.9,0.0,150.0
2026-01-25 18:30:00,645.3,236.0,11.4,6.9,0.0,150.0
2026-01-25 18:45:00,645.7,236.5,11.42,6.9,0.0,150.0
2026-01-25 19:00:00,644.0,236.0,11.5,8.3,0.0,230.0
2026-01-25 19:15:00,643.3,236.8,11.5,8.3,0.0,230.0
2026-01-25 19:30:00,644.2,237.5,11.5,8.3,0.0,230.0
2026-01-25 20:00:00,643.3,238.0,11.6,9.6,0.0,322.0
2026-01-25 20:15:00,645.5,236.7,11.62,9.6,0.0,322.0
2026-01-25 20:30:00,644.3,237.3,11.7,9.6,0.0,322.0
2026-01-25 20:45:00,645.5,237.0,11.7,9.6,0.0,322.0
2026-01-25 21:00:00,643.5,237.3,11.8,10.5,0.0,376.0
2026-01-25 21:30:00,644.3,237.3,11.82,10.5,0.0,376.0
2026-01-25 21:45:00,642.2,236.8,11.9,10.5,0.0,376.0
2026-01-25 22:00:00,643.8,238.3,11.9,10.9,0.0,361.0
2026-01-25 22:45:00,644.2,239.0,12.0,10.9,0.0,361.0
2026-01-25 23:00:00,642.3,239.0,12.0,11.1,0.0,300.0
2026-01-25 23:15:00,644.0,238.3,12.08,11.1,0.0,300.0
2026-01-25 23:30:00,644.2,238.0,12.1,11.1,0.0,300.0
2026-01-25 23:45:00,643.7,238.0,12.1,11.1,0.0,300.0
2026-01-26 00:00:00,643.7,238.3,12.1,9.8,0.0,141.0
2026-01-26 00:30:00,642.3,237.2,12.13,9.8,0.0,141.0
2026-01-26 01:00:00,642.3,237.8,12.2,8.4,0.0,66.0
2026-01-26 01:30:00,642.8,237.5,12.2,8.4,0.0,66.0
2026-01-26 01:45:00,641.3,237.8,12.2,8.4,0.0,66.0
2026-01-26 02:00:00,642.7,238.0,12.12,6.7,0.0,4.0
2026-01-26 02:15:00,644.3,237.8,12.1,6.7,0.0,4.0
2026-01-26 02:30:00,643.2,236.8,12.1,6.7,0.0,4.0
2026-01-26 03:00:00,641.8,236.7,12.08,6.1,0.0,0.0
2026-01-26 03:30:00,642.0,236.3,12.0,6.1,0.0,0.0
2026-01-26 03:45:00,640.7,237.7,12.0,6.1,0.0,0.0
2026-01-26 04:30:00,643.0,237.0,11.9,5.7,0.0,0.0
2026-01-26 04:45:00,644.0,236.5,11.9,5.7,0.0,0.0
2026-01-26 05:00:00,642.0,236.3,11.9,5.4,0.0,0.0
2026-01-26 05:30:00,643.2,236.2,11.82,5.4,0.0,0.0
2026-01-26 06:15:00,643.0,237.5,11.8,5.3,0.0,0.0
2026-01-26 06:30:00,641.8,237.2,11.8,5.3,0.0,0.0
2026-01-26 06:45:00,643.8,237.2,11.7,5.3,0.0,0.0
2026-01-26 07:00:00,643.7,236.2,11.7,5.4,0.0,0.0
2026-01-26 07:30:00,643.2,235.0,11.7,5.4,0.0,0.0
2026-01-26 07:45:00,642.8,235.5,11.7,5.4,0.0,0.0
2026-01-26 08:00:00,644.3,234.8,11.7,5.4,0.0,0.0
2026-01-26 08:30:00,641.8,235.3,11.7,5.4,0.0,0.0
2026-01-26 09:15:00,643.5,236.7,11.65,5.1,0.0,0.0
2026-01-26 09:30:00,646.0,236.8,11.6,5.1,0.0,0.0
2026-01-26 09:45:00,643.5,236.2,11.6,5.1,0.0,0.0
2026-01-26 10:45:00,643.2,236.2,11.6,4.9,0.0,0.0
2026-01-26 11:00:00,642.7,237.2,11.6,4.8,0.0,0.0
2026-01-26 11:30:00,641.8,237.7,11.6,4.8,0.0,0.0
2026-01-26 11:45:00,641.8,237.8,11.6,4.8,0.0,0.0
2026-01-26 12:00:00,641.3,236.8,11.6,5.2,0.0,0.0
2026-01-26 12:15:00,640.5,235.3,11.6,5.2,0.0,0.0
2026-01-26 12:30:00,639.7,235.3,11.6,5.2,0.0,0.0
2026-01-26 13:00:00,640.7,235.5,11.6,5.0,0.0,0.0
2026-01-26 13:45:00,639.3,235.5,11.6,5.0,0.0,0.0
2026-01-26 14:00:00,639.3,236.7,11.6,4.5,0.0,0.0
2026-01-26 14:15:00,640.3,236.3,11.6,4.5,0.0,0.0
2026-01-26 14:45:00,642.7,235.2,11.6,4.5,0.0,0.0
2026-01-26 15:30:00,642.0,234.8,11.5,4.2,0.0,0.0
2026-01-26 15:45:00,641.8,234.8,11.5,4.2,0.0,0.0
2026-01-26 16:00:00,641.2,234.3,11.5,4.0,0.0,18.0
2026-01-26 16:45:00,642.3,235.2,11.4,4.0,0.0,18.0
2026-01-26 17:15:00,643.8,234.3,11.4,5.6,0.0,127.0
2026-01-26 17:45:00,642.8,232.8,11.5,5.6,0.0,127.0
2026-01-26 18:30:00,642.7,234.8,11.5,7.7,0.0,279.0
2026-01-26 18:45:00,643.2,234.2,11.6,7.7,0.0,279.0
2026-01-26 19:00:00,644.0,234.3,11.6,10.6,0.0,426.0
2026-01-26 19:45:00,645.0,234.3,11.7,10.6,0.0,426.0
2026-01-26 20:00:00,645.3,235.0,11.72,12.7,0.0,553.0
2026-01-26 20:15:00,644.2,235.8,11.8,12.7,0.0,553.0
2026-01-26 20:30:00,644.3,235.7,11.88,12.7,0.0,553.0
2026-01-26 20:45:00,643.3,236.3,11.9,12.7,0.0,553.0
2026-01-26 21:00:00,643.3,237.3,11.92,14.1,0.0,573.0
2026-01-26 22:00:00,644.2,237.3,12.13,14.7,0.0,531.0
2026-01-26 22:30:00,643.7,235.8,12.2,14.7,0.0,531.0
2026-01-26 23:00:00,642.0,234.7,12.3,14.6,0.0,425.0
2026-01-26 23:15:00,641.5,235.0,12.33,14.6,0.0,425.0
2026-01-26 23:30:00,638.8,236.2,12.4,14.6,0.0,425.0
2026-01-26 23:45:00,638.0,234.3,12.4,14.6,0.0,425.0
2026-01-27 00:30:00,640.8,236.3,12.43,13.8,0.0,284.0
2026-01-27 00:45:00,640.5,236.3,12.5,13.8,0.0,284.0
2026-01-27 01:00:00,639.3,236.5,12.5,11.5,0.0,114.0
2026-01-27 01:15:00,640.0,238.0,12.5,11.5,0.0,114.0
2026-01-27 01:30:00,642.5,235.3,12.5,11.5,0.0,114.0
2026-01-27 01:45:00,642.8,236.3,12.45,11.5,0.0,114.0
2026-01-27 02:00:00,643.2,235.2,12.4,8.9,0.0,6.0
2026-01-27 02:45:00,642.8,235.8,12.4,8.9,0.0,6.0
2026-01-27 03:00:00,643.2,237.2,12.3,7.3,0.0,0.0
2026-01-27 03:30:00,643.2,236.5,12.3,7.3,0.0,0.0
2026-01-27 03:45:00,643.7,235.3,12.3,7.3,0.0,0.0
2026-01-27 04:00:00,643.0,234.7,12.2,6.3,0.0,0.0
2026-01-27 04:15:00,643.5,234.5,12.2,6.3,0.0,0.0
2026-01-27 04:30:00,643.0,234.8,12.2,6.3,0.0,0.0
2026-01-27 04:45:00,641.7,236.0,12.2,6.3,0.0,0.0
2026-01-27 05:00:00,641.2,233.5,12.1,5.8,0.0,0.0
2026-01-27 05:45:00,641.0,230.2,12.1,5.8,0.0,0.0
2026-01-27 06:00:00,641.0,230.3,12.0,5.5,0.0,0.0
2026-01-27 06:30:00,642.0,230.0,12.0,5.5,0.0,0.0
2026-01-27 06:45:00,642.2,230.7,12.0,5.5,0.0,0.0
2026-01-27 07:00:00,643.5,230.2,11.92,5.1,0.0,0.0
2026-01-27 07:30:00,641.7,229.7,11.9,5.1,0.0,0.0
2026-01-27 07:45:00,641.3,230.2,11.9,5.1,0.0,0.0
2026-01-27 08:00:00,640.3,230.0,11.9,4.8,0.0,0.0
2026-01-27 08:45:00,641.2,230.3,11.8,4.8,0.0,0.0
2026-01-27 09:00:00,641.2,230.2,11.8,4.7,0.0,0.0
2026-01-27 09:30:00,642.7,229.5,11.8,4.7,0.0,0.0
2026-01-27 09:45:00,641.8,229.7,11.8,4.7,0.0,0.0
2026-01-27 10:00:00,640.3,228.3,11.72,4.5,0.0,0.0
2026-01-27 10:30:00,642.0,230.0,11.7,4.5,0.0,0.0
2026-01-27 10:45:00,640.5,230.2,11.7,4.5,0.0,0.0
2026-01-27 11:00:00,640.5,230.7,11.7,4.7,0.0,0.0
2026-01-27 11:30:00,640.0,229.0,11.7,4.7,0.0,0.0
2026-01-27 12:00:00,642.2,228.7,11.6,4.4,0.0,0.0
2026-01-27 12:45:00,640.2,228.7,11.6,4.4,0.0,0.0
2026-01-27 13:00:00,639.0,229.7,11.52,3.8,0.0,0.0
2026-01-27 13:45:00,639.8,229.8,11.5,3.8,0.0,0.0
2026-01-27 14:00:00,641.7,228.8,11.5,3.7,0.0,0.0
2026-01-27 14:30:00,640.3,228.3,11.42,3.7,0.0,0.0
2026-01-27 14:45:00,641.7,227.8,11.4,3.7,0.0,0.0
2026-01-27 15:00:00,641.3,229.0,11.4,3.9,0.0,0.0
2026-01-27 15:45:00,639.2,227.5,11.4,3.9,0.0,0.0
2026-01-27 16:00:00,639.0,228.2,11.4,4.6,0.0,15.0
2026-01-27 16:30:00,639.5,227.8,11.4,4.6,0.0,15.0
2026-01-27 16:45:00,640.2,230.2,11.4,4.6,0.0,15.0
2026-01-27 17:15:00,640.3,229.0,11.4,7.1,0.0,114.0
2026-01-27 17:45:00,638.2,230.7,11.5,7.1,0.0,114.0
2026-01-27 18:00:00,641.0,233.5,11.5,9.5,0.0,273.0
2026-01-27 18:15:00,642.0,234.2,11.6,9.5,0.0,273.0
2026-01-27 18:45:00,642.0,231.3,11.7,9.5,0.0,273.0
2026-01-27 19:00:00,640.8,231.3,11.7,12.8,0.0,423.0
2026-01-27 19:15:00,640.8,231.2,11.7,12.8,0.0,423.0
2026-01-27 19:30:00,641.0,231.0,11.8,12.8,0.0,423.0
2026-01-27 19:45:00,642.2,231.3,11.8,12.8,0.0,423.0
2026-01-27 20:00:00,642.0,232.5,11.9,15.1,0.0,541.0
2026-01-27 20:15:00,640.8,232.8,11.9,15.1,0.0,541.0
2026-01-27 20:30:00,643.2,233.3,12.0,15.1,0.0,541.0
2026-01-27 20:45:00,643.0,232.2,12.0,15.1,0.0,541.0
2026-01-27 21:30:00,642.0,232.7,12.2,16.1,0.0,501.0
2026-01-27 21:45:00,642.8,231.5,12.2,16.1,0.0,501.0
2026-01-27 22:00:00,645.0,230.8,12.22,15.2,0.0,386.0
2026-01-27 22:30:00,644.3,230.5,12.3,15.2,0.0,386.0
2026-01-27 23:30:00,643.2,230.8,12.4,15.2,0.0,269.0
2026-01-27 23:45:00,644.7,230.3,12.42,15.2,0.0,269.0
2026-01-28 00:15:00,643.0,231.5,12.5,15.3,0.0,163.0
2026-01-28 00:30:00,645.3,229.3,12.5,15.3,0.0,163.0
2026-01-28 00:45:00,643.7,231.0,12.5,15.3,0.0,163.0
2026-01-28 01:00:00,643.0,230.3,12.6,14.5,0.0,39.0
2026-01-28 01:30:00,642.8,230.5,12.6,14.5,0.0,39.0
2026-01-28 01:45:00,644.0,231.0,12.6,14.5,0.0,39.0
2026-01-28 02:15:00,643.0,230.3,12.6,13.5,0.0,4.0
2026-01-28 02:45:00,641.8,231.5,12.6,13.5,0.0,4.0
2026-01-28 03:00:00,643.7,230.7,12.6,12.5,0.0,0.0
2026-01-28 03:15:00,641.2,231.0,12.6,12.5,0.0,0.0
2026-01-28 03:30:00,641.8,230.3,12.6,12.5,0.0,0.0
2026-01-28 03:45:00,643.2,236.8,12.62,12.5,0.0,0.0
2026-01-28 04:00:00,640.8,242.3,12.65,12.2,0.175,0.0
2026-01-28 04:15:00,640.3,239.8,12.65,12.2,0.175,0.0
2026-01-28 04:45:00,639.5,253.2,12.7,12.2,0.175,0.0
2026-01-28 05:15:00,630.0,248.3,12.7,11.7,0.0,0.0
2026-01-28 05:30:00,625.8,244.3,12.7,11.7,0.0,0.0
2026-01-28 05:45:00,623.0,240.3,12.7,11.7,0.0,0.0
2026-01-28 06:00:00,623.5,237.5,12.72,11.8,0.025,0.0
2026-01-28 06:30:00,628.2,235.0,12.72,11.8,0.025,0.0
2026-01-28 07:00:00,631.7,235.2,12.7,11.4,0.0,0.0
2026-01-28 07:15:00,635.8,234.8,12.7,11.4,0.0,0.0
2026-01-28 07:30:00,633.7,234.2,12.7,11.4,0.0,0.0
2026-01-28 07:45:00,631.8,233.2,12.7,11.4,0.0,0.0
2026-01-28 08:00:00,634.7,236.0,12.7,11.7,0.0,0.0
2026-01-28 09:00:00,634.5,234.2,12.77,11.8,0.0,0.0
2026-01-28 09:30:00,632.3,232.7,12.8,11.8,0.0,0.0
2026-01-28 09:45:00,631.3,233.2,12.8,11.8,0.0,0.0
2026-01-28 10:00:00,634.7,234.0,12.8,11.5,0.075,0.0
2026-01-28 10:15:00,633.2,235.0,12.8,11.5,0.075,0.0
2026-01-28 10:30:00,633.8,237.7,12.8,11.5,0.075,0.0
2026-01-28 10:45:00,635.2,237.8,12.8,11.5,0.075,0.0
2026-01-28 11:00:00,633.3,238.3,12.8,11.1,0.1,0.0
2026-01-28 11:15:00,635.2,241.2,12.8,11.1,0.1,0.0
2026-01-28 11:30:00,629.8,241.5,12.8,11.1,0.1,0.0
2026-01-28 11:45:00,625.2,244.2,12.8,11.1,0.1,0.0
2026-01-28 12:45:00,611.5,239.3,12.8,10.7,0.075,0.0
2026-01-28 14:00:00,606.8,235.5,12.7,9.7,0.0,0.0
2026-01-28 14:15:00,604.2,235.3,12.7,9.7,0.0,0.0
2026-01-28 14:30:00,603.8,234.5,12.7,9.7,0.0,0.0
2026-01-28 15:00:00,604.7,233.7,12.6,9.2,0.0,0.0
2026-01-28 15:15:00,604.5,232.2,12.6,9.2,0.0,0.0
2026-01-28 15:45:00,603.2,231.5,12.5,9.2,0.0,0.0
2026-01-28 16:15:00,607.8,231.0,12.5,8.8,0.0,16.0
2026-01-28 16:30:00,605.8,232.0,12.5,8.8,0.0,16.0
2026-01-28 17:30:00,612.8,233.2,12.5,11.1,0.0,136.0
2026-01-28 17:45:00,614.3,232.7,12.6,11.1,0.0,136.0
2026-01-28 18:00:00,616.0,232.7,12.6,13.4,0.0,298.0
2026-01-28 18:15:00,613.7,232.8,12.6,13.4,0.0,298.0
2026-01-28 18:30:00,617.2,234.3,12.67,13.4,0.0,298.0
2026-01-28 18:45:00,616.3,236.8,12.7,13.4,0.0,298.0
2026-01-28 19:00:00,613.5,235.0,12.7,14.4,0.0,432.0
2026-01-28 19:15:00,615.2,236.0,12.72,14.4,0.0,432.0
2026-01-28 19:30:00,614.2,236.7,12.8,14.4,0.0,432.0
2026-01-28 20:00:00,614.2,234.0,12.85,14.8,0.0,493.0
2026-01-28 20:15:00,615.5,234.3,12.9,14.8,0.0,493.0
2026-01-28 20:30:00,618.0,234.7,12.9,14.8,0.0,493.0
2026-01-28 20:45:00,617.2,235.8,13.0,14.8,0.0,493.0
2026-01-28 21:00:00,616.5,233.3,13.0,15.3,0.0,515.0
2026-01-28 21:15:00,621.2,231.3,13.0,15.3,0.0,515.0
2026-01-28 21:30:00,618.3,232.8,13.05,15.3,0.0,515.0
2026-01-28 21:45:00,618.3,235.3,13.1,15.3,0.0,515.0
2026-01-28 22:00:00,616.7,234.2,13.1,15.6,0.0,480.0
2026-01-28 22:15:00,614.5,233.8,13.1,15.6,0.0,480.0
2026-01-28 22:30:00,611.8,231.7,13.2,15.6,0.0,480.0
2026-01-28 22:45:00,612.8,231.7,13.2,15.6,0.0,480.0
2026-01-28 23:00:00,611.5,231.8,13.2,15.8,0.0,413.0
2026-01-28 23:15:00,609.7,230.3,13.2,15.8,0.0,413.0
2026-01-28 23:30:00,608.3,230.3,13.28,15.8,0.0,413.0
2026-01-28 23:45:00,609.2,231.8,13.3,15.8,0.0,413.0
2026-01-29 00:00:00,607.7,230.5,13.3,15.7,0.0,284.0
2026-01-29 00:15:00,607.8,230.8,13.3,15.7,0.0,284.0
2026-01-29 00:30:00,607.7,229.0,13.3,15.7,0.0,284.0
2026-01-29 00:45:00,606.2,228.5,13.3,15.7,0.0,284.0
2026-01-29 01:00:00,606.3,229.7,13.3,14.2,0.0,121.0
2026-01-29 01:15:00,609.3,229.3,13.3,14.2,0.0,121.0
2026-01-29 01:30:00,610.2,228.3,13.3,14.2,0.0,121.0
2026-01-29 01:45:00,612.5,230.3,13.3,14.2,0.0,121.0
2026-01-29 02:00:00,613.0,228.3,13.28,12.3,0.0,7.0
2026-01-29 02:15:00,616.8,228.2,13.2,12.3,0.0,7.0
2026-01-29 02:30:00,619.2,229.3,13.2,12.3,0.0,7.0
2026-01-29 02:45:00,617.5,229.0,13.2,12.3,0.0,7.0
2026-01-29 03:00:00,621.2,228.8,13.2,11.2,0.0,0.0
2026-01-29 03:15:00,623.2,227.3,13.1,11.2,0.0,0.0
2026-01-29 03:30:00,623.8,228.3,13.1,11.2,0.0,0.0
2026-01-29 03:45:00,624.2,228.0,13.1,11.2,0.0,0.0
2026-01-29 04:00:00,624.0,227.3,13.1,10.3,0.0,0.0
2026-01-29 04:15:00,623.5,227.0,13.1,10.3,0.0,0.0
2026-01-29 04:30:00,626.7,226.5,13.1,10.3,0.0,0.0
2026-01-29 04:45:00,624.3,226.5,13.03,10.3,0.0,0.0
2026-01-29 05:00:00,624.3,226.8,13.0,9.3,0.0,0.0
2026-01-29 05:15:00,625.5,225.3,13.0,9.3,0.0,0.0
2026-01-29 05:30:00,627.8,225.3,13.0,9.3,0.0,0.0
2026-01-29 05:45:00,623.7,224.2,13.0,9.3,0.0,0.0
2026-01-29 06:00:00,625.0,222.8,12.9,8.4,0.0,0.0
2026-01-29 06:15:00,625.8,224.3,12.9,8.4,0.0,0.0
2026-01-29 06:30:00,625.3,224.2,12.9,8.4,0.0,0.0
2026-01-29 06:45:00,628.0,223.8,12.9,8.4,0.0,0.0
2026-01-29 07:00:00,626.8,223.5,12.9,8.2,0.0,0.0
2026-01-29 07:15:00,627.3,222.8,12.88,8.2,0.0,0.0
2026-01-29 07:30:00,626.2,222.2,12.8,8.2,0.0,0.0
2026-01-29 07:45:00,627.5,222.5,12.8,8.2,0.0,0.0
2026-01-29 08:00:00,630.0,222.3,12.8,7.5,0.0,0.0
2026-01-29 08:15:00,636.3,221.5,12.7,7.5,0.0,0.0
2026-01-29 08:30:00,632.0,220.7,12.7,7.5,0.0,0.0
2026-01-29 08:45:00,632.0,220.2,12.7,7.5,0.0,0.0
2026-01-29 09:00:00,633.5,221.2,12.7,6.9,0.0,0.0
2026-01-29 09:15:00,632.3,222.2,12.7,6.9,0.0,0.0
2026-01-29 09:30:00,633.5,222.0,12.68,6.9,0.0,0.0
2026-01-29 09:45:00,634.3,222.3,12.62,6.9,0.0,0.0
2026-01-29 10:00:00,633.0,221.5,12.6,6.5,0.0,0.0
2026-01-29 10:15:00,634.3,221.2,12.6,6.5,0.0,0.0
2026-01-29 10:30:00,633.8,222.3,12.6,6.5,0.0,0.0
2026-01-29 10:45:00,634.8,223.2,12.6,6.5,0.0,0.0
2026-01-29 11:00:00,633.7,222.2,12.6,6.2,0.0,0.0
2026-01-29 11:15:00,637.0,222.2,12.58,6.2,0.0,0.0
2026-01-29 11:30:00,637.3,220.5,12.5,6.2,0.0,0.0
2026-01-29 11:45:00,636.7,221.5,12.5,6.2,0.0,0.0
2026-01-29 12:00:00,637.0,221.7,12.5,5.8,0.0,0.0
2026-01-29 12:15:00,634.8,222.0,12.5,5.8,0.0,0.0
2026-01-29 12:30:00,637.3,222.3,12.4,5.8,0.0,0.0
2026-01-29 12:45:00,637.0,222.0,12.4,5.8,0.0,0.0
2026-01-29 13:00:00,635.0,221.3,12.4,5.4,0.0,0.0
2026-01-29 13:15:00,636.5,221.0,12.4,5.4,0.0,0.0
2026-01-29 13:30:00,636.2,220.5,12.4,5.4,0.0,0.0
2026-01-29 13:45:00,637.8,220.5,12.32,5.4,0.0,0.0
2026-01-29 14:00:00,637.0,220.2,12.3,5.0,0.0,0.0
2026-01-29 14:15:00,636.8,220.8,12.3,5.0,0.0,0.0
2026-01-29 14:30:00,637.0,221.3,12.3,5.0,0.0,0.0
2026-01-29 14:45:00,636.0,220.2,12.3,5.0,0.0,0.0
2026-01-29 15:15:00,637.3,219.5,12.3,4.6,0.0,0.0
2026-01-29 15:30:00,637.7,220.7,12.3,4.6,0.0,0.0
2026-01-29 15:45:00,636.7,220.2,12.2,4.6,0.0,0.0
2026-01-29 16:00:00,637.5,220.7,12.2,5.4,0.0,23.0
2026-01-29 16:15:00,638.0,220.2,12.2,5.4,0.0,23.0
2026-01-29 16:30:00,638.0,220.2,12.2,5.4,0.0,23.0
2026-01-29 16:45:00,638.3,220.2,12.2,5.4,0.0,23.0
2026-01-29 17:00:00,636.7,228.2,12.2,9.1,0.0,155.0
2026-01-29 17:15:00,636.8,232.8,12.2,9.1,0.0,155.0
2026-01-29 17:30:00,637.8,231.7,12.2,9.1,0.0,155.0
2026-01-29 17:45:00,639.0,228.0,12.2,9.1,0.0,155.0
2026-01-29 18:00:00,640.0,226.0,12.2,12.8,0.0,331.0
2026-01-29 18:15:00,640.7,226.2,12.2,12.8,0.0,331.0
2026-01-29 18:30:00,640.2,225.7,12.3,12.8,0.0,331.0
2026-01-29 18:45:00,638.8,225.3,12.3,12.8,0.0,331.0
2026-01-29 19:00:00,640.5,225.0,12.3,14.8,0.0,463.0
2026-01-29 19:15:00,641.8,225.3,12.32,14.8,0.0,463.0
2026-01-29 19:30:00,639.8,225.8,12.4,14.8,0.0,463.0
2026-01-29 19:45:00,642.5,226.8,12.4,14.8,0.0,463.0
2026-01-29 20:00:00,641.2,231.0,12.47,15.8,0.0,549.0
2026-01-29 20:15:00,640.5,230.3,12.5,15.8,0.0,549.0
2026-01-29 20:30:00,641.8,228.3,12.52,15.8,0.0,549.0
2026-01-29 20:45:00,641.7,227.2,12.6,15.8,0.0,549.0
2026-01-29 21:00:00,640.7,226.2,12.7,16.1,0.0,579.0
2026-01-29 21:15:00,638.8,226.8,12.7,16.1,0.0,579.0
2026-01-29 21:30:00,637.5,224.7,12.8,16.1,0.0,579.0
2026-01-29 21:45:00,636.0,224.2,12.82,16.1,0.0,579.0
2026-01-29 22:00:00,634.7,224.2,12.9,16.2,0.0,539.0
2026-01-29 22:15:00,633.5,224.0,12.9,16.2,0.0,539.0
2026-01-29 22:30:00,633.2,225.2,12.95,16.2,0.0,539.0
2026-01-29 22:45:00,629.2,224.3,13.0,16.2,0.0,539.0
2026-01-29 23:00:00,629.8,222.8,13.0,16.2,0.0,442.0
2026-01-29 23:15:00,629.5,223.5,13.0,16.2,0.0,442.0
2026-01-29 23:30:00,630.8,222.3,13.03,16.2,0.0,442.0
2026-01-30 00:00:00,629.0,222.2,13.1,16.0,0.0,298.0
2026-01-30 00:15:00,627.8,221.0,13.1,16.0,0.0,298.0
2026-01-30 00:30:00,629.3,220.8,13.1,16.0,0.0,298.0
2026-01-30 00:45:00,629.0,222.0,13.1,16.0,0.0,298.0
2026-01-30 01:00:00,630.5,220.3,13.1,14.0,0.0,129.0
2026-01-30 01:15:00,631.0,221.8,13.1,14.0,0.0,129.0
2026-01-30 01:30:00,629.0,221.2,13.1,14.0,0.0,129.0
2026-01-30 01:45:00,630.0,221.7,13.1,14.0,0.0,129.0
2026-01-30 02:00:00,629.0,221.7,13.1,11.4,0.0,9.0
2026-01-30 02:15:00,632.2,222.2,13.08,11.4,0.0,9.0
2026-01-30 02:30:00,632.7,221.5,13.0,11.4,0.0,9.0
2026-01-30 02:45:00,630.3,221.3,13.0,11.4,0.0,9.0
2026-01-30 03:15:00,633.8,221.2,12.98,9.7,0.0,0.0
2026-01-30 03:30:00,634.2,221.3,12.9,9.7,0.0,0.0
2026-01-30 03:45:00,633.8,222.3,12.9,9.7,0.0,0.0
2026-01-30 04:00:00,634.7,220.8,12.9,8.6,0.0,0.0
2026-01-30 04:15:00,635.7,221.3,12.9,8.6,0.0,0.0
2026-01-30 04:30:00,636.5,221.8,12.9,8.6,0.0,0.0
2026-01-30 04:45:00,639.0,221.0,12.9,8.6,0.0,0.0
2026-01-30 05:00:00,638.5,217.5,12.9,7.9,0.0,0.0
2026-01-30 05:15:00,638.3,213.2,12.88,7.9,0.0,0.0
2026-01-30 05:30:00,638.7,214.3,12.82,7.9,0.0,0.0
2026-01-30 05:45:00,637.0,214.3,12.8,7.9,0.0,0.0
2026-01-30 06:00:00,638.7,213.3,12.8,7.4,0.0,0.0
2026-01-30 06:15:00,639.7,212.8,12.7,7.4,0.0,0.0
2026-01-30 06:30:00,638.0,212.7,12.7,7.4,0.0,0.0
2026-01-30 06:45:00,640.2,213.8,12.7,7.4,0.0,0.0
2026-01-30 07:00:00,647.0,213.3,12.6,7.2,0.0,0.0
2026-01-30 07:15:00,647.7,213.0,12.6,7.2,0.0,0.0
2026-01-30 07:30:00,647.2,213.0,12.6,7.2,0.0,0.0
2026-01-30 07:45:00,641.2,213.5,12.6,7.2,0.0,0.0
2026-01-30 08:00:00,639.2,213.2,12.52,6.4,0.0,0.0
2026-01-30 08:15:00,658.0,214.0,12.5,6.4,0.0,0.0
2026-01-30 08:30:00,643.7,213.8,12.5,6.4,0.0,0.0
2026-01-30 08:45:00,651.3,213.3,12.5,6.4,0.0,0.0
2026-01-30 09:00:00,638.7,214.7,12.5,6.1,0.0,0.0
2026-01-30 09:15:00,639.2,213.8,12.42,6.1,0.0,0.0
2026-01-30 09:30:00,637.5,214.5,12.42,6.1,0.0,0.0
2026-01-30 09:45:00,639.5,213.3,12.4,6.1,0.0,0.0
2026-01-30 10:00:00,639.0,216.2,12.4,6.1,0.0,0.0
2026-01-30 10:15:00,636.8,216.0,12.4,6.1,0.0,0.0
2026-01-30 10:30:00,640.2,215.8,12.3,6.1,0.0,0.0
2026-01-30 10:45:00,637.3,215.3,12.3,6.1,0.0,0.0
2026-01-30 11:00:00,637.3,215.8,12.3,5.9,0.0,0.0
2026-01-30 11:15:00,636.8,214.0,12.3,5.9,0.0,0.0
2026-01-30 11:30:00,637.8,214.0,12.2,5.9,0.0,0.0
2026-01-30 11:45:00,637.8,214.3,12.2,5.9,0.0,0.0
2026-01-30 12:00:00,638.8,214.2,12.2,5.3,0.0,0.0
2026-01-30 12:15:00,637.5,214.0,12.2,5.3,0.0,0.0
2026-01-30 12:30:00,635.3,212.7,12.1,5.3,0.0,0.0
2026-01-30 12:45:00,636.2,213.3,12.1,5.3,0.0,0.0
2026-01-30 13:00:00,636.5,212.7,12.1,5.1,0.0,0.0
2026-01-30 13:15:00,635.8,212.7,12.1,5.1,0.0,0.0
2026-01-30 13:30:00,634.5,213.8,12.1,5.1,0.0,0.0
2026-01-30 13:45:00,636.0,212.5,12.1,5.1,0.0,0.0
2026-01-30 14:00:00,636.5,212.0,12.0,4.7,0.0,0.0
2026-01-30 14:15:00,637.3,219.3,12.0,4.7,0.0,0.0
2026-01-30 14:30:00,637.5,215.3,12.0,4.7,0.0,0.0
2026-01-30 14:45:00,638.0,214.2,12.0,4.7,0.0,0.0
2026-01-30 15:00:00,641.0,213.0,12.0,4.2,0.0,0.0
2026-01-30 15:15:00,639.8,212.5,12.0,4.2,0.0,0.0
2026-01-30 15:30:00,640.0,213.7,11.92,4.2,0.0,0.0
2026-01-30 15:45:00,642.8,211.8,11.9,4.2,0.0,0.0
2026-01-30 16:00:00,643.8,211.5,11.9,4.9,0.0,26.0
2026-01-30 16:15:00,638.8,211.8,11.9,4.9,0.0,26.0
2026-01-30 16:30:00,640.2,211.8,11.9,4.9,0.0,26.0
2026-01-30 16:45:00,637.7,211.5,11.92,4.9,0.0,26.0
2026-01-30 17:00:00,636.2,211.7,12.0,8.4,0.0,171.0
2026-01-30 17:15:00,638.8,213.0,12.0,8.4,0.0,171.0
2026-01-30 17:30:00,637.8,212.3,12.1,8.4,0.0,171.0
2026-01-30 17:45:00,638.8,210.5,12.1,8.4,0.0,171.0
2026-01-30 18:00:00,639.2,211.8,12.1,11.5,0.0,320.0
2026-01-30 18:15:00,639.2,212.0,12.2,11.5,0.0,320.0
2026-01-30 18:30:00,639.5,212.3,12.2,11.5,0.0,320.0
2026-01-30 18:45:00,639.5,214.2,12.3,11.5,0.0,320.0
2026-01-30 19:00:00,640.5,214.7,12.3,13.6,0.0,469.0
2026-01-30 19:15:00,641.3,214.0,12.32,13.6,0.0,469.0
2026-01-30 19:30:00,640.7,214.0,12.4,13.6,0.0,469.0
2026-01-30 20:00:00,643.0,215.2,12.5,14.1,0.0,521.0
2026-01-30 20:15:00,642.5,214.3,12.5,14.1,0.0,521.0
2026-01-30 20:30:00,641.3,215.5,12.6,14.1,0.0,521.0
2026-01-30 20:45:00,642.7,215.3,12.63,14.1,0.0,521.0
2026-01-30 21:00:00,642.3,215.8,12.7,13.8,0.0,526.0
2026-01-30 21:15:00,639.3,216.7,12.8,13.8,0.0,526.0
2026-01-30 21:30:00,639.3,216.7,12.9,13.8,0.0,526.0
2026-01-30 21:45:00,638.3,215.2,12.9,13.8,0.0,526.0
2026-01-30 22:00:00,640.7,217.5,13.0,14.4,0.0,495.0
2026-01-30 22:15:00,638.5,217.3,13.0,14.4,0.0,495.0
2026-01-30 22:30:00,638.0,216.5,13.1,14.4,0.0,495.0
2026-01-30 22:45:00,635.5,216.7,13.1,14.4,0.0,495.0
2026-01-30 23:00:00,636.2,215.0,13.1,14.6,0.0,409.0
2026-01-30 23:15:00,632.5,216.5,13.2,14.6,0.0,409.0
2026-01-30 23:30:00,630.8,217.2,13.2,14.6,0.0,409.0
2026-01-30 23:45:00,630.3,215.0,13.22,14.6,0.0,409.0
2026-01-31 00:00:00,630.0,215.5,13.3,14.6,0.0,282.0
2026-01-31 00:15:00,628.3,217.0,13.3,14.6,0.0,282.0
2026-01-31 00:30:00,626.5,216.8,13.32,14.6,0.0,282.0
2026-01-31 00:45:00,625.7,217.0,13.32,14.6,0.0,282.0
2026-01-31 01:00:00,623.2,217.2,13.32,12.9,0.0,122.0
2026-01-31 01:15:00,622.8,216.8,13.35,12.9,0.0,122.0
2026-01-31 01:30:00,621.5,217.8,13.33,12.9,0.0,122.0
2026-01-31 01:45:00,620.2,217.7,13.32,12.9,0.0,122.0
2026-01-31 02:00:00,619.3,217.0,13.3,10.6,0.0,9.0
2026-01-31 02:15:00,619.3,217.2,13.3,10.6,0.0,9.0
2026-01-31 02:30:00,618.0,216.0,13.3,10.6,0.0,9.0
2026-01-31 02:45:00,620.0,215.5,13.3,10.6,0.0,9.0
2026-01-31 03:00:00,618.8,216.0,13.3,9.7,0.0,0.0
2026-01-31 03:15:00,617.7,216.0,13.22,9.7,0.0,0.0
2026-01-31 03:30:00,617.0,214.8,13.2,9.7,0.0,0.0
2026-01-31 03:45:00,619.0,216.5,13.2,9.7,0.0,0.0
2026-01-31 04:00:00,618.2,214.8,13.2,9.3,0.0,0.0
2026-01-31 04:15:00,617.8,215.0,13.2,9.3,0.0,0.0
2026-01-31 04:30:00,615.2,215.7,13.2,9.3,0.0,0.0
2026-01-31 04:45:00,619.7,215.2,13.2,9.3,0.0,0.0
2026-01-31 05:00:00,620.8,215.8,13.1,8.6,0.0,0.0
2026-01-31 05:15:00,621.8,216.2,13.1,8.6,0.0,0.0
2026-01-31 05:30:00,622.7,215.8,13.1,8.6,0.0,0.0
2026-01-31 05:45:00,623.0,217.0,13.02,8.6,0.0,0.0
2026-01-31 06:00:00,621.7,215.8,13.0,8.5,0.0,0.0
2026-01-31 06:15:00,622.7,215.0,13.0,8.5,0.0,0.0
2026-01-31 06:30:00,623.8,215.0,12.9,8.5,0.0,0.0
2026-01-31 06:45:00,623.8,214.3,12.9,8.5,0.0,0.0
2026-01-31 07:00:00,623.3,213.2,12.9,8.2,0.0,0.0
2026-01-31 07:15:00,624.8,214.0,12.9,8.2,0.0,0.0
2026-01-31 07:30:00,623.3,213.2,12.82,8.2,0.0,0.0
2026-01-31 07:45:00,622.5,213.7,12.8,8.2,0.0,0.0
2026-01-31 08:00:00,623.2,213.8,12.8,7.7,0.0,0.0
2026-01-31 08:15:00,624.2,214.0,12.8,7.7,0.0,0.0
2026-01-31 08:30:00,622.3,213.7,12.8,7.7,0.0,0.0
2026-01-31 08:45:00,627.8,215.2,12.73,7.7,0.0,0.0
2026-01-31 09:00:00,626.8,214.3,12.7,7.4,0.0,0.0
2026-01-31 09:15:00,626.7,214.0,12.7,7.4,0.0,0.0
2026-01-31 09:30:00,627.3,213.8,12.7,7.4,0.0,0.0
2026-01-31 09:45:00,627.2,214.3,12.7,7.4,0.0,0.0
2026-01-31 10:00:00,627.0,213.8,12.7,7.0,0.0,0.0
2026-01-31 10:15:00,627.3,214.2,12.7,7.0,0.0,0.0
2026-01-31 10:30:00,627.0,213.0,12.63,7.0,0.0,0.0
2026-01-31 10:45:00,627.0,214.3,12.6,7.0,0.0,0.0
2026-01-31 11:00:00,627.8,213.2,12.6,6.3,0.0,0.0
2026-01-31 11:15:00,626.5,214.2,12.6,6.3,0.0,0.0
2026-01-31 11:30:00,625.8,214.5,12.6,6.3,0.0,0.0
2026-01-31 11:45:00,626.8,213.5,12.52,6.3,0.0,0.0
2026-01-31 12:00:00,625.0,215.2,12.5,6.3,0.0,0.0
2026-01-31 12:15:00,625.0,213.7,12.5,6.3,0.0,0.0
2026-01-31 12:30:00,627.7,214.3,12.5,6.3,0.0,0.0
2026-01-31 12:45:00,627.5,213.8,12.5,6.3,0.0,0.0
2026-01-31 13:00:00,624.0,213.5,12.5,5.3,0.0,0.0
2026-01-31 13:15:00,627.2,213.7,12.4,5.3,0.0,0.0
2026-01-31 13:30:00,628.7,213.8,12.4,5.3,0.0,0.0
2026-01-31 13:45:00,627.0,212.5,12.4,5.3,0.0,0.0
2026-01-31 14:00:00,625.5,213.3,12.4,5.0,0.0,0.0
2026-01-31 14:15:00,627.2,212.3,12.4,5.0,0.0,0.0
2026-01-31 14:30:00,626.2,212.7,12.4,5.0,0.0,0.0
2026-01-31 14:45:00,627.3,213.2,12.38,5.0,0.0,0.0
2026-01-31 15:00:00,626.3,213.0,12.32,4.7,0.0,0.0
2026-01-31 15:15:00,628.7,212.7,12.3,4.7,0.0,0.0
2026-01-31 15:30:00,627.8,214.0,12.3,4.7,0.0,0.0
2026-01-31 15:45:00,627.2,214.0,12.3,4.7,0.0,0.0
2026-01-31 16:00:00,630.5,215.2,12.3,5.4,0.0,25.0
2026-01-31 16:15:00,629.0,214.5,12.3,5.4,0.0,25.0
2026-01-31 16:30:00,628.0,213.0,12.3,5.4,0.0,25.0
2026-01-31 16:45:00,629.0,213.5,12.3,5.4,0.0,25.0
2026-01-31 17:00:00,628.3,212.3,12.3,8.0,0.0,138.0
2026-01-31 17:15:00,630.5,212.5,12.3,8.0,0.0,138.0
2026-01-31 17:30:00,629.7,212.2,12.33,8.0,0.0,138.0
2026-01-31 17:45:00,628.0,212.5,12.4,8.0,0.0,138.0
2026-01-31 18:00:00,630.2,213.5,12.4,10.2,0.0,266.0
2026-01-31 18:15:00,628.8,212.8,12.42,10.2,0.0,266.0
2026-01-31 18:30:00,628.7,213.3,12.5,10.2,0.0,266.0
2026-01-31 18:45:00,627.8,212.7,12.5,10.2,0.0,266.0
2026-01-31 19:00:00,628.8,214.3,12.6,12.5,0.0,376.0
2026-01-31 19:15:00,627.5,215.5,12.6,12.5,0.0,376.0
2026-01-31 19:30:00,628.3,214.5,12.62,12.5,0.0,376.0
2026-01-31 19:45:00,627.8,214.8,12.7,12.5,0.0,376.0
2026-01-31 20:00:00,628.2,215.5,12.7,14.2,0.0,486.0
2026-01-31 20:15:00,627.3,214.8,12.8,14.2,0.0,486.0
2026-01-31 20:30:00,627.8,214.5,12.8,14.2,0.0,486.0
2026-01-31 20:45:00,627.7,215.3,12.9,14.2,0.0,486.0
2026-01-31 21:00:00,629.2,215.7,12.9,15.6,0.0,542.0
2026-01-31 21:15:00,626.3,216.7,13.0,15.6,0.0,542.0
2026-01-31 21:30:00,629.0,215.5,13.03,15.6,0.0,542.0
2026-01-31 21:45:00,628.7,215.0,13.1,15.6,0.0,542.0
2026-01-31 22:00:00,628.3,216.2,13.13,15.6,0.0,478.0
2026-01-31 22:15:00,627.5,215.7,13.2,15.6,0.0,478.0
2026-01-31 22:30:00,626.8,215.3,13.2,15.6,0.0,478.0
2026-01-31 22:45:00,626.8,215.8,13.23,15.6,0.0,478.0
2026-01-31 23:00:00,626.0,216.0,13.3,15.3,0.0,408.0
2026-01-31 23:15:00,626.3,215.3,13.38,15.3,0.0,408.0
2026-01-31 23:30:00,625.7,216.0,13.4,15.3,0.0,408.0
2026-01-31 23:45:00,626.2,216.2,13.42,15.3,0.0,408.0
2026-02-01 00:00:00,627.2,215.3,13.5,14.8,0.0,286.0
2026-02-01 00:15:00,626.2,215.8,13.5,14.8,0.0,286.0
2026-02-01 00:30:00,624.8,216.2,13.5,14.8,0.0,286.0
2026-02-01 00:45:00,624.5,214.8,13.5,14.8,0.0,286.0
2026-02-01 01:00:00,624.3,215.3,13.5,13.0,0.0,136.0
2026-02-01 01:15:00,623.7,214.5,13.5,13.0,0.0,136.0
2026-02-01 01:30:00,623.5,215.0,13.5,13.0,0.0,136.0
2026-02-01 01:45:00,623.2,215.8,13.5,13.0,0.0,136.0
2026-02-01 02:00:00,623.7,216.3,13.5,10.4,0.0,10.0
2026-02-01 02:15:00,625.2,216.3,13.5,10.4,0.0,10.0
2026-02-01 02:30:00,623.8,216.0,13.48,10.4,0.0,10.0
2026-02-01 02:45:00,625.2,215.0,13.42,10.4,0.0,10.0
2026-02-01 03:00:00,625.3,215.2,13.4,9.1,0.0,0.0
2026-02-01 03:15:00,625.0,216.0,13.4,9.1,0.0,0.0
2026-02-01 03:30:00,624.0,215.8,13.37,9.1,0.0,0.0
2026-02-01 03:45:00,625.2,215.3,13.3,9.1,0.0,0.0
2026-02-01 04:00:00,623.8,214.8,13.3,8.2,0.0,0.0
2026-02-01 04:15:00,623.2,215.0,13.3,8.2,0.0,0.0
2026-02-01 04:30:00,622.8,214.8,13.22,8.2,0.0,0.0
2026-02-01 04:45:00,623.8,215.7,13.2,8.2,0.0,0.0
2026-02-01 05:00:00,623.2,214.3,13.2,7.8,0.0,0.0
2026-02-01 05:15:00,622.0,214.8,13.2,7.8,0.0,0.0
2026-02-01 05:30:00,622.2,214.8,13.2,7.8,0.0,0.0
2026-02-01 05:45:00,621.2,213.8,13.1,7.8,0.0,0.0
2026-02-01 06:00:00,620.8,214.0,13.1,7.2,0.0,0.0
2026-02-01 06:15:00,621.0,214.0,13.1,7.2,0.0,0.0
2026-02-01 06:30:00,619.3,213.2,13.1,7.2,0.0,0.0
2026-02-01 06:45:00,621.0,212.7,13.1,7.2,0.0,0.0
2026-02-01 07:00:00,620.5,212.7,13.0,7.5,0.0,0.0
2026-02-01 07:15:00,620.7,212.5,13.0,7.5,0.0,0.0
2026-02-01 07:30:00,619.8,212.7,13.0,7.5,0.0,0.0
2026-02-01 07:45:00,620.0,213.8,13.0,7.5,0.0,0.0
2026-02-01 08:00:00,621.2,212.2,13.0,7.3,0.0,0.0
2026-02-01 08:15:00,618.5,213.7,12.92,7.3,0.0,0.0
2026-02-01 08:30:00,619.3,213.5,12.9,7.3,0.0,0.0
2026-02-01 08:45:00,619.5,213.3,12.9,7.3,0.0,0.0
2026-02-01 09:00:00,620.7,213.3,12.9,7.6,0.0,0.0
2026-02-01 09:15:00,617.3,214.2,12.9,7.6,0.0,0.0
2026-02-01 09:30:00,620.8,213.8,12.83,7.6,0.0,0.0
2026-02-01 09:45:00,619.5,213.2,12.8,7.6,0.0,0.0
2026-02-01 10:00:00,621.2,212.2,12.8,7.9,0.0,0.0
2026-02-01 10:15:00,621.3,212.0,12.8,7.9,0.0,0.0
2026-02-01 10:30:00,619.3,212.5,12.8,7.9,0.0,0.0
2026-02-01 10:45:00,622.2,212.0,12.8,7.9,0.0,0.0
2026-02-01 11:00:00,622.5,212.0,12.72,7.6,0.0,0.0
2026-02-01 11:15:00,620.0,214.0,12.7,7.6,0.0,0.0
2026-02-01 11:30:00,619.3,212.2,12.7,7.6,0.0,0.0
2026-02-01 11:45:00,620.7,212.8,12.7,7.6,0.0,0.0
2026-02-01 12:00:00,619.7,212.3,12.7,6.3,0.0,0.0
2026-02-01 12:15:00,618.8,213.0,12.7,6.3,0.0,0.0
2026-02-01 12:30:00,621.7,213.0,12.6,6.3,0.0,0.0
2026-02-01 12:45:00,620.2,212.0,12.6,6.3,0.0,0.0
2026-02-01 13:00:00,620.8,212.8,12.6,5.3,0.0,0.0
2026-02-01 13:15:00,621.2,212.3,12.6,5.3,0.0,0.0
2026-02-01 13:30:00,620.5,211.3,12.52,5.3,0.0,0.0
2026-02-01 13:45:00,619.5,211.7,12.5,5.3,0.0,0.0
2026-02-01 14:00:00,621.0,212.0,12.5,5.6,0.0,0.0
2026-02-01 14:15:00,619.5,212.2,12.5,5.6,0.0,0.0
2026-02-01 14:30:00,620.2,212.0,12.42,5.6,0.0,0.0
2026-02-01 14:45:00,621.0,211.5,12.4,5.6,0.0,0.0
2026-02-01 15:00:00,620.5,211.3,12.4,5.4,0.0,0.0
2026-02-01 15:15:00,619.7,212.0,12.4,5.4,0.0,0.0
2026-02-01 15:30:00,619.0,212.3,12.4,5.4,0.0,0.0
2026-02-01 15:45:00,621.3,210.3,12.32,5.4,0.0,0.0
2026-02-01 16:00:00,621.5,211.5,12.3,6.5,0.0,25.0
2026-02-01 16:15:00,622.0,211.3,12.3,6.5,0.0,25.0
2026-02-01 16:30:00,623.0,212.8,12.3,6.5,0.0,25.0
2026-02-01 16:45:00,621.8,211.8,12.32,6.5,0.0,25.0
2026-02-01 17:00:00,621.7,211.3,12.4,8.8,0.0,132.0
2026-02-01 17:15:00,623.5,211.2,12.4,8.8,0.0,132.0
2026-02-01 17:30:00,623.5,211.8,12.4,8.8,0.0,132.0
2026-02-01 17:45:00,622.8,211.8,12.4,8.8,0.0,132.0
2026-02-01 18:00:00,623.5,212.2,12.5,10.9,0.0,248.0
2026-02-01 18:15:00,622.0,212.0,12.5,10.9,0.0,248.0
2026-02-01 18:30:00,624.3,211.7,12.5,10.9,0.0,248.0
2026-02-01 18:45:00,622.8,212.3,12.52,10.9,0.0,248.0
2026-02-01 19:00:00,623.5,211.8,12.6,13.0,0.0,367.0
2026-02-01 19:15:00,622.5,212.8,12.6,13.0,0.0,367.0
2026-02-01 19:30:00,624.5,212.8,12.62,13.0,0.0,367.0
2026-02-01 19:45:00,622.2,211.8,12.7,13.0,0.0,367.0
2026-02-01 20:00:00,624.0,213.8,12.7,15.3,0.0,504.0
2026-02-01 20:15:00,621.8,213.5,12.8,15.3,0.0,504.0
2026-02-01 20:30:00,623.2,213.8,12.8,15.3,0.0,504.0
2026-02-01 20:45:00,621.8,213.2,12.9,15.3,0.0,504.0
2026-02-01 21:00:00,624.3,214.0,13.0,17.0,0.0,547.0
2026-02-01 21:15:00,623.3,212.5,13.02,17.0,0.0,547.0
2026-02-01 21:30:00,622.7,213.2,13.1,17.0,0.0,547.0
2026-02-01 21:45:00,621.2,213.0,13.2,17.0,0.0,547.0
2026-02-01 22:00:00,620.2,214.2,13.2,17.7,0.0,539.0
2026-02-01 22:15:00,619.7,214.5,13.22,17.7,0.0,539.0
2026-02-01 22:30:00,618.0,214.2,13.3,17.7,0.0,539.0
2026-02-01 22:45:00,619.0,214.3,13.4,17.7,0.0,539.0
2026-02-01 23:00:00,616.5,214.5,13.4,17.4,0.0,418.0
2026-02-01 23:15:00,616.3,213.8,13.42,17.4,0.0,418.0
2026-02-01 23:30:00,616.5,213.8,13.5,17.4,0.0,418.0
2026-02-01 23:45:00,616.7,216.0,13.5,17.4,0.0,418.0
2026-02-02 00:00:00,616.0,214.3,13.5,16.9,0.0,253.0
2026-02-02 00:15:00,615.8,214.2,13.5,16.9,0.0,253.0
2026-02-02 00:30:00,615.7,214.7,13.5,16.9,0.0,253.0
2026-02-02 00:45:00,615.3,214.2,13.52,16.9,0.0,253.0
2026-02-02 01:00:00,616.3,214.2,13.52,14.6,0.0,104.0
2026-02-02 01:15:00,614.5,214.5,13.52,14.6,0.0,104.0
2026-02-02 01:30:00,614.8,214.3,13.53,14.6,0.0,104.0
2026-02-02 01:45:00,614.7,214.2,13.52,14.6,0.0,104.0
2026-02-02 02:00:00,613.5,215.0,13.52,12.8,0.0,9.0
2026-02-02 02:15:00,613.2,213.3,13.5,12.8,0.0,9.0
2026-02-02 02:30:00,611.8,213.7,13.5,12.8,0.0,9.0
2026-02-02 02:45:00,611.7,214.5,13.5,12.8,0.0,9.0
2026-02-02 03:00:00,613.0,213.3,13.5,11.9,0.0,0.0
2026-02-02 03:15:00,613.0,213.3,13.42,11.9,0.0,0.0
2026-02-02 03:30:00,612.8,214.7,13.4,11.9,0.0,0.0
2026-02-02 03:45:00,613.5,214.2,13.4,11.9,0.0,0.0
2026-02-02 04:30:00,612.0,212.3,13.2,11.3,0.0,0.0
2026-02-02 04:45:00,613.0,212.0,13.2,11.3,0.0,0.0
2026-02-02 05:00:00,611.5,211.3,13.2,10.3,0.0,0.0
2026-02-02 05:15:00,612.0,212.3,13.1,10.3,0.0,0.0
2026-02-02 05:30:00,610.7,212.2,13.1,10.3,0.0,0.0
2026-02-02 05:45:00,612.2,212.2,13.1,10.3,0.0,0.0
2026-02-02 06:00:00,610.8,212.0,13.1,9.2,0.0,0.0
2026-02-02 06:15:00,612.2,212.7,13.0,9.2,0.0,0.0
2026-02-02 06:30:00,612.2,212.3,13.0,9.2,0.0,0.0
2026-02-02 06:45:00,612.3,212.5,13.0,9.2,0.0,0.0
2026-02-02 07:00:00,611.2,212.0,12.9,9.2,0.0,0.0
2026-02-02 07:15:00,612.2,213.3,12.9,9.2,0.0,0.0
2026-02-02 07:30:00,610.2,211.5,12.9,9.2,0.0,0.0
2026-02-02 07:45:00,612.0,212.5,12.82,9.2,0.0,0.0
2026-02-02 08:00:00,611.3,212.0,12.8,9.3,0.0,0.0
2026-02-02 08:15:00,611.5,212.2,12.8,9.3,0.0,0.0
2026-02-02 08:30:00,612.5,211.3,12.73,9.3,0.0,0.0
2026-02-02 08:45:00,613.5,210.2,12.7,9.3,0.0,0.0
2026-02-02 09:00:00,611.3,210.5,12.7,8.9,0.0,0.0
2026-02-02 09:15:00,609.3,211.0,12.7,8.9,0.0,0.0
2026-02-02 09:30:00,610.2,210.7,12.6,8.9,0.0,0.0
2026-02-02 09:45:00,610.2,210.2,12.6,8.9,0.0,0.0
2026-02-02 10:00:00,610.0,209.5,12.6,8.2,0.0,0.0
2026-02-02 10:15:00,611.0,211.3,12.6,8.2,0.0,0.0
2026-02-02 10:30:00,608.7,210.8,12.6,8.2,0.0,0.0
2026-02-02 10:45:00,610.8,209.5,12.58,8.2,0.0,0.0
2026-02-02 11:00:00,611.2,211.5,12.5,7.9,0.0,0.0
2026-02-02 11:15:00,610.0,211.2,12.5,7.9,0.0,0.0
2026-02-02 11:30:00,610.7,209.5,12.5,7.9,0.0,0.0
2026-02-02 11:45:00,611.0,211.2,12.5,7.9,0.0,0.0
2026-02-02 12:00:00,612.2,210.3,12.43,6.1,0.0,0.0
2026-02-02 12:15:00,611.7,210.7,12.4,6.1,0.0,0.0
2026-02-02 12:30:00,610.8,209.8,12.4,6.1,0.0,0.0
2026-02-02 12:45:00,613.8,208.7,12.4,6.1,0.0,0.0
2026-02-02 13:00:00,611.0,209.0,12.4,5.2,0.0,0.0
2026-02-02 13:15:00,611.3,210.0,12.3,5.2,0.0,0.0
2026-02-02 13:30:00,610.0,209.2,12.3,5.2,0.0,0.0
2026-02-02 13:45:00,609.8,209.7,12.3,5.2,0.0,0.0
2026-02-02 14:00:00,609.7,209.8,12.3,5.6,0.0,0.0
2026-02-02 14:15:00,611.2,210.7,12.3,5.6,0.0,0.0
2026-02-02 14:30:00,612.2,209.8,12.2,5.6,0.0,0.0
2026-02-02 14:45:00,610.8,210.8,12.2,5.6,0.0,0.0
2026-02-02 15:00:00,612.3,211.5,12.2,5.8,0.0,0.0
2026-02-02 15:15:00,610.0,210.2,12.2,5.8,0.0,0.0
2026-02-02 15:30:00,612.2,210.8,12.17,5.8,0.0,0.0
2026-02-02 15:45:00,613.8,210.8,12.1,5.8,0.0,0.0
2026-02-02 16:15:00,614.5,210.8,12.1,6.7,0.0,27.0
2026-02-02 16:30:00,612.2,210.2,12.1,6.7,0.0,27.0
2026-02-02 16:45:00,613.3,210.8,12.1,6.7,0.0,27.0
2026-02-02 17:00:00,613.5,210.0,12.1,10.2,0.0,161.0
2026-02-02 17:15:00,613.0,209.8,12.1,10.2,0.0,161.0
2026-02-02 17:30:00,614.5,210.7,12.1,10.2,0.0,161.0
2026-02-02 17:45:00,612.5,210.7,12.2,10.2,0.0,161.0
2026-02-02 18:00:00,613.7,210.5,12.2,13.2,0.0,302.0
2026-02-02 18:15:00,614.2,210.5,12.22,13.2,0.0,302.0
2026-02-02 18:30:00,613.8,212.7,12.3,13.2,0.0,302.0
2026-02-02 18:45:00,613.5,212.2,12.3,13.2,0.0,302.0
2026-02-02 19:00:00,616.0,210.5,12.4,15.6,0.0,454.0
2026-02-02 19:15:00,615.8,211.5,12.4,15.6,0.0,454.0
2026-02-02 19:30:00,615.5,211.7,12.5,15.6,0.0,454.0
2026-02-02 19:45:00,615.2,211.5,12.5,15.6,0.0,454.0
2026-02-02 20:00:00,615.3,211.0,12.52,16.8,0.0,544.0
2026-02-02 20:15:00,614.3,210.8,12.6,16.8,0.0,544.0
2026-02-02 20:30:00,616.0,210.8,12.6,16.8,0.0,544.0
2026-02-02 20:45:00,615.3,211.0,12.7,16.8,0.0,544.0
2026-02-02 21:00:00,613.3,210.3,12.8,17.5,0.0,583.0
2026-02-02 21:15:00,614.2,211.5,12.8,17.5,0.0,583.0
2026-02-02 21:30:00,616.2,211.5,12.9,17.5,0.0,583.0
2026-02-02 21:45:00,613.7,211.5,13.0,17.5,0.0,583.0
2026-02-02 22:00:00,615.2,211.3,13.03,18.0,0.0,561.0
2026-02-02 22:15:00,613.7,211.8,13.1,18.0,0.0,561.0
2026-02-02 22:30:00,614.2,212.2,13.12,18.0,0.0,561.0
2026-02-02 22:45:00,615.3,215.0,13.2,18.0,0.0,561.0
2026-02-02 23:00:00,614.8,213.5,13.2,17.8,0.0,459.0
2026-02-02 23:15:00,613.8,212.0,13.3,17.8,0.0,459.0
2026-02-02 23:30:00,614.5,212.5,13.37,17.8,0.0,459.0
2026-02-02 23:45:00,614.7,212.7,13.4,17.8,0.0,459.0
2026-02-03 00:00:00,615.5,212.7,13.4,17.7,0.0,311.0
2026-02-03 00:15:00,614.7,213.2,13.4,17.7,0.0,311.0
2026-02-03 00:30:00,614.5,213.8,13.42,17.7,0.0,311.0
2026-02-03 00:45:00,614.3,212.5,13.4,17.7,0.0,311.0
2026-02-03 01:00:00,613.7,212.2,13.4,15.2,0.0,143.0
2026-02-03 01:15:00,611.2,213.0,13.4,15.2,0.0,143.0
2026-02-03 01:30:00,610.0,212.3,13.4,15.2,0.0,143.0
2026-02-03 01:45:00,608.3,212.7,13.4,15.2,0.0,143.0
2026-02-03 02:00:00,608.7,213.0,13.4,12.8,0.0,13.0
2026-02-03 02:15:00,608.0,213.5,13.32,12.8,0.0,13.0
2026-02-03 02:30:00,607.3,211.8,13.3,12.8,0.0,13.0
2026-02-03 02:45:00,604.7,213.0,13.3,12.8,0.0,13.0
2026-02-03 03:00:00,606.8,212.3,13.3,11.7,0.0,0.0
2026-02-03 03:15:00,606.8,212.0,13.22,11.7,0.0,0.0
2026-02-03 03:30:00,605.5,211.2,13.2,11.7,0.0,0.0
2026-02-03 03:45:00,605.7,210.8,13.2,11.7,0.0,0.0
2026-02-03 04:00:00,605.8,210.0,13.2,11.7,0.0,0.0
2026-02-03 04:15:00,606.0,211.0,13.2,11.7,0.0,0.0
2026-02-03 04:30:00,608.2,210.7,13.1,11.7,0.0,0.0
2026-02-03 04:45:00,606.0,211.3,13.1,11.7,0.0,0.0
2026-02-03 05:00:00,605.3,210.7,13.1,11.6,0.0,0.0
2026-02-03 05:15:00,603.3,211.2,13.1,11.6,0.0,0.0
2026-02-03 05:30:00,605.5,210.2,13.1,11.6,0.0,0.0
2026-02-03 05:45:00,605.3,209.7,13.0,11.6,0.0,0.0
2026-02-03 06:00:00,604.2,210.3,13.0,10.6,0.0,0.0
2026-02-03 06:15:00,602.7,212.0,13.0,10.6,0.0,0.0
2026-02-03 06:30:00,604.8,211.5,13.0,10.6,0.0,0.0
2026-02-03 06:45:00,604.8,211.2,12.92,10.6,0.0,0.0
2026-02-03 07:00:00,604.5,211.7,12.9,10.5,0.0,0.0
2026-02-03 07:15:00,605.0,210.8,12.9,10.5,0.0,0.0
2026-02-03 07:30:00,604.2,210.5,12.9,10.5,0.0,0.0
2026-02-03 07:45:00,605.8,209.8,12.88,10.5,0.0,0.0
2026-02-03 08:00:00,606.3,210.2,12.8,9.6,0.0,0.0
2026-02-03 08:15:00,603.7,210.3,12.8,9.6,0.0,0.0
2026-02-03 08:30:00,605.5,210.2,12.8,9.6,0.0,0.0
2026-02-03 08:45:00,604.8,210.8,12.8,9.6,0.0,0.0
2026-02-03 09:00:00,605.2,210.3,12.7,9.0,0.0,0.0
2026-02-03 09:15:00,604.2,210.7,12.7,9.0,0.0,0.0
2026-02-03 09:30:00,604.8,209.8,12.7,9.0,0.0,0.0
2026-02-03 09:45:00,602.8,210.2,12.7,9.0,0.0,0.0
2026-02-03 10:00:00,604.5,211.0,12.6,8.5,0.0,0.0
2026-02-03 10:15:00,603.8,211.3,12.6,8.5,0.0,0.0
2026-02-03 10:30:00,604.8,210.3,12.6,8.5,0.0,0.0
2026-02-03 10:45:00,604.7,209.8,12.6,8.5,0.0,0.0
2026-02-03 11:00:00,605.0,208.8,12.52,7.8,0.0,0.0
2026-02-03 11:15:00,603.7,209.3,12.5,7.8,0.0,0.0
2026-02-03 11:30:00,606.2,207.5,12.5,7.8,0.0,0.0
2026-02-03 11:45:00,604.8,209.2,12.5,7.8,0.0,0.0
2026-02-03 12:00:00,606.5,208.7,12.48,6.5,0.0,0.0
2026-02-03 12:15:00,605.7,209.2,12.4,6.5,0.0,0.0
2026-02-03 12:30:00,603.3,209.0,12.4,6.5,0.0,0.0
2026-02-03 12:45:00,605.0,209.7,12.4,6.5,0.0,0.0
2026-02-03 13:00:00,605.5,209.0,12.4,5.7,0.0,0.0
2026-02-03 13:15:00,604.7,210.2,12.4,5.7,0.0,0.0
2026-02-03 13:30:00,608.0,209.5,12.32,5.7,0.0,0.0
2026-02-03 13:45:00,606.2,209.3,12.3,5.7,0.0,0.0
2026-02-03 14:00:00,606.0,209.8,12.3,5.3,0.0,0.0
2026-02-03 14:15:00,605.3,210.3,12.3,5.3,0.0,0.0
2026-02-03 14:30:00,607.0,210.0,12.3,5.3,0.0,0.0
2026-02-03 14:45:00,604.5,209.0,12.3,5.3,0.0,0.0
2026-02-03 15:00:00,604.3,209.8,12.28,4.8,0.0,0.0
2026-02-03 15:15:00,606.8,210.2,12.2,4.8,0.0,0.0
2026-02-03 15:30:00,607.2,209.8,12.2,4.8,0.0,0.0
2026-02-03 15:45:00,606.5,209.2,12.2,4.8,0.0,0.0
2026-02-03 16:00:00,607.7,208.8,12.2,5.8,0.0,29.0
2026-02-03 16:15:00,606.3,209.5,12.2,5.8,0.0,29.0
2026-02-03 16:30:00,605.8,208.5,12.2,5.8,0.0,29.0
2026-02-03 16:45:00,606.3,208.8,12.2,5.8,0.0,29.0
2026-02-03 17:00:00,604.5,209.5,12.2,9.2,0.0,169.0
2026-02-03 17:15:00,606.2,209.0,12.2,9.2,0.0,169.0
2026-02-03 17:30:00,604.5,208.2,12.2,9.2,0.0,169.0
2026-02-03 17:45:00,605.5,209.0,12.3,9.2,0.0,169.0
2026-02-03 18:00:00,605.7,208.8,12.3,11.7,0.0,333.0
2026-02-03 18:15:00,606.8,209.5,12.3,11.7,0.0,333.0
2026-02-03 18:30:00,605.8,209.3,12.4,11.7,0.0,333.0
2026-02-03 18:45:00,604.7,209.7,12.4,11.7,0.0,333.0
2026-02-03 19:00:00,603.2,207.8,12.47,14.2,0.0,481.0
2026-02-03 19:15:00,605.3,208.0,12.5,14.2,0.0,481.0
2026-02-03 19:30:00,604.2,207.8,12.5,14.2,0.0,481.0
2026-02-03 19:45:00,602.7,208.0,12.6,14.2,0.0,481.0
2026-02-03 20:00:00,603.0,209.0,12.6,15.6,0.0,583.0
2026-02-03 20:15:00,604.0,209.2,12.7,15.6,0.0,583.0
2026-02-03 20:30:00,604.7,208.7,12.8,15.6,0.0,583.0
2026-02-03 20:45:00,604.0,208.0,12.8,15.6,0.0,583.0
2026-02-03 21:00:00,605.0,209.5,12.9,16.3,0.0,605.0
2026-02-03 21:15:00,606.2,210.2,13.0,16.3,0.0,605.0
2026-02-03 21:30:00,608.5,210.2,13.1,16.3,0.0,605.0
2026-02-03 21:45:00,611.2,210.8,13.1,16.3,0.0,605.0
2026-02-03 22:00:00,611.7,208.8,13.2,16.8,0.0,567.0
2026-02-03 22:15:00,616.3,209.7,13.23,16.8,0.0,567.0
2026-02-03 22:30:00,617.0,209.0,13.32,16.8,0.0,567.0
2026-02-03 22:45:00,618.7,209.8,13.4,16.8,0.0,567.0
2026-02-03 23:00:00,620.3,207.5,13.42,17.1,0.0,474.0
2026-02-03 23:15:00,623.2,209.2,13.5,17.1,0.0,474.0
2026-02-03 23:30:00,623.5,208.2,13.5,17.1,0.0,474.0
2026-02-03 23:45:00,623.5,208.7,13.52,17.1,0.0,474.0
2026-02-04 00:00:00,624.3,209.2,13.58,17.4,0.0,329.0
2026-02-04 00:15:00,624.8,209.2,13.6,17.4,0.0,329.0
2026-02-04 00:30:00,625.7,208.5,13.6,17.4,0.0,329.0
2026-02-04 00:45:00,628.0,209.2,13.6,17.4,0.0,329.0
2026-02-04 01:00:00,626.2,208.8,13.6,15.5,0.0,151.0
2026-02-04 01:15:00,626.0,209.3,13.6,15.5,0.0,151.0
2026-02-04 01:30:00,626.7,208.0,13.6,15.5,0.0,151.0
2026-02-04 01:45:00,627.5,209.7,13.6,15.5,0.0,151.0
2026-02-04 02:00:00,626.8,210.3,13.6,12.7,0.0,14.0
2026-02-04 02:15:00,628.8,209.2,13.6,12.7,0.0,14.0
2026-02-04 02:30:00,628.3,209.3,13.6,12.7,0.0,14.0
2026-02-04 02:45:00,629.3,209.5,13.6,12.7,0.0,14.0
2026-02-04 03:00:00,629.0,209.2,13.52,10.8,0.0,0.0
2026-02-04 03:15:00,630.0,208.5,13.52,10.8,0.0,0.0
2026-02-04 03:30:00,627.3,208.2,13.5,10.8,0.0,0.0
2026-02-04 03:45:00,628.8,208.7,13.5,10.8,0.0,0.0
2026-02-04 04:00:00,628.7,209.0,13.5,9.7,0.0,0.0
2026-02-04 04:15:00,627.7,207.2,13.48,9.7,0.0,0.0
2026-02-04 04:30:00,629.2,207.7,13.42,9.7,0.0,0.0
2026-02-04 04:45:00,628.8,208.2,13.4,9.7,0.0,0.0
2026-02-04 05:00:00,628.7,208.0,13.4,9.2,0.0,0.0
2026-02-04 05:15:00,629.7,207.7,13.4,9.2,0.0,0.0
2026-02-04 05:30:00,628.0,208.5,13.32,9.2,0.0,0.0
2026-02-04 05:45:00,629.5,209.2,13.3,9.2,0.0,0.0
2026-02-04 06:00:00,629.7,209.2,13.3,8.4,0.0,0.0
2026-02-04 06:15:00,629.5,209.3,13.25,8.4,0.0,0.0
2026-02-04 06:30:00,629.2,208.8,13.2,8.4,0.0,0.0
2026-02-04 06:45:00,628.8,207.2,13.2,8.4,0.0,0.0
2026-02-04 07:00:00,628.8,207.2,13.2,7.9,0.0,0.0
2026-02-04 07:15:00,630.3,208.0,13.12,7.9,0.0,0.0
2026-02-04 07:30:00,630.3,208.0,13.1,7.9,0.0,0.0
2026-02-04 07:45:00,630.3,207.0,13.1,7.9,0.0,0.0
2026-02-04 08:00:00,630.5,208.0,13.1,7.0,0.0,0.0
2026-02-04 08:15:00,629.8,208.0,13.02,7.0,0.0,0.0
2026-02-04 08:30:00,630.3,207.5,13.0,7.0,0.0,0.0
2026-02-04 08:45:00,628.5,208.7,13.0,7.0,0.0,0.0
2026-02-04 09:00:00,629.3,207.3,13.0,6.4,0.0,0.0
2026-02-04 09:15:00,629.2,207.0,12.9,6.4,0.0,0.0
2026-02-04 09:30:00,630.2,207.5,12.9,6.4,0.0,0.0
2026-02-04 09:45:00,629.3,207.2,12.9,6.4,0.0,0.0
2026-02-04 10:00:00,631.0,206.7,12.85,5.8,0.0,0.0
2026-02-04 10:15:00,630.8,205.7,12.8,5.8,0.0,0.0
2026-02-04 10:30:00,629.3,206.8,12.8,5.8,0.0,0.0
2026-02-04 10:45:00,631.8,206.7,12.8,5.8,0.0,0.0
2026-02-04 11:00:00,630.2,206.3,12.7,5.4,0.0,0.0
2026-02-04 11:15:00,629.3,207.7,12.7,5.4,0.0,0.0
2026-02-04 11:30:00,630.5,206.7,12.7,5.4,0.0,0.0
2026-02-04 11:45:00,628.8,206.3,12.7,5.4,0.0,0.0
2026-02-04 12:00:00,629.2,206.7,12.6,4.9,0.0,0.0
2026-02-04 12:15:00,630.2,207.2,12.6,4.9,0.0,0.0
2026-02-04 12:30:00,630.0,206.8,12.6,4.9,0.0,0.0
2026-02-04 12:45:00,629.5,207.0,12.6,4.9,0.0,0.0
2026-02-04 13:00:00,629.2,207.3,12.6,4.1,0.0,0.0
2026-02-04 13:15:00,628.7,206.5,12.5,4.1,0.0,0.0
2026-02-04 13:30:00,628.8,206.5,12.5,4.1,0.0,0.0
2026-02-04 13:45:00,629.7,206.3,12.5,4.1,0.0,0.0
2026-02-04 14:00:00,629.3,206.3,12.5,3.7,0.0,0.0
2026-02-04 14:15:00,630.0,205.8,12.5,3.7,0.0,0.0
2026-02-04 14:30:00,629.0,206.0,12.5,3.7,0.0,0.0
2026-02-04 14:45:00,629.7,206.0,12.43,3.7,0.0,0.0
2026-02-04 15:00:00,630.8,207.3,12.4,4.0,0.0,0.0
2026-02-04 15:15:00,629.7,206.0,12.4,4.0,0.0,0.0
2026-02-04 15:30:00,630.5,205.8,12.4,4.0,0.0,0.0
2026-02-04 15:45:00,630.3,205.8,12.4,4.0,0.0,0.0
2026-02-04 16:00:00,631.5,207.0,12.4,5.3,0.0,34.0
2026-02-04 16:15:00,630.0,205.8,12.4,5.3,0.0,34.0
2026-02-04 16:30:00,629.8,206.2,12.38,5.3,0.0,34.0
2026-02-04 16:45:00,631.0,206.7,12.4,5.3,0.0,34.0
2026-02-04 17:00:00,631.8,206.0,12.4,8.8,0.0,178.0
2026-02-04 17:15:00,630.2,206.2,12.4,8.8,0.0,178.0
2026-02-04 17:30:00,630.0,206.7,12.4,8.8,0.0,178.0
2026-02-04 17:45:00,632.3,205.8,12.4,8.8,0.0,178.0
2026-02-04 18:00:00,630.7,207.0,12.5,12.0,0.0,345.0
2026-02-04 18:15:00,630.5,206.0,12.5,12.0,0.0,345.0
2026-02-04 18:30:00,633.0,207.2,12.5,12.0,0.0,345.0
2026-02-04 18:45:00,631.7,206.7,12.55,12.0,0.0,345.0
2026-02-04 19:00:00,632.2,207.2,12.6,14.3,0.0,502.0
2026-02-04 19:15:00,632.2,207.7,12.62,14.3,0.0,502.0
2026-02-04 19:30:00,632.0,207.7,12.7,14.3,0.0,502.0
2026-02-04 19:45:00,632.7,206.2,12.7,14.3,0.0,502.0
2026-02-04 20:00:00,632.2,205.8,12.8,15.5,0.0,582.0
2026-02-04 20:15:00,632.8,207.0,12.8,15.5,0.0,582.0
2026-02-04 20:30:00,631.3,207.3,12.9,15.5,0.0,582.0
2026-02-04 20:45:00,631.3,207.5,12.95,15.5,0.0,582.0
2026-02-04 21:00:00,631.5,208.0,13.03,16.6,0.0,607.0
2026-02-04 21:15:00,632.8,207.3,13.1,16.6,0.0,607.0
2026-02-04 21:30:00,632.5,207.8,13.2,16.6,0.0,607.0
2026-02-04 21:45:00,631.8,207.0,13.32,16.6,0.0,607.0
2026-02-04 22:00:00,632.3,207.3,13.4,17.4,0.0,581.0
2026-02-04 22:15:00,632.2,206.8,13.42,17.4,0.0,581.0
2026-02-04 22:30:00,632.0,206.8,13.5,17.4,0.0,581.0
2026-02-04 22:45:00,632.0,208.0,13.6,17.4,0.0,581.0
2026-02-04 23:00:00,633.3,208.0,13.6,17.7,0.0,482.0
2026-02-04 23:15:00,633.0,208.2,13.62,17.7,0.0,482.0
2026-02-04 23:30:00,632.8,207.3,13.7,17.7,0.0,482.0
2026-02-04 23:45:00,632.2,208.5,13.7,17.7,0.0,482.0
2026-02-05 00:00:00,631.7,207.8,13.7,17.9,0.0,335.0
2026-02-05 00:15:00,631.3,207.5,13.7,17.9,0.0,335.0
2026-02-05 00:30:00,633.2,207.3,13.72,17.9,0.0,335.0
2026-02-05 00:45:00,633.8,207.8,13.72,17.9,0.0,335.0
2026-02-05 01:00:00,633.0,207.3,13.72,15.8,0.0,157.0
2026-02-05 01:15:00,630.8,207.5,13.72,15.8,0.0,157.0
2026-02-05 01:30:00,632.3,207.3,13.72,15.8,0.0,157.0
2026-02-05 01:45:00,632.8,206.7,13.7,15.8,0.0,157.0
2026-02-05 02:00:00,633.3,208.5,13.7,12.4,0.0,16.0
2026-02-05 02:15:00,631.8,209.0,13.7,12.4,0.0,16.0
2026-02-05 02:30:00,630.8,207.7,13.7,12.4,0.0,16.0
2026-02-05 02:45:00,632.0,208.0,13.7,12.4,0.0,16.0
2026-02-05 03:00:00,633.2,207.7,13.7,10.3,0.0,0.0
2026-02-05 03:15:00,631.0,207.0,13.62,10.3,0.0,0.0
2026-02-05 03:30:00,631.0,208.0,13.6,10.3,0.0,0.0
2026-02-05 03:45:00,629.5,207.8,13.6,10.3,0.0,0.0
2026-02-05 04:00:00,630.8,208.8,13.6,8.9,0.0,0.0
2026-02-05 04:15:00,630.0,208.5,13.52,8.9,0.0,0.0
2026-02-05 04:30:00,630.0,207.8,13.5,8.9,0.0,0.0
2026-02-05 04:45:00,631.0,208.2,13.5,8.9,0.0,0.0
2026-02-05 05:00:00,631.7,208.2,13.5,7.8,0.0,0.0
2026-02-05 05:15:00,630.5,208.7,13.42,7.8,0.0,0.0
2026-02-05 05:30:00,631.7,206.0,13.4,7.8,0.0,0.0
2026-02-05 05:45:00,630.8,207.8,13.4,7.8,0.0,0.0
2026-02-05 06:00:00,631.2,208.7,13.35,7.9,0.0,0.0
2026-02-05 06:15:00,631.5,207.5,13.32,7.9,0.0,0.0
2026-02-05 06:30:00,630.5,206.5,13.3,7.9,0.0,0.0
2026-02-05 06:45:00,631.3,206.5,13.3,7.9,0.0,0.0
2026-02-05 07:00:00,631.3,207.0,13.2,7.3,0.0,0.0
2026-02-05 07:15:00,630.7,207.3,13.2,7.3,0.0,0.0
2026-02-05 07:30:00,630.7,206.0,13.2,7.3,0.0,0.0
2026-02-05 07:45:00,631.7,205.8,13.12,7.3,0.0,0.0
2026-02-05 08:00:00,631.0,206.0,13.1,6.6,0.0,0.0
2026-02-05 08:15:00,631.3,205.7,13.1,6.6,0.0,0.0
2026-02-05 08:30:00,632.0,205.3,13.1,6.6,0.0,0.0
2026-02-05 08:45:00,633.2,206.3,13.1,6.6,0.0,0.0
2026-02-05 09:00:00,633.2,205.3,13.0,6.1,0.0,0.0
2026-02-05 09:15:00,630.8,204.2,13.0,6.1,0.0,0.0
2026-02-05 09:30:00,632.5,204.5,13.0,6.1,0.0,0.0
2026-02-05 09:45:00,624.3,204.3,12.92,6.1,0.0,0.0
2026-02-05 10:00:00,633.2,205.3,12.9,6.4,0.0,0.0
2026-02-05 10:15:00,631.8,204.8,12.9,6.4,0.0,0.0
2026-02-05 10:30:00,631.8,205.2,12.9,6.4,0.0,0.0
2026-02-05 10:45:00,631.2,205.7,12.9,6.4,0.0,0.0
2026-02-05 11:00:00,622.8,205.3,12.8,6.2,0.0,0.0
2026-02-05 11:15:00,631.0,204.2,12.8,6.2,0.0,0.0
2026-02-05 11:30:00,630.3,204.7,12.8,6.2,0.0,0.0
2026-02-05 11:45:00,631.7,205.3,12.8,6.2,0.0,0.0
2026-02-05 12:00:00,631.8,204.2,12.73,6.5,0.0,0.0
2026-02-05 12:15:00,630.8,204.7,12.7,6.5,0.0,0.0
2026-02-05 12:30:00,633.0,204.5,12.7,6.5,0.0,0.0
2026-02-05 12:45:00,631.2,204.7,12.7,6.5,0.0,0.0
2026-02-05 13:00:00,631.3,205.0,12.7,5.5,0.0,0.0
2026-02-05 13:15:00,631.2,205.0,12.7,5.5,0.0,0.0
2026-02-05 13:30:00,631.0,204.8,12.68,5.5,0.0,0.0
2026-02-05 13:45:00,630.8,204.3,12.6,5.5,0.0,0.0
2026-02-05 14:00:00,630.8,205.8,12.6,4.9,0.0,0.0
2026-02-05 14:15:00,628.7,205.0,12.6,4.9,0.0,0.0
2026-02-05 14:30:00,629.2,205.3,12.6,4.9,0.0,0.0
2026-02-05 14:45:00,632.0,204.0,12.6,4.9,0.0,0.0
2026-02-05 15:00:00,630.7,203.5,12.6,5.0,0.0,0.0
2026-02-05 15:15:00,632.0,204.3,12.6,5.0,0.0,0.0
2026-02-05 15:30:00,632.3,204.2,12.52,5.0,0.0,0.0
2026-02-05 15:45:00,632.3,203.2,12.52,5.0,0.0,0.0
2026-02-05 16:00:00,632.3,203.2,12.5,6.1,0.0,28.0
2026-02-05 16:15:00,632.3,204.8,12.5,6.1,0.0,28.0
2026-02-05 16:30:00,632.2,203.5,12.5,6.1,0.0,28.0
2026-02-05 16:45:00,631.8,204.8,12.5,6.1,0.0,28.0
2026-02-05 17:00:00,631.5,204.3,12.5,9.2,0.0,154.0
2026-02-05 17:15:00,632.0,205.3,12.6,9.2,0.0,154.0
2026-02-05 17:30:00,632.0,204.8,12.6,9.2,0.0,154.0
2026-02-05 17:45:00,631.8,205.2,12.6,9.2,0.0,154.0
2026-02-05 18:00:00,632.0,205.3,12.68,12.5,0.0,320.0
2026-02-05 18:15:00,632.8,205.8,12.7,12.5,0.0,320.0
2026-02-05 18:30:00,633.2,204.0,12.7,12.5,0.0,320.0
2026-02-05 18:45:00,633.0,205.3,12.8,12.5,0.0,320.0
2026-02-05 19:00:00,634.2,205.8,12.8,14.7,0.0,424.0
2026-02-05 19:15:00,634.2,204.7,12.9,14.7,0.0,424.0
2026-02-05 19:30:00,633.0,205.5,12.9,14.7,0.0,424.0
2026-02-05 19:45:00,633.5,205.2,12.92,14.7,0.0,424.0
2026-02-05 20:00:00,633.8,206.0,13.0,16.9,0.0,552.0
2026-02-05 20:15:00,632.5,205.2,13.0,16.9,0.0,552.0
2026-02-05 20:30:00,632.5,205.2,13.1,16.9,0.0,552.0
2026-02-05 20:45:00,632.7,205.0,13.13,16.9,0.0,552.0
2026-02-05 21:00:00,632.5,205.5,13.2,18.6,0.0,597.0
2026-02-05 21:15:00,631.7,207.0,13.32,18.6,0.0,597.0
2026-02-05 21:30:00,631.0,207.0,13.4,18.6,0.0,597.0
2026-02-05 21:45:00,631.7,207.0,13.5,18.6,0.0,597.0
2026-02-05 22:00:00,632.5,206.5,13.6,19.5,0.0,562.0
2026-02-05 22:15:00,631.5,207.7,13.62,19.5,0.0,562.0
2026-02-05 22:30:00,633.2,206.8,13.7,19.5,0.0,562.0
2026-02-05 22:45:00,633.8,207.5,13.72,19.5,0.0,562.0
2026-02-05 23:00:00,632.0,209.0,13.85,19.9,0.0,474.0
2026-02-05 23:15:00,632.5,209.3,13.9,19.9,0.0,474.0
2026-02-05 23:30:00,631.7,206.7,13.9,19.9,0.0,474.0
2026-02-05 23:45:00,631.5,206.3,13.98,19.9,0.0,474.0
2026-02-06 00:00:00,633.2,208.2,14.0,19.3,0.0,329.0
2026-02-06 00:15:00,632.5,207.0,13.98,19.3,0.0,329.0
2026-02-06 00:30:00,632.0,208.0,14.0,19.3,0.0,329.0
2026-02-06 00:45:00,632.0,208.2,14.0,19.3,0.0,329.0
2026-02-06 01:00:00,632.3,209.0,14.0,17.0,0.0,138.0
2026-02-06 01:15:00,632.5,207.7,14.0,17.0,0.0,138.0
2026-02-06 01:30:00,632.2,207.2,14.0,17.0,0.0,138.0
2026-02-06 01:45:00,632.5,208.2,14.0,17.0,0.0,138.0
2026-02-06 02:00:00,634.3,207.2,14.0,14.4,0.0,13.0
2026-02-06 02:15:00,633.2,207.3,14.0,14.4,0.0,13.0
2026-02-06 02:30:00,633.8,208.2,14.0,14.4,0.0,13.0
2026-02-06 02:45:00,632.8,207.7,14.0,14.4,0.0,13.0
2026-02-06 03:00:00,633.3,207.0,14.0,12.8,0.0,0.0
2026-02-06 03:15:00,631.8,207.0,14.0,12.8,0.0,0.0
2026-02-06 03:30:00,632.8,207.3,14.0,12.8,0.0,0.0
2026-02-06 03:45:00,632.2,207.0,14.0,12.8,0.0,0.0
2026-02-06 04:00:00,632.5,206.0,13.92,12.0,0.0,0.0
2026-02-06 04:15:00,632.3,206.5,13.9,12.0,0.0,0.0
2026-02-06 04:30:00,634.0,207.5,13.9,12.0,0.0,0.0
2026-02-06 04:45:00,632.7,206.3,13.9,12.0,0.0,0.0
2026-02-06 05:00:00,633.5,206.5,13.9,11.4,0.0,0.0
2026-02-06 05:15:00,633.2,205.7,13.9,11.4,0.0,0.0
2026-02-06 05:30:00,633.0,205.8,13.9,11.4,0.0,0.0
2026-02-06 05:45:00,633.3,206.8,13.9,11.4,0.0,0.0
2026-02-06 06:00:00,632.7,207.0,13.9,10.8,0.0,0.0
2026-02-06 06:15:00,631.3,206.8,13.87,10.8,0.0,0.0
2026-02-06 06:30:00,632.3,206.0,13.82,10.8,0.0,0.0
2026-02-06 06:45:00,632.3,204.7,13.8,10.8,0.0,0.0
2026-02-06 07:00:00,633.2,206.2,13.8,10.1,0.0,0.0
2026-02-06 07:15:00,632.7,205.3,13.73,10.1,0.0,0.0
2026-02-06 07:30:00,632.0,204.8,13.72,10.1,0.0,0.0
2026-02-06 07:45:00,632.7,205.0,13.7,10.1,0.0,0.0
2026-02-06 08:00:00,632.5,204.7,13.7,10.4,0.0,0.0
2026-02-06 08:15:00,632.2,205.7,13.7,10.4,0.0,0.0
2026-02-06 08:30:00,632.5,204.8,13.7,10.4,0.0,0.0
2026-02-06 08:45:00,633.2,205.7,13.7,10.4,0.0,0.0
2026-02-06 09:00:00,633.5,204.2,13.7,11.1,0.0,0.0
2026-02-06 09:15:00,633.7,203.8,13.7,11.1,0.0,0.0
2026-02-06 09:30:00,633.3,203.8,13.7,11.1,0.0,0.0
2026-02-06 09:45:00,632.8,203.8,13.7,11.1,0.0,0.0
2026-02-06 10:00:00,633.7,205.0,13.7,11.4,0.05,0.0
2026-02-06 10:15:00,633.8,204.2,13.7,11.4,0.05,0.0
2026-02-06 10:30:00,630.8,205.2,13.7,11.4,0.05,0.0
2026-02-06 10:45:00,632.2,205.2,13.7,11.4,0.05,0.0
2026-02-06 11:00:00,630.2,204.7,13.62,11.0,0.0,0.0
2026-02-06 11:15:00,631.5,206.2,13.62,11.0,0.0,0.0
2026-02-06 11:30:00,630.3,204.7,13.6,11.0,0.0,0.0
2026-02-06 11:45:00,631.2,206.0,13.6,11.0,0.0,0.0
2026-02-06 12:00:00,632.0,205.8,13.6,10.0,0.0,0.0
2026-02-06 12:15:00,631.3,205.7,13.52,10.0,0.0,0.0
2026-02-06 12:30:00,630.5,206.0,13.5,10.0,0.0,0.0
2026-02-06 12:45:00,630.0,205.0,13.5,10.0,0.0,0.0
2026-02-06 13:00:00,631.8,205.5,13.5,10.1,0.0,0.0
2026-02-06 13:15:00,631.5,204.8,13.42,10.1,0.0,0.0
2026-02-06 13:30:00,631.7,205.5,13.4,10.1,0.0,0.0
2026-02-06 13:45:00,630.5,205.3,13.4,10.1,0.0,0.0
2026-02-06 14:00:00,632.5,205.3,13.4,9.9,0.0,0.0
2026-02-06 14:15:00,630.0,203.7,13.32,9.9,0.0,0.0
2026-02-06 14:30:00,630.8,203.8,13.3,9.9,0.0,0.0
2026-02-06 14:45:00,629.5,204.7,13.3,9.9,0.0,0.0
2026-02-06 15:00:00,631.5,204.3,13.25,8.3,0.0,0.0
2026-02-06 15:15:00,631.3,204.0,13.2,8.3,0.0,0.0
2026-02-06 15:30:00,630.5,204.3,13.2,8.3,0.0,0.0
2026-02-06 15:45:00,630.3,205.2,13.2,8.3,0.0,0.0
2026-02-06 16:00:00,630.2,205.0,13.2,9.4,0.0,36.0
2026-02-06 16:15:00,631.7,204.2,13.2,9.4,0.0,36.0
2026-02-06 16:30:00,630.0,204.8,13.2,9.4,0.0,36.0
2026-02-06 16:45:00,630.2,205.0,13.17,9.4,0.0,36.0
2026-02-06 17:00:00,630.5,204.0,13.2,12.8,0.0,191.0
2026-02-06 17:15:00,628.8,205.8,13.2,12.8,0.0,191.0
2026-02-06 17:30:00,628.8,204.8,13.2,12.8,0.0,191.0
2026-02-06 17:45:00,630.2,205.5,13.2,12.8,0.0,191.0
2026-02-06 18:00:00,630.2,204.8,13.22,15.1,0.0,365.0
2026-02-06 18:15:00,628.2,205.2,13.3,15.1,0.0,365.0
2026-02-06 18:30:00,629.7,204.8,13.3,15.1,0.0,365.0
2026-02-06 18:45:00,630.7,205.2,13.32,15.1,0.0,365.0
2026-02-06 19:00:00,629.5,205.3,13.4,16.7,0.0,493.0
2026-02-06 19:15:00,629.2,206.0,13.4,16.7,0.0,493.0
2026-02-06 19:30:00,629.7,205.0,13.42,16.7,0.0,493.0
2026-02-06 19:45:00,629.2,204.0,13.5,16.7,0.0,493.0
2026-02-06 20:00:00,627.5,204.7,13.5,17.6,0.0,537.0
2026-02-06 20:15:00,629.0,205.2,13.52,17.6,0.0,537.0
2026-02-06 20:30:00,631.5,206.0,13.6,17.6,0.0,537.0
2026-02-06 20:45:00,631.2,204.8,13.62,17.6,0.0,537.0
2026-02-06 21:00:00,629.8,205.7,13.7,18.5,0.0,603.0
2026-02-06 21:15:00,630.7,205.2,13.8,18.5,0.0,603.0
2026-02-06 21:30:00,630.2,205.0,13.9,18.5,0.0,603.0
2026-02-06 21:45:00,629.5,205.3,13.9,18.5,0.0,603.0
2026-02-06 22:00:00,630.0,205.7,14.0,18.5,0.0,567.0
2026-02-06 22:15:00,629.8,206.5,14.0,18.5,0.0,567.0
2026-02-06 22:30:00,629.3,204.8,14.02,18.5,0.0,567.0
2026-02-06 22:45:00,630.5,205.8,14.08,18.5,0.0,567.0
2026-02-06 23:00:00,631.7,205.8,14.1,18.3,0.0,469.0
2026-02-06 23:15:00,630.3,207.0,14.13,18.3,0.0,469.0
2026-02-06 23:30:00,630.8,206.0,14.2,18.3,0.0,469.0
2026-02-06 23:45:00,630.5,205.8,14.2,18.3,0.0,469.0
2026-02-07 00:00:00,630.3,205.8,14.18,19.0,0.0,326.0
2026-02-07 00:15:00,631.3,207.0,14.2,19.0,0.0,326.0
2026-02-07 00:30:00,631.8,205.3,14.2,19.0,0.0,326.0
2026-02-07 00:45:00,630.7,205.7,14.2,19.0,0.0,326.0
2026-02-07 01:00:00,631.0,206.0,14.18,16.8,0.0,155.0
2026-02-07 01:15:00,630.7,205.5,14.15,16.8,0.0,155.0
2026-02-07 01:30:00,631.8,204.2,14.12,16.8,0.0,155.0
2026-02-07 01:45:00,631.7,205.7,14.1,16.8,0.0,155.0
2026-02-07 02:00:00,631.7,204.0,14.1,13.7,0.0,17.0
2026-02-07 02:15:00,629.8,205.7,14.1,13.7,0.0,17.0
2026-02-07 02:30:00,629.7,205.7,14.1,13.7,0.0,17.0
2026-02-07 02:45:00,630.3,206.3,14.02,13.7,0.0,17.0
2026-02-07 03:00:00,630.5,205.3,14.0,12.1,0.0,0.0
2026-02-07 03:15:00,631.8,205.8,14.0,12.1,0.0,0.0
2026-02-07 03:30:00,631.5,206.3,14.0,12.1,0.0,0.0
2026-02-07 03:45:00,630.5,205.0,14.0,12.1,0.0,0.0
2026-02-07 04:00:00,631.2,204.5,13.9,11.2,0.0,0.0
2026-02-07 04:15:00,631.3,204.0,13.88,11.2,0.0,0.0
2026-02-07 04:30:00,632.3,205.2,13.9,11.2,0.0,0.0
2026-02-07 04:45:00,631.2,204.0,13.83,11.2,0.0,0.0
2026-02-07 05:00:00,631.7,203.7,13.8,10.9,0.0,0.0
2026-02-07 05:15:00,630.8,203.3,13.72,10.9,0.0,0.0
2026-02-07 05:30:00,630.8,204.2,13.7,10.9,0.0,0.0
2026-02-07 05:45:00,630.2,205.3,13.7,10.9,0.0,0.0
2026-02-07 06:00:00,629.7,204.3,13.7,10.0,0.0,0.0
2026-02-07 06:15:00,629.0,204.0,13.7,10.0,0.0,0.0
2026-02-07 06:30:00,630.3,202.7,13.7,10.0,0.0,0.0
2026-02-07 06:45:00,629.7,203.8,13.67,10.0,0.0,0.0
2026-02-07 07:00:00,629.8,203.7,13.62,10.2,0.0,0.0
2026-02-07 07:15:00,630.2,204.2,13.62,10.2,0.0,0.0
2026-02-07 07:30:00,628.3,205.0,13.62,10.2,0.0,0.0
2026-02-07 07:45:00,629.5,203.5,13.6,10.2,0.0,0.0
2026-02-07 08:00:00,629.0,204.0,13.6,10.1,0.0,0.0
2026-02-07 08:15:00,629.3,203.8,13.6,10.1,0.0,0.0
2026-02-07 08:30:00,629.7,204.0,13.6,10.1,0.0,0.0
2026-02-07 08:45:00,628.8,204.2,13.55,10.1,0.0,0.0
2026-02-07 09:00:00,629.2,203.8,13.52,9.7,0.0,0.0
2026-02-07 09:15:00,628.5,204.2,13.52,9.7,0.0,0.0
2026-02-07 09:30:00,629.2,203.3,13.52,9.7,0.0,0.0
2026-02-07 09:45:00,628.8,203.0,13.5,9.7,0.0,0.0
2026-02-07 10:00:00,629.0,203.2,13.5,9.7,0.0,0.0
2026-02-07 10:15:00,628.0,203.0,13.5,9.7,0.0,0.0
2026-02-07 10:30:00,628.7,204.3,13.42,9.7,0.0,0.0
2026-02-07 10:45:00,627.8,203.8,13.4,9.7,0.0,0.0
2026-02-07 11:00:00,628.0,203.8,13.4,9.5,0.0,0.0
2026-02-07 11:15:00,628.7,204.0,13.4,9.5,0.0,0.0
2026-02-07 11:30:00,629.2,205.3,13.32,9.5,0.0,0.0
2026-02-07 11:45:00,629.3,205.7,13.3,9.5,0.0,0.0
2026-02-07 12:00:00,626.3,205.5,13.3,8.3,0.0,0.0
2026-02-07 12:15:00,628.5,203.3,13.3,8.3,0.0,0.0
2026-02-07 12:30:00,628.7,203.0,13.27,8.3,0.0,0.0
2026-02-07 12:45:00,629.7,203.0,13.22,8.3,0.0,0.0
2026-02-07 13:00:00,629.2,202.5,13.2,8.6,0.0,0.0
2026-02-07 13:15:00,628.0,203.3,13.2,8.6,0.0,0.0
2026-02-07 13:30:00,628.3,202.7,13.2,8.6,0.0,0.0
2026-02-07 13:45:00,629.8,204.2,13.2,8.6,0.0,0.0
2026-02-07 14:00:00,628.3,203.2,13.12,8.1,0.0,0.0
2026-02-07 14:15:00,627.2,203.2,13.1,8.1,0.0,0.0
2026-02-07 14:30:00,629.0,203.5,13.1,8.1,0.0,0.0
2026-02-07 14:45:00,627.8,204.5,13.1,8.1,0.0,0.0
2026-02-07 15:00:00,627.3,203.3,13.1,7.9,0.0,0.0
2026-02-07 15:15:00,628.3,204.0,13.02,7.9,0.0,0.0
2026-02-07 15:30:00,627.8,204.2,13.0,7.9,0.0,0.0
2026-02-07 15:45:00,629.5,203.7,13.0,7.9,0.0,0.0
2026-02-07 16:00:00,628.7,205.0,13.0,8.3,0.0,20.0
2026-02-07 16:15:00,628.7,203.8,13.0,8.3,0.0,20.0
2026-02-07 16:30:00,628.2,202.3,13.0,8.3,0.0,20.0
2026-02-07 16:45:00,629.8,203.5,13.0,8.3,0.0,20.0
2026-02-07 17:00:00,629.5,202.5,13.0,9.9,0.0,113.0
2026-02-07 17:15:00,630.7,202.0,13.0,9.9,0.0,113.0
2026-02-07 17:30:00,629.0,202.0,13.0,9.9,0.0,113.0
2026-02-07 17:45:00,630.8,202.2,13.0,9.9,0.0,113.0
2026-02-07 18:00:00,630.2,202.0,13.0,11.2,0.0,236.0
2026-02-07 18:15:00,630.0,202.3,13.0,11.2,0.0,236.0
2026-02-07 18:30:00,629.3,202.5,13.0,11.2,0.0,236.0
2026-02-07 18:45:00,629.7,202.8,13.0,11.2,0.0,236.0
2026-02-07 19:00:00,629.7,203.2,13.0,13.1,0.0,412.0
2026-02-07 19:15:00,630.0,203.5,13.1,13.1,0.0,412.0
2026-02-07 19:30:00,628.7,203.5,13.1,13.1,0.0,412.0
2026-02-07 19:45:00,628.5,202.2,13.1,13.1,0.0,412.0
2026-02-07 20:00:00,629.8,203.7,13.1,14.8,0.0,544.0
2026-02-07 20:15:00,628.5,204.2,13.2,14.8,0.0,544.0
2026-02-07 20:30:00,629.8,204.0,13.2,14.8,0.0,544.0
2026-02-07 20:45:00,629.7,203.7,13.3,14.8,0.0,544.0
2026-02-07 21:00:00,630.3,204.0,13.38,16.6,0.0,585.0
2026-02-07 21:15:00,628.3,203.8,13.4,16.6,0.0,585.0
2026-02-07 21:30:00,629.8,203.3,13.5,16.6,0.0,585.0
2026-02-07 21:45:00,628.7,204.0,13.5,16.6,0.0,585.0
2026-02-07 22:00:00,628.8,203.2,13.53,16.3,0.0,490.0
2026-02-07 22:15:00,630.0,204.0,13.6,16.3,0.0,490.0
2026-02-07 22:30:00,627.2,204.2,13.6,16.3,0.0,490.0
2026-02-07 22:45:00,628.7,204.7,13.62,16.3,0.0,490.0
2026-02-07 23:00:00,627.5,205.2,13.62,16.0,0.0,400.0
2026-02-07 23:15:00,626.8,203.0,13.7,16.0,0.0,400.0
2026-02-07 23:30:00,628.2,204.5,13.7,16.0,0.0,400.0
2026-02-07 23:45:00,627.2,203.7,13.7,16.0,0.0,400.0
2026-02-08 00:00:00,627.7,204.0,13.7,16.3,0.0,312.0
2026-02-08 00:15:00,629.2,204.5,13.73,16.3,0.0,312.0
2026-02-08 00:30:00,627.8,204.3,13.8,16.3,0.0,312.0
2026-02-08 00:45:00,629.5,204.7,13.8,16.3,0.0,312.0
2026-02-08 01:00:00,628.8,203.2,13.82,15.4,0.0,134.0
2026-02-08 01:15:00,627.7,205.2,13.88,15.4,0.0,134.0
2026-02-08 01:30:00,627.8,204.5,13.9,15.4,0.0,134.0
2026-02-08 01:45:00,627.7,203.8,13.9,15.4,0.0,134.0
2026-02-08 02:00:00,628.5,204.0,13.9,13.1,0.0,18.0
2026-02-08 02:15:00,627.3,203.5,13.9,13.1,0.0,18.0
2026-02-08 02:30:00,626.8,203.7,13.8,13.1,0.0,18.0
2026-02-08 02:45:00,628.2,203.2,13.8,13.1,0.0,18.0
2026-02-08 03:00:00,627.3,204.3,13.77,11.8,0.0,0.0
2026-02-08 03:15:00,627.3,202.7,13.7,11.8,0.0,0.0
2026-02-08 03:30:00,625.5,203.3,13.7,11.8,0.0,0.0
2026-02-08 03:45:00,626.5,204.0,13.7,11.8,0.0,0.0
2026-02-08 04:00:00,628.0,202.8,13.62,10.4,0.0,0.0
2026-02-08 04:15:00,626.3,202.5,13.6,10.4,0.0,0.0
2026-02-08 04:30:00,628.0,203.8,13.6,10.4,0.0,0.0
2026-02-08 04:45:00,628.2,204.2,13.6,10.4,0.0,0.0
2026-02-08 05:00:00,628.5,202.2,13.53,10.4,0.0,0.0
2026-02-08 05:15:00,627.7,202.3,13.5,10.4,0.0,0.0
2026-02-08 05:30:00,628.5,202.3,13.5,10.4,0.0,0.0
2026-02-08 05:45:00,629.5,202.2,13.5,10.4,0.0,0.0
2026-02-08 06:00:00,628.8,202.2,13.42,9.9,0.0,0.0
2026-02-08 06:15:00,628.8,204.0,13.4,9.9,0.0,0.0
2026-02-08 06:30:00,628.5,202.3,13.4,9.9,0.0,0.0
2026-02-08 06:45:00,628.8,201.5,13.37,9.9,0.0,0.0
2026-02-08 07:00:00,626.7,202.7,13.32,9.9,0.0,0.0
2026-02-08 07:15:00,625.7,202.7,13.3,9.9,0.0,0.0
2026-02-08 07:30:00,627.2,202.7,13.3,9.9,0.0,0.0
2026-02-08 07:45:00,627.7,201.7,13.2,9.9,0.0,0.0
2026-02-08 08:00:00,626.3,202.2,13.22,8.5,0.0,0.0
2026-02-08 08:15:00,627.0,201.3,13.2,8.5,0.0,0.0
2026-02-08 08:30:00,625.5,202.3,13.2,8.5,0.0,0.0
2026-02-08 08:45:00,627.0,202.3,13.2,8.5,0.0,0.0
2026-02-08 09:00:00,628.0,202.8,13.1,9.2,0.0,0.0
2026-02-08 09:15:00,627.5,203.2,13.1,9.2,0.0,0.0
2026-02-08 09:30:00,626.8,201.5,13.1,9.2,0.0,0.0
2026-02-08 09:45:00,627.2,201.8,13.1,9.2,0.0,0.0
2026-02-08 10:00:00,626.8,202.2,13.03,9.2,0.0,0.0
2026-02-08 10:15:00,626.2,201.5,13.0,9.2,0.0,0.0
2026-02-08 10:30:00,627.0,200.8,13.0,9.2,0.0,0.0
2026-02-08 10:45:00,625.8,200.5,13.0,9.2,0.0,0.0
2026-02-08 11:00:00,627.0,201.0,12.9,8.0,0.0,0.0
2026-02-08 11:15:00,624.5,200.7,12.9,8.0,0.0,0.0
2026-02-08 11:30:00,625.8,201.2,12.9,8.0,0.0,0.0
2026-02-08 11:45:00,625.7,200.2,12.9,8.0,0.0,0.0
2026-02-08 12:00:00,624.3,201.3,12.9,8.3,0.0,0.0
2026-02-08 12:15:00,626.0,200.7,12.82,8.3,0.0,0.0
2026-02-08 12:30:00,626.2,200.8,12.8,8.3,0.0,0.0
2026-02-08 12:45:00,625.7,201.0,12.8,8.3,0.0,0.0
2026-02-08 13:00:00,625.7,201.8,12.8,8.2,0.0,0.0
2026-02-08 13:15:00,625.2,200.5,12.8,8.2,0.0,0.0
2026-02-08 13:30:00,626.2,199.5,12.8,8.2,0.0,0.0
2026-02-08 13:45:00,626.7,199.5,12.7,8.2,0.0,0.0
2026-02-08 14:00:00,626.0,200.2,12.72,8.2,0.0,0.0
2026-02-08 14:15:00,625.7,200.5,12.7,8.2,0.0,0.0
2026-02-08 14:30:00,625.8,200.5,12.7,8.2,0.0,0.0
2026-02-08 14:45:00,625.5,200.5,12.7,8.2,0.0,0.0
2026-02-08 15:00:00,625.7,200.8,12.7,8.3,0.0,0.0
2026-02-08 15:15:00,625.0,200.3,12.7,8.3,0.0,0.0
2026-02-08 15:30:00,623.3,200.3,12.7,8.3,0.0,0.0
2026-02-08 15:45:00,622.8,202.3,12.7,8.3,0.0,0.0
2026-02-08 16:00:00,622.8,200.7,12.7,9.0,0.0,28.0
2026-02-08 16:15:00,622.3,201.0,12.7,9.0,0.0,28.0
2026-02-08 16:30:00,624.8,200.0,12.7,9.0,0.0,28.0
2026-02-08 16:45:00,624.7,201.2,12.7,9.0,0.0,28.0
2026-02-08 17:00:00,623.2,200.8,12.7,10.5,0.0,133.0
2026-02-08 17:15:00,624.5,201.0,12.7,10.5,0.0,133.0
2026-02-08 17:30:00,624.8,201.3,12.7,10.5,0.0,133.0
2026-02-08 17:45:00,624.8,201.2,12.7,10.5,0.0,133.0
2026-02-08 18:00:00,624.7,201.0,12.7,12.2,0.0,301.0
2026-02-08 18:15:00,624.8,201.0,12.7,12.2,0.0,301.0
2026-02-08 18:30:00,624.2,200.5,12.72,12.2,0.0,301.0
2026-02-08 18:45:00,623.7,201.0,12.8,12.2,0.0,301.0
2026-02-08 19:00:00,624.3,200.2,12.8,13.9,0.0,451.0
2026-02-08 19:15:00,623.7,200.3,12.8,13.9,0.0,451.0
2026-02-08 19:30:00,622.2,201.0,12.88,13.9,0.0,451.0
2026-02-08 19:45:00,622.7,202.0,12.9,13.9,0.0,451.0
2026-02-08 20:00:00,622.2,200.5,12.9,15.3,0.0,548.0
2026-02-08 20:15:00,624.2,200.5,13.0,15.3,0.0,548.0
2026-02-08 20:30:00,622.5,200.3,13.02,15.3,0.0,548.0
2026-02-08 20:45:00,623.0,201.8,13.1,15.3,0.0,548.0
2026-02-08 21:00:00,623.5,202.3,13.2,16.5,0.0,602.0
2026-02-08 21:15:00,623.7,201.5,13.22,16.5,0.0,602.0
2026-02-08 21:30:00,630.5,203.2,13.32,16.5,0.0,602.0
2026-02-08 21:45:00,627.8,201.5,13.42,16.5,0.0,602.0
2026-02-08 22:00:00,622.3,202.0,13.5,16.9,0.0,566.0
2026-02-08 22:15:00,626.5,201.7,13.52,16.9,0.0,566.0
2026-02-08 22:30:00,625.3,201.8,13.6,16.9,0.0,566.0
2026-02-08 22:45:00,623.7,201.5,13.62,16.9,0.0,566.0
2026-02-08 23:00:00,628.2,201.5,13.7,15.1,0.0,450.0
2026-02-08 23:15:00,625.3,201.2,13.7,15.1,0.0,450.0
2026-02-08 23:30:00,625.8,202.2,13.7,15.1,0.0,450.0
2026-02-08 23:45:00,627.2,201.5,13.7,15.1,0.0,450.0
2026-02-09 00:00:00,626.7,201.5,13.7,14.3,0.0,274.0
2026-02-09 00:15:00,626.3,202.7,13.7,14.3,0.0,274.0
2026-02-09 00:30:00,628.2,202.2,13.7,14.3,0.0,274.0
2026-02-09 00:45:00,627.2,202.7,13.7,14.3,0.0,274.0
2026-02-09 01:00:00,628.5,203.3,13.7,14.1,0.0,148.0
2026-02-09 01:15:00,627.7,203.0,13.7,14.1,0.0,148.0
2026-02-09 01:30:00,626.0,201.5,13.7,14.1,0.0,148.0
2026-02-09 01:45:00,625.2,204.3,13.7,14.1,0.0,148.0
2026-02-09 02:00:00,625.0,202.5,13.7,12.9,0.0,15.0
2026-02-09 02:15:00,626.8,202.8,13.7,12.9,0.0,15.0
2026-02-09 02:30:00,626.7,203.7,13.7,12.9,0.0,15.0
2026-02-09 02:45:00,627.5,203.8,13.7,12.9,0.0,15.0
2026-02-09 03:00:00,626.2,204.0,13.72,12.9,0.0,0.0
2026-02-09 03:15:00,627.3,203.5,13.72,12.9,0.0,0.0
2026-02-09 03:30:00,628.3,202.2,13.72,12.9,0.0,0.0
2026-02-09 03:45:00,627.3,200.8,13.72,12.9,0.0,0.0
2026-02-09 04:00:00,627.2,201.5,13.72,13.1,0.0,0.0
2026-02-09 04:15:00,627.0,203.5,13.72,13.1,0.0,0.0
2026-02-09 04:30:00,627.2,203.0,13.72,13.1,0.0,0.0
2026-02-09 04:45:00,627.5,202.0,13.73,13.1,0.0,0.0
2026-02-09 05:00:00,627.0,202.5,13.72,13.1,0.0,0.0
2026-02-09 05:15:00,627.8,203.8,13.72,13.1,0.0,0.0
2026-02-09 05:30:00,627.5,201.8,13.72,13.1,0.0,0.0
2026-02-09 05:45:00,627.3,202.5,13.72,13.1,0.0,0.0
2026-02-09 06:00:00,630.0,202.7,13.72,12.9,0.0,0.0
2026-02-09 06:15:00,628.8,203.7,13.72,12.9,0.0,0.0
2026-02-09 06:30:00,628.0,202.3,13.72,12.9,0.0,0.0
2026-02-09 06:45:00,628.7,202.7,13.73,12.9,0.0,0.0
2026-02-09 07:00:00,628.8,203.3,13.72,12.9,0.0,0.0
2026-02-09 07:15:00,628.3,202.2,13.72,12.9,0.0,0.0
2026-02-09 07:30:00,630.2,202.0,13.72,12.9,0.0,0.0
2026-02-09 07:45:00,629.0,202.2,13.73,12.9,0.0,0.0
2026-02-09 08:00:00,630.8,202.2,13.72,12.7,0.0,0.0
2026-02-09 08:15:00,630.0,203.3,13.7,12.7,0.0,0.0
2026-02-09 08:30:00,628.7,201.8,13.7,12.7,0.0,0.0
2026-02-09 08:45:00,631.5,201.2,13.7,12.7,0.0,0.0
2026-02-09 09:00:00,626.2,201.8,13.7,11.8,0.0,0.0
2026-02-09 09:15:00,627.7,202.3,13.7,11.8,0.0,0.0
2026-02-09 09:30:00,629.3,202.7,13.7,11.8,0.0,0.0
2026-02-09 09:45:00,633.0,200.8,13.62,11.8,0.0,0.0
2026-02-09 10:00:00,632.3,201.8,13.6,10.8,0.0,0.0
2026-02-09 10:15:00,630.7,202.0,13.6,10.8,0.0,0.0
2026-02-09 10:30:00,632.3,202.8,13.58,10.8,0.0,0.0
2026-02-09 10:45:00,631.5,202.5,13.53,10.8,0.0,0.0
2026-02-09 11:00:00,631.7,201.3,13.5,10.2,0.0,0.0
2026-02-09 11:15:00,631.7,202.7,13.5,10.2,0.0,0.0
2026-02-09 11:30:00,630.0,203.2,13.5,10.2,0.0,0.0
2026-02-09 11:45:00,631.5,201.8,13.42,10.2,0.0,0.0
2026-02-09 12:00:00,629.8,202.2,13.4,10.0,0.0,0.0
2026-02-09 12:15:00,631.2,201.7,13.4,10.0,0.0,0.0
2026-02-09 12:30:00,629.3,201.2,13.32,10.0,0.0,0.0
2026-02-09 12:45:00,630.0,201.0,13.3,10.0,0.0,0.0
2026-02-09 13:00:00,628.0,200.7,13.23,9.3,0.0,0.0
2026-02-09 13:15:00,626.2,201.2,13.2,9.3,0.0,0.0
2026-02-09 13:30:00,623.5,200.0,13.2,9.3,0.0,0.0
2026-02-09 13:45:00,627.7,200.0,13.2,9.3,0.0,0.0
2026-02-09 14:00:00,627.2,200.3,13.12,9.1,0.0,0.0
2026-02-09 14:15:00,623.5,200.2,13.1,9.1,0.0,0.0
2026-02-09 14:30:00,625.0,200.2,13.1,9.1,0.0,0.0
2026-02-09 14:45:00,627.2,201.5,13.1,9.1,0.0,0.0
2026-02-09 15:00:00,627.3,200.8,13.0,9.2,0.0,0.0
2026-02-09 15:15:00,627.5,200.8,13.0,9.2,0.0,0.0
2026-02-09 15:30:00,627.7,199.8,13.0,9.2,0.0,0.0
2026-02-09 15:45:00,628.8,200.2,13.0,9.2,0.0,0.0
2026-02-09 16:00:00,628.0,201.0,12.92,9.5,0.0,30.0
2026-02-09 16:15:00,628.2,199.0,12.9,9.5,0.0,30.0
2026-02-09 16:30:00,629.3,199.3,12.9,9.5,0.0,30.0
2026-02-09 16:45:00,628.8,200.0,12.9,9.5,0.0,30.0
2026-02-09 17:00:00,627.3,200.5,12.92,11.0,0.0,137.0
2026-02-09 17:15:00,627.8,200.0,12.9,11.0,0.0,137.0
2026-02-09 17:30:00,625.8,200.3,12.9,11.0,0.0,137.0
2026-02-09 17:45:00,627.0,200.3,12.92,11.0,0.0,137.0
2026-02-09 18:00:00,625.8,200.0,12.98,13.2,0.0,346.0
2026-02-09 18:15:00,625.3,200.7,13.0,13.2,0.0,346.0
2026-02-09 18:30:00,624.3,200.8,13.0,13.2,0.0,346.0
2026-02-09 18:45:00,626.2,202.2,13.0,13.2,0.0,346.0
2026-02-09 19:00:00,626.3,203.0,13.02,14.3,0.0,361.0
2026-02-09 19:15:00,625.5,202.3,13.1,14.3,0.0,361.0
2026-02-09 19:30:00,626.0,201.8,13.1,14.3,0.0,361.0
2026-02-09 19:45:00,625.8,201.5,13.1,14.3,0.0,361.0
2026-02-09 20:00:00,626.7,202.5,13.17,15.6,0.0,493.0
2026-02-09 20:15:00,626.5,202.0,13.2,15.6,0.0,493.0
2026-02-09 20:30:00,625.8,200.8,13.2,15.6,0.0,493.0
2026-02-09 20:45:00,627.8,201.2,13.22,15.6,0.0,493.0
2026-02-09 21:00:00,625.7,201.0,13.3,15.7,0.0,415.0
2026-02-09 21:15:00,625.3,201.7,13.3,15.7,0.0,415.0
2026-02-09 21:30:00,626.2,200.7,13.32,15.7,0.0,415.0
2026-02-09 21:45:00,624.8,200.8,13.4,15.7,0.0,415.0
2026-02-09 22:00:00,624.3,200.7,13.4,16.4,0.0,488.0
2026-02-09 22:15:00,623.7,200.2,13.42,16.4,0.0,488.0
2026-02-09 22:30:00,624.8,201.2,13.45,16.4,0.0,488.0
2026-02-09 22:45:00,624.5,201.8,13.5,16.4,0.0,488.0
2026-02-09 23:00:00,624.0,203.2,13.5,17.0,0.0,443.0
2026-02-09 23:15:00,623.2,202.7,13.5,17.0,0.0,443.0
2026-02-09 23:30:00,625.0,201.5,13.52,17.0,0.0,443.0
2026-02-09 23:45:00,625.7,201.5,13.53,17.0,0.0,443.0
2026-02-10 00:00:00,625.3,202.0,13.6,16.7,0.0,345.0
2026-02-10 00:15:00,625.3,199.8,13.6,16.7,0.0,345.0
2026-02-10 00:30:00,627.8,200.0,13.6,16.7,0.0,345.0
2026-02-10 00:45:00,626.8,200.7,13.6,16.7,0.0,345.0
2026-02-10 01:00:00,626.5,200.8,13.6,15.2,0.0,84.0
2026-02-10 01:15:00,626.0,201.8,13.6,15.2,0.0,84.0
2026-02-10 01:30:00,626.0,201.0,13.6,15.2,0.0,84.0
2026-02-10 01:45:00,624.8,201.3,13.6,15.2,0.0,84.0
2026-02-10 02:00:00,623.8,201.3,13.57,13.2,0.0,10.0
2026-02-10 02:15:00,624.0,200.8,13.52,13.2,0.0,10.0
2026-02-10 02:30:00,624.5,202.0,13.52,13.2,0.0,10.0
2026-02-10 02:45:00,624.3,201.3,13.52,13.2,0.0,10.0
2026-02-10 03:00:00,624.2,201.5,13.5,12.5,0.0,0.0
2026-02-10 03:15:00,625.3,201.7,13.5,12.5,0.0,0.0
2026-02-10 03:30:00,625.7,200.5,13.5,12.5,0.0,0.0
2026-02-10 03:45:00,625.8,200.0,13.43,12.5,0.0,0.0
2026-02-10 04:00:00,626.0,200.8,13.42,11.9,0.0,0.0
2026-02-10 04:15:00,627.2,201.2,13.4,11.9,0.0,0.0
2026-02-10 04:30:00,627.2,200.5,13.4,11.9,0.0,0.0
2026-02-10 04:45:00,628.7,200.8,13.4,11.9,0.0,0.0
2026-02-10 05:00:00,627.2,202.0,13.4,11.1,0.0,0.0
2026-02-10 05:15:00,627.8,200.7,13.32,11.1,0.0,0.0
2026-02-10 05:30:00,626.5,201.8,13.3,11.1,0.0,0.0
2026-02-10 05:45:00,626.2,200.8,13.3,11.1,0.0,0.0
2026-02-10 06:00:00,626.5,200.8,13.2,10.0,0.0,0.0
2026-02-10 06:15:00,626.0,201.8,13.2,10.0,0.0,0.0
2026-02-10 06:30:00,626.7,201.0,13.12,10.0,0.0,0.0
2026-02-10 06:45:00,624.8,200.8,13.1,10.0,0.0,0.0
2026-02-10 07:00:00,625.8,200.7,13.1,9.4,0.0,0.0
2026-02-10 07:15:00,626.8,201.2,13.1,9.4,0.0,0.0
2026-02-10 07:30:00,628.2,200.7,13.03,9.4,0.0,0.0
2026-02-10 07:45:00,626.8,201.0,13.0,9.4,0.0,0.0
2026-02-10 08:00:00,627.3,201.3,13.0,9.9,0.0,0.0
2026-02-10 08:15:00,627.5,200.0,12.9,9.9,0.0,0.0
2026-02-10 08:30:00,627.3,200.7,12.9,9.9,0.0,0.0
2026-02-10 08:45:00,628.8,199.3,12.82,9.9,0.0,0.0
2026-02-10 09:00:00,627.5,200.2,12.8,9.8,0.0,0.0
2026-02-10 09:15:00,627.7,200.3,12.8,9.8,0.0,0.0
2026-02-10 09:30:00,627.5,199.5,12.8,9.8,0.0,0.0
2026-02-10 09:45:00,626.8,199.5,12.8,9.8,0.0,0.0
2026-02-10 10:00:00,627.7,199.7,12.72,9.2,0.0,0.0
2026-02-10 10:15:00,626.0,199.3,12.7,9.2,0.0,0.0
2026-02-10 10:30:00,625.8,198.7,12.62,9.2,0.0,0.0
2026-02-10 10:45:00,625.8,199.5,12.6,9.2,0.0,0.0
2026-02-10 11:00:00,626.0,199.5,12.6,7.9,0.0,0.0
2026-02-10 11:15:00,627.2,199.7,12.5,7.9,0.0,0.0
2026-02-10 11:30:00,626.5,198.2,12.5,7.9,0.0,0.0
2026-02-10 11:45:00,626.3,198.5,12.4,7.9,0.0,0.0
2026-02-10 12:00:00,628.3,197.7,12.4,7.2,0.0,0.0
2026-02-10 12:15:00,627.3,198.8,12.4,7.2,0.0,0.0
2026-02-10 12:30:00,626.5,198.3,12.4,7.2,0.0,0.0
2026-02-10 12:45:00,629.2,198.3,12.4,7.2,0.0,0.0
2026-02-10 13:00:00,627.3,200.0,12.4,6.6,0.0,0.0
2026-02-10 13:15:00,628.0,199.3,12.4,6.6,0.0,0.0
2026-02-10 13:30:00,629.2,200.0,12.4,6.6,0.0,0.0
2026-02-10 13:45:00,627.3,198.5,12.4,6.6,0.0,0.0
2026-02-10 14:00:00,627.0,199.0,12.4,6.2,0.0,0.0
2026-02-10 14:15:00,628.3,199.0,12.4,6.2,0.0,0.0
2026-02-10 14:30:00,627.2,199.0,12.4,6.2,0.0,0.0
2026-02-10 14:45:00,627.7,198.3,12.38,6.2,0.0,0.0
2026-02-10 15:00:00,627.0,199.0,12.3,5.6,0.0,0.0
2026-02-10 15:15:00,628.7,199.2,12.3,5.6,0.0,0.0
2026-02-10 15:30:00,628.0,198.5,12.3,5.6,0.0,0.0
2026-02-10 15:45:00,626.8,197.3,12.3,5.6,0.0,0.0
2026-02-10 16:00:00,629.0,199.0,12.3,6.9,0.0,22.0
2026-02-10 16:15:00,628.7,198.3,12.3,6.9,0.0,22.0
2026-02-10 16:30:00,629.5,197.8,12.3,6.9,0.0,22.0
2026-02-10 16:45:00,629.7,198.0,12.3,6.9,0.0,22.0
2026-02-10 17:00:00,628.5,198.8,12.32,9.9,0.0,188.0
2026-02-10 17:15:00,628.5,198.7,12.4,9.9,0.0,188.0
2026-02-10 17:30:00,627.8,198.3,12.4,9.9,0.0,188.0
2026-02-10 17:45:00,628.0,199.0,12.4,9.9,0.0,188.0
2026-02-10 18:00:00,627.7,198.8,12.4,10.8,0.0,193.0
2026-02-10 18:15:00,628.2,199.0,12.47,10.8,0.0,193.0
2026-02-10 18:30:00,628.2,199.3,12.5,10.8,0.0,193.0
2026-02-10 18:45:00,627.8,200.2,12.5,10.8,0.0,193.0
2026-02-10 19:00:00,628.7,199.7,12.5,12.4,0.05,356.0
2026-02-10 19:15:00,627.5,200.7,12.6,12.4,0.05,356.0
2026-02-10 19:30:00,630.0,200.5,12.6,12.4,0.05,356.0
2026-02-10 19:45:00,629.3,199.8,12.6,12.4,0.05,356.0
2026-02-10 20:00:00,628.5,201.3,12.7,14.1,0.0,516.0
2026-02-10 20:15:00,629.3,200.3,12.7,14.1,0.0,516.0
2026-02-10 20:30:00,629.0,198.8,12.8,14.1,0.0,516.0
2026-02-10 20:45:00,628.2,199.7,12.8,14.1,0.0,516.0
2026-02-10 21:00:00,627.8,198.5,12.8,14.3,0.0,341.0
2026-02-10 21:15:00,628.3,199.2,12.82,14.3,0.0,341.0
2026-02-10 21:30:00,628.8,199.3,12.9,14.3,0.0,341.0
2026-02-10 21:45:00,625.8,198.7,12.9,14.3,0.0,341.0
2026-02-10 22:00:00,628.3,198.7,12.9,13.4,0.1,268.0
2026-02-10 22:15:00,627.8,199.2,12.9,13.4,0.1,268.0
2026-02-10 22:30:00,625.5,199.8,12.92,13.4,0.1,268.0
2026-02-10 22:45:00,625.8,199.3,13.0,13.4,0.1,268.0
2026-02-10 23:00:00,623.5,200.8,13.0,13.0,0.1,114.0
2026-02-10 23:15:00,624.7,200.0,13.0,13.0,0.1,114.0
2026-02-10 23:30:00,627.2,199.3,13.0,13.0,0.1,114.0
2026-02-10 23:45:00,627.3,200.5,13.0,13.0,0.1,114.0
2026-02-11 00:00:00,626.0,200.8,13.0,11.4,0.1,81.0
2026-02-11 00:15:00,628.0,199.7,13.0,11.4,0.1,81.0
2026-02-11 00:30:00,627.0,243.8,13.0,11.4,0.1,81.0
2026-02-11 00:45:00,631.0,242.7,13.08,11.4,0.1,81.0
2026-02-11 01:00:00,628.5,260.7,13.1,11.0,0.425,32.0
2026-02-11 01:15:00,609.7,259.5,13.1,11.0,0.425,32.0
2026-02-11 01:30:00,544.3,251.3,13.2,11.0,0.425,32.0
2026-02-11 01:45:00,514.7,244.2,13.3,11.0,0.425,32.0
2026-02-11 02:00:00,549.3,341.8,13.2,10.6,0.15,11.0
2026-02-11 02:15:00,218.2,421.2,13.1,10.6,0.15,11.0
2026-02-11 02:30:00,307.3,361.8,12.9,10.6,0.15,11.0
2026-02-11 02:45:00,288.8,309.0,12.9,10.6,0.15,11.0
2026-02-11 03:00:00,274.3,333.2,12.98,10.0,0.05,0.0
2026-02-11 03:15:00,204.5,377.2,13.0,10.0,0.05,0.0
2026-02-11 03:30:00,170.0,349.0,13.0,10.0,0.05,0.0
2026-02-11 03:45:00,174.8,330.3,12.92,10.0,0.05,0.0
2026-02-11 04:00:00,172.0,308.7,13.0,9.8,0.15,0.0
2026-02-11 04:15:00,178.0,288.8,13.0,9.8,0.15,0.0
2026-02-11 04:30:00,184.3,275.7,12.92,9.8,0.15,0.0
2026-02-11 04:45:00,189.0,265.8,12.9,9.8,0.15,0.0
2026-02-11 05:00:00,196.2,257.2,12.9,9.9,0.75,0.0
2026-02-11 05:15:00,204.8,252.2,12.9,9.9,0.75,0.0
2026-02-11 05:30:00,210.5,247.8,12.9,9.9,0.75,0.0
2026-02-11 05:45:00,214.2,244.0,12.9,9.9,0.75,0.0
2026-02-11 06:00:00,221.7,242.2,12.9,10.2,0.3,0.0
2026-02-11 06:15:00,228.5,239.8,12.9,10.2,0.3,0.0
2026-02-11 06:30:00,234.3,239.2,12.9,10.2,0.3,0.0
2026-02-11 06:45:00,242.7,238.0,12.9,10.2,0.3,0.0
2026-02-11 07:00:00,254.2,236.3,12.9,10.1,0.175,0.0
2026-02-11 07:15:00,259.7,237.7,12.9,10.1,0.175,0.0
2026-02-11 07:30:00,270.8,244.8,12.9,10.1,0.175,0.0
2026-02-11 07:45:00,276.5,241.0,12.92,10.1,0.175,0.0
2026-02-11 08:00:00,291.2,240.2,12.95,10.4,0.1,0.0
2026-02-11 08:15:00,296.0,240.7,13.0,10.4,0.1,0.0
2026-02-11 08:30:00,300.3,333.2,13.1,10.4,0.1,0.0
2026-02-11 08:45:00,136.2,404.2,13.1,10.4,0.1,0.0
2026-02-11 09:00:00,258.5,369.7,12.9,11.2,0.1,0.0
2026-02-11 09:15:00,212.8,340.5,12.9,11.2,0.1,0.0
2026-02-11 09:30:00,193.5,308.5,12.9,11.2,0.1,0.0
2026-02-11 09:45:00,193.2,300.8,12.9,11.2,0.1,0.0
2026-02-11 10:00:00,190.5,286.2,12.9,11.3,0.025,0.0
2026-02-11 10:15:00,188.2,276.3,12.9,11.3,0.025,0.0
2026-02-11 10:30:00,187.8,267.2,12.9,11.3,0.025,0.0
2026-02-11 10:45:00,193.2,260.8,12.9,11.3,0.025,0.0
2026-02-11 11:00:00,199.2,258.7,12.9,10.8,0.05,0.0
2026-02-11 11:15:00,208.5,254.3,12.9,10.8,0.05,0.0
2026-02-11 11:30:00,217.0,251.8,12.9,10.8,0.05,0.0
2026-02-11 11:45:00,225.7,251.0,12.92,10.8,0.05,0.0
2026-02-11 12:00:00,231.8,253.3,12.93,11.0,0.0,0.0
2026-02-11 12:15:00,237.3,251.3,13.0,11.0,0.0,0.0
2026-02-11 12:30:00,245.7,248.5,13.0,11.0,0.0,0.0
2026-02-11 12:45:00,254.2,244.0,13.0,11.0,0.0,0.0
2026-02-11 13:00:00,262.7,242.2,13.0,10.4,0.025,0.0
2026-02-11 13:15:00,270.2,239.8,13.0,10.4,0.025,0.0
2026-02-11 13:30:00,276.0,238.7,13.0,10.4,0.025,0.0
2026-02-11 13:45:00,281.5,236.5,13.0,10.4,0.025,0.0
2026-02-11 14:00:00,287.0,234.2,13.0,10.0,0.05,0.0
2026-02-11 14:15:00,292.5,233.5,13.0,10.0,0.05,0.0
2026-02-11 14:30:00,297.0,232.0,13.0,10.0,0.05,0.0
2026-02-11 14:45:00,304.2,230.0,12.92,10.0,0.05,0.0
2026-02-11 15:00:00,310.3,231.0,12.92,10.1,0.025,0.0
2026-02-11 15:15:00,317.3,229.0,12.92,10.1,0.025,0.0
2026-02-11 15:30:00,324.2,229.5,12.9,10.1,0.025,0.0
2026-02-11 15:45:00,331.8,229.3,12.9,10.1,0.025,0.0
2026-02-11 16:00:00,339.2,229.5,12.9,10.4,0.025,36.0
2026-02-11 16:15:00,347.2,227.8,12.9,10.4,0.025,36.0
2026-02-11 16:30:00,354.2,227.8,12.9,10.4,0.025,36.0
2026-02-11 16:45:00,361.2,228.5,12.92,10.4,0.025,36.0
2026-02-11 17:00:00,366.2,227.8,13.0,11.9,0.0,193.0
2026-02-11 17:15:00,376.5,226.7,13.0,11.9,0.0,193.0
2026-02-11 17:30:00,380.5,226.2,13.0,11.9,0.0,193.0
2026-02-11 17:45:00,387.8,226.0,13.0,11.9,0.0,193.0
2026-02-11 18:00:00,391.3,227.0,13.0,12.9,0.0,336.0
2026-02-11 18:15:00,392.8,225.7,13.03,12.9,0.0,336.0
2026-02-11 18:30:00,398.5,226.8,13.1,12.9,0.0,336.0
2026-02-11 18:45:00,404.2,226.2,13.1,12.9,0.0,336.0
2026-02-11 19:00:00,409.8,225.0,13.1,13.4,0.05,322.0
2026-02-11 19:15:00,413.8,224.2,13.2,13.4,0.05,322.0
2026-02-11 19:30:00,417.3,224.5,13.2,13.4,0.05,322.0
2026-02-11 19:45:00,421.8,223.3,13.2,13.4,0.05,322.0
2026-02-11 20:00:00,423.7,222.8,13.2,12.9,0.25,427.0
2026-02-11 20:15:00,427.0,222.3,13.27,12.9,0.25,427.0
2026-02-11 20:30:00,431.5,223.0,13.3,12.9,0.25,427.0
2026-02-11 20:45:00,436.2,226.8,13.3,12.9,0.25,427.0
2026-02-11 21:00:00,448.8,287.2,13.32,12.2,0.125,261.0
2026-02-11 21:15:00,261.8,379.7,13.72,12.2,0.125,261.0
2026-02-11 21:30:00,313.5,400.5,13.85,12.2,0.125,261.0
2026-02-11 21:45:00,239.3,359.2,13.72,12.2,0.125,261.0
2026-02-11 22:00:00,206.7,308.3,13.72,12.0,0.075,165.0
2026-02-11 22:15:00,209.0,292.5,13.72,12.0,0.075,165.0
2026-02-11 22:30:00,211.3,277.7,13.7,12.0,0.075,165.0
2026-02-11 22:45:00,213.3,268.2,13.7,12.0,0.075,165.0
2026-02-11 23:00:00,209.0,260.3,13.67,12.1,0.025,135.0
2026-02-11 23:15:00,205.8,254.2,13.62,12.1,0.025,135.0
2026-02-11 23:30:00,204.3,259.5,13.6,12.1,0.025,135.0
2026-02-11 23:45:00,111.2,689.7,13.3,12.1,0.025,135.0
2026-02-12 00:00:00,65.8,557.3,13.0,11.6,0.025,143.0
2026-02-12 00:15:00,78.3,441.2,12.92,11.6,0.025,143.0
2026-02-12 00:30:00,85.5,369.2,13.0,11.6,0.025,143.0
2026-02-12 00:45:00,95.5,328.2,13.0,11.6,0.025,143.0
2026-02-12 01:00:00,106.2,311.3,13.05,11.2,0.075,50.0
2026-02-12 01:15:00,120.0,300.5,13.1,11.2,0.075,50.0
2026-02-12 01:30:00,132.7,311.2,13.17,11.2,0.075,50.0
2026-02-12 01:45:00,145.5,307.5,13.2,11.2,0.075,50.0
2026-02-12 02:00:00,148.8,330.2,13.32,10.5,0.075,12.0
2026-02-12 02:15:00,152.2,309.0,13.5,10.5,0.075,12.0
2026-02-12 02:30:00,174.8,295.3,13.4,10.5,0.075,12.0
2026-02-12 02:45:00,181.5,282.2,13.3,10.5,0.075,12.0
2026-02-12 03:00:00,188.3,273.7,13.3,10.1,0.025,0.0
2026-02-12 03:15:00,199.2,270.3,13.22,10.1,0.025,0.0
2026-02-12 03:30:00,213.5,265.8,13.2,10.1,0.025,0.0
2026-02-12 03:45:00,223.5,262.0,13.2,10.1,0.025,0.0
2026-02-12 04:00:00,234.8,259.2,13.2,9.6,0.0,0.0
2026-02-12 04:15:00,242.8,256.5,13.2,9.6,0.0,0.0
2026-02-12 04:30:00,249.7,256.2,13.2,9.6,0.0,0.0
2026-02-12 04:45:00,254.8,253.5,13.2,9.6,0.0,0.0
2026-02-12 05:00:00,258.8,251.0,13.2,9.4,0.0,0.0
2026-02-12 05:15:00,262.8,251.0,13.2,9.4,0.0,0.0
2026-02-12 05:30:00,265.2,250.3,13.2,9.4,0.0,0.0
2026-02-12 05:45:00,267.8,249.7,13.2,9.4,0.0,0.0
2026-02-12 06:00:00,273.0,249.7,13.2,9.9,0.0,0.0
2026-02-12 06:15:00,275.0,248.3,13.2,9.9,0.0,0.0
2026-02-12 06:30:00,278.7,248.3,13.2,9.9,0.0,0.0
2026-02-12 06:45:00,283.2,246.3,13.2,9.9,0.0,0.0
2026-02-12 07:00:00,287.8,246.0,13.17,9.9,0.0,0.0
2026-02-12 07:15:00,291.8,244.8,13.18,9.9,0.0,0.0
2026-02-12 07:30:00,295.2,244.7,13.12,9.9,0.0,0.0
2026-02-12 07:45:00,301.0,245.0,13.12,9.9,0.0,0.0
2026-02-12 08:00:00,304.0,244.0,13.12,9.3,0.0,0.0
2026-02-12 08:15:00,309.0,243.8,13.1,9.3,0.0,0.0
2026-02-12 08:30:00,313.0,244.0,13.1,9.3,0.0,0.0
2026-02-12 08:45:00,316.7,243.2,13.1,9.3,0.0,0.0
2026-02-12 09:00:00,320.2,243.5,13.1,9.1,0.0,0.0
2026-02-12 09:15:00,326.2,241.8,13.1,9.1,0.0,0.0
2026-02-12 09:30:00,331.3,242.0,13.1,9.1,0.0,0.0
2026-02-12 09:45:00,336.0,241.8,13.1,9.1,0.0,0.0
2026-02-12 10:00:00,342.0,241.8,13.1,8.7,0.0,0.0
2026-02-12 10:15:00,347.8,241.3,13.05,8.7,0.0,0.0
2026-02-12 10:30:00,355.3,241.3,13.02,8.7,0.0,0.0
2026-02-12 10:45:00,358.2,240.7,13.02,8.7,0.0,0.0
2026-02-12 11:00:00,363.5,242.3,13.0,8.0,0.0,0.0
2026-02-12 11:15:00,367.5,241.8,13.02,8.0,0.0,0.0
2026-02-12 11:30:00,373.3,240.8,13.02,8.0,0.0,0.0
2026-02-12 11:45:00,379.5,240.7,13.02,8.0,0.0,0.0
2026-02-12 12:00:00,381.8,240.7,13.0,8.2,0.0,0.0
2026-02-12 12:15:00,383.5,239.5,13.0,8.2,0.0,0.0
2026-02-12 12:30:00,384.8,239.2,13.0,8.2,0.0,0.0
2026-02-12 12:45:00,387.3,240.2,13.02,8.2,0.0,0.0
2026-02-12 13:00:00,391.7,239.0,13.05,7.8,0.0,0.0
2026-02-12 13:15:00,395.3,238.8,13.07,7.8,0.0,0.0
2026-02-12 13:30:00,398.0,239.8,13.03,7.8,0.0,0.0
2026-02-12 13:45:00,402.5,238.8,13.02,7.8,0.0,0.0
2026-02-12 14:00:00,406.0,239.8,13.0,7.2,0.0,0.0
2026-02-12 14:15:00,410.3,239.5,13.0,7.2,0.0,0.0
2026-02-12 14:30:00,414.8,239.7,13.0,7.2,0.0,0.0
2026-02-12 14:45:00,419.2,238.8,13.0,7.2,0.0,0.0
2026-02-12 15:00:00,421.3,237.2,13.0,6.9,0.0,0.0
2026-02-12 15:15:00,425.7,238.2,13.0,6.9,0.0,0.0
2026-02-12 15:30:00,430.5,238.2,13.0,6.9,0.0,0.0
2026-02-12 15:45:00,433.5,237.3,12.92,6.9,0.0,0.0
2026-02-12 16:00:00,438.0,239.0,12.9,8.0,0.0,35.0
2026-02-12 16:15:00,440.2,238.5,12.9,8.0,0.0,35.0
2026-02-12 16:30:00,442.3,238.2,12.9,8.0,0.0,35.0
2026-02-12 16:45:00,445.0,238.7,12.9,8.0,0.0,35.0
2026-02-12 17:00:00,448.0,237.5,12.9,9.9,0.0,148.0
2026-02-12 17:15:00,457.2,243.8,12.8,9.9,0.0,148.0
2026-02-12 17:30:00,464.7,247.3,12.8,9.9,0.0,148.0
2026-02-12 17:45:00,468.5,243.8,12.8,9.9,0.0,148.0
2026-02-12 18:00:00,470.8,240.3,12.82,11.6,0.0,295.0
2026-02-12 18:15:00,473.3,240.3,12.9,11.6,0.0,295.0
2026-02-12 18:30:00,475.0,239.0,12.9,11.6,0.0,295.0
2026-02-12 18:45:00,474.8,239.0,12.9,11.6,0.0,295.0
2026-02-12 19:00:00,475.8,237.5,12.9,13.3,0.0,409.0
2026-02-12 19:15:00,478.8,238.7,12.9,13.3,0.0,409.0
2026-02-12 19:30:00,480.5,239.0,12.9,13.3,0.0,409.0
2026-02-12 19:45:00,481.7,237.3,12.92,13.3,0.0,409.0
2026-02-12 20:00:00,483.8,236.3,13.0,14.2,0.0,464.0
2026-02-12 20:15:00,484.3,236.3,13.0,14.2,0.0,464.0
2026-02-12 20:30:00,486.5,235.5,13.0,14.2,0.0,464.0
2026-02-12 20:45:00,487.8,237.2,13.02,14.2,0.0,464.0
2026-02-12 21:00:00,488.8,237.0,13.1,15.1,0.0,530.0
2026-02-12 21:15:00,493.5,236.8,13.1,15.1,0.0,530.0
2026-02-12 21:30:00,494.3,236.7,13.2,15.1,0.0,530.0
2026-02-12 21:45:00,498.7,236.0,13.2,15.1,0.0,530.0
2026-02-12 22:00:00,499.0,237.8,13.3,15.8,0.0,571.0
2026-02-12 22:15:00,499.0,237.3,13.32,15.8,0.0,571.0
2026-02-12 22:30:00,501.0,236.3,13.4,15.8,0.0,571.0
2026-02-12 22:45:00,500.8,236.8,13.4,15.8,0.0,571.0
2026-02-12 23:00:00,501.7,237.2,13.42,16.0,0.0,494.0
2026-02-12 23:15:00,501.8,236.7,13.5,16.0,0.0,494.0
2026-02-12 23:30:00,503.7,236.5,13.5,16.0,0.0,494.0
2026-02-12 23:45:00,504.5,237.2,13.5,16.0,0.0,494.0
2026-02-13 00:00:00,506.5,237.5,13.5,15.9,0.0,353.0
2026-02-13 00:15:00,507.0,238.0,13.52,15.9,0.0,353.0
2026-02-13 00:30:00,509.0,237.7,13.52,15.9,0.0,353.0
2026-02-13 00:45:00,511.2,237.8,13.52,15.9,0.0,353.0
2026-02-13 01:00:00,513.0,239.3,13.52,14.5,0.0,173.0
2026-02-13 01:15:00,513.2,237.8,13.52,14.5,0.0,173.0
2026-02-13 01:30:00,515.7,237.0,13.52,14.5,0.0,173.0
2026-02-13 01:45:00,515.2,237.5,13.52,14.5,0.0,173.0
2026-02-13 02:00:00,516.2,237.3,13.52,11.8,0.0,26.0
2026-02-13 02:15:00,516.8,237.5,13.55,11.8,0.0,26.0
2026-02-13 02:30:00,518.2,238.8,13.53,11.8,0.0,26.0
2026-02-13 02:45:00,519.3,238.0,13.52,11.8,0.0,26.0
2026-02-13 03:00:00,521.2,237.8,13.52,10.9,0.0,0.0
2026-02-13 03:15:00,521.3,237.3,13.52,10.9,0.0,0.0
2026-02-13 03:30:00,522.0,237.5,13.5,10.9,0.0,0.0
2026-02-13 03:45:00,522.8,238.8,13.5,10.9,0.0,0.0
2026-02-13 04:00:00,524.3,238.0,13.5,10.2,0.0,0.0
2026-02-13 04:15:00,526.5,236.8,13.5,10.2,0.0,0.0
2026-02-13 04:30:00,527.8,237.2,13.5,10.2,0.0,0.0
2026-02-13 04:45:00,527.8,237.3,13.42,10.2,0.0,0.0
2026-02-13 05:00:00,530.7,237.0,13.4,9.7,0.0,0.0
2026-02-13 05:15:00,533.5,237.2,13.4,9.7,0.0,0.0
2026-02-13 05:30:00,534.5,237.8,13.38,9.7,0.0,0.0
2026-02-13 05:45:00,534.7,237.0,13.3,9.7,0.0,0.0
2026-02-13 06:00:00,537.5,236.8,13.3,9.2,0.0,0.0
2026-02-13 06:15:00,537.2,236.8,13.23,9.2,0.0,0.0
2026-02-13 06:30:00,537.0,235.7,13.2,9.2,0.0,0.0
2026-02-13 06:45:00,538.2,237.0,13.2,9.2,0.0,0.0
2026-02-13 07:00:00,540.0,237.2,13.18,9.0,0.0,0.0
2026-02-13 07:15:00,540.7,236.8,13.1,9.0,0.0,0.0
2026-02-13 07:30:00,540.3,235.7,13.1,9.0,0.0,0.0
2026-02-13 07:45:00,541.2,236.8,13.1,9.0,0.0,0.0
2026-02-13 08:00:00,543.3,237.0,13.1,8.6,0.0,0.0
2026-02-13 08:15:00,544.2,237.2,13.0,8.6,0.0,0.0
2026-02-13 08:30:00,544.8,237.8,13.0,8.6,0.0,0.0
2026-02-13 08:45:00,546.3,236.7,13.0,8.6,0.0,0.0
2026-02-13 09:00:00,546.0,238.2,13.0,8.4,0.0,0.0
2026-02-13 09:15:00,548.2,237.0,12.97,8.4,0.0,0.0
2026-02-13 09:30:00,548.8,237.0,12.9,8.4,0.0,0.0
2026-02-13 09:45:00,551.5,235.8,12.9,8.4,0.0,0.0
2026-02-13 10:00:00,550.7,236.5,12.9,8.4,0.0,0.0
2026-02-13 10:15:00,550.8,236.2,12.9,8.4,0.0,0.0
2026-02-13 10:30:00,552.8,235.8,12.9,8.4,0.0,0.0
2026-02-13 10:45:00,551.7,237.0,12.82,8.4,0.0,0.0
2026-02-13 11:00:00,553.2,237.2,12.8,8.5,0.0,0.0
2026-02-13 11:15:00,554.5,236.7,12.8,8.5,0.0,0.0
2026-02-13 11:30:00,554.5,237.0,12.8,8.5,0.0,0.0
2026-02-13 11:45:00,555.7,236.2,12.8,8.5,0.0,0.0
2026-02-13 12:00:00,556.7,235.2,12.73,7.7,0.0,0.0
2026-02-13 12:15:00,557.5,235.3,12.7,7.7,0.0,0.0
2026-02-13 12:30:00,557.3,237.7,12.7,7.7,0.0,0.0
2026-02-13 12:45:00,558.0,236.3,12.7,7.7,0.0,0.0
2026-02-13 13:00:00,556.8,235.5,12.7,8.0,0.0,0.0
2026-02-13 13:15:00,557.8,234.3,12.7,8.0,0.0,0.0
2026-02-13 13:30:00,558.5,234.2,12.65,8.0,0.0,0.0
2026-02-13 13:45:00,559.3,234.5,12.7,8.0,0.0,0.0
2026-02-13 14:00:00,560.7,235.5,12.7,8.0,0.0,0.0
2026-02-13 14:15:00,561.0,234.3,12.7,8.0,0.0,0.0
2026-02-13 14:30:00,562.5,235.3,12.7,8.0,0.0,0.0
2026-02-13 14:45:00,560.7,234.7,12.7,8.0,0.0,0.0
2026-02-13 15:00:00,562.8,234.3,12.7,8.4,0.0,0.0
2026-02-13 15:15:00,564.7,234.2,12.7,8.4,0.0,0.0
2026-02-13 15:30:00,563.5,233.8,12.7,8.4,0.0,0.0
2026-02-13 15:45:00,563.3,235.3,12.7,8.4,0.0,0.0
2026-02-13 16:00:00,564.7,234.3,12.7,9.0,0.0,30.0
2026-02-13 16:15:00,565.3,233.7,12.7,9.0,0.0,30.0
2026-02-13 16:30:00,563.8,233.2,12.7,9.0,0.0,30.0
2026-02-13 16:45:00,565.5,232.2,12.7,9.0,0.0,30.0
2026-02-13 17:00:00,566.0,233.2,12.7,10.0,0.0,130.0
2026-02-13 17:15:00,566.8,233.5,12.7,10.0,0.0,130.0
2026-02-13 17:30:00,567.0,232.3,12.7,10.0,0.0,130.0
2026-02-13 17:45:00,568.3,232.7,12.7,10.0,0.0,130.0
2026-02-13 18:00:00,567.5,234.5,12.77,11.1,0.0,261.0
2026-02-13 18:15:00,568.3,233.8,12.8,11.1,0.0,261.0
2026-02-13 18:30:00,568.3,242.3,12.8,11.1,0.0,261.0
2026-02-13 18:45:00,568.3,245.5,12.8,11.1,0.0,261.0
2026-02-13 19:00:00,569.0,237.0,12.8,12.6,0.0,374.0
2026-02-13 19:15:00,570.0,236.0,12.85,12.6,0.0,374.0
2026-02-13 19:30:00,569.0,234.8,12.9,12.6,0.0,374.0
2026-02-13 19:45:00,568.2,234.8,12.9,12.6,0.0,374.0
2026-02-13 20:00:00,569.3,233.3,12.9,14.3,0.0,520.0
2026-02-13 20:15:00,567.7,234.0,13.0,14.3,0.0,520.0
2026-02-13 20:30:00,569.0,234.7,13.0,14.3,0.0,520.0
2026-02-13 20:45:00,567.2,233.8,13.1,14.3,0.0,520.0
2026-02-13 21:00:00,568.2,235.0,13.2,14.9,0.0,583.0
2026-02-13 21:15:00,567.0,235.2,13.4,14.9,0.0,583.0
2026-02-13 21:30:00,565.5,236.0,13.5,14.9,0.0,583.0
2026-02-13 21:45:00,564.2,234.8,13.55,14.9,0.0,583.0
2026-02-13 22:00:00,564.5,235.5,13.6,14.9,0.0,585.0
2026-02-13 22:15:00,562.5,236.2,13.6,14.9,0.0,585.0
2026-02-13 22:30:00,561.7,235.8,13.62,14.9,0.0,585.0
2026-02-13 22:45:00,560.7,237.3,13.7,14.9,0.0,585.0
2026-02-13 23:00:00,560.8,237.0,13.7,14.1,0.0,492.0
2026-02-13 23:15:00,560.3,236.3,13.7,14.1,0.0,492.0
2026-02-13 23:30:00,560.3,235.3,13.7,14.1,0.0,492.0
2026-02-13 23:45:00,562.0,236.7,13.7,14.1,0.0,492.0
2026-02-14 00:00:00,562.3,236.3,13.7,13.2,0.0,348.0
2026-02-14 00:15:00,564.0,235.8,13.7,13.2,0.0,348.0
2026-02-14 00:30:00,563.8,235.3,13.62,13.2,0.0,348.0
2026-02-14 00:45:00,564.3,235.8,13.62,13.2,0.0,348.0
2026-02-14 01:00:00,565.2,235.8,13.6,12.0,0.0,164.0
2026-02-14 01:15:00,565.0,233.7,13.6,12.0,0.0,164.0
2026-02-14 01:30:00,569.2,233.8,13.6,12.0,0.0,164.0
2026-02-14 01:45:00,569.5,234.3,13.55,12.0,0.0,164.0
2026-02-14 02:00:00,570.2,235.7,13.52,10.4,0.0,23.0
2026-02-14 02:15:00,570.7,235.2,13.5,10.4,0.0,23.0
2026-02-14 02:30:00,571.0,236.5,13.5,10.4,0.0,23.0
2026-02-14 02:45:00,571.2,235.5,13.5,10.4,0.0,23.0
2026-02-14 03:00:00,572.8,232.3,13.5,9.6,0.0,0.0
2026-02-14 03:15:00,574.0,233.7,13.5,9.6,0.0,0.0
2026-02-14 03:30:00,574.5,234.2,13.45,9.6,0.0,0.0
2026-02-14 03:45:00,572.0,232.8,13.42,9.6,0.0,0.0
2026-02-14 04:00:00,573.7,234.3,13.4,9.1,0.0,0.0
2026-02-14 04:15:00,573.7,232.8,13.4,9.1,0.0,0.0
2026-02-14 04:30:00,575.5,234.2,13.4,9.1,0.0,0.0
2026-02-14 04:45:00,576.0,234.2,13.4,9.1,0.0,0.0
2026-02-14 05:00:00,575.7,236.3,13.4,9.1,0.0,0.0
2026-02-14 05:15:00,576.8,236.8,13.32,9.1,0.0,0.0
2026-02-14 05:30:00,575.2,235.8,13.3,9.1,0.0,0.0
2026-02-14 05:45:00,575.3,234.7,13.22,9.1,0.0,0.0
2026-02-14 06:00:00,578.2,235.0,13.22,9.1,0.0,0.0
2026-02-14 06:15:00,577.0,235.2,13.2,9.1,0.0,0.0
2026-02-14 06:30:00,576.3,235.2,13.2,9.1,0.0,0.0
2026-02-14 06:45:00,577.8,234.7,13.2,9.1,0.0,0.0
2026-02-14 07:00:00,575.8,236.5,13.2,9.3,0.0,0.0
2026-02-14 07:15:00,577.0,235.2,13.12,9.3,0.0,0.0
2026-02-14 07:30:00,577.7,235.3,13.1,9.3,0.0,0.0
2026-02-14 07:45:00,578.3,234.8,13.1,9.3,0.0,0.0
2026-02-14 08:00:00,578.0,235.7,13.1,9.3,0.0,0.0
2026-02-14 08:15:00,579.2,235.8,13.1,9.3,0.0,0.0
2026-02-14 08:30:00,581.7,236.0,13.07,9.3,0.0,0.0
2026-02-14 08:45:00,579.5,236.7,13.0,9.3,0.0,0.0
2026-02-14 09:00:00,579.3,236.5,13.0,9.1,0.0,0.0
2026-02-14 09:15:00,578.2,235.5,13.0,9.1,0.0,0.0
2026-02-14 09:30:00,579.0,236.0,13.0,9.1,0.0,0.0
2026-02-14 09:45:00,580.8,236.0,13.0,9.1,0.0,0.0
2026-02-14 10:00:00,580.7,235.7,12.98,8.8,0.0,0.0
2026-02-14 10:15:00,580.2,234.0,12.9,8.8,0.0,0.0
2026-02-14 10:30:00,581.2,234.7,12.9,8.8,0.0,0.0
2026-02-14 10:45:00,580.3,235.5,12.9,8.8,0.0,0.0
2026-02-14 11:00:00,581.5,234.5,12.9,8.2,0.0,0.0
2026-02-14 11:15:00,580.0,234.0,12.9,8.2,0.0,0.0
2026-02-14 11:30:00,583.2,234.2,12.82,8.2,0.0,0.0
2026-02-14 11:45:00,580.5,234.5,12.8,8.2,0.0,0.0
2026-02-14 12:00:00,577.7,234.7,12.8,7.7,0.0,0.0
2026-02-14 12:15:00,580.3,236.7,12.8,7.7,0.0,0.0
2026-02-14 12:30:00,581.0,235.2,12.8,7.7,0.0,0.0
2026-02-14 12:45:00,581.8,234.0,12.8,7.7,0.0,0.0
2026-02-14 13:00:00,572.2,233.5,12.72,6.8,0.0,0.0
2026-02-14 13:15:00,578.8,233.5,12.7,6.8,0.0,0.0
2026-02-14 13:30:00,578.2,233.8,12.7,6.8,0.0,0.0
2026-02-14 13:45:00,582.7,233.0,12.7,6.8,0.0,0.0
2026-02-14 14:00:00,583.7,232.3,12.7,6.1,0.0,0.0
2026-02-14 14:15:00,574.2,234.0,12.7,6.1,0.0,0.0
2026-02-14 14:30:00,582.7,233.7,12.7,6.1,0.0,0.0
2026-02-14 14:45:00,584.3,233.2,12.7,6.1,0.0,0.0
2026-02-14 15:00:00,582.3,233.7,12.7,5.9,0.0,0.0
2026-02-14 15:15:00,584.0,233.2,12.7,5.9,0.0,0.0
2026-02-14 15:30:00,585.0,233.7,12.7,5.9,0.0,0.0
2026-02-14 15:45:00,584.3,234.7,12.7,5.9,0.0,0.0
2026-02-14 16:00:00,583.5,234.7,12.7,6.9,0.0,37.0
2026-02-14 16:15:00,578.7,234.0,12.7,6.9,0.0,37.0
2026-02-14 16:30:00,585.5,234.3,12.7,6.9,0.0,37.0
2026-02-14 16:45:00,585.2,234.3,12.7,6.9,0.0,37.0
2026-02-14 17:00:00,585.3,234.0,12.7,9.7,0.0,157.0
2026-02-14 17:15:00,575.2,234.5,12.7,9.7,0.0,157.0
2026-02-14 17:30:00,587.8,233.7,12.7,9.7,0.0,157.0
2026-02-14 17:45:00,575.3,233.2,12.7,9.7,0.0,157.0
2026-02-14 18:00:00,579.7,234.3,12.7,11.5,0.0,285.0
2026-02-14 18:15:00,578.5,234.0,12.7,11.5,0.0,285.0
2026-02-14 18:30:00,586.8,234.0,12.7,11.5,0.0,285.0
2026-02-14 18:45:00,587.0,236.3,12.72,11.5,0.0,285.0
2026-02-14 19:00:00,588.2,237.2,12.75,12.6,0.0,413.0
2026-02-14 19:15:00,588.2,235.2,12.8,12.6,0.0,413.0
2026-02-14 19:30:00,588.2,234.2,12.8,12.6,0.0,413.0
2026-02-14 19:45:00,589.2,233.3,12.8,12.6,0.0,413.0
2026-02-14 20:00:00,589.5,233.0,12.8,12.7,0.0,436.0
2026-02-14 20:15:00,590.5,232.8,12.8,12.7,0.0,436.0
2026-02-14 20:30:00,590.7,231.8,12.8,12.7,0.0,436.0
2026-02-14 20:45:00,590.7,233.5,12.87,12.7,0.0,436.0
2026-02-14 21:00:00,590.5,234.3,12.9,13.3,0.0,381.0
2026-02-14 21:15:00,590.8,232.8,12.9,13.3,0.0,381.0
2026-02-14 21:30:00,593.2,233.3,12.9,13.3,0.0,381.0
2026-02-14 21:45:00,595.3,234.7,12.95,13.3,0.0,381.0
2026-02-14 22:00:00,594.2,234.8,13.0,13.2,0.0,220.0
2026-02-14 22:15:00,594.2,234.0,13.0,13.2,0.0,220.0
2026-02-14 22:30:00,594.2,234.2,13.0,13.2,0.0,220.0
2026-02-14 22:45:00,595.8,235.3,13.0,13.2,0.0,220.0
2026-02-14 23:00:00,596.8,233.0,13.08,13.5,0.0,283.0
2026-02-14 23:15:00,596.0,233.3,13.1,13.5,0.0,283.0
2026-02-14 23:30:00,596.0,233.8,13.1,13.5,0.0,283.0
2026-02-14 23:45:00,595.8,235.0,13.1,13.5,0.0,283.0
2026-02-15 00:00:00,596.8,233.7,13.1,13.4,0.0,165.0
2026-02-15 00:15:00,596.3,233.2,13.1,13.4,0.0,165.0
2026-02-15 00:30:00,597.8,233.3,13.1,13.4,0.0,165.0
2026-02-15 00:45:00,598.3,233.8,13.1,13.4,0.0,165.0
2026-02-15 01:00:00,597.8,234.3,13.1,12.7,0.0,74.0
2026-02-15 01:15:00,601.0,234.2,13.1,12.7,0.0,74.0
2026-02-15 01:30:00,599.8,235.5,13.1,12.7,0.0,74.0
2026-02-15 01:45:00,600.7,234.8,13.13,12.7,0.0,74.0
2026-02-15 02:00:00,600.8,234.3,13.15,11.7,0.0,14.0
2026-02-15 02:15:00,599.8,234.0,13.2,11.7,0.0,14.0
2026-02-15 02:30:00,600.3,233.8,13.2,11.7,0.0,14.0
2026-02-15 02:45:00,601.0,235.3,13.2,11.7,0.0,14.0
2026-02-15 03:00:00,601.7,234.2,13.2,11.4,0.0,0.0
2026-02-15 03:15:00,600.2,234.0,13.2,11.4,0.0,0.0
2026-02-15 03:30:00,598.8,233.5,13.2,11.4,0.0,0.0
2026-02-15 03:45:00,599.8,234.2,13.2,11.4,0.0,0.0
2026-02-15 04:00:00,601.8,234.2,13.2,11.1,0.0,0.0
2026-02-15 04:15:00,598.7,232.8,13.2,11.1,0.0,0.0
2026-02-15 04:30:00,600.0,235.5,13.2,11.1,0.0,0.0
2026-02-15 04:45:00,599.0,235.8,13.2,11.1,0.0,0.0
2026-02-15 05:00:00,601.3,234.3,13.2,11.1,0.0,0.0
2026-02-15 05:15:00,599.3,232.7,13.2,11.1,0.0,0.0
2026-02-15 05:30:00,598.5,232.7,13.2,11.1,0.0,0.0
2026-02-15 05:45:00,598.8,232.7,13.2,11.1,0.0,0.0
2026-02-15 06:00:00,598.2,234.2,13.2,11.1,0.0,0.0
2026-02-15 06:15:00,596.8,233.2,13.2,11.1,0.0,0.0
2026-02-15 06:30:00,597.2,233.2,13.2,11.1,0.0,0.0
2026-02-15 06:45:00,598.3,232.8,13.2,11.1,0.0,0.0
2026-02-15 07:00:00,596.5,232.8,13.2,11.2,0.0,0.0
2026-02-15 07:15:00,597.7,233.0,13.2,11.2,0.0,0.0
2026-02-15 07:30:00,599.5,232.3,13.12,11.2,0.0,0.0
2026-02-15 07:45:00,597.5,233.2,13.1,11.2,0.0,0.0
2026-02-15 08:00:00,599.3,233.7,13.12,10.7,0.0,0.0
2026-02-15 08:15:00,598.7,231.8,13.1,10.7,0.0,0.0
2026-02-15 08:30:00,599.0,230.8,13.1,10.7,0.0,0.0
2026-02-15 08:45:00,597.0,232.0,13.1,10.7,0.0,0.0
2026-02-15 09:00:00,599.2,231.8,13.12,10.3,0.0,0.0
2026-02-15 09:15:00,598.3,230.5,13.1,10.3,0.0,0.0
2026-02-15 09:30:00,600.7,230.8,13.1,10.3,0.0,0.0
2026-02-15 09:45:00,602.2,231.5,13.1,10.3,0.0,0.0
2026-02-15 10:00:00,601.0,231.0,13.1,10.5,0.0,0.0
2026-02-15 10:15:00,603.2,231.5,13.1,10.5,0.0,0.0
2026-02-15 10:30:00,601.2,231.0,13.1,10.5,0.0,0.0
2026-02-15 10:45:00,601.2,230.8,13.1,10.5,0.0,0.0
2026-02-15 11:00:00,602.8,233.2,13.1,10.8,0.0,0.0
2026-02-15 11:15:00,604.0,231.2,13.1,10.8,0.0,0.0
2026-02-15 11:30:00,603.3,231.2,13.05,10.8,0.0,0.0
2026-02-15 11:45:00,605.0,230.8,13.0,10.8,0.0,0.0
2026-02-15 12:00:00,604.8,230.8,13.0,10.8,0.05,0.0
2026-02-15 12:15:00,604.7,231.0,13.0,10.8,0.05,0.0
2026-02-15 12:30:00,604.5,230.0,13.0,10.8,0.05,0.0
2026-02-15 12:45:00,604.7,230.8,13.0,10.8,0.05,0.0
2026-02-15 13:00:00,604.7,231.3,13.0,10.7,0.025,0.0
2026-02-15 13:15:00,606.2,229.8,13.0,10.7,0.025,0.0
2026-02-15 13:30:00,606.3,229.7,12.92,10.7,0.025,0.0
2026-02-15 13:45:00,605.7,229.7,12.92,10.7,0.025,0.0
2026-02-15 14:00:00,604.7,230.5,12.9,11.0,0.025,0.0
2026-02-15 14:15:00,605.8,229.8,12.9,11.0,0.025,0.0
2026-02-15 14:30:00,604.0,229.5,12.9,11.0,0.025,0.0
2026-02-15 14:45:00,603.8,230.2,12.9,11.0,0.025,0.0
2026-02-15 15:00:00,601.5,229.5,12.9,10.9,0.0,0.0
2026-02-15 15:15:00,602.2,230.2,12.9,10.9,0.0,0.0
2026-02-15 15:30:00,602.2,228.8,12.9,10.9,0.0,0.0
2026-02-15 15:45:00,602.0,230.0,12.9,10.9,0.0,0.0
2026-02-15 16:00:00,599.8,230.7,12.83,11.2,0.0,21.0
2026-02-15 16:15:00,601.7,231.0,12.82,11.2,0.0,21.0
2026-02-15 16:30:00,599.7,229.2,12.8,11.2,0.0,21.0
2026-02-15 16:45:00,601.5,230.0,12.8,11.2,0.0,21.0
2026-02-15 17:00:00,601.8,230.2,12.8,11.7,0.05,113.0
2026-02-15 17:15:00,600.0,230.5,12.8,11.7,0.05,113.0
2026-02-15 17:30:00,601.2,230.8,12.8,11.7,0.05,113.0
2026-02-15 17:45:00,601.8,230.3,12.8,11.7,0.05,113.0
2026-02-15 18:00:00,602.0,229.0,12.8,13.0,0.0,205.0
2026-02-15 18:15:00,600.3,231.0,12.82,13.0,0.0,205.0
2026-02-15 18:30:00,601.7,236.2,12.85,13.0,0.0,205.0
2026-02-15 18:45:00,602.0,235.3,12.88,13.0,0.0,205.0
2026-02-15 19:00:00,604.0,232.8,12.9,13.5,0.125,416.0
2026-02-15 19:15:00,604.0,233.0,12.9,13.5,0.125,416.0
2026-02-15 19:30:00,606.0,239.8,12.9,13.5,0.125,416.0
2026-02-15 19:45:00,606.7,242.0,12.9,13.5,0.125,416.0
2026-02-15 20:00:00,607.5,239.7,12.95,12.2,0.225,180.0
2026-02-15 20:15:00,609.8,236.3,13.0,12.2,0.225,180.0
2026-02-15 20:30:00,608.2,234.3,13.0,12.2,0.225,180.0
2026-02-15 20:45:00,608.2,239.8,13.0,12.2,0.225,180.0
2026-02-15 21:00:00,609.3,239.0,13.0,12.5,0.75,229.0
2026-02-15 21:15:00,609.0,237.5,13.1,12.5,0.75,229.0
2026-02-15 21:30:00,609.5,238.0,13.1,12.5,0.75,229.0
2026-02-15 21:45:00,608.7,243.7,13.1,12.5,0.75,229.0
2026-02-15 22:00:00,605.5,247.7,13.15,13.8,0.075,363.0
2026-02-15 22:15:00,602.8,247.8,13.2,13.8,0.075,363.0
2026-02-15 22:30:00,601.3,244.7,13.2,13.8,0.075,363.0
2026-02-15 22:45:00,604.3,241.5,13.3,13.8,0.075,363.0
2026-02-15 23:00:00,602.5,238.8,13.3,14.3,0.025,255.0
2026-02-15 23:15:00,600.7,245.7,13.3,14.3,0.025,255.0
2026-02-15 23:30:00,600.8,246.8,13.3,14.3,0.025,255.0
2026-02-15 23:45:00,601.5,242.0,13.3,14.3,0.025,255.0
2026-02-16 00:00:00,601.2,270.5,13.3,12.4,0.8,196.0
2026-02-16 00:15:00,583.7,285.0,13.3,12.4,0.8,196.0
2026-02-16 00:30:00,573.7,285.7,13.4,12.4,0.8,196.0
2026-02-16 00:45:00,541.8,293.7,13.5,12.4,0.8,196.0
2026-02-16 01:00:00,523.5,283.5,13.6,11.5,0.1,44.0
2026-02-16 01:15:00,500.2,279.0,13.7,11.5,0.1,44.0
2026-02-16 01:30:00,495.2,282.3,13.63,11.5,0.1,44.0
2026-02-16 01:45:00,498.7,274.3,13.5,11.5,0.1,44.0
2026-02-16 02:00:00,456.3,362.0,13.38,11.1,0.15,8.0
2026-02-16 02:15:00,307.0,351.7,13.5,11.1,0.15,8.0
2026-02-16 02:30:00,232.7,325.2,13.6,11.1,0.15,8.0
2026-02-16 02:45:00,241.2,305.5,13.5,11.1,0.15,8.0
2026-02-16 03:00:00,268.5,290.8,13.42,10.9,0.625,0.0
2026-02-16 03:15:00,276.0,278.2,13.4,10.9,0.625,0.0
2026-02-16 03:30:00,279.3,270.3,13.4,10.9,0.625,0.0
2026-02-16 03:45:00,289.0,344.3,13.33,10.9,0.625,0.0
2026-02-16 04:00:00,115.8,519.2,13.3,10.7,0.8,0.0
2026-02-16 04:15:00,106.5,493.8,13.1,10.7,0.8,0.0
2026-02-16 04:30:00,85.2,463.2,12.9,10.7,0.8,0.0
2026-02-16 04:45:00,91.0,418.5,12.8,10.7,0.8,0.0
2026-02-16 05:00:00,95.8,399.5,12.8,10.6,0.375,0.0
2026-02-16 05:15:00,101.8,380.7,12.8,10.6,0.375,0.0
2026-02-16 05:30:00,110.8,353.3,12.8,10.6,0.375,0.0
2026-02-16 05:45:00,120.0,339.3,12.8,10.6,0.375,0.0
2026-02-16 06:15:00,138.3,333.7,12.9,10.5,0.575,0.0
2026-02-16 06:30:00,145.7,323.3,12.9,10.5,0.575,0.0
2026-02-16 06:45:00,150.5,311.3,13.0,10.5,0.575,0.0
2026-02-16 07:00:00,155.5,300.5,12.97,10.5,0.625,0.0
2026-02-16 07:15:00,162.3,291.5,12.93,10.5,0.625,0.0
2026-02-16 07:30:00,166.5,286.8,12.9,10.5,0.625,0.0
2026-02-16 07:45:00,172.0,281.2,12.9,10.5,0.625,0.0
2026-02-16 08:00:00,175.3,277.2,12.9,9.9,0.45,0.0
2026-02-16 08:15:00,179.3,273.7,12.9,9.9,0.45,0.0
2026-02-16 08:30:00,183.2,270.2,12.9,9.9,0.45,0.0
2026-02-16 08:45:00,189.0,275.2,12.92,9.9,0.45,0.0
2026-02-16 09:00:00,193.7,328.0,12.9,9.7,0.5,0.0
2026-02-16 09:15:00,217.3,329.8,13.0,9.7,0.5,0.0
2026-02-16 09:30:00,190.3,407.3,13.0,9.7,0.5,0.0
2026-02-16 09:45:00,165.3,455.5,12.55,9.7,0.5,0.0
2026-02-16 10:00:00,116.2,458.0,12.4,9.4,0.7,0.0
2026-02-16 10:15:00,103.0,429.8,12.2,9.4,0.7,0.0
2026-02-16 10:30:00,99.5,419.2,12.1,9.4,0.7,0.0
2026-02-16 10:45:00,94.8,442.5,12.1,9.4,0.7,0.0
2026-02-16 11:00:00,74.2,548.5,11.9,9.2,0.6,0.0
2026-02-16 11:15:00,72.0,508.5,11.6,9.2,0.6,0.0
2026-02-16 11:30:00,67.5,468.8,11.42,9.2,0.6,0.0
2026-02-16 11:45:00,76.0,431.5,11.4,9.2,0.6,0.0
2026-02-16 12:00:00,84.8,427.2,11.5,9.3,0.625,0.0
2026-02-16 12:15:00,90.8,454.3,11.6,9.3,0.625,0.0
2026-02-16 12:30:00,94.5,430.8,11.5,9.3,0.625,0.0
2026-02-16 12:45:00,98.5,449.5,11.6,9.3,0.625,0.0
2026-02-16 13:00:00,79.0,511.3,11.4,9.2,0.85,0.0
2026-02-16 13:15:00,80.2,461.3,11.3,9.2,0.85,0.0
2026-02-16 13:30:00,82.3,472.5,11.3,9.2,0.85,0.0
2026-02-16 13:45:00,74.2,543.5,11.12,9.2,0.85,0.0
2026-02-16 14:00:00,69.0,470.2,11.0,9.5,0.625,0.0
2026-02-16 14:15:00,78.2,427.0,11.1,9.5,0.625,0.0
2026-02-16 14:30:00,89.8,414.8,11.2,9.5,0.625,0.0
2026-02-16 14:45:00,100.0,426.5,11.3,9.5,0.625,0.0
2026-02-16 15:00:00,106.5,402.0,11.4,9.5,0.6,0.0
2026-02-16 15:15:00,114.2,393.3,11.5,9.5,0.6,0.0
2026-02-16 15:30:00,123.0,402.8,11.6,9.5,0.6,0.0
2026-02-16 15:45:00,123.0,412.7,11.62,9.5,0.6,0.0
2026-02-16 16:00:00,126.0,402.0,11.6,9.1,0.425,7.0
2026-02-16 16:15:00,129.5,386.3,11.6,9.1,0.425,7.0
2026-02-16 16:30:00,133.5,378.5,11.7,9.1,0.425,7.0
2026-02-16 16:45:00,138.7,367.3,11.7,9.1,0.425,7.0
2026-02-16 17:00:00,143.2,359.7,11.8,9.1,0.325,33.0
2026-02-16 17:15:00,148.3,358.0,11.87,9.1,0.325,33.0
2026-02-16 17:30:00,154.7,356.8,11.92,9.1,0.325,33.0
2026-02-16 17:45:00,160.7,357.0,12.0,9.1,0.325,33.0
2026-02-16 18:00:00,162.3,358.2,12.1,10.0,0.275,58.0
2026-02-16 18:15:00,169.8,363.0,12.1,10.0,0.275,58.0
2026-02-16 18:30:00,175.3,355.7,12.1,10.0,0.275,58.0
2026-02-16 18:45:00,184.3,348.8,12.1,10.0,0.275,58.0
2026-02-16 19:00:00,189.3,338.2,12.2,9.6,0.4,85.0
2026-02-16 19:15:00,193.0,328.5,12.2,9.6,0.4,85.0
2026-02-16 19:30:00,195.5,324.0,12.2,9.6,0.4,85.0
2026-02-16 19:45:00,199.2,317.2,12.3,9.6,0.4,85.0
2026-02-16 20:00:00,203.3,312.5,12.3,9.2,0.225,74.0
2026-02-16 20:15:00,207.0,316.0,12.32,9.2,0.225,74.0
2026-02-16 20:30:00,211.5,330.8,12.4,9.2,0.225,74.0
2026-02-16 20:45:00,215.2,341.7,12.5,9.2,0.225,74.0
2026-02-16 21:00:00,222.3,395.5,12.6,9.0,0.325,128.0
2026-02-16 21:15:00,192.8,448.2,12.5,9.0,0.325,128.0
2026-02-16 21:30:00,131.3,517.5,12.3,9.0,0.325,128.0
2026-02-16 21:45:00,94.8,472.8,12.1,9.0,0.325,128.0
2026-02-16 22:00:00,88.8,450.2,12.1,9.0,0.425,46.0
2026-02-16 22:15:00,91.7,422.2,12.2,9.0,0.425,46.0
2026-02-16 22:30:00,100.3,381.7,12.22,9.0,0.425,46.0
2026-02-16 22:45:00,107.7,369.0,12.3,9.0,0.425,46.0
2026-02-16 23:00:00,121.0,366.3,12.4,8.9,0.3,85.0
2026-02-16 23:15:00,130.8,365.5,12.6,8.9,0.3,85.0
2026-02-16 23:30:00,134.3,352.5,12.6,8.9,0.3,85.0
2026-02-16 23:45:00,138.3,338.3,12.6,8.9,0.3,85.0
2026-02-17 00:00:00,143.0,331.3,12.5,8.5,0.25,155.0
2026-02-17 00:15:00,147.8,330.0,12.5,8.5,0.25,155.0
2026-02-17 00:30:00,165.3,324.0,12.55,8.5,0.25,155.0
2026-02-17 00:45:00,187.2,324.2,12.6,8.5,0.25,155.0
2026-02-17 01:00:00,201.0,323.5,12.7,8.2,0.125,40.0
2026-02-17 01:15:00,208.7,323.3,12.7,8.2,0.125,40.0
2026-02-17 01:30:00,214.3,315.8,12.7,8.2,0.125,40.0
2026-02-17 01:45:00,218.7,311.8,12.7,8.2,0.125,40.0
2026-02-17 02:00:00,220.2,309.0,12.7,7.8,0.175,16.0
2026-02-17 02:15:00,223.3,305.7,12.7,7.8,0.175,16.0
2026-02-17 02:30:00,225.5,304.3,12.7,7.8,0.175,16.0
2026-02-17 02:45:00,227.7,302.0,12.7,7.8,0.175,16.0
2026-02-17 03:00:00,231.3,305.3,12.7,8.1,0.075,0.0
2026-02-17 03:15:00,122.7,643.2,12.3,8.1,0.075,0.0
2026-02-17 03:30:00,88.5,645.8,11.3,8.1,0.075,0.0
2026-02-17 03:45:00,58.3,581.5,10.8,8.1,0.075,0.0
2026-02-17 04:00:00,69.3,475.8,10.8,7.9,0.225,0.0
2026-02-17 04:15:00,85.7,417.3,11.0,7.9,0.225,0.0
2026-02-17 04:30:00,100.3,379.8,11.1,7.9,0.225,0.0
2026-02-17 04:45:00,117.2,355.2,11.23,7.9,0.225,0.0
2026-02-17 05:00:00,132.0,343.3,11.4,8.0,0.025,0.0
2026-02-17 05:15:00,148.2,335.5,11.5,8.0,0.025,0.0
2026-02-17 05:30:00,160.3,326.5,11.6,8.0,0.025,0.0
2026-02-17 05:45:00,173.5,320.0,11.7,8.0,0.025,0.0
2026-02-17 06:00:00,184.8,320.5,11.7,7.3,0.0,0.0
2026-02-17 06:15:00,196.2,312.5,11.8,7.3,0.0,0.0
2026-02-17 06:30:00,211.3,308.3,11.8,7.3,0.0,0.0
2026-02-17 06:45:00,225.5,305.8,11.9,7.3,0.0,0.0
2026-02-17 07:00:00,231.8,302.2,11.9,7.1,0.0,0.0
2026-02-17 07:15:00,238.2,300.2,12.0,7.1,0.0,0.0
2026-02-17 07:30:00,245.2,298.0,12.0,7.1,0.0,0.0
2026-02-17 07:45:00,253.0,296.3,12.0,7.1,0.0,0.0
2026-02-17 08:15:00,272.7,292.5,12.0,7.1,0.0,0.0
2026-02-17 08:30:00,281.3,290.8,12.02,7.1,0.0,0.0
2026-02-17 08:45:00,291.7,291.3,12.1,7.1,0.0,0.0
2026-02-17 09:00:00,299.3,292.8,12.1,7.0,0.0,0.0
2026-02-17 09:15:00,308.0,290.0,12.1,7.0,0.0,0.0
2026-02-17 09:30:00,315.3,286.3,12.1,7.0,0.0,0.0
2026-02-17 09:45:00,320.2,285.7,12.1,7.0,0.0,0.0
2026-02-17 10:00:00,323.0,285.3,12.2,7.3,0.0,0.0
2026-02-17 10:15:00,328.5,281.2,12.2,7.3,0.0,0.0
2026-02-17 10:45:00,342.2,281.7,12.2,7.3,0.0,0.0
2026-02-17 11:00:00,349.3,281.7,12.2,8.0,0.0,0.0
2026-02-17 11:15:00,354.3,280.5,12.2,8.0,0.0,0.0
2026-02-17 11:45:00,367.0,278.2,12.2,8.0,0.0,0.0
2026-02-17 12:00:00,369.2,277.8,12.2,8.3,0.0,0.0
2026-02-17 12:15:00,374.0,277.5,12.2,8.3,0.0,0.0
2026-02-17 12:30:00,377.3,277.2,12.2,8.3,0.0,0.0
2026-02-17 12:45:00,379.0,276.8,12.2,8.3,0.0,0.0
2026-02-17 13:00:00,381.2,276.0,12.2,8.0,0.025,0.0
2026-02-17 13:15:00,382.2,276.8,12.2,8.0,0.025,0.0
2026-02-17 13:30:00,385.8,276.2,12.2,8.0,0.025,0.0
2026-02-17 13:45:00,387.2,275.8,12.2,8.0,0.025,0.0
2026-02-17 14:00:00,391.8,277.8,12.2,8.3,0.025,0.0
2026-02-17 14:15:00,393.0,274.5,12.23,8.3,0.025,0.0
2026-02-17 14:30:00,394.2,274.2,12.27,8.3,0.025,0.0
2026-02-17 14:45:00,394.5,273.2,12.3,8.3,0.025,0.0
2026-02-17 15:00:00,396.2,272.5,12.3,7.2,0.35,0.0
2026-02-17 15:15:00,400.0,275.7,12.3,7.2,0.35,0.0
2026-02-17 15:30:00,402.0,274.0,12.3,7.2,0.35,0.0
2026-02-17 15:45:00,230.5,746.2,12.08,7.2,0.35,0.0
2026-02-17 16:00:00,89.8,621.8,7.2,7.2,0.125,10.0
2026-02-17 16:15:00,108.0,441.3,7.08,7.2,0.125,10.0
2026-02-17 16:30:00,126.5,382.3,7.9,7.2,0.125,10.0
2026-02-17 16:45:00,91.0,741.3,8.5,7.2,0.125,10.0
2026-02-17 17:00:00,82.2,509.3,8.5,7.5,0.35,26.0
2026-02-17 17:15:00,105.0,421.5,8.8,7.5,0.35,26.0
2026-02-17 17:30:00,126.2,384.7,9.2,7.5,0.35,26.0
2026-02-17 17:45:00,144.0,383.2,9.6,7.5,0.35,26.0
2026-02-17 18:00:00,151.0,438.7,10.0,7.6,0.4,29.0
2026-02-17 18:15:00,106.8,650.7,9.6,7.6,0.4,29.0
2026-02-17 18:30:00,86.8,519.2,9.4,7.6,0.4,29.0
2026-02-17 18:45:00,107.3,437.5,9.5,7.6,0.4,29.0
2026-02-17 19:00:00,123.8,411.0,9.82,8.0,0.3,94.0
2026-02-17 19:15:00,134.5,427.5,10.2,8.0,0.3,94.0
2026-02-17 19:30:00,146.7,449.3,10.3,8.0,0.3,94.0
2026-02-17 19:45:00,115.8,515.2,10.2,8.0,0.3,94.0
2026-02-17 20:00:00,106.2,494.3,10.02,8.0,0.675,90.0
2026-02-17 20:15:00,99.8,469.3,10.0,8.0,0.675,90.0
2026-02-17 20:30:00,117.2,422.0,10.1,8.0,0.675,90.0
2026-02-17 20:45:00,129.2,390.2,10.3,8.0,0.675,90.0
2026-02-17 21:00:00,146.5,378.5,10.5,7.9,0.25,78.0
2026-02-17 21:15:00,163.0,371.3,10.7,7.9,0.25,78.0
2026-02-17 21:30:00,179.2,362.8,10.8,7.9,0.25,78.0
2026-02-17 21:45:00,197.3,354.2,11.0,7.9,0.25,78.0
2026-02-17 22:00:00,212.8,347.5,11.1,8.4,0.175,130.0
2026-02-17 22:15:00,228.7,341.3,11.2,8.4,0.175,130.0
2026-02-17 22:30:00,238.8,339.8,11.3,8.4,0.175,130.0
2026-02-17 22:45:00,251.3,340.5,11.4,8.4,0.175,130.0
2026-02-17 23:00:00,264.7,340.7,11.5,8.1,0.25,171.0
2026-02-17 23:15:00,271.2,341.3,11.6,8.1,0.25,171.0
2026-02-17 23:30:00,270.7,343.3,11.65,8.1,0.25,171.0
2026-02-17 23:45:00,279.7,352.0,11.7,8.1,0.25,171.0
2026-02-18 00:00:00,262.0,366.8,11.6,6.9,0.45,121.0
2026-02-18 00:15:00,266.0,374.8,11.52,6.9,0.45,121.0
2026-02-18 00:30:00,99.5,688.3,10.5,6.9,0.45,121.0
2026-02-18 00:45:00,79.8,545.7,9.4,6.9,0.45,121.0
2026-02-18 01:15:00,123.7,390.2,9.73,6.9,0.1,28.0
2026-02-18 01:30:00,147.0,379.2,10.2,6.9,0.1,28.0
2026-02-18 01:45:00,168.7,373.2,10.5,6.9,0.1,28.0
2026-02-18 02:00:00,185.0,364.5,10.7,6.8,0.0,12.0
2026-02-18 02:15:00,200.2,354.7,10.8,6.8,0.0,12.0
2026-02-18 02:30:00,218.5,350.3,10.9,6.8,0.0,12.0
2026-02-18 02:45:00,238.0,347.5,11.0,6.8,0.0,12.0
2026-02-18 03:00:00,251.7,363.8,11.2,5.6,0.125,0.0
2026-02-18 03:15:00,112.0,485.2,9.8,5.6,0.125,0.0
2026-02-18 03:30:00,187.8,458.0,9.43,5.6,0.125,0.0
2026-02-18 03:45:00,154.3,404.7,9.4,5.6,0.125,0.0
2026-02-18 04:00:00,167.0,386.0,9.5,4.7,0.25,0.0
2026-02-18 04:15:00,193.8,383.3,9.95,4.7,0.25,0.0
2026-02-18 04:30:00,188.3,459.5,10.3,4.7,0.25,0.0
2026-02-18 04:45:00,194.5,485.8,9.82,4.7,0.25,0.0
2026-02-18 05:00:00,183.3,442.2,9.75,4.4,0.225,0.0
2026-02-18 05:15:00,186.2,420.0,9.8,4.4,0.225,0.0
2026-02-18 05:30:00,203.2,414.0,9.92,4.4,0.225,0.0
2026-02-18 05:45:00,208.2,409.5,10.07,4.4,0.225,0.0
2026-02-18 06:00:00,220.2,407.8,10.2,4.8,0.025,0.0
2026-02-18 06:15:00,234.3,406.7,10.28,4.8,0.025,0.0
2026-02-18 06:30:00,249.0,411.8,10.4,4.8,0.025,0.0
2026-02-18 06:45:00,263.0,408.2,10.5,4.8,0.025,0.0
2026-02-18 07:00:00,275.8,407.7,10.6,3.9,0.05,0.0
2026-02-18 07:15:00,287.0,404.2,10.7,3.9,0.05,0.0
2026-02-18 07:30:00,298.5,403.3,10.7,3.9,0.05,0.0
2026-02-18 07:45:00,310.2,404.8,10.8,3.9,0.05,0.0
2026-02-18 08:00:00,322.5,413.8,10.8,4.2,0.0,0.0
2026-02-18 08:15:00,332.0,409.8,10.9,4.2,0.0,0.0
2026-02-18 08:30:00,340.8,417.0,10.9,4.2,0.0,0.0
2026-02-18 08:45:00,348.0,410.0,11.0,4.2,0.0,0.0
2026-02-18 09:00:00,356.3,417.2,11.0,3.4,0.0,0.0
2026-02-18 09:15:00,364.5,417.5,11.0,3.4,0.0,0.0
2026-02-18 09:30:00,345.2,427.2,11.0,3.4,0.0,0.0
2026-02-18 09:45:00,331.2,434.3,10.92,3.4,0.0,0.0
2026-02-18 10:00:00,347.0,435.0,10.9,2.3,0.0,0.0
2026-02-18 10:15:00,362.8,424.0,10.9,2.3,0.0,0.0
2026-02-18 10:30:00,371.5,430.2,10.9,2.3,0.0,0.0
2026-02-18 10:45:00,380.0,428.0,10.92,2.3,0.0,0.0
2026-02-18 11:00:00,388.7,426.2,11.0,2.2,0.0,0.0
2026-02-18 11:15:00,394.7,432.8,11.0,2.2,0.0,0.0
2026-02-18 11:30:00,398.8,432.8,11.0,2.2,0.0,0.0
2026-02-18 11:45:00,396.0,433.2,11.0,2.2,0.0,0.0
2026-02-18 12:00:00,403.3,428.7,11.0,3.2,0.0,0.0
2026-02-18 12:15:00,404.0,436.8,11.0,3.2,0.0,0.0
2026-02-18 12:30:00,407.5,431.0,11.0,3.2,0.0,0.0
2026-02-18 12:45:00,409.0,429.5,11.0,3.2,0.0,0.0
2026-02-18 13:00:00,408.3,427.7,11.08,2.3,0.0,0.0
2026-02-18 13:15:00,415.0,430.2,11.1,2.3,0.0,0.0
2026-02-18 13:30:00,422.3,378.2,11.0,2.3,0.0,0.0
2026-02-18 13:45:00,426.3,372.8,11.0,2.3,0.0,0.0
2026-02-18 14:00:00,431.2,374.2,11.0,1.7,0.0,0.0
2026-02-18 14:15:00,434.5,381.0,11.0,1.7,0.0,0.0
2026-02-18 14:30:00,437.2,329.0,11.0,1.7,0.0,0.0
2026-02-18 14:45:00,440.5,333.2,11.0,1.7,0.0,0.0
2026-02-18 15:00:00,445.0,345.8,11.0,2.0,0.0,0.0
2026-02-18 15:15:00,447.0,341.0,10.98,2.0,0.0,0.0
2026-02-18 15:30:00,450.5,337.7,10.92,2.0,0.0,0.0
2026-02-18 15:45:00,451.0,333.5,11.0,2.0,0.0,0.0
2026-02-18 16:00:00,452.0,327.5,11.0,4.5,0.0,59.0
2026-02-18 16:15:00,457.2,317.3,11.02,4.5,0.0,59.0
2026-02-18 16:30:00,459.3,307.3,11.1,4.5,0.0,59.0
2026-02-18 16:45:00,464.3,302.0,11.1,4.5,0.0,59.0
2026-02-18 17:00:00,466.2,301.0,11.1,6.2,0.0,192.0
2026-02-18 17:15:00,469.0,304.7,11.1,6.2,0.0,192.0
2026-02-18 17:30:00,467.5,306.8,11.1,6.2,0.0,192.0
2026-02-18 17:45:00,471.7,316.0,11.2,6.2,0.0,192.0
2026-02-18 18:00:00,467.5,307.7,11.2,6.4,0.025,290.0
2026-02-18 18:15:00,421.3,311.5,11.2,6.4,0.025,290.0
2026-02-18 18:30:00,403.5,309.5,11.2,6.4,0.025,290.0
2026-02-18 18:45:00,430.8,304.5,11.2,6.4,0.025,290.0
2026-02-18 19:00:00,447.5,302.7,11.1,7.1,0.05,342.0
2026-02-18 19:30:00,436.7,309.5,11.2,7.1,0.05,342.0
2026-02-18 19:45:00,371.2,325.0,11.4,7.1,0.05,342.0
2026-02-18 20:00:00,359.5,315.0,11.4,8.1,0.05,429.0
2026-02-18 20:15:00,368.0,369.2,11.22,8.1,0.05,429.0
2026-02-18 20:30:00,185.3,434.5,11.0,8.1,0.05,429.0
2026-02-18 20:45:00,224.5,348.2,11.0,8.1,0.05,429.0
2026-02-18 21:00:00,194.5,292.3,11.1,8.8,0.05,489.0
2026-02-18 21:15:00,208.7,287.5,11.2,8.8,0.05,489.0
2026-02-18 21:30:00,216.8,265.8,11.3,8.8,0.05,489.0
2026-02-18 21:45:00,210.0,239.8,11.3,8.8,0.05,489.0
2026-02-18 22:00:00,216.2,253.8,11.4,8.3,0.3,463.0
2026-02-18 22:15:00,228.7,229.3,11.5,8.3,0.3,463.0
2026-02-18 23:00:00,271.3,257.5,11.8,9.4,0.025,405.0
2026-02-18 23:15:00,282.0,237.3,11.9,9.4,0.025,405.0
2026-02-18 23:30:00,295.3,245.8,11.9,9.4,0.025,405.0
2026-02-18 23:45:00,307.7,271.0,11.9,9.4,0.025,405.0
2026-02-19 00:00:00,319.5,268.0,11.9,8.6,0.075,307.0
2026-02-19 00:45:00,356.5,291.3,11.9,8.6,0.075,307.0
2026-02-19 01:00:00,364.8,297.0,11.9,7.9,0.075,117.0
2026-02-19 01:15:00,383.8,302.7,11.9,7.9,0.075,117.0
2026-02-19 01:45:00,399.5,302.5,11.9,7.9,0.075,117.0
2026-02-19 02:00:00,409.7,303.8,11.9,6.8,0.025,8.0
2026-02-19 02:15:00,416.3,305.3,11.9,6.8,0.025,8.0
2026-02-19 02:30:00,421.3,309.2,11.9,6.8,0.025,8.0
2026-02-19 02:45:00,427.7,311.7,11.9,6.8,0.025,8.0
2026-02-19 03:00:00,432.7,312.0,11.92,6.5,0.025,0.0
2026-02-19 03:15:00,439.2,312.3,11.92,6.5,0.025,0.0
2026-02-19 03:30:00,445.8,308.2,11.9,6.5,0.025,0.0
2026-02-19 03:45:00,450.5,311.3,11.9,6.5,0.025,0.0
2026-02-19 04:00:00,456.5,318.5,11.9,6.1,0.05,0.0
2026-02-19 04:15:00,461.5,325.3,11.9,6.1,0.05,0.0
2026-02-19 04:30:00,447.2,390.5,11.82,6.1,0.05,0.0
2026-02-19 04:45:00,380.7,410.5,11.0,6.1,0.05,0.0
2026-02-19 05:00:00,341.8,371.2,11.0,6.1,0.225,0.0
2026-02-19 05:30:00,294.8,348.0,11.0,6.1,0.225,0.0
2026-02-19 05:45:00,282.8,339.5,11.0,6.1,0.225,0.0
2026-02-19 06:15:00,257.0,329.8,11.1,6.2,0.05,0.0
2026-02-19 06:45:00,271.3,317.5,11.1,6.2,0.05,0.0
2026-02-19 07:00:00,280.7,312.7,11.2,6.4,0.1,0.0
2026-02-19 07:15:00,292.7,309.3,11.3,6.4,0.1,0.0
2026-02-19 07:30:00,304.5,302.5,11.3,6.4,0.1,0.0
2026-02-19 07:45:00,313.2,300.2,11.3,6.4,0.1,0.0
2026-02-19 08:00:00,326.3,298.0,11.3,6.0,0.025,0.0
2026-02-19 08:15:00,336.2,295.7,11.33,6.0,0.025,0.0
2026-02-19 08:30:00,348.0,295.0,11.4,6.0,0.025,0.0
2026-02-19 08:45:00,365.5,294.7,11.4,6.0,0.025,0.0
2026-02-19 09:00:00,371.2,300.8,11.4,6.2,0.075,0.0
2026-02-19 09:15:00,375.7,300.2,11.42,6.2,0.075,0.0
2026-02-19 09:30:00,367.8,307.2,11.5,6.2,0.075,0.0
2026-02-19 09:45:00,342.2,333.3,11.5,6.2,0.075,0.0
2026-02-19 10:00:00,287.5,401.0,11.2,6.2,0.525,0.0
2026-02-19 10:30:00,59.5,674.2,8.8,6.2,0.525,0.0
2026-02-19 10:45:00,40.5,792.5,8.1,6.2,0.525,0.0
2026-02-19 11:00:00,40.8,726.3,7.6,5.5,1.35,0.0
2026-02-19 11:15:00,57.3,562.8,7.7,5.5,1.35,0.0
2026-02-19 11:30:00,75.2,451.2,8.1,5.5,1.35,0.0
2026-02-19 11:45:00,103.8,403.2,8.5,5.5,1.35,0.0
2026-02-19 12:00:00,132.0,381.3,8.9,4.4,0.375,0.0
2026-02-19 12:15:00,154.2,363.2,9.2,4.4,0.375,0.0
2026-02-19 12:30:00,175.7,345.0,9.4,4.4,0.375,0.0
2026-02-19 12:45:00,196.0,341.2,9.7,4.4,0.375,0.0
2026-02-19 13:00:00,212.7,329.3,9.9,5.3,0.075,0.0
2026-02-19 13:15:00,229.8,319.8,10.0,5.3,0.075,0.0
2026-02-19 13:30:00,242.8,330.7,10.2,5.3,0.075,0.0
2026-02-19 13:45:00,257.3,484.8,10.3,5.3,0.075,0.0
2026-02-19 14:00:00,176.0,521.2,8.7,5.9,0.0,0.0
2026-02-19 14:15:00,111.5,434.8,8.7,5.9,0.0,0.0
2026-02-19 14:30:00,127.2,388.7,8.72,5.9,0.0,0.0
2026-02-19 14:45:00,147.8,367.0,9.0,5.9,0.0,0.0
2026-02-19 15:00:00,166.8,352.7,9.3,5.1,0.075,0.0
2026-02-19 15:15:00,189.7,345.2,9.62,5.1,0.075,0.0
2026-02-19 15:30:00,208.3,339.7,9.88,5.1,0.075,0.0
2026-02-19 15:45:00,226.3,333.8,10.02,5.1,0.075,0.0
2026-02-19 16:00:00,243.5,334.7,10.27,5.5,0.0,65.0
2026-02-19 16:15:00,259.3,332.0,10.4,5.5,0.0,65.0
2026-02-19 16:30:00,273.0,336.3,10.6,5.5,0.0,65.0
2026-02-19 16:45:00,289.5,335.5,10.7,5.5,0.0,65.0
2026-02-19 17:00:00,302.7,335.8,10.77,6.9,0.0,158.0
2026-02-19 17:15:00,312.2,334.8,10.8,6.9,0.0,158.0
2026-02-19 17:30:00,320.5,334.2,10.9,6.9,0.0,158.0
2026-02-19 17:45:00,336.7,329.3,10.9,6.9,0.0,158.0
2026-02-19 18:00:00,344.0,320.2,11.0,7.7,0.0,373.0
2026-02-19 18:15:00,352.7,324.0,11.1,7.7,0.0,373.0
2026-02-19 18:30:00,359.2,317.3,11.1,7.7,0.0,373.0
2026-02-19 18:45:00,363.5,308.7,11.2,7.7,0.0,373.0
2026-02-19 19:00:00,364.3,307.0,11.4,8.9,0.0,537.0
2026-02-19 19:15:00,371.3,310.8,11.5,8.9,0.0,537.0
2026-02-19 19:30:00,379.8,310.0,11.5,8.9,0.0,537.0
2026-02-19 19:45:00,384.7,305.7,11.5,8.9,0.0,537.0
2026-02-19 20:00:00,390.2,291.0,11.6,9.8,0.0,648.0
2026-02-19 20:15:00,397.0,281.0,11.6,9.8,0.0,648.0
2026-02-19 20:30:00,405.5,269.5,11.6,9.8,0.0,648.0
2026-02-19 20:45:00,410.5,258.3,11.7,9.8,0.0,648.0
2026-02-19 21:00:00,417.2,261.0,11.7,10.1,0.025,676.0
2026-02-19 21:15:00,423.7,256.0,11.72,10.1,0.025,676.0
2026-02-19 21:30:00,427.8,252.7,11.8,10.1,0.025,676.0
2026-02-19 21:45:00,430.2,255.2,11.82,10.1,0.025,676.0
2026-02-19 22:00:00,434.7,246.7,11.9,10.2,0.0,620.0
2026-02-19 22:15:00,441.0,250.8,11.9,10.2,0.0,620.0
2026-02-19 22:30:00,446.0,281.3,11.9,10.2,0.0,620.0
2026-02-19 22:45:00,450.0,270.2,12.0,10.2,0.0,620.0
2026-02-19 23:00:00,447.8,263.7,12.0,10.2,0.0,528.0
2026-02-19 23:15:00,459.0,265.7,12.0,10.2,0.0,528.0
2026-02-19 23:30:00,461.8,273.3,12.0,10.2,0.0,528.0
2026-02-19 23:45:00,465.8,276.8,12.0,10.2,0.0,528.0
2026-02-20 00:00:00,467.5,280.3,12.0,9.7,0.0,389.0
2026-02-20 00:15:00,468.2,291.0,12.0,9.7,0.0,389.0
2026-02-20 00:30:00,474.3,308.8,12.0,9.7,0.0,389.0
2026-02-20 00:45:00,478.2,317.8,12.0,9.7,0.0,389.0
2026-02-20 01:00:00,481.0,330.8,12.0,9.1,0.0,195.0
2026-02-20 01:15:00,448.0,342.3,12.0,9.1,0.0,195.0
2026-02-20 01:30:00,479.7,309.0,12.0,9.1,0.0,195.0
2026-02-20 01:45:00,458.0,308.2,11.98,9.1,0.0,195.0
2026-02-20 02:00:00,487.2,308.3,11.92,7.7,0.0,40.0
2026-02-20 02:15:00,493.5,311.8,11.92,7.7,0.0,40.0
2026-02-20 02:30:00,496.3,306.2,11.9,7.7,0.0,40.0
2026-02-20 03:15:00,501.2,306.0,11.9,7.0,0.0,0.0
2026-02-20 03:30:00,504.7,305.0,11.88,7.0,0.0,0.0
2026-02-20 03:45:00,506.5,304.3,11.8,7.0,0.0,0.0
2026-02-20 04:00:00,509.5,304.3,11.8,6.3,0.0,0.0
2026-02-20 04:15:00,510.7,303.5,11.8,6.3,0.0,0.0
2026-02-20 04:30:00,513.3,302.3,11.8,6.3,0.0,0.0
2026-02-20 04:45:00,515.2,302.2,11.7,6.3,0.0,0.0
2026-02-20 05:00:00,517.3,302.8,11.7,5.8,0.0,0.0
2026-02-20 05:15:00,519.0,301.5,11.7,5.8,0.0,0.0
2026-02-20 05:30:00,519.2,300.7,11.7,5.8,0.0,0.0
2026-02-20 05:45:00,522.2,302.2,11.6,5.8,0.0,0.0
2026-02-20 06:00:00,522.8,308.0,11.6,5.8,0.0,0.0
2026-02-20 06:15:00,525.3,312.2,11.6,5.8,0.0,0.0
2026-02-20 06:30:00,523.2,314.5,11.6,5.8,0.0,0.0
2026-02-20 06:45:00,524.2,317.3,11.6,5.8,0.0,0.0
2026-02-20 07:00:00,527.3,321.0,11.5,5.5,0.0,0.0
2026-02-20 07:15:00,529.7,328.7,11.5,5.5,0.0,0.0
2026-02-20 07:30:00,531.8,331.5,11.5,5.5,0.0,0.0
2026-02-20 07:45:00,534.0,332.0,11.4,5.5,0.0,0.0
2026-02-20 08:00:00,534.3,336.0,11.4,4.8,0.0,0.0
2026-02-20 08:15:00,534.2,300.5,11.4,4.8,0.0,0.0
2026-02-20 08:30:00,536.7,307.7,11.4,4.8,0.0,0.0
2026-02-20 08:45:00,538.8,316.0,11.3,4.8,0.0,0.0
2026-02-20 09:00:00,539.8,313.3,11.3,4.3,0.0,0.0
2026-02-20 09:15:00,541.0,318.0,11.3,4.3,0.0,0.0
2026-02-20 09:30:00,543.7,321.0,11.3,4.3,0.0,0.0
2026-02-20 09:45:00,545.5,328.3,11.2,4.3,0.0,0.0
2026-02-20 10:00:00,546.0,331.5,11.2,3.7,0.0,0.0
2026-02-20 10:15:00,548.5,331.7,11.2,3.7,0.0,0.0
2026-02-20 10:30:00,549.2,331.2,11.13,3.7,0.0,0.0
2026-02-20 10:45:00,550.5,329.2,11.1,3.7,0.0,0.0
2026-02-20 11:00:00,548.8,328.0,11.12,3.4,0.0,0.0
2026-02-20 11:15:00,549.3,336.0,11.2,3.4,0.0,0.0
2026-02-20 11:30:00,551.7,293.2,11.12,3.4,0.0,0.0
2026-02-20 11:45:00,554.3,296.7,11.1,3.4,0.0,0.0
2026-02-20 12:00:00,555.8,303.8,11.1,2.1,0.0,0.0
2026-02-20 12:15:00,556.5,301.0,11.08,2.1,0.0,0.0
2026-02-20 12:30:00,557.3,306.7,11.0,2.1,0.0,0.0
2026-02-20 12:45:00,559.3,304.3,11.0,2.1,0.0,0.0
2026-02-20 13:00:00,562.0,305.8,11.0,1.2,0.0,0.0
2026-02-20 13:15:00,561.2,305.8,11.0,1.2,0.0,0.0
2026-02-20 13:30:00,563.2,315.5,10.92,1.2,0.0,0.0
2026-02-20 13:45:00,564.7,319.0,10.9,1.2,0.0,0.0
2026-02-20 14:00:00,566.5,327.2,10.9,0.6,0.0,0.0
2026-02-20 14:15:00,566.7,327.3,10.9,0.6,0.0,0.0
2026-02-20 14:30:00,564.8,292.2,10.9,0.6,0.0,0.0
2026-02-20 14:45:00,567.2,294.3,10.8,0.6,0.0,0.0
2026-02-20 15:00:00,568.3,309.3,10.8,0.6,0.0,0.0
2026-02-20 15:15:00,569.2,304.7,10.8,0.6,0.0,0.0
2026-02-20 15:30:00,570.0,305.8,10.7,0.6,0.0,0.0
2026-02-20 15:45:00,570.0,298.0,10.7,0.6,0.0,0.0
2026-02-20 16:00:00,568.3,294.2,10.7,2.7,0.0,58.0
2026-02-20 16:15:00,569.7,282.8,10.72,2.7,0.0,58.0
2026-02-20 16:30:00,571.3,275.8,10.78,2.7,0.0,58.0
2026-02-20 16:45:00,572.0,269.5,10.8,2.7,0.0,58.0
2026-02-20 17:00:00,573.2,264.0,10.8,5.7,0.0,173.0
2026-02-20 17:15:00,574.7,259.0,10.8,5.7,0.0,173.0
2026-02-20 17:30:00,574.2,255.0,10.8,5.7,0.0,173.0
2026-02-20 17:45:00,576.0,247.0,10.82,5.7,0.0,173.0
2026-02-20 18:00:00,577.2,239.5,10.9,7.6,0.0,287.0
2026-02-20 18:15:00,577.7,229.7,10.9,7.6,0.0,287.0
2026-02-20 18:30:00,577.2,232.0,10.9,7.6,0.0,287.0
2026-02-20 18:45:00,576.7,228.0,11.0,7.6,0.0,287.0
2026-02-20 19:00:00,577.0,223.3,11.0,8.9,0.0,367.0
2026-02-20 19:15:00,577.2,219.7,11.02,8.9,0.0,367.0
2026-02-20 19:30:00,578.7,219.7,11.1,8.9,0.0,367.0
2026-02-20 19:45:00,578.5,219.8,11.1,8.9,0.0,367.0
2026-02-20 20:00:00,579.5,216.3,11.2,10.1,0.0,464.0
2026-02-20 20:15:00,579.3,215.3,11.3,10.1,0.0,464.0
2026-02-20 20:30:00,581.3,222.7,11.3,10.1,0.0,464.0
2026-02-20 20:45:00,581.2,221.5,11.4,10.1,0.0,464.0
2026-02-20 21:00:00,582.8,225.0,11.4,11.1,0.0,570.0
2026-02-20 21:15:00,582.2,226.7,11.5,11.1,0.0,570.0
2026-02-20 21:30:00,581.3,221.5,11.5,11.1,0.0,570.0
2026-02-20 21:45:00,579.7,222.5,11.5,11.1,0.0,570.0
2026-02-20 22:00:00,579.5,217.2,11.6,11.2,0.0,458.0
2026-02-20 22:15:00,581.0,214.5,11.6,11.2,0.0,458.0
2026-02-20 22:30:00,582.5,228.5,11.7,11.2,0.0,458.0
2026-02-20 22:45:00,586.5,236.3,11.7,11.2,0.0,458.0
2026-02-20 23:00:00,585.3,254.8,11.7,11.2,0.0,360.0
2026-02-20 23:15:00,589.2,259.2,11.72,11.2,0.0,360.0
2026-02-20 23:30:00,588.2,231.0,11.8,11.2,0.0,360.0
2026-02-20 23:45:00,588.3,231.7,11.8,11.2,0.0,360.0
2026-02-21 00:00:00,587.7,230.5,11.8,11.0,0.0,295.0
2026-02-21 00:15:00,590.5,254.3,11.8,11.0,0.0,295.0
2026-02-21 00:30:00,591.3,276.3,11.8,11.0,0.0,295.0
2026-02-21 00:45:00,591.3,287.2,11.8,11.0,0.0,295.0
2026-02-21 01:00:00,591.8,300.0,11.8,10.1,0.0,176.0
2026-02-21 01:15:00,592.2,306.2,11.8,10.1,0.0,176.0
2026-02-21 01:30:00,593.3,314.7,11.8,10.1,0.0,176.0
2026-02-21 01:45:00,593.5,287.7,11.8,10.1,0.0,176.0
2026-02-21 02:00:00,594.5,285.8,11.8,7.9,0.0,41.0
2026-02-21 02:15:00,597.8,286.0,11.8,7.9,0.0,41.0
2026-02-21 02:30:00,596.3,286.7,11.8,7.9,0.0,41.0
2026-02-21 02:45:00,597.5,285.3,11.8,7.9,0.0,41.0
2026-02-21 03:00:00,596.8,284.8,11.7,6.5,0.0,0.0
2026-02-21 03:15:00,598.3,287.8,11.7,6.5,0.0,0.0
2026-02-21 03:30:00,598.2,284.2,11.7,6.5,0.0,0.0
2026-02-21 03:45:00,598.3,285.0,11.7,6.5,0.0,0.0
2026-02-21 04:00:00,598.7,283.7,11.7,5.7,0.0,0.0
2026-02-21 04:15:00,597.7,285.2,11.7,5.7,0.0,0.0
2026-02-21 04:30:00,596.5,285.0,11.68,5.7,0.0,0.0
2026-02-21 04:45:00,598.7,283.8,11.62,5.7,0.0,0.0
2026-02-21 05:00:00,598.3,284.3,11.6,4.8,0.0,0.0
2026-02-21 05:15:00,598.7,283.3,11.6,4.8,0.0,0.0
2026-02-21 05:30:00,599.7,283.2,11.6,4.8,0.0,0.0
2026-02-21 05:45:00,601.8,282.5,11.5,4.8,0.0,0.0
2026-02-21 06:00:00,602.0,283.3,11.5,3.7,0.0,0.0
2026-02-21 06:15:00,602.3,283.5,11.5,3.7,0.0,0.0
2026-02-21 06:30:00,603.5,280.8,11.4,3.7,0.0,0.0
2026-02-21 06:45:00,603.2,282.2,11.4,3.7,0.0,0.0
2026-02-21 07:00:00,601.8,282.5,11.4,4.4,0.0,0.0
2026-02-21 07:15:00,605.3,282.7,11.3,4.4,0.0,0.0
2026-02-21 07:30:00,607.7,281.7,11.3,4.4,0.0,0.0
2026-02-21 07:45:00,606.0,283.3,11.3,4.4,0.0,0.0
2026-02-21 08:00:00,606.3,282.0,11.3,4.7,0.0,0.0
2026-02-21 08:15:00,608.0,282.0,11.2,4.7,0.0,0.0
2026-02-21 08:30:00,607.3,282.2,11.2,4.7,0.0,0.0
2026-02-21 08:45:00,607.0,281.7,11.2,4.7,0.0,0.0
2026-02-21 09:00:00,606.8,281.8,11.2,4.8,0.0,0.0
2026-02-21 09:15:00,606.7,282.0,11.2,4.8,0.0,0.0
2026-02-21 09:30:00,608.3,282.0,11.2,4.8,0.0,0.0
2026-02-21 09:45:00,608.2,282.2,11.2,4.8,0.0,0.0
2026-02-21 10:00:00,608.7,281.3,11.2,4.9,0.0,0.0
2026-02-21 10:15:00,609.5,281.8,11.2,4.9,0.0,0.0
2026-02-21 10:30:00,611.3,282.0,11.12,4.9,0.0,0.0
2026-02-21 10:45:00,610.3,281.5,11.1,4.9,0.0,0.0
2026-02-21 11:00:00,610.5,280.7,11.1,5.0,0.0,0.0
2026-02-21 11:15:00,611.3,279.5,11.1,5.0,0.0,0.0
2026-02-21 11:30:00,610.8,280.0,11.1,5.0,0.0,0.0
2026-02-21 11:45:00,606.8,279.7,11.1,5.0,0.0,0.0
2026-02-21 12:00:00,606.0,279.8,11.12,3.9,0.0,0.0
2026-02-21 12:15:00,605.3,280.2,11.15,3.9,0.0,0.0
2026-02-21 12:30:00,608.0,280.5,11.12,3.9,0.0,0.0
2026-02-21 12:45:00,610.8,279.3,11.1,3.9,0.0,0.0
2026-02-21 13:00:00,611.0,280.0,11.1,4.4,0.0,0.0
2026-02-21 13:15:00,612.3,280.3,11.1,4.4,0.0,0.0
2026-02-21 13:30:00,613.2,280.0,11.1,4.4,0.0,0.0
2026-02-21 13:45:00,613.8,279.7,11.1,4.4,0.0,0.0
2026-02-21 14:00:00,616.0,280.8,11.1,4.4,0.0,0.0
2026-02-21 14:15:00,612.8,279.3,11.1,4.4,0.0,0.0
2026-02-21 14:30:00,613.8,279.0,11.1,4.4,0.0,0.0
2026-02-21 14:45:00,614.0,278.7,11.1,4.4,0.0,0.0
2026-02-21 15:00:00,614.0,279.7,11.1,4.6,0.0,0.0
2026-02-21 15:15:00,614.5,279.3,11.08,4.6,0.0,0.0
2026-02-21 15:30:00,616.5,279.7,11.02,4.6,0.0,0.0
2026-02-21 15:45:00,616.8,279.5,11.08,4.6,0.0,0.0
2026-02-21 16:00:00,616.3,277.8,11.1,6.6,0.0,59.0
2026-02-21 16:15:00,616.3,278.7,11.1,6.6,0.0,59.0
2026-02-21 16:30:00,616.8,279.5,11.1,6.6,0.0,59.0
2026-02-21 16:45:00,618.5,279.0,11.1,6.6,0.0,59.0
2026-02-21 17:00:00,617.8,278.3,11.1,9.3,0.0,221.0
2026-02-21 17:15:00,616.7,278.7,11.2,9.3,0.0,221.0
2026-02-21 17:30:00,619.5,279.2,11.2,9.3,0.0,221.0
2026-02-21 17:45:00,618.3,278.7,11.2,9.3,0.0,221.0
2026-02-21 18:00:00,619.0,278.2,11.3,11.0,0.0,365.0
2026-02-21 18:15:00,621.2,279.2,11.3,11.0,0.0,365.0
2026-02-21 18:30:00,621.0,277.7,11.3,11.0,0.0,365.0
2026-02-21 18:45:00,621.3,280.3,11.32,11.0,0.0,365.0
2026-02-21 19:00:00,620.8,279.5,11.4,12.7,0.0,564.0
2026-02-21 19:15:00,620.3,279.7,11.5,12.7,0.0,564.0
2026-02-21 19:30:00,623.8,279.3,11.5,12.7,0.0,564.0
2026-02-21 19:45:00,620.2,277.8,11.6,12.7,0.0,564.0
2026-02-21 20:00:00,617.0,279.8,11.7,13.3,0.0,665.0
2026-02-21 20:15:00,619.0,280.7,11.7,13.3,0.0,665.0
2026-02-21 20:30:00,621.7,278.0,11.8,13.3,0.0,665.0
2026-02-21 20:45:00,620.2,278.5,11.9,13.3,0.0,665.0
2026-02-21 21:00:00,622.2,280.8,11.9,13.5,0.0,657.0
2026-02-21 21:15:00,624.7,280.0,11.9,13.5,0.0,657.0
2026-02-21 21:30:00,625.0,280.5,12.0,13.5,0.0,657.0
2026-02-21 21:45:00,626.3,278.3,12.0,13.5,0.0,657.0
2026-02-21 22:00:00,626.2,279.3,12.1,14.1,0.0,615.0
2026-02-21 22:15:00,626.7,279.3,12.1,14.1,0.0,615.0
2026-02-21 22:30:00,626.7,279.0,12.2,14.1,0.0,615.0
2026-02-21 22:45:00,627.3,279.0,12.2,14.1,0.0,615.0
2026-02-21 23:00:00,625.7,279.5,12.3,14.5,0.0,446.0
2026-02-21 23:15:00,626.3,278.3,12.3,14.5,0.0,446.0
2026-02-21 23:30:00,626.5,279.0,12.3,14.5,0.0,446.0
2026-02-21 23:45:00,627.5,280.3,12.3,14.5,0.0,446.0
2026-02-22 00:00:00,627.7,278.8,12.3,13.9,0.0,343.0
2026-02-22 00:15:00,627.5,279.3,12.3,13.9,0.0,343.0
2026-02-22 00:30:00,627.8,278.5,12.3,13.9,0.0,343.0
2026-02-22 00:45:00,627.8,278.5,12.3,13.9,0.0,343.0
2026-02-22 01:00:00,627.5,279.2,12.3,12.6,0.0,210.0
2026-02-22 01:15:00,628.7,278.5,12.3,12.6,0.0,210.0
2026-02-22 01:30:00,628.2,277.5,12.3,12.6,0.0,210.0
2026-02-22 01:45:00,629.3,278.3,12.22,12.6,0.0,210.0
2026-02-22 02:00:00,628.7,278.5,12.2,10.8,0.0,43.0
2026-02-22 02:15:00,627.8,277.5,12.2,10.8,0.0,43.0
2026-02-22 02:30:00,628.0,279.0,12.2,10.8,0.0,43.0
2026-02-22 02:45:00,626.7,277.7,12.2,10.8,0.0,43.0
2026-02-22 03:00:00,628.3,278.5,12.2,9.8,0.0,0.0
2026-02-22 03:15:00,628.0,276.3,12.2,9.8,0.0,0.0
2026-02-22 03:30:00,629.0,278.0,12.2,9.8,0.0,0.0
2026-02-22 03:45:00,630.7,276.8,12.1,9.8,0.0,0.0
2026-02-22 04:00:00,630.3,279.5,12.1,9.2,0.0,0.0
2026-02-22 04:15:00,630.2,277.0,12.1,9.2,0.0,0.0
2026-02-22 04:30:00,631.3,278.0,12.1,9.2,0.0,0.0
2026-02-22 04:45:00,629.2,276.7,12.1,9.2,0.0,0.0
2026-02-22 05:00:00,627.7,277.7,12.1,8.8,0.0,0.0
2026-02-22 05:15:00,627.2,277.7,12.1,8.8,0.0,0.0
2026-02-22 05:30:00,627.0,278.7,12.1,8.8,0.0,0.0
2026-02-22 05:45:00,626.8,277.7,12.1,8.8,0.0,0.0
2026-02-22 06:00:00,629.0,276.5,12.1,8.9,0.0,0.0
2026-02-22 06:15:00,628.7,276.7,12.1,8.9,0.0,0.0
2026-02-22 06:30:00,631.3,275.8,12.1,8.9,0.0,0.0
2026-02-22 06:45:00,630.2,276.2,12.1,8.9,0.0,0.0
2026-02-22 07:00:00,630.5,276.5,12.1,9.0,0.0,0.0
2026-02-22 07:15:00,632.7,275.8,12.02,9.0,0.0,0.0
2026-02-22 07:30:00,631.8,276.2,12.0,9.0,0.0,0.0
2026-02-22 07:45:00,631.3,276.0,12.0,9.0,0.0,0.0
2026-02-22 08:00:00,633.3,276.2,12.0,9.2,0.0,0.0
2026-02-22 08:15:00,633.5,276.8,12.0,9.2,0.0,0.0
2026-02-22 08:30:00,632.8,275.3,12.0,9.2,0.0,0.0
2026-02-22 08:45:00,632.7,275.0,12.0,9.2,0.0,0.0
2026-02-22 09:00:00,631.2,275.5,12.0,9.4,0.0,0.0
2026-02-22 09:15:00,632.8,276.8,12.0,9.4,0.0,0.0
2026-02-22 09:30:00,632.0,274.8,12.0,9.4,0.0,0.0
2026-02-22 09:45:00,634.5,276.2,12.0,9.4,0.0,0.0
2026-02-22 10:00:00,632.8,276.3,12.0,9.2,0.0,0.0
2026-02-22 10:15:00,633.5,275.8,12.0,9.2,0.0,0.0
2026-02-22 10:30:00,633.8,274.8,12.0,9.2,0.0,0.0
2026-02-22 10:45:00,636.0,274.7,11.93,9.2,0.0,0.0
2026-02-22 11:00:00,634.7,274.8,11.9,9.1,0.0,0.0
2026-02-22 11:15:00,636.0,275.7,11.9,9.1,0.0,0.0
2026-02-22 11:30:00,635.5,274.8,11.9,9.1,0.0,0.0
2026-02-22 11:45:00,635.7,274.8,11.9,9.1,0.0,0.0
2026-02-22 12:00:00,635.3,274.5,11.9,8.9,0.0,0.0
2026-02-22 12:15:00,635.0,274.3,11.9,8.9,0.0,0.0
2026-02-22 12:30:00,634.8,274.8,11.9,8.9,0.0,0.0
2026-02-22 12:45:00,635.8,274.5,11.9,8.9,0.0,0.0
2026-02-22 13:00:00,636.5,275.0,11.9,8.5,0.0,0.0
2026-02-22 13:15:00,636.7,275.2,11.9,8.5,0.0,0.0
2026-02-22 13:30:00,637.0,276.0,11.9,8.5,0.0,0.0
2026-02-22 13:45:00,637.3,273.7,11.9,8.5,0.0,0.0
2026-02-22 14:00:00,636.7,278.5,11.9,8.5,0.0,0.0
2026-02-22 14:15:00,637.2,275.3,11.9,8.5,0.0,0.0
2026-02-22 14:30:00,638.3,273.5,11.9,8.5,0.0,0.0
2026-02-22 14:45:00,636.8,274.0,11.9,8.5,0.0,0.0
2026-02-22 15:00:00,637.2,273.0,11.9,8.7,0.0,0.0
2026-02-22 15:15:00,635.2,274.8,11.9,8.7,0.0,0.0
2026-02-22 15:30:00,634.0,275.0,11.9,8.7,0.0,0.0
2026-02-22 15:45:00,633.7,273.7,11.9,8.7,0.0,0.0
2026-02-22 16:00:00,634.7,273.2,11.9,10.2,0.0,77.0
2026-02-22 16:15:00,637.0,274.5,11.9,10.2,0.0,77.0
2026-02-22 16:30:00,636.3,274.2,12.0,10.2,0.0,77.0
2026-02-22 16:45:00,636.0,274.2,12.0,10.2,0.0,77.0
2026-02-22 17:00:00,636.7,273.2,12.0,12.4,0.0,243.0
2026-02-22 17:15:00,637.8,274.0,12.0,12.4,0.0,243.0
2026-02-22 17:30:00,638.8,273.8,12.0,12.4,0.0,243.0
2026-02-22 17:45:00,639.8,273.0,12.02,12.4,0.0,243.0
2026-02-22 18:00:00,639.3,273.3,12.1,14.4,0.0,379.0
2026-02-22 18:15:00,640.5,273.2,12.1,14.4,0.0,379.0
2026-02-22 18:30:00,641.3,274.8,12.13,14.4,0.0,379.0
2026-02-22 18:45:00,640.3,273.5,12.2,14.4,0.0,379.0
2026-02-22 19:00:00,639.3,272.3,12.22,15.9,0.0,536.0
2026-02-22 19:15:00,640.7,272.7,12.3,15.9,0.0,536.0
2026-02-22 19:30:00,640.8,274.2,12.4,15.9,0.0,536.0
2026-02-22 19:45:00,641.2,273.5,12.4,15.9,0.0,536.0
2026-02-22 20:00:00,640.2,274.5,12.5,16.8,0.0,557.0
2026-02-22 20:15:00,641.2,274.2,12.6,16.8,0.0,557.0
2026-02-22 20:30:00,640.8,273.8,12.6,16.8,0.0,557.0
2026-02-22 20:45:00,640.5,274.2,12.7,16.8,0.0,557.0
2026-02-22 21:00:00,641.2,273.2,12.8,17.3,0.0,678.0
2026-02-22 21:15:00,641.8,274.3,12.82,17.3,0.0,678.0
2026-02-22 21:30:00,641.3,275.3,12.9,17.3,0.0,678.0
2026-02-22 21:45:00,642.3,273.5,12.92,17.3,0.0,678.0
2026-02-22 22:00:00,643.7,273.2,13.0,17.2,0.0,636.0
2026-02-22 22:15:00,641.8,273.7,13.1,17.2,0.0,636.0
2026-02-22 22:30:00,642.7,275.8,13.12,17.2,0.0,636.0
2026-02-22 22:45:00,642.5,274.5,13.2,17.2,0.0,636.0
2026-02-22 23:00:00,642.0,274.5,13.2,16.9,0.0,531.0
2026-02-22 23:15:00,644.0,272.8,13.2,16.9,0.0,531.0
2026-02-22 23:30:00,643.0,274.2,13.22,16.9,0.0,531.0
2026-02-22 23:45:00,640.8,273.5,13.28,16.9,0.0,531.0
2026-02-23 00:00:00,641.8,273.8,13.3,17.2,0.0,377.0
2026-02-23 00:15:00,642.5,272.3,13.3,17.2,0.0,377.0
2026-02-23 00:30:00,643.2,274.0,13.3,17.2,0.0,377.0
2026-02-23 00:45:00,642.3,273.2,13.3,17.2,0.0,377.0
2026-02-23 01:00:00,642.2,279.5,13.3,16.0,0.0,204.0
2026-02-23 01:15:00,642.5,273.3,13.3,16.0,0.0,204.0
2026-02-23 01:30:00,643.2,272.7,13.3,16.0,0.0,204.0
2026-02-23 01:45:00,643.3,273.2,13.3,16.0,0.0,204.0
2026-02-23 02:00:00,643.5,272.0,13.3,13.2,0.0,42.0
2026-02-23 02:15:00,639.5,272.7,13.3,13.2,0.0,42.0
2026-02-23 02:30:00,638.2,272.0,13.3,13.2,0.0,42.0
2026-02-23 02:45:00,637.2,273.8,13.3,13.2,0.0,42.0
2026-02-23 03:00:00,637.8,272.8,13.3,12.2,0.0,0.0
2026-02-23 03:15:00,639.8,272.7,13.2,12.2,0.0,0.0
2026-02-23 03:30:00,641.2,272.7,13.2,12.2,0.0,0.0
2026-02-23 03:45:00,640.8,272.7,13.2,12.2,0.0,0.0
2026-02-23 04:00:00,641.2,272.0,13.2,11.5,0.0,0.0
2026-02-23 04:15:00,643.5,271.0,13.2,11.5,0.0,0.0
2026-02-23 04:30:00,643.3,271.0,13.15,11.5,0.0,0.0
2026-02-23 04:45:00,643.3,271.3,13.12,11.5,0.0,0.0
2026-02-23 05:00:00,642.2,271.8,13.1,11.3,0.0,0.0
2026-02-23 05:15:00,644.7,271.3,13.1,11.3,0.0,0.0
2026-02-23 05:30:00,645.5,271.2,13.1,11.3,0.0,0.0
2026-02-23 05:45:00,645.0,271.0,13.1,11.3,0.0,0.0
2026-02-23 06:00:00,643.8,271.8,13.1,11.5,0.0,0.0
2026-02-23 06:15:00,644.8,272.0,13.1,11.5,0.0,0.0
2026-02-23 06:30:00,644.3,270.7,13.1,11.5,0.0,0.0
2026-02-23 06:45:00,644.0,272.3,13.1,11.5,0.0,0.0
2026-02-23 07:00:00,646.2,271.5,13.1,11.5,0.0,0.0
2026-02-23 07:15:00,646.3,270.0,13.05,11.5,0.0,0.0
2026-02-23 07:30:00,647.5,270.3,13.02,11.5,0.0,0.0
2026-02-23 07:45:00,648.2,270.0,13.0,11.5,0.0,0.0
2026-02-23 08:00:00,646.3,269.7,13.0,11.0,0.0,0.0
2026-02-23 08:15:00,645.5,271.2,13.0,11.0,0.0,0.0
2026-02-23 08:30:00,643.3,270.3,13.0,11.0,0.0,0.0
2026-02-23 08:45:00,644.8,269.2,13.0,11.0,0.0,0.0
2026-02-23 09:00:00,644.5,271.0,13.0,10.5,0.0,0.0
2026-02-23 09:15:00,645.5,271.3,12.95,10.5,0.0,0.0
2026-02-23 09:30:00,646.5,270.2,12.9,10.5,0.0,0.0
2026-02-23 09:45:00,644.5,270.5,12.9,10.5,0.0,0.0
2026-02-23 10:00:00,645.7,269.5,12.9,9.7,0.0,0.0
2026-02-23 10:15:00,644.8,270.5,12.9,9.7,0.0,0.0
2026-02-23 10:30:00,646.5,271.8,12.9,9.7,0.0,0.0
2026-02-23 10:45:00,646.0,269.8,12.9,9.7,0.0,0.0
2026-02-23 11:00:00,646.5,269.3,12.8,9.2,0.0,0.0
2026-02-23 11:15:00,645.5,269.7,12.8,9.2,0.0,0.0
2026-02-23 11:30:00,645.2,271.2,12.8,9.2,0.0,0.0
2026-02-23 11:45:00,645.3,270.0,12.8,9.2,0.0,0.0
2026-02-23 12:00:00,644.0,268.7,12.8,8.6,0.0,0.0
2026-02-23 12:15:00,645.7,269.3,12.8,8.6,0.0,0.0
2026-02-23 12:30:00,646.7,267.3,12.72,8.6,0.0,0.0
2026-02-23 12:45:00,646.0,269.5,12.7,8.6,0.0,0.0
2026-02-23 13:00:00,646.2,268.0,12.7,7.9,0.0,0.0
2026-02-23 13:15:00,644.8,272.3,12.7,7.9,0.0,0.0
2026-02-23 13:30:00,645.2,269.0,12.7,7.9,0.0,0.0
2026-02-23 13:45:00,645.7,269.2,12.7,7.9,0.0,0.0
2026-02-23 14:00:00,646.3,267.7,12.7,7.6,0.0,0.0
2026-02-23 14:15:00,644.8,267.5,12.7,7.6,0.0,0.0
2026-02-23 14:30:00,644.0,267.7,12.7,7.6,0.0,0.0
2026-02-23 14:45:00,642.8,268.5,12.7,7.6,0.0,0.0
2026-02-23 15:00:00,641.5,267.2,12.7,7.4,0.0,1.0
2026-02-23 15:15:00,641.5,266.8,12.7,7.4,0.0,1.0
2026-02-23 15:30:00,643.3,266.8,12.7,7.4,0.0,1.0
2026-02-23 15:45:00,643.5,267.7,12.7,7.4,0.0,1.0
2026-02-23 16:00:00,644.8,268.2,12.7,9.3,0.0,73.0
2026-02-23 16:15:00,645.8,267.3,12.7,9.3,0.0,73.0
2026-02-23 16:30:00,645.0,266.3,12.7,9.3,0.0,73.0
2026-02-23 16:45:00,645.2,267.7,12.7,9.3,0.0,73.0
2026-02-23 17:00:00,646.2,268.2,12.72,12.5,0.0,213.0
2026-02-23 17:15:00,646.7,269.5,12.8,12.5,0.0,213.0
2026-02-23 17:30:00,647.7,269.8,12.8,12.5,0.0,213.0
2026-02-23 17:45:00,646.8,269.3,12.9,12.5,0.0,213.0
2026-02-23 18:00:00,647.3,270.8,12.9,13.9,0.0,326.0
2026-02-23 18:15:00,648.0,269.5,13.0,13.9,0.0,326.0
2026-02-23 18:30:00,646.2,270.8,13.0,13.9,0.0,326.0
2026-02-23 18:45:00,648.5,272.7,13.0,13.9,0.0,326.0
2026-02-23 19:00:00,648.0,270.3,13.1,16.1,0.0,561.0
2026-02-23 19:15:00,649.3,269.5,13.12,16.1,0.0,561.0
2026-02-23 19:30:00,648.7,270.5,13.2,16.1,0.0,561.0
2026-02-23 19:45:00,648.0,269.5,13.3,16.1,0.0,561.0
2026-02-23 20:00:00,649.2,271.0,13.35,17.9,0.0,662.0
2026-02-23 20:15:00,648.5,269.5,13.4,17.9,0.0,662.0
2026-02-23 20:30:00,649.3,270.2,13.5,17.9,0.0,662.0
2026-02-23 20:45:00,647.8,270.7,13.5,17.9,0.0,662.0
2026-02-23 21:00:00,647.8,269.8,13.52,18.7,0.0,695.0
2026-02-23 21:15:00,648.7,270.0,13.6,18.7,0.0,695.0
2026-02-23 21:30:00,649.2,270.7,13.6,18.7,0.0,695.0
2026-02-23 21:45:00,651.0,273.2,13.63,18.7,0.0,695.0
2026-02-23 22:00:00,648.3,283.3,13.7,18.6,0.0,498.0
2026-02-23 22:15:00,648.3,287.0,13.7,18.6,0.0,498.0
2026-02-23 22:30:00,649.8,280.8,13.78,18.6,0.0,498.0
2026-02-23 22:45:00,651.7,275.3,13.8,18.6,0.0,498.0
2026-02-23 23:00:00,654.5,272.8,13.8,17.9,0.0,365.0
2026-02-23 23:15:00,656.2,270.3,13.8,17.9,0.0,365.0
2026-02-23 23:30:00,658.8,268.7,13.72,17.9,0.0,365.0
2026-02-23 23:45:00,658.3,268.7,13.7,17.9,0.0,365.0
2026-02-24 00:00:00,659.3,271.0,13.7,18.0,0.0,194.0
2026-02-24 00:15:00,658.7,268.7,13.7,18.0,0.0,194.0
2026-02-24 00:30:00,657.0,269.5,13.7,18.0,0.0,194.0
2026-02-24 00:45:00,656.0,268.3,13.7,18.0,0.0,194.0
2026-02-24 01:00:00,657.3,268.2,13.72,16.5,0.0,44.0
2026-02-24 01:15:00,656.8,269.7,13.72,16.5,0.0,44.0
2026-02-24 01:30:00,656.5,269.2,13.72,16.5,0.0,44.0
2026-02-24 01:45:00,655.8,269.2,13.72,16.5,0.0,44.0
2026-02-24 02:00:00,654.5,267.7,13.75,14.5,0.0,23.0
2026-02-24 02:15:00,650.8,269.0,13.72,14.5,0.0,23.0
2026-02-24 02:30:00,649.2,268.2,13.72,14.5,0.0,23.0
2026-02-24 02:45:00,644.8,268.5,13.7,14.5,0.0,23.0
2026-02-24 03:00:00,640.7,274.3,13.7,14.1,0.0,0.0
2026-02-24 03:15:00,635.2,268.8,13.7,14.1,0.0,0.0
2026-02-24 03:30:00,633.2,267.8,13.7,14.1,0.0,0.0
2026-02-24 03:45:00,627.7,269.2,13.7,14.1,0.0,0.0
2026-02-24 04:00:00,625.7,267.7,13.7,13.4,0.0,0.0
2026-02-24 04:15:00,622.8,268.0,13.7,13.4,0.0,0.0
2026-02-24 04:30:00,621.3,268.3,13.7,13.4,0.0,0.0
2026-02-24 04:45:00,620.5,269.8,13.7,13.4,0.0,0.0
2026-02-24 05:00:00,620.2,266.3,13.7,13.4,0.0,0.0
2026-02-24 05:15:00,621.8,263.8,13.7,13.4,0.0,0.0
2026-02-24 05:30:00,624.0,264.2,13.7,13.4,0.0,0.0
2026-02-24 05:45:00,625.3,264.8,13.7,13.4,0.0,0.0
2026-02-24 06:00:00,627.2,264.7,13.7,13.0,0.025,0.0
2026-02-24 06:15:00,629.3,264.5,13.68,13.0,0.025,0.0
2026-02-24 06:30:00,628.7,264.3,13.62,13.0,0.025,0.0
2026-02-24 06:45:00,632.8,263.8,13.62,13.0,0.025,0.0
2026-02-24 07:00:00,632.2,264.7,13.6,12.2,0.075,0.0
2026-02-24 07:15:00,633.5,265.8,13.62,12.2,0.075,0.0
2026-02-24 07:30:00,636.3,268.0,13.6,12.2,0.075,0.0
2026-02-24 07:45:00,637.2,272.2,13.6,12.2,0.075,0.0
2026-02-24 08:00:00,639.5,270.8,13.6,12.2,0.225,0.0
2026-02-24 08:15:00,640.3,271.7,13.6,12.2,0.225,0.0
2026-02-24 08:30:00,636.2,270.2,13.6,12.2,0.225,0.0
2026-02-24 08:45:00,630.8,271.3,13.6,12.2,0.225,0.0
2026-02-24 09:00:00,620.3,270.2,13.62,12.4,0.0,0.0
2026-02-24 09:15:00,616.2,267.5,13.62,12.4,0.0,0.0
2026-02-24 09:30:00,614.8,266.7,13.67,12.4,0.0,0.0
2026-02-24 09:45:00,618.2,266.2,13.65,12.4,0.0,0.0
2026-02-24 10:00:00,619.7,264.8,13.7,12.8,0.0,0.0
2026-02-24 10:15:00,623.5,264.3,13.7,12.8,0.0,0.0
2026-02-24 10:30:00,628.3,264.0,13.67,12.8,0.0,0.0
2026-02-24 10:45:00,632.0,265.0,13.63,12.8,0.0,0.0
2026-02-24 11:00:00,632.5,262.8,13.62,12.7,0.0,0.0
2026-02-24 11:15:00,633.5,262.8,13.62,12.7,0.0,0.0
2026-02-24 11:30:00,636.0,264.3,13.62,12.7,0.0,0.0
2026-02-24 11:45:00,633.8,263.2,13.62,12.7,0.0,0.0
2026-02-24 12:00:00,636.3,264.8,13.63,12.6,0.0,0.0
2026-02-24 12:15:00,635.5,263.3,13.68,12.6,0.0,0.0
2026-02-24 12:30:00,635.3,263.3,13.7,12.6,0.0,0.0
2026-02-24 12:45:00,637.0,263.0,13.7,12.6,0.0,0.0
2026-02-24 13:00:00,636.8,261.7,13.7,13.3,0.0,0.0
2026-02-24 13:15:00,636.5,262.5,13.7,13.3,0.0,0.0
2026-02-24 13:30:00,636.2,262.7,13.7,13.3,0.0,0.0
2026-02-24 13:45:00,636.3,262.7,13.7,13.3,0.0,0.0
2026-02-24 14:00:00,634.0,262.8,13.7,12.9,0.0,0.0
2026-02-24 14:15:00,635.3,262.8,13.7,12.9,0.0,0.0
2026-02-24 14:30:00,634.7,263.0,13.7,12.9,0.0,0.0
2026-02-24 14:45:00,634.3,264.3,13.7,12.9,0.0,0.0
2026-02-24 15:00:00,633.0,261.8,13.7,12.7,0.0,1.0
2026-02-24 15:15:00,634.0,262.7,13.7,12.7,0.0,1.0
2026-02-24 15:30:00,633.7,262.8,13.7,12.7,0.0,1.0
2026-02-24 15:45:00,633.5,264.3,13.7,12.7,0.0,1.0
2026-02-24 16:00:00,635.5,262.7,13.73,14.0,0.0,53.0
2026-02-24 16:15:00,634.3,262.3,13.72,14.0,0.0,53.0
2026-02-24 16:30:00,635.3,261.8,13.8,14.0,0.0,53.0
2026-02-24 16:45:00,634.8,262.0,13.8,14.0,0.0,53.0
2026-02-24 17:00:00,634.8,263.7,13.9,15.9,0.0,214.0
2026-02-24 17:15:00,637.0,264.0,13.88,15.9,0.0,214.0
2026-02-24 17:30:00,636.7,262.8,13.9,15.9,0.0,214.0
2026-02-24 17:45:00,638.7,262.5,13.9,15.9,0.0,214.0
2026-02-24 18:00:00,639.8,263.3,14.0,17.0,0.0,220.0
2026-02-24 18:15:00,640.5,268.0,13.98,17.0,0.0,220.0
2026-02-24 18:30:00,641.5,263.2,14.0,17.0,0.0,220.0
2026-02-24 18:45:00,643.0,262.5,14.0,17.0,0.0,220.0
2026-02-24 19:00:00,643.0,262.2,14.1,18.4,0.0,521.0
2026-02-24 19:15:00,641.2,263.0,14.2,18.4,0.0,521.0
2026-02-24 19:30:00,643.7,262.0,14.2,18.4,0.0,521.0
2026-02-24 19:45:00,641.3,262.2,14.3,18.4,0.0,521.0
2026-02-24 20:00:00,640.0,263.7,14.32,19.1,0.0,528.0
2026-02-24 20:15:00,642.2,264.8,14.4,19.1,0.0,528.0
2026-02-24 20:30:00,642.5,262.8,14.5,19.1,0.0,528.0
2026-02-24 20:45:00,644.2,265.0,14.5,19.1,0.0,528.0
2026-02-24 21:00:00,645.2,264.2,14.58,19.0,0.0,345.0
2026-02-24 21:15:00,646.7,263.0,14.6,19.0,0.0,345.0
2026-02-24 21:30:00,646.7,264.0,14.6,19.0,0.0,345.0
2026-02-24 21:45:00,646.8,262.7,14.6,19.0,0.0,345.0
2026-02-24 22:00:00,648.2,263.2,14.6,18.2,0.0,367.0
2026-02-24 22:15:00,647.5,264.3,14.6,18.2,0.0,367.0
2026-02-24 22:30:00,647.2,264.3,14.62,18.2,0.0,367.0
2026-02-24 22:45:00,646.8,262.0,14.62,18.2,0.0,367.0
2026-02-24 23:00:00,648.7,263.2,14.6,16.1,0.0,159.0
2026-02-24 23:15:00,647.5,262.3,14.62,16.1,0.0,159.0
2026-02-24 23:30:00,648.8,262.5,14.62,16.1,0.0,159.0
2026-02-24 23:45:00,649.8,262.3,14.6,16.1,0.0,159.0
2026-02-25 00:00:00,651.0,262.5,14.6,17.4,0.0,121.0
2026-02-25 00:15:00,651.3,262.8,14.6,17.4,0.0,121.0
2026-02-25 00:30:00,652.0,262.5,14.6,17.4,0.0,121.0
2026-02-25 00:45:00,652.8,264.2,14.6,17.4,0.0,121.0
2026-02-25 01:00:00,650.8,261.3,14.6,16.1,0.0,143.0
2026-02-25 01:15:00,652.8,261.2,14.6,16.1,0.0,143.0
2026-02-25 01:30:00,651.3,261.8,14.6,16.1,0.0,143.0
2026-02-25 01:45:00,651.7,261.3,14.6,16.1,0.0,143.0
2026-02-25 02:00:00,652.5,262.0,14.6,15.2,0.125,29.0
2026-02-25 02:15:00,652.3,262.0,14.6,15.2,0.125,29.0
2026-02-25 02:30:00,653.3,262.2,14.6,15.2,0.125,29.0
2026-02-25 02:45:00,652.7,261.0,14.6,15.2,0.125,29.0
2026-02-25 03:00:00,652.7,261.7,14.52,14.7,0.0,0.0
2026-02-25 03:15:00,652.5,261.8,14.5,14.7,0.0,0.0
2026-02-25 03:30:00,653.7,262.2,14.52,14.7,0.0,0.0
2026-02-25 03:45:00,652.5,261.5,14.5,14.7,0.0,0.0
2026-02-25 04:00:00,653.2,261.3,14.5,14.8,0.05,0.0
2026-02-25 04:15:00,652.5,262.7,14.5,14.8,0.05,0.0
2026-02-25 04:30:00,653.0,261.8,14.5,14.8,0.05,0.0
2026-02-25 04:45:00,649.8,343.3,14.5,14.8,0.05,0.0
2026-02-25 05:00:00,375.3,490.5,15.02,13.9,0.35,0.0
2026-02-25 05:15:00,129.8,507.3,15.2,13.9,0.35,0.0
2026-02-25 05:30:00,121.7,437.8,15.2,13.9,0.35,0.0
2026-02-25 05:45:00,88.8,546.7,15.3,13.9,0.35,0.0
2026-02-25 06:00:00,70.8,570.8,15.3,14.0,0.175,0.0
2026-02-25 06:15:00,68.0,553.3,15.3,14.0,0.175,0.0
2026-02-25 06:30:00,72.0,506.0,15.2,14.0,0.175,0.0
2026-02-25 06:45:00,85.0,421.7,15.1,14.0,0.175,0.0
2026-02-25 07:00:00,98.7,376.5,15.1,14.0,0.225,0.0
2026-02-25 07:30:00,106.2,467.3,15.12,14.0,0.225,0.0
2026-02-25 07:45:00,89.3,499.0,15.1,14.0,0.225,0.0
2026-02-25 08:00:00,97.2,440.8,15.03,14.0,0.125,0.0
2026-02-25 08:15:00,101.7,400.7,15.0,14.0,0.125,0.0
2026-02-25 08:30:00,113.5,380.8,15.0,14.0,0.125,0.0
2026-02-25 08:45:00,126.7,395.3,15.0,14.0,0.125,0.0
2026-02-25 09:00:00,108.5,488.0,15.1,14.0,0.025,0.0
2026-02-25 09:15:00,103.3,491.8,15.0,14.0,0.025,0.0
2026-02-25 09:30:00,93.5,444.8,15.0,14.0,0.025,0.0
2026-02-25 09:45:00,101.0,452.5,15.0,14.0,0.025,0.0
2026-02-25 10:00:00,107.3,440.0,15.0,14.0,0.025,0.0
2026-02-25 10:15:00,108.0,417.5,14.92,14.0,0.025,0.0
2026-02-25 10:30:00,118.0,395.3,15.0,14.0,0.025,0.0
2026-02-25 10:45:00,133.7,369.7,14.9,14.0,0.025,0.0
2026-02-25 11:00:00,147.0,370.5,14.9,13.9,0.025,0.0
2026-02-25 11:15:00,159.5,372.7,14.9,13.9,0.025,0.0
2026-02-25 11:30:00,167.2,373.3,14.9,13.9,0.025,0.0
2026-02-25 11:45:00,175.8,363.2,14.9,13.9,0.025,0.0
2026-02-25 12:00:00,182.3,354.5,14.9,13.8,0.025,0.0
2026-02-25 12:15:00,191.3,346.2,14.9,13.8,0.025,0.0
2026-02-25 12:30:00,201.3,342.0,14.9,13.8,0.025,0.0
2026-02-25 12:45:00,210.0,342.8,14.9,13.8,0.025,0.0
2026-02-25 13:00:00,216.7,341.0,14.9,13.8,0.025,0.0
2026-02-25 13:15:00,222.7,337.8,14.92,13.8,0.025,0.0
2026-02-25 13:30:00,231.3,332.2,14.9,13.8,0.025,0.0
2026-02-25 13:45:00,244.0,330.2,14.9,13.8,0.025,0.0
2026-02-25 14:00:00,254.5,330.2,14.9,13.7,0.0,0.0
2026-02-25 14:15:00,263.7,330.3,14.9,13.7,0.0,0.0
2026-02-25 14:30:00,271.8,331.2,14.9,13.7,0.0,0.0
2026-02-25 14:45:00,276.5,327.7,14.82,13.7,0.0,0.0
2026-02-25 15:00:00,281.5,324.3,14.82,13.7,0.0,0.0
2026-02-25 15:15:00,289.2,321.0,14.8,13.7,0.0,0.0
2026-02-25 15:30:00,297.5,318.2,14.8,13.7,0.0,0.0
2026-02-25 15:45:00,304.5,315.0,14.8,13.7,0.0,0.0
2026-02-25 16:00:00,311.5,311.3,14.8,14.3,0.0,25.0
2026-02-25 16:15:00,316.3,310.8,14.8,14.3,0.0,25.0
2026-02-25 16:30:00,321.5,309.3,14.8,14.3,0.0,25.0
2026-02-25 16:45:00,327.8,316.2,14.8,14.3,0.0,25.0
2026-02-25 17:00:00,332.2,309.2,14.8,15.0,0.0,74.0
2026-02-25 17:15:00,337.2,307.2,14.9,15.0,0.0,74.0
2026-02-25 17:30:00,340.2,305.7,15.2,15.0,0.0,74.0
2026-02-25 17:45:00,346.5,308.0,15.5,15.0,0.0,74.0
2026-02-25 18:00:00,354.2,307.2,15.6,15.5,0.0,144.0
2026-02-25 18:15:00,363.0,309.5,15.42,15.5,0.0,144.0
2026-02-25 18:30:00,371.3,309.5,15.4,15.5,0.0,144.0
2026-02-25 18:45:00,379.5,307.7,15.3,15.5,0.0,144.0
2026-02-25 19:00:00,386.7,306.2,15.2,16.1,0.025,183.0
2026-02-25 19:15:00,394.0,306.8,15.1,16.1,0.025,183.0
2026-02-25 19:30:00,399.3,304.3,15.1,16.1,0.025,183.0
2026-02-25 19:45:00,406.2,301.3,15.02,16.1,0.025,183.0
2026-02-25 20:00:00,411.7,301.2,15.0,16.6,0.025,255.0
2026-02-25 20:15:00,413.5,304.0,15.0,16.6,0.025,255.0
2026-02-25 20:30:00,420.7,301.0,15.02,16.6,0.025,255.0
2026-02-25 20:45:00,422.2,298.3,15.1,16.6,0.025,255.0
2026-02-25 21:00:00,423.7,297.8,15.1,16.8,0.0,264.0
2026-02-25 21:15:00,424.3,297.7,15.2,16.8,0.0,264.0
2026-02-25 21:30:00,425.8,296.5,15.2,16.8,0.0,264.0
2026-02-25 21:45:00,429.2,298.2,15.2,16.8,0.0,264.0
2026-02-25 22:00:00,431.2,295.5,15.2,17.2,0.025,309.0
2026-02-25 22:15:00,433.8,296.3,15.2,17.2,0.025,309.0
2026-02-25 22:30:00,436.7,295.8,15.3,17.2,0.025,309.0
2026-02-25 22:45:00,440.2,295.2,15.3,17.2,0.025,309.0
2026-02-25 23:00:00,444.7,295.3,15.3,16.9,0.0,209.0
2026-02-25 23:15:00,447.8,293.2,15.3,16.9,0.0,209.0
2026-02-25 23:30:00,451.0,294.5,15.3,16.9,0.0,209.0
2026-02-25 23:45:00,454.7,294.2,15.3,16.9,0.0,209.0
2026-02-26 00:00:00,457.2,294.0,15.3,17.2,0.0,145.0
2026-02-26 00:15:00,459.5,293.5,15.3,17.2,0.0,145.0
2026-02-26 00:30:00,463.7,293.5,15.3,17.2,0.0,145.0
2026-02-26 00:45:00,467.0,293.2,15.3,17.2,0.0,145.0
2026-02-26 01:00:00,470.2,292.2,15.22,17.0,0.0,121.0
2026-02-26 01:15:00,475.5,293.3,15.2,17.0,0.0,121.0
2026-02-26 01:30:00,477.8,292.7,15.2,17.0,0.0,121.0
2026-02-26 01:45:00,480.7,290.3,15.2,17.0,0.0,121.0
2026-02-26 02:00:00,482.0,290.8,15.2,15.3,0.0,43.0
2026-02-26 02:15:00,483.0,289.5,15.2,15.3,0.0,43.0
2026-02-26 02:30:00,485.2,289.3,15.2,15.3,0.0,43.0
2026-02-26 02:45:00,488.5,291.2,15.2,15.3,0.0,43.0
2026-02-26 03:00:00,490.8,290.8,15.2,13.8,0.0,0.0
2026-02-26 03:15:00,495.2,290.0,15.12,13.8,0.0,0.0
2026-02-26 03:30:00,498.7,289.8,15.1,13.8,0.0,0.0
2026-02-26 03:45:00,499.7,289.8,15.1,13.8,0.0,0.0
2026-02-26 04:00:00,501.7,289.2,15.08,13.4,0.0,0.0
2026-02-26 04:15:00,502.8,289.7,15.0,13.4,0.0,0.0
2026-02-26 04:30:00,507.2,289.0,15.0,13.4,0.0,0.0
2026-02-26 04:45:00,507.8,288.8,15.0,13.4,0.0,0.0
2026-02-26 05:00:00,509.2,288.5,15.0,13.0,0.0,0.0
2026-02-26 05:15:00,512.0,289.0,15.0,13.0,0.0,0.0
2026-02-26 05:30:00,513.5,287.8,15.0,13.0,0.0,0.0
2026-02-26 05:45:00,514.2,286.8,14.92,13.0,0.0,0.0
2026-02-26 06:00:00,516.8,288.2,14.9,13.3,0.0,0.0
2026-02-26 06:15:00,518.7,286.2,14.9,13.3,0.0,0.0
2026-02-26 06:30:00,519.2,286.7,14.9,13.3,0.0,0.0
2026-02-26 06:45:00,520.5,287.0,14.9,13.3,0.0,0.0
2026-02-26 07:00:00,522.2,290.3,14.88,13.6,0.0,0.0
2026-02-26 07:15:00,524.8,287.2,14.8,13.6,0.0,0.0
2026-02-26 07:30:00,526.0,286.5,14.8,13.6,0.0,0.0
2026-02-26 07:45:00,528.7,286.2,14.8,13.6,0.0,0.0
2026-02-26 08:00:00,528.2,286.8,14.8,13.0,0.0,0.0
2026-02-26 08:15:00,528.0,286.0,14.8,13.0,0.0,0.0
2026-02-26 08:30:00,528.0,284.5,14.8,13.0,0.0,0.0
2026-02-26 08:45:00,529.7,286.2,14.78,13.0,0.0,0.0
2026-02-26 09:00:00,530.7,285.0,14.8,13.0,0.0,0.0
2026-02-26 09:15:00,532.0,284.5,14.8,13.0,0.0,0.0
2026-02-26 09:30:00,535.2,285.8,14.72,13.0,0.0,0.0
2026-02-26 09:45:00,536.2,284.2,14.7,13.0,0.0,0.0
2026-02-26 10:00:00,538.2,283.3,14.7,12.7,0.0,0.0
2026-02-26 10:15:00,540.8,283.8,14.7,12.7,0.0,0.0
2026-02-26 10:30:00,541.5,284.2,14.7,12.7,0.0,0.0
2026-02-26 10:45:00,542.3,282.7,14.68,12.7,0.0,0.0
2026-02-26 11:00:00,543.5,283.7,14.6,12.7,0.0,0.0
2026-02-26 11:15:00,545.7,282.5,14.6,12.7,0.0,0.0
2026-02-26 11:30:00,547.0,282.7,14.6,12.7,0.0,0.0
2026-02-26 11:45:00,547.0,283.3,14.6,12.7,0.0,0.0
2026-02-26 12:00:00,549.7,281.8,14.6,12.5,0.0,0.0
2026-02-26 12:15:00,548.8,282.8,14.6,12.5,0.0,0.0
2026-02-26 12:30:00,548.7,283.5,14.6,12.5,0.0,0.0
2026-02-26 12:45:00,550.7,281.7,14.52,12.5,0.0,0.0
2026-02-26 13:00:00,550.8,281.5,14.52,12.1,0.0,0.0
2026-02-26 13:15:00,551.0,283.8,14.52,12.1,0.0,0.0
2026-02-26 13:30:00,551.2,282.2,14.5,12.1,0.0,0.0
2026-02-26 13:45:00,554.3,282.2,14.5,12.1,0.0,0.0
2026-02-26 14:00:00,554.2,285.8,14.5,11.7,0.0,0.0
2026-02-26 14:15:00,555.2,281.2,14.5,11.7,0.0,0.0
2026-02-26 14:30:00,557.2,281.2,14.45,11.7,0.0,0.0
2026-02-26 14:45:00,559.5,280.5,14.4,11.7,0.0,0.0
2026-02-26 15:00:00,559.0,279.5,14.4,11.7,0.0,1.0
2026-02-26 15:15:00,556.0,279.8,14.4,11.7,0.0,1.0
2026-02-26 15:30:00,555.2,279.3,14.4,11.7,0.0,1.0
2026-02-26 15:45:00,555.7,281.3,14.4,11.7,0.0,1.0
2026-02-26 16:00:00,558.0,280.8,14.4,12.5,0.0,55.0
2026-02-26 16:15:00,559.2,280.3,14.4,12.5,0.0,55.0
2026-02-26 16:30:00,560.8,281.0,14.4,12.5,0.0,55.0
2026-02-26 16:45:00,562.8,282.5,14.42,12.5,0.0,55.0
2026-02-26 17:00:00,563.0,280.8,14.48,14.2,0.0,170.0
2026-02-26 17:15:00,565.0,280.3,14.5,14.2,0.0,170.0
2026-02-26 17:30:00,566.7,279.3,14.5,14.2,0.0,170.0
2026-02-26 17:45:00,567.0,279.0,14.5,14.2,0.0,170.0
2026-02-26 18:00:00,567.8,280.0,14.52,16.4,0.0,314.0
2026-02-26 18:15:00,568.7,280.3,14.6,16.4,0.0,314.0
2026-02-26 18:30:00,569.3,272.2,14.6,16.4,0.0,314.0
2026-02-26 18:45:00,570.3,264.7,14.6,16.4,0.0,314.0
2026-02-26 19:00:00,571.8,268.3,14.7,18.6,0.0,429.0
2026-02-26 19:15:00,571.7,256.8,14.7,18.6,0.0,429.0
2026-02-26 19:30:00,571.5,245.3,14.8,18.6,0.0,429.0
2026-02-26 19:45:00,574.0,230.5,14.8,18.6,0.0,429.0
2026-02-26 20:00:00,574.7,216.3,14.82,19.9,0.0,551.0
2026-02-26 20:15:00,575.7,279.7,14.9,19.9,0.0,551.0
2026-02-26 20:30:00,576.8,280.0,15.0,19.9,0.0,551.0
2026-02-26 20:45:00,577.5,280.0,15.0,19.9,0.0,551.0
2026-02-26 21:00:00,576.2,279.2,15.1,21.1,0.0,659.0
2026-02-26 21:15:00,578.2,279.3,15.1,21.1,0.0,659.0
2026-02-26 21:30:00,577.8,260.5,15.2,21.1,0.0,659.0
2026-02-26 21:45:00,578.8,245.2,15.2,21.1,0.0,659.0
2026-02-26 22:00:00,580.0,225.0,15.3,21.5,0.0,625.0
2026-02-26 22:15:00,579.3,234.3,15.3,21.5,0.0,625.0
2026-02-26 22:30:00,579.8,239.5,15.4,21.5,0.0,625.0
2026-02-26 22:45:00,580.7,251.8,15.4,21.5,0.0,625.0
2026-02-26 23:00:00,579.5,259.0,15.5,21.2,0.0,532.0
2026-02-26 23:15:00,580.0,258.3,15.5,21.2,0.0,532.0
2026-02-26 23:30:00,577.3,258.8,15.5,21.2,0.0,532.0
2026-02-26 23:45:00,579.2,260.5,15.5,21.2,0.0,532.0
2026-02-27 00:00:00,578.2,262.2,15.5,21.1,0.0,402.0
2026-02-27 00:15:00,580.8,268.3,15.5,21.1,0.0,402.0
2026-02-27 00:30:00,582.2,287.0,15.5,21.1,0.0,402.0
2026-02-27 00:45:00,581.5,294.3,15.5,21.1,0.0,402.0
2026-02-27 01:00:00,582.3,298.5,15.5,20.2,0.0,214.0
2026-02-27 01:15:00,582.8,305.2,15.45,20.2,0.0,214.0
2026-02-27 01:30:00,584.7,308.3,15.4,20.2,0.0,214.0
2026-02-27 01:45:00,585.0,318.5,15.4,20.2,0.0,214.0
2026-02-27 02:00:00,586.2,321.8,15.4,17.9,0.0,51.0
2026-02-27 02:15:00,586.8,328.7,15.4,17.9,0.0,51.0
2026-02-27 02:30:00,586.3,330.7,15.4,17.9,0.0,51.0
2026-02-27 02:45:00,588.0,296.7,15.32,17.9,0.0,51.0
2026-02-27 03:00:00,589.0,312.8,15.3,16.2,0.0,0.0
2026-02-27 03:15:00,591.0,321.5,15.3,16.2,0.0,0.0
2026-02-27 03:30:00,591.5,306.8,15.3,16.2,0.0,0.0
2026-02-27 03:45:00,590.0,316.8,15.3,16.2,0.0,0.0
2026-02-27 04:00:00,592.3,319.0,15.2,16.0,0.0,0.0
2026-02-27 04:15:00,592.7,321.2,15.2,16.0,0.0,0.0
2026-02-27 04:30:00,590.2,323.5,15.2,16.0,0.0,0.0
2026-02-27 04:45:00,590.7,320.7,15.2,16.0,0.0,0.0
2026-02-27 05:00:00,591.2,303.8,15.2,15.8,0.0,0.0
2026-02-27 05:15:00,592.3,315.3,15.12,15.8,0.0,0.0
2026-02-27 05:30:00,593.0,323.7,15.1,15.8,0.0,0.0
2026-02-27 05:45:00,592.5,297.3,15.1,15.8,0.0,0.0
2026-02-27 06:00:00,592.7,303.3,15.1,15.3,0.0,0.0
2026-02-27 06:15:00,592.7,310.5,15.1,15.3,0.0,0.0
2026-02-27 06:30:00,592.3,315.5,15.0,15.3,0.0,0.0
2026-02-27 06:45:00,591.7,324.3,15.0,15.3,0.0,0.0
2026-02-27 07:00:00,591.5,323.5,15.0,14.6,0.0,0.0
2026-02-27 07:15:00,590.8,321.0,15.0,14.6,0.0,0.0
2026-02-27 07:30:00,591.2,323.8,14.92,14.6,0.0,0.0
2026-02-27 07:45:00,592.5,324.7,14.9,14.6,0.0,0.0
2026-02-27 08:00:00,592.3,301.0,14.9,14.2,0.0,0.0
2026-02-27 08:15:00,592.3,295.7,14.9,14.2,0.0,0.0
2026-02-27 08:30:00,591.3,298.2,14.9,14.2,0.0,0.0
2026-02-27 08:45:00,591.8,301.3,14.9,14.2,0.0,0.0
2026-02-27 09:00:00,592.3,298.3,14.9,14.3,0.0,0.0
2026-02-27 09:15:00,592.8,298.8,14.9,14.3,0.0,0.0
2026-02-27 09:30:00,593.0,299.5,14.87,14.3,0.0,0.0
2026-02-27 09:45:00,594.2,300.3,14.8,14.3,0.0,0.0
2026-02-27 10:00:00,596.0,296.2,14.8,13.9,0.0,0.0
2026-02-27 10:15:00,595.5,294.5,14.8,13.9,0.0,0.0
2026-02-27 10:30:00,598.0,292.7,14.8,13.9,0.0,0.0
2026-02-27 10:45:00,598.0,299.8,14.8,13.9,0.0,0.0
2026-02-27 11:00:00,596.5,298.8,14.8,13.2,0.0,0.0
2026-02-27 11:15:00,597.3,297.3,14.8,13.2,0.0,0.0
2026-02-27 11:30:00,597.2,299.2,14.8,13.2,0.0,0.0
2026-02-27 11:45:00,596.8,302.7,14.78,13.2,0.0,0.0
2026-02-27 12:00:00,597.5,305.3,14.8,12.4,0.0,0.0
2026-02-27 12:15:00,597.3,305.5,14.78,12.4,0.0,0.0
2026-02-27 12:30:00,598.2,308.2,14.72,12.4,0.0,0.0
2026-02-27 12:45:00,598.8,313.2,14.7,12.4,0.0,0.0
2026-02-27 13:00:00,598.8,314.5,14.7,12.3,0.0,0.0
2026-02-27 13:15:00,599.8,317.0,14.7,12.3,0.0,0.0
2026-02-27 13:30:00,599.8,319.0,14.7,12.3,0.0,0.0
2026-02-27 13:45:00,600.7,297.0,14.7,12.3,0.0,0.0
2026-02-27 14:00:00,600.7,297.7,14.7,12.6,0.0,0.0
2026-02-27 14:15:00,600.7,299.3,14.7,12.6,0.0,0.0
2026-02-27 14:30:00,600.3,297.3,14.7,12.6,0.0,0.0
2026-02-27 14:45:00,600.8,298.8,14.7,12.6,0.0,0.0
2026-02-27 15:00:00,600.5,303.8,14.7,12.7,0.0,2.0
2026-02-27 15:15:00,602.5,297.0,14.7,12.7,0.0,2.0
2026-02-27 15:30:00,602.0,290.5,14.68,12.7,0.0,2.0
2026-02-27 15:45:00,601.0,282.8,14.7,12.7,0.0,2.0
2026-02-27 16:00:00,601.5,277.0,14.7,14.3,0.0,79.0
2026-02-27 16:15:00,602.7,267.7,14.7,14.3,0.0,79.0
2026-02-27 16:30:00,602.3,266.2,14.7,14.3,0.0,79.0
2026-02-27 16:45:00,602.8,262.2,14.7,14.3,0.0,79.0
2026-02-27 17:00:00,602.8,255.8,14.7,18.0,0.0,242.0
2026-02-27 17:15:00,603.5,243.3,14.72,18.0,0.0,242.0
2026-02-27 17:30:00,602.8,233.5,14.8,18.0,0.0,242.0
2026-02-27 17:45:00,602.5,224.3,14.8,18.0,0.0,242.0
2026-02-27 18:00:00,603.7,214.0,14.8,20.6,0.0,440.0
2026-02-27 18:15:00,603.3,210.3,14.9,20.6,0.0,440.0
2026-02-27 18:30:00,604.0,231.8,14.9,20.6,0.0,440.0
2026-02-27 18:45:00,604.8,225.2,14.9,20.6,0.0,440.0
2026-02-27 19:00:00,603.8,223.7,15.0,21.9,0.0,587.0
2026-02-27 19:15:00,604.7,220.5,15.0,21.9,0.0,587.0
2026-02-27 19:30:00,605.2,218.7,15.1,21.9,0.0,587.0
2026-02-27 19:45:00,605.2,216.0,15.1,21.9,0.0,587.0
2026-02-27 20:00:00,604.5,214.0,15.2,22.9,0.0,676.0
2026-02-27 20:15:00,606.7,213.0,15.2,22.9,0.0,676.0
2026-02-27 20:30:00,607.5,215.7,15.3,22.9,0.0,676.0
2026-02-27 20:45:00,608.3,214.5,15.3,22.9,0.0,676.0
2026-02-27 21:00:00,608.2,214.0,15.4,23.2,0.0,699.0
2026-02-27 21:15:00,609.2,213.5,15.4,23.2,0.0,699.0
2026-02-27 21:30:00,610.3,218.7,15.42,23.2,0.0,699.0
2026-02-27 21:45:00,609.8,215.3,15.5,23.2,0.0,699.0
2026-02-27 22:00:00,611.0,228.5,15.5,23.1,0.0,659.0
2026-02-27 22:15:00,610.8,220.2,15.6,23.1,0.0,659.0
2026-02-27 22:30:00,611.3,216.0,15.6,23.1,0.0,659.0
2026-02-27 22:45:00,610.0,236.3,15.7,23.1,0.0,659.0
2026-02-27 23:00:00,613.3,225.2,15.7,22.9,0.0,544.0
2026-02-27 23:15:00,610.5,216.5,15.72,22.9,0.0,544.0
2026-02-27 23:30:00,611.2,234.8,15.8,22.9,0.0,544.0
2026-02-27 23:45:00,612.2,237.3,15.8,22.9,0.0,544.0
2026-02-28 00:00:00,609.7,221.2,15.8,22.8,0.0,360.0
2026-02-28 00:15:00,610.3,233.8,15.8,22.8,0.0,360.0
2026-02-28 00:30:00,609.2,251.8,15.8,22.8,0.0,360.0
2026-02-28 00:45:00,610.5,263.3,15.8,22.8,0.0,360.0
2026-02-28 01:00:00,610.5,264.2,15.8,21.7,0.0,152.0
2026-02-28 01:15:00,609.5,267.7,15.8,21.7,0.0,152.0
2026-02-28 01:30:00,610.5,268.7,15.8,21.7,0.0,152.0
2026-02-28 01:45:00,610.5,279.0,15.8,21.7,0.0,152.0
2026-02-28 02:00:00,609.5,293.5,15.8,19.1,0.0,42.0
2026-02-28 02:15:00,610.8,305.8,15.8,19.1,0.0,42.0
2026-02-28 02:30:00,609.5,315.7,15.72,19.1,0.0,42.0
2026-02-28 02:45:00,610.5,326.7,15.7,19.1,0.0,42.0
2026-02-28 03:00:00,610.8,305.2,15.7,18.1,0.0,0.0
2026-02-28 03:15:00,610.7,301.7,15.7,18.1,0.0,0.0
2026-02-28 03:30:00,609.7,302.8,15.7,18.1,0.0,0.0
2026-02-28 03:45:00,610.7,305.8,15.7,18.1,0.0,0.0
2026-02-28 04:00:00,610.7,305.5,15.62,17.9,0.0,0.0
2026-02-28 04:15:00,612.5,306.5,15.6,17.9,0.0,0.0
2026-02-28 04:30:00,610.7,306.8,15.6,17.9,0.0,0.0
2026-02-28 04:45:00,611.5,313.3,15.6,17.9,0.0,0.0
2026-02-28 05:00:00,610.2,311.7,15.6,17.5,0.0,0.0
2026-02-28 05:15:00,610.0,316.5,15.6,17.5,0.0,0.0
2026-02-28 05:30:00,610.2,313.5,15.6,17.5,0.0,0.0
2026-02-28 05:45:00,611.2,314.8,15.6,17.5,0.0,0.0
2026-02-28 06:00:00,611.7,313.2,15.6,17.1,0.0,0.0
2026-02-28 06:15:00,613.3,312.3,15.6,17.1,0.0,0.0
2026-02-28 06:30:00,613.8,315.0,15.6,17.1,0.0,0.0
2026-02-28 06:45:00,614.2,279.0,15.6,17.1,0.0,0.0
2026-02-28 07:00:00,614.0,278.2,15.6,16.6,0.0,0.0
2026-02-28 07:15:00,615.3,286.2,15.6,16.6,0.0,0.0
2026-02-28 07:30:00,616.5,290.5,15.52,16.6,0.0,0.0
2026-02-28 07:45:00,615.3,296.7,15.52,16.6,0.0,0.0
2026-02-28 08:00:00,615.3,299.7,15.5,16.2,0.0,0.0
2026-02-28 08:15:00,615.3,306.8,15.5,16.2,0.0,0.0
2026-02-28 08:30:00,614.3,308.2,15.5,16.2,0.0,0.0
2026-02-28 08:45:00,614.8,308.3,15.5,16.2,0.0,0.0
2026-02-28 09:00:00,616.0,309.8,15.5,15.9,0.0,0.0
2026-02-28 09:15:00,618.0,309.7,15.5,15.9,0.0,0.0
2026-02-28 09:30:00,616.0,308.8,15.5,15.9,0.0,0.0
2026-02-28 09:45:00,616.3,308.5,15.5,15.9,0.0,0.0
2026-02-28 10:00:00,616.3,307.5,15.47,14.9,0.0,0.0
2026-02-28 10:15:00,615.3,302.8,15.42,14.9,0.0,0.0
2026-02-28 10:30:00,616.0,307.0,15.42,14.9,0.0,0.0
2026-02-28 10:45:00,616.0,306.0,15.4,14.9,0.0,0.0
2026-02-28 11:00:00,616.5,304.5,15.4,15.3,0.0,0.0
2026-02-28 11:15:00,617.5,309.5,15.4,15.3,0.0,0.0
2026-02-28 11:30:00,618.0,312.2,15.4,15.3,0.0,0.0
2026-02-28 11:45:00,618.8,271.5,15.4,15.3,0.0,0.0
2026-02-28 12:00:00,617.8,271.3,15.4,15.7,0.0,0.0
2026-02-28 12:15:00,619.8,270.8,15.4,15.7,0.0,0.0
2026-02-28 12:30:00,617.3,271.0,15.4,15.7,0.0,0.0
2026-02-28 12:45:00,619.8,272.0,15.4,15.7,0.0,0.0
2026-02-28 13:00:00,620.3,271.8,15.4,15.9,0.0,0.0
2026-02-28 13:15:00,620.3,272.3,15.4,15.9,0.0,0.0
2026-02-28 13:30:00,620.2,271.7,15.4,15.9,0.0,0.0
2026-02-28 13:45:00,620.0,272.5,15.32,15.9,0.0,0.0
2026-02-28 14:00:00,620.0,272.7,15.3,14.7,0.0,0.0
2026-02-28 14:15:00,620.0,271.7,15.3,14.7,0.0,0.0
2026-02-28 14:30:00,621.3,270.7,15.3,14.7,0.0,0.0
2026-02-28 14:45:00,619.7,271.0,15.3,14.7,0.0,0.0
2026-02-28 15:00:00,620.7,276.5,15.3,13.6,0.0,2.0
2026-02-28 15:15:00,619.7,271.3,15.3,13.6,0.0,2.0
2026-02-28 15:30:00,621.7,271.0,15.3,13.6,0.0,2.0
2026-02-28 15:45:00,621.8,271.5,15.23,13.6,0.0,2.0
2026-02-28 16:00:00,620.0,271.2,15.22,15.1,0.0,96.0
2026-02-28 16:15:00,620.7,270.7,15.22,15.1,0.0,96.0
2026-02-28 16:30:00,620.0,271.2,15.3,15.1,0.0,96.0
2026-02-28 16:45:00,619.2,270.2,15.3,15.1,0.0,96.0
2026-02-28 17:00:00,618.3,270.3,15.3,19.6,0.0,257.0
2026-02-28 17:15:00,618.3,272.0,15.3,19.6,0.0,257.0
2026-02-28 17:30:00,617.2,271.5,15.4,19.6,0.0,257.0
2026-02-28 17:45:00,618.5,269.7,15.4,19.6,0.0,257.0
2026-02-28 18:00:00,619.3,271.0,15.4,22.5,0.0,426.0
2026-02-28 18:15:00,620.8,260.2,15.4,22.5,0.0,426.0
2026-02-28 18:30:00,620.7,245.2,15.5,22.5,0.0,426.0
2026-02-28 18:45:00,620.8,238.5,15.5,22.5,0.0,426.0
2026-02-28 19:00:00,621.3,270.5,15.52,23.0,0.0,528.0
2026-02-28 19:15:00,621.5,271.3,15.6,23.0,0.0,528.0
2026-02-28 19:30:00,623.2,268.7,15.6,23.0,0.0,528.0
2026-02-28 19:45:00,623.3,270.3,15.6,23.0,0.0,528.0
2026-02-28 20:00:00,621.2,261.7,15.7,22.7,0.0,520.0
2026-02-28 20:15:00,622.7,271.5,15.7,22.7,0.0,520.0
2026-02-28 20:30:00,622.8,271.7,15.7,22.7,0.0,520.0
2026-02-28 20:45:00,623.2,271.7,15.72,22.7,0.0,520.0
2026-02-28 21:00:00,622.5,271.0,15.8,23.0,0.0,611.0
2026-02-28 21:15:00,621.8,271.8,15.8,23.0,0.0,611.0
2026-02-28 21:30:00,623.0,272.2,15.8,23.0,0.0,611.0
2026-02-28 21:45:00,622.5,271.2,15.9,23.0,0.0,611.0
2026-02-28 22:00:00,622.2,263.5,15.9,22.7,0.0,645.0
2026-02-28 22:15:00,623.3,243.3,15.9,22.7,0.0,645.0
2026-02-28 22:30:00,622.7,271.0,16.0,22.7,0.0,645.0
2026-02-28 22:45:00,623.3,272.8,16.0,22.7,0.0,645.0
2026-02-28 23:00:00,623.3,271.3,16.0,22.0,0.0,512.0
2026-02-28 23:15:00,625.0,272.8,16.0,22.0,0.0,512.0
2026-02-28 23:30:00,624.3,272.0,16.05,22.0,0.0,512.0
2026-02-28 23:45:00,626.8,273.2,16.1,22.0,0.0,512.0
2026-03-01 00:00:00,625.2,271.7,16.1,21.9,0.0,362.0
2026-03-01 00:15:00,625.7,271.8,16.02,21.9,0.0,362.0
2026-03-01 00:30:00,625.0,271.7,16.0,21.9,0.0,362.0
2026-03-01 00:45:00,623.2,272.3,16.0,21.9,0.0,362.0
2026-03-01 01:00:00,626.2,272.2,16.0,20.3,0.0,147.0
2026-03-01 01:15:00,624.3,270.3,16.0,20.3,0.0,147.0
2026-03-01 01:30:00,624.5,271.5,16.0,20.3,0.0,147.0
2026-03-01 01:45:00,625.7,270.7,15.92,20.3,0.0,147.0
2026-03-01 02:00:00,625.2,272.8,15.9,17.0,0.0,40.0
2026-03-01 02:15:00,626.8,272.3,15.9,17.0,0.0,40.0
2026-03-01 02:30:00,626.8,271.3,15.82,17.0,0.0,40.0
2026-03-01 02:45:00,625.8,269.8,15.8,17.0,0.0,40.0
2026-03-01 03:00:00,626.3,271.5,15.8,14.9,0.0,0.0
2026-03-01 03:15:00,627.3,271.0,15.72,14.9,0.0,0.0
2026-03-01 03:30:00,628.2,270.0,15.7,14.9,0.0,0.0
2026-03-01 03:45:00,626.0,269.3,15.7,14.9,0.0,0.0
2026-03-01 04:00:00,626.5,269.8,15.7,13.9,0.0,0.0
2026-03-01 04:15:00,627.7,270.5,15.6,13.9,0.0,0.0
2026-03-01 04:30:00,628.5,268.5,15.6,13.9,0.0,0.0
2026-03-01 04:45:00,627.7,274.0,15.6,13.9,0.0,0.0
2026-03-01 05:00:00,627.0,271.0,15.6,13.2,0.0,0.0
2026-03-01 05:15:00,628.8,272.0,15.5,13.2,0.0,0.0
2026-03-01 05:30:00,627.8,269.8,15.5,13.2,0.0,0.0
2026-03-01 05:45:00,628.5,260.7,15.5,13.2,0.0,0.0
2026-03-01 06:00:00,626.3,262.0,15.4,13.2,0.0,0.0
2026-03-01 06:15:00,626.0,261.3,15.4,13.2,0.0,0.0
2026-03-01 06:30:00,625.8,261.7,15.4,13.2,0.0,0.0
2026-03-01 06:45:00,623.3,261.8,15.4,13.2,0.0,0.0
2026-03-01 07:00:00,623.2,261.5,15.4,13.2,0.0,0.0
2026-03-01 07:15:00,624.7,260.0,15.32,13.2,0.0,0.0
2026-03-01 07:30:00,623.3,259.8,15.3,13.2,0.0,0.0
2026-03-01 07:45:00,623.8,261.3,15.3,13.2,0.0,0.0
