DateTimeUTC,Meter_Hydros21_Cond,Meter_Hydros21_Depth,Meter_Hydros21_Temp,air_temp_c,rain_mm,shortwave_radiation
2026-01-05 08:00:00,315.5,621.7,13.0,8.8,0.0,0.0
2026-01-05 08:15:00,322.8,619.5,12.9,8.8,0.0,0.0
2026-01-05 08:30:00,325.5,618.2,12.9,8.8,0.0,0.0
2026-01-05 08:45:00,331.7,617.0,12.9,8.8,0.0,0.0
2026-01-05 09:00:00,330.8,616.3,12.9,8.6,0.0,0.0
2026-01-05 09:15:00,332.8,615.0,12.9,8.6,0.0,0.0
2026-01-05 09:30:00,334.7,613.5,12.9,8.6,0.0,0.0
2026-01-05 09:45:00,337.7,611.3,12.9,8.6,0.0,0.0
2026-01-05 10:00:00,340.7,610.5,12.9,8.7,0.075,0.0
2026-01-05 10:15:00,343.3,608.8,12.83,8.7,0.075,0.0
2026-01-05 10:30:00,345.7,608.7,12.8,8.7,0.075,0.0
2026-01-05 10:45:00,346.5,608.7,12.8,8.7,0.075,0.0
2026-01-05 11:00:00,349.3,606.8,12.8,8.9,0.025,0.0
2026-01-05 11:15:00,350.3,606.8,12.8,8.9,0.025,0.0
2026-01-05 11:30:00,352.7,605.5,12.8,8.9,0.025,0.0
2026-01-05 11:45:00,354.2,605.2,12.8,8.9,0.025,0.0
2026-01-05 12:00:00,354.8,603.7,12.8,9.4,0.3,0.0
2026-01-05 12:15:00,356.5,603.7,12.8,9.4,0.3,0.0
2026-01-05 12:30:00,357.5,602.7,12.8,9.4,0.3,0.0
2026-01-05 12:45:00,360.8,601.8,12.8,9.4,0.3,0.0
2026-01-05 13:00:00,358.8,601.8,12.8,9.4,0.025,0.0
2026-01-05 13:15:00,368.2,600.5,12.8,9.4,0.025,0.0
2026-01-05 13:30:00,368.8,599.2,12.8,9.4,0.025,0.0
2026-01-05 13:45:00,370.2,600.0,12.8,9.4,0.025,0.0
2026-01-05 14:00:00,370.8,601.2,12.8,9.5,0.025,0.0
2026-01-05 14:15:00,370.3,601.8,12.8,9.5,0.025,0.0
2026-01-05 14:30:00,370.7,600.2,12.8,9.5,0.025,0.0
2026-01-05 14:45:00,373.2,599.8,12.8,9.5,0.025,0.0
2026-01-05 15:00:00,379.8,598.0,12.8,9.4,0.0,0.0
2026-01-05 15:15:00,375.5,595.7,12.8,9.4,0.0,0.0
2026-01-05 15:30:00,379.2,593.3,12.8,9.4,0.0,0.0
2026-01-05 15:45:00,378.2,595.7,12.8,9.4,0.0,0.0
2026-01-05 16:00:00,380.5,595.7,12.8,9.5,0.025,5.0
2026-01-05 16:15:00,380.0,591.7,12.8,9.5,0.025,5.0
2026-01-05 16:30:00,382.8,592.5,12.8,9.5,0.025,5.0
2026-01-05 16:45:00,383.3,592.7,12.8,9.5,0.025,5.0
2026-01-05 17:00:00,382.8,592.5,12.9,10.5,0.0,53.0
2026-01-05 17:15:00,385.3,589.5,12.8,10.5,0.0,53.0
2026-01-05 17:30:00,387.7,589.7,12.85,10.5,0.0,53.0
2026-01-05 17:45:00,390.5,589.3,12.9,10.5,0.0,53.0
2026-01-05 18:00:00,394.2,595.3,12.9,12.1,0.0,158.0
2026-01-05 18:15:00,394.5,589.0,12.9,12.1,0.0,158.0
2026-01-05 18:30:00,395.5,588.0,12.9,12.1,0.0,158.0
2026-01-05 18:45:00,406.7,587.3,12.9,12.1,0.0,158.0
2026-01-05 19:00:00,405.3,587.5,12.9,12.1,0.1,196.0
2026-01-05 19:15:00,404.5,586.0,12.9,12.1,0.1,196.0
2026-01-05 19:30:00,407.8,586.2,12.9,12.1,0.1,196.0
2026-01-05 19:45:00,409.8,585.2,12.9,12.1,0.1,196.0
2026-01-05 20:00:00,412.3,585.8,13.0,12.5,0.2,326.0
2026-01-05 20:15:00,414.5,585.0,13.0,12.5,0.2,326.0
2026-01-05 20:30:00,419.5,585.7,13.0,12.5,0.2,326.0
2026-01-05 20:45:00,417.5,593.5,13.0,12.5,0.2,326.0
2026-01-05 21:00:00,405.8,602.8,13.1,11.8,0.125,76.0
2026-01-05 21:15:00,406.3,621.7,13.1,11.8,0.125,76.0
2026-01-05 21:30:00,405.3,613.3,13.1,11.8,0.125,76.0
2026-01-05 21:45:00,402.8,608.7,13.1,11.8,0.125,76.0
2026-01-05 22:00:00,399.3,609.8,13.1,10.9,0.425,48.0
2026-01-05 22:15:00,397.3,620.5,13.2,10.9,0.425,48.0
2026-01-05 22:30:00,395.7,634.7,13.2,10.9,0.425,48.0
2026-01-05 22:45:00,389.7,646.0,13.2,10.9,0.425,48.0
2026-01-05 23:00:00,367.7,650.5,13.2,10.8,0.775,31.0
2026-01-05 23:15:00,317.5,660.5,13.12,10.8,0.775,31.0
2026-01-05 23:30:00,267.7,677.8,13.1,10.8,0.775,31.0
2026-01-05 23:45:00,320.3,690.7,13.1,10.8,0.775,31.0
2026-01-06 00:00:00,252.8,740.2,13.0,10.9,0.875,16.0
2026-01-06 00:15:00,221.5,737.0,12.9,10.9,0.875,16.0
2026-01-06 00:30:00,208.7,719.3,12.67,10.9,0.875,16.0
2026-01-06 00:45:00,198.3,755.0,12.6,10.9,0.875,16.0
2026-01-06 01:00:00,207.0,798.5,12.6,10.5,0.8,7.0
2026-01-06 01:15:00,184.8,798.3,12.5,10.5,0.8,7.0
2026-01-06 01:30:00,191.2,788.7,12.5,10.5,0.8,7.0
2026-01-06 01:45:00,187.3,791.7,12.4,10.5,0.8,7.0
2026-01-06 02:00:00,199.2,763.7,12.4,10.3,1.575,0.0
2026-01-06 02:15:00,212.5,761.5,12.5,10.3,1.575,0.0
2026-01-06 02:30:00,213.8,763.2,12.4,10.3,1.575,0.0
2026-01-06 02:45:00,219.3,730.8,12.4,10.3,1.575,0.0
2026-01-06 03:00:00,224.3,718.7,12.4,10.2,0.525,0.0
2026-01-06 03:15:00,243.7,706.8,12.5,10.2,0.525,0.0
2026-01-06 03:30:00,248.2,701.2,12.5,10.2,0.525,0.0
2026-01-06 03:45:00,254.0,696.2,12.5,10.2,0.525,0.0
2026-01-06 04:00:00,259.8,685.0,12.5,10.2,0.225,0.0
2026-01-06 04:15:00,264.8,680.7,12.6,10.2,0.225,0.0
2026-01-06 04:30:00,266.7,678.3,12.6,10.2,0.225,0.0
2026-01-06 04:45:00,271.0,671.7,12.6,10.2,0.225,0.0
2026-01-06 05:00:00,277.8,669.3,12.6,10.3,0.15,0.0
2026-01-06 05:15:00,280.2,668.3,12.6,10.3,0.15,0.0
2026-01-06 05:30:00,283.8,672.8,12.7,10.3,0.15,0.0
2026-01-06 05:45:00,286.2,686.3,12.7,10.3,0.15,0.0
2026-01-06 06:00:00,291.7,697.2,12.7,10.2,0.05,0.0
2026-01-06 06:15:00,295.5,678.8,12.7,10.2,0.05,0.0
2026-01-06 06:30:00,291.7,669.8,12.7,10.2,0.05,0.0
2026-01-06 06:45:00,295.2,665.7,12.7,10.2,0.05,0.0
2026-01-06 07:00:00,295.0,660.2,12.7,9.8,0.0,0.0
2026-01-06 07:15:00,298.5,656.7,12.7,9.8,0.0,0.0
2026-01-06 07:30:00,296.8,653.5,12.7,9.8,0.0,0.0
2026-01-06 07:45:00,299.0,649.2,12.7,9.8,0.0,0.0
2026-01-06 08:00:00,303.5,645.5,12.7,9.2,0.075,0.0
2026-01-06 08:15:00,308.5,644.3,12.7,9.2,0.075,0.0
2026-01-06 08:30:00,311.7,640.0,12.7,9.2,0.075,0.0
2026-01-06 08:45:00,313.7,640.3,12.7,9.2,0.075,0.0
2026-01-06 09:00:00,314.0,637.7,12.72,9.2,0.05,0.0
2026-01-06 09:15:00,317.3,636.7,12.8,9.2,0.05,0.0
2026-01-06 09:30:00,321.3,635.3,12.8,9.2,0.05,0.0
2026-01-06 09:45:00,322.7,632.8,12.8,9.2,0.05,0.0
2026-01-06 10:00:00,324.7,632.0,12.8,8.8,0.025,0.0
2026-01-06 10:15:00,327.5,630.5,12.8,8.8,0.025,0.0
2026-01-06 10:30:00,325.7,629.2,12.8,8.8,0.025,0.0
2026-01-06 10:45:00,331.8,628.5,12.8,8.8,0.025,0.0
2026-01-06 11:00:00,335.3,627.7,12.8,9.2,0.025,0.0
2026-01-06 11:15:00,336.2,627.3,12.8,9.2,0.025,0.0
2026-01-06 11:30:00,337.3,625.7,12.8,9.2,0.025,0.0
2026-01-06 11:45:00,339.2,625.2,12.8,9.2,0.025,0.0
2026-01-06 12:00:00,341.7,624.3,12.8,9.4,0.0,0.0
2026-01-06 12:15:00,343.0,621.7,12.8,9.4,0.0,0.0
2026-01-06 12:30:00,344.3,622.0,12.9,9.4,0.0,0.0
2026-01-06 12:45:00,346.0,619.2,12.9,9.4,0.0,0.0
2026-01-06 13:00:00,348.2,617.8,12.9,9.3,0.0,0.0
2026-01-06 13:15:00,350.2,616.2,12.9,9.3,0.0,0.0
2026-01-06 13:30:00,350.2,615.3,12.9,9.3,0.0,0.0
2026-01-06 13:45:00,351.2,615.7,12.9,9.3,0.0,0.0
2026-01-06 14:00:00,352.2,614.7,12.9,9.2,0.0,0.0
2026-01-06 14:15:00,354.0,611.8,12.9,9.2,0.0,0.0
2026-01-06 14:30:00,358.7,613.3,12.9,9.2,0.0,0.0
2026-01-06 14:45:00,358.8,612.0,12.9,9.2,0.0,0.0
2026-01-06 15:00:00,362.2,609.7,12.9,9.1,0.0,0.0
2026-01-06 15:15:00,362.5,610.2,12.9,9.1,0.0,0.0
2026-01-06 15:30:00,363.8,609.0,12.9,9.1,0.0,0.0
2026-01-06 15:45:00,366.7,608.8,12.9,9.1,0.0,0.0
2026-01-06 16:00:00,369.0,607.3,12.9,9.1,0.0,6.0
2026-01-06 16:15:00,372.0,605.2,12.9,9.1,0.0,6.0
2026-01-06 16:30:00,373.3,605.5,12.9,9.1,0.0,6.0
2026-01-06 16:45:00,379.3,605.2,12.8,9.1,0.0,6.0
2026-01-06 17:00:00,380.7,603.8,12.8,10.7,0.0,125.0
2026-01-06 17:15:00,383.2,606.2,12.8,10.7,0.0,125.0
2026-01-06 17:30:00,384.7,604.2,12.9,10.7,0.0,125.0
2026-01-06 17:45:00,385.0,603.3,12.9,10.7,0.0,125.0
2026-01-06 18:00:00,387.8,600.8,12.9,12.8,0.0,273.0
2026-01-06 18:15:00,388.0,601.0,12.9,12.8,0.0,273.0
2026-01-06 18:30:00,389.7,600.5,12.9,12.8,0.0,273.0
2026-01-06 18:45:00,391.3,599.2,12.9,12.8,0.0,273.0
2026-01-06 19:00:00,393.2,600.7,12.9,13.4,0.0,334.0
2026-01-06 19:15:00,393.5,599.2,13.0,13.4,0.0,334.0
2026-01-06 19:30:00,393.5,597.8,13.0,13.4,0.0,334.0
2026-01-06 19:45:00,394.2,598.0,13.0,13.4,0.0,334.0
2026-01-06 20:00:00,395.3,597.2,13.0,13.0,0.0,238.0
2026-01-06 20:15:00,395.7,596.0,13.1,13.0,0.0,238.0
2026-01-06 20:30:00,397.0,596.3,13.1,13.0,0.0,238.0
2026-01-06 20:45:00,399.0,595.7,13.1,13.0,0.0,238.0
2026-01-06 21:00:00,400.3,596.8,13.1,13.4,0.0,228.0
2026-01-06 21:15:00,401.0,594.3,13.2,13.4,0.0,228.0
2026-01-06 21:30:00,401.2,594.7,13.2,13.4,0.0,228.0
2026-01-06 21:45:00,402.5,594.0,13.2,13.4,0.0,228.0
2026-01-06 22:00:00,404.7,593.7,13.2,14.6,0.0,379.0
2026-01-06 22:15:00,404.3,593.2,13.28,14.6,0.0,379.0
2026-01-06 22:30:00,405.0,592.3,13.3,14.6,0.0,379.0
2026-01-06 22:45:00,405.3,592.5,13.3,14.6,0.0,379.0
2026-01-06 23:00:00,404.5,593.3,13.3,14.7,0.0,293.0
2026-01-06 23:15:00,408.8,589.2,13.3,14.7,0.0,293.0
2026-01-06 23:30:00,412.3,590.0,13.3,14.7,0.0,293.0
2026-01-06 23:45:00,416.5,589.0,13.3,14.7,0.0,293.0
2026-01-07 00:00:00,416.2,589.3,13.38,14.2,0.0,161.0
2026-01-07 00:15:00,416.5,589.0,13.4,14.2,0.0,161.0
2026-01-07 00:30:00,417.0,588.3,13.4,14.2,0.0,161.0
2026-01-07 00:45:00,416.3,586.5,13.4,14.2,0.0,161.0
2026-01-07 01:00:00,415.3,587.2,13.4,12.6,0.0,52.0
2026-01-07 01:15:00,417.5,587.7,13.4,12.6,0.0,52.0
2026-01-07 01:30:00,417.5,585.3,13.4,12.6,0.0,52.0
2026-01-07 01:45:00,418.2,585.3,13.4,12.6,0.0,52.0
2026-01-07 02:00:00,419.7,585.7,13.4,11.3,0.0,0.0
2026-01-07 02:15:00,418.7,584.5,13.4,11.3,0.0,0.0
2026-01-07 02:30:00,419.5,582.2,13.4,11.3,0.0,0.0
2026-01-07 02:45:00,419.7,584.5,13.35,11.3,0.0,0.0
2026-01-07 03:00:00,421.2,584.3,13.3,10.0,0.0,0.0
2026-01-07 03:15:00,422.5,584.0,13.3,10.0,0.0,0.0
2026-01-07 03:30:00,422.0,583.3,13.3,10.0,0.0,0.0
2026-01-07 03:45:00,420.5,584.0,13.3,10.0,0.0,0.0
2026-01-07 04:00:00,421.8,582.8,13.3,9.4,0.0,0.0
2026-01-07 04:15:00,422.8,582.3,13.3,9.4,0.0,0.0
2026-01-07 04:30:00,423.3,582.7,13.27,9.4,0.0,0.0
2026-01-07 04:45:00,422.3,582.3,13.2,9.4,0.0,0.0
2026-01-07 05:00:00,423.0,580.5,13.2,8.6,0.0,0.0
2026-01-07 05:15:00,424.3,580.5,13.2,8.6,0.0,0.0
2026-01-07 05:30:00,423.8,580.3,13.2,8.6,0.0,0.0
2026-01-07 05:45:00,424.7,580.3,13.2,8.6,0.0,0.0
2026-01-07 06:00:00,424.7,580.5,13.13,9.1,0.0,0.0
2026-01-07 06:15:00,425.5,579.5,13.1,9.1,0.0,0.0
2026-01-07 06:30:00,427.2,578.5,13.1,9.1,0.0,0.0
2026-01-07 06:45:00,427.7,578.8,13.1,9.1,0.0,0.0
2026-01-07 07:00:00,428.3,576.7,13.1,9.0,0.0,0.0
2026-01-07 07:15:00,425.7,577.5,13.1,9.0,0.0,0.0
2026-01-07 07:30:00,431.2,576.8,13.1,9.0,0.0,0.0
2026-01-07 07:45:00,432.3,576.7,13.1,9.0,0.0,0.0
2026-01-07 08:00:00,433.8,575.3,13.05,9.6,0.0,0.0
2026-01-07 08:15:00,435.0,576.2,13.0,9.6,0.0,0.0
2026-01-07 08:30:00,436.8,575.0,13.0,9.6,0.0,0.0
2026-01-07 08:45:00,437.8,576.3,13.0,9.6,0.0,0.0
2026-01-07 09:00:00,438.5,576.0,13.0,9.3,0.0,0.0
2026-01-07 09:15:00,438.3,575.0,13.0,9.3,0.0,0.0
2026-01-07 09:30:00,438.7,574.2,13.0,9.3,0.0,0.0
2026-01-07 09:45:00,440.2,573.7,13.0,9.3,0.0,0.0
2026-01-07 10:00:00,441.2,573.3,13.0,9.7,0.0,0.0
2026-01-07 10:15:00,441.5,573.3,13.0,9.7,0.0,0.0
2026-01-07 10:30:00,443.5,572.8,13.0,9.7,0.0,0.0
2026-01-07 10:45:00,443.7,574.7,13.0,9.7,0.0,0.0
2026-01-07 11:00:00,444.3,571.5,13.0,9.6,0.0,0.0
2026-01-07 11:15:00,445.5,571.0,13.0,9.6,0.0,0.0
2026-01-07 11:30:00,445.2,571.8,13.0,9.6,0.0,0.0
2026-01-07 11:45:00,445.5,570.8,13.0,9.6,0.0,0.0
2026-01-07 12:00:00,445.8,570.8,13.0,8.7,0.0,0.0
2026-01-07 12:15:00,447.2,570.0,13.0,8.7,0.0,0.0
2026-01-07 12:30:00,449.0,570.0,13.0,8.7,0.0,0.0
2026-01-07 12:45:00,448.5,570.2,13.0,8.7,0.0,0.0
2026-01-07 13:00:00,449.5,569.8,13.0,8.8,0.0,0.0
2026-01-07 13:15:00,449.7,568.3,13.0,8.8,0.0,0.0
2026-01-07 13:30:00,449.0,569.3,13.0,8.8,0.0,0.0
2026-01-07 13:45:00,449.3,569.5,13.0,8.8,0.0,0.0
2026-01-07 14:00:00,449.0,571.5,13.0,8.3,0.025,0.0
2026-01-07 14:15:00,449.8,570.5,13.0,8.3,0.025,0.0
2026-01-07 14:30:00,450.2,569.0,13.0,8.3,0.025,0.0
2026-01-07 14:45:00,450.5,567.5,13.0,8.3,0.025,0.0
2026-01-07 15:00:00,450.8,567.5,13.0,8.2,0.0,0.0
2026-01-07 15:15:00,450.8,567.5,13.0,8.2,0.0,0.0
2026-01-07 15:30:00,452.0,568.2,13.0,8.2,0.0,0.0
2026-01-07 15:45:00,452.7,567.0,13.0,8.2,0.0,0.0
2026-01-07 16:00:00,453.5,566.3,13.0,7.5,0.0,11.0
2026-01-07 16:15:00,455.2,565.8,13.0,7.5,0.0,11.0
2026-01-07 16:30:00,455.8,566.0,12.98,7.5,0.0,11.0
2026-01-07 16:45:00,455.5,567.5,12.92,7.5,0.0,11.0
2026-01-07 17:00:00,456.2,567.7,12.9,9.7,0.0,107.0
2026-01-07 17:15:00,456.8,566.0,12.9,9.7,0.0,107.0
2026-01-07 17:30:00,458.0,565.3,12.9,9.7,0.0,107.0
2026-01-07 17:45:00,457.7,565.3,12.9,9.7,0.0,107.0
2026-01-07 18:00:00,457.7,564.3,12.9,11.1,0.0,244.0
2026-01-07 18:15:00,459.7,566.7,12.92,11.1,0.0,244.0
2026-01-07 18:30:00,459.7,564.0,13.0,11.1,0.0,244.0
2026-01-07 18:45:00,460.7,563.0,13.0,11.1,0.0,244.0
2026-01-07 19:00:00,460.3,562.2,13.0,12.3,0.0,397.0
2026-01-07 19:15:00,461.2,562.8,13.0,12.3,0.0,397.0
2026-01-07 19:30:00,463.3,563.5,13.0,12.3,0.0,397.0
2026-01-07 19:45:00,462.8,561.8,13.0,12.3,0.0,397.0
2026-01-07 20:00:00,463.0,563.3,13.0,13.3,0.0,475.0
2026-01-07 20:15:00,462.8,562.8,13.1,13.3,0.0,475.0
2026-01-07 20:30:00,464.3,561.0,13.1,13.3,0.0,475.0
2026-01-07 20:45:00,464.3,561.2,13.1,13.3,0.0,475.0
2026-01-07 21:00:00,465.8,561.2,13.1,14.3,0.0,456.0
2026-01-07 21:15:00,466.5,561.5,13.1,14.3,0.0,456.0
2026-01-07 21:30:00,466.3,560.3,13.1,14.3,0.0,456.0
2026-01-07 21:45:00,466.7,559.8,13.1,14.3,0.0,456.0
2026-01-07 22:00:00,467.7,559.5,13.17,14.6,0.0,420.0
2026-01-07 22:15:00,468.8,561.0,13.2,14.6,0.0,420.0
2026-01-07 22:30:00,468.7,560.0,13.2,14.6,0.0,420.0
2026-01-07 22:45:00,468.2,558.3,13.2,14.6,0.0,420.0
2026-01-07 23:00:00,469.8,559.2,13.2,14.0,0.0,328.0
2026-01-07 23:15:00,469.3,559.3,13.2,14.0,0.0,328.0
2026-01-07 23:30:00,471.0,557.5,13.2,14.0,0.0,328.0
2026-01-07 23:45:00,472.2,556.8,13.2,14.0,0.0,328.0
2026-01-08 00:00:00,472.7,557.0,13.2,13.0,0.0,196.0
2026-01-08 00:15:00,473.7,557.0,13.28,13.0,0.0,196.0
2026-01-08 00:30:00,473.8,557.7,13.3,13.0,0.0,196.0
2026-01-08 00:45:00,475.0,556.8,13.25,13.0,0.0,196.0
2026-01-08 01:00:00,475.8,556.3,13.3,11.1,0.0,58.0
2026-01-08 01:15:00,476.3,557.0,13.3,11.1,0.0,58.0
2026-01-08 01:30:00,476.3,557.3,13.28,11.1,0.0,58.0
2026-01-08 01:45:00,477.3,556.0,13.2,11.1,0.0,58.0
2026-01-08 02:00:00,477.5,555.8,13.2,9.8,0.0,0.0
2026-01-08 02:15:00,478.3,555.8,13.2,9.8,0.0,0.0
2026-01-08 02:30:00,477.5,556.2,13.2,9.8,0.0,0.0
2026-01-08 02:45:00,479.0,556.2,13.2,9.8,0.0,0.0
2026-01-08 03:00:00,482.0,555.8,13.2,9.3,0.0,0.0
2026-01-08 03:15:00,485.3,556.0,13.2,9.3,0.0,0.0
2026-01-08 03:30:00,486.3,555.7,13.2,9.3,0.0,0.0
2026-01-08 03:45:00,486.2,554.8,13.1,9.3,0.0,0.0
2026-01-08 04:00:00,485.7,554.8,13.1,9.1,0.0,0.0
2026-01-08 04:15:00,488.3,555.0,13.1,9.1,0.0,0.0
2026-01-08 04:30:00,489.8,555.3,13.1,9.1,0.0,0.0
2026-01-08 04:45:00,490.2,554.2,13.1,9.1,0.0,0.0
2026-01-08 05:00:00,491.2,552.8,13.1,8.8,0.0,0.0
2026-01-08 05:15:00,491.2,553.5,13.0,8.8,0.0,0.0
2026-01-08 05:30:00,491.7,553.7,13.02,8.8,0.0,0.0
2026-01-08 05:45:00,490.0,553.7,13.0,8.8,0.0,0.0
2026-01-08 06:00:00,492.0,553.3,13.0,8.8,0.05,0.0
2026-01-08 06:15:00,493.5,553.5,13.0,8.8,0.05,0.0
2026-01-08 06:30:00,493.8,554.0,13.0,8.8,0.05,0.0
2026-01-08 06:45:00,496.7,553.2,13.0,8.8,0.05,0.0
2026-01-08 07:00:00,495.2,551.8,13.0,9.4,0.025,0.0
2026-01-08 07:15:00,497.0,551.2,13.0,9.4,0.025,0.0
2026-01-08 07:30:00,497.3,553.3,13.0,9.4,0.025,0.0
2026-01-08 07:45:00,498.0,556.7,13.0,9.4,0.025,0.0
2026-01-08 08:00:00,499.3,564.0,13.0,8.7,0.0,0.0
2026-01-08 08:15:00,498.7,566.5,13.0,8.7,0.0,0.0
2026-01-08 08:30:00,498.8,559.8,13.0,8.7,0.0,0.0
2026-01-08 08:45:00,498.0,557.5,13.0,8.7,0.0,0.0
2026-01-08 09:00:00,498.0,555.2,12.9,8.3,0.0,0.0
2026-01-08 09:15:00,499.8,554.0,12.9,8.3,0.0,0.0
2026-01-08 09:30:00,502.0,554.3,12.9,8.3,0.0,0.0
2026-01-08 09:45:00,502.0,553.0,12.9,8.3,0.0,0.0
2026-01-08 10:00:00,503.2,553.2,12.9,7.9,0.0,0.0
2026-01-08 10:15:00,503.2,551.8,12.9,7.9,0.0,0.0
2026-01-08 10:30:00,505.0,551.3,12.9,7.9,0.0,0.0
2026-01-08 10:45:00,504.3,553.0,12.9,7.9,0.0,0.0
2026-01-08 11:00:00,505.0,553.7,12.8,7.6,0.0,0.0
2026-01-08 11:15:00,504.0,551.8,12.8,7.6,0.0,0.0
2026-01-08 11:30:00,504.5,550.3,12.8,7.6,0.0,0.0
2026-01-08 11:45:00,504.7,551.0,12.8,7.6,0.0,0.0
2026-01-08 12:00:00,503.3,550.8,12.8,7.7,0.0,0.0
2026-01-08 12:15:00,504.8,550.5,12.7,7.7,0.0,0.0
2026-01-08 12:30:00,504.5,550.3,12.7,7.7,0.0,0.0
2026-01-08 12:45:00,505.0,549.3,12.7,7.7,0.0,0.0
2026-01-08 13:00:00,505.8,549.0,12.7,6.9,0.0,0.0
2026-01-08 13:15:00,507.8,550.7,12.6,6.9,0.0,0.0
2026-01-08 13:30:00,506.8,549.5,12.6,6.9,0.0,0.0
2026-01-08 13:45:00,507.2,547.8,12.6,6.9,0.0,0.0
2026-01-08 14:00:00,507.3,549.3,12.6,6.2,0.0,0.0
2026-01-08 14:15:00,508.5,548.8,12.5,6.2,0.0,0.0
2026-01-08 14:30:00,509.0,548.8,12.5,6.2,0.0,0.0
2026-01-08 14:45:00,509.2,547.5,12.5,6.2,0.0,0.0
2026-01-08 15:00:00,509.5,548.0,12.5,5.6,0.0,0.0
2026-01-08 15:15:00,510.2,547.2,12.4,5.6,0.0,0.0
2026-01-08 15:30:00,510.5,549.0,12.4,5.6,0.0,0.0
2026-01-08 15:45:00,512.7,547.5,12.4,5.6,0.0,0.0
2026-01-08 16:00:00,512.3,546.8,12.4,5.6,0.0,13.0
2026-01-08 16:15:00,513.7,548.3,12.3,5.6,0.0,13.0
2026-01-08 16:30:00,513.7,549.5,12.3,5.6,0.0,13.0
2026-01-08 16:45:00,515.2,547.2,12.3,5.6,0.0,13.0
2026-01-08 17:00:00,515.2,548.3,12.3,7.1,0.0,137.0
2026-01-08 17:15:00,515.7,547.7,12.2,7.1,0.0,137.0
2026-01-08 17:30:00,516.5,548.0,12.2,7.1,0.0,137.0
2026-01-08 17:45:00,517.2,550.0,12.2,7.1,0.0,137.0
2026-01-08 18:00:00,517.5,547.5,12.2,8.7,0.0,295.0
2026-01-08 18:15:00,519.2,545.5,12.2,8.7,0.0,295.0
2026-01-08 18:30:00,518.5,547.3,12.2,8.7,0.0,295.0
2026-01-08 18:45:00,519.5,547.2,12.2,8.7,0.0,295.0
2026-01-08 19:00:00,519.5,546.0,12.2,10.1,0.0,422.0
2026-01-08 19:15:00,519.7,546.0,12.2,10.1,0.0,422.0
2026-01-08 19:30:00,521.7,547.0,12.2,10.1,0.0,422.0
2026-01-08 19:45:00,522.8,547.0,12.2,10.1,0.0,422.0
2026-01-08 20:00:00,524.3,546.2,12.2,11.1,0.0,498.0
2026-01-08 20:15:00,524.7,546.5,12.2,11.1,0.0,498.0
2026-01-08 20:30:00,525.5,546.5,12.3,11.1,0.0,498.0
2026-01-08 20:45:00,525.7,547.0,12.3,11.1,0.0,498.0
2026-01-08 21:00:00,527.8,545.0,12.3,11.9,0.0,514.0
2026-01-08 21:15:00,528.7,545.8,12.3,11.9,0.0,514.0
2026-01-08 21:30:00,529.5,544.3,12.3,11.9,0.0,514.0
2026-01-08 21:45:00,529.0,544.8,12.3,11.9,0.0,514.0
2026-01-08 22:00:00,529.3,546.3,12.3,11.9,0.0,469.0
2026-01-08 22:15:00,532.2,545.0,12.32,11.9,0.0,469.0
2026-01-08 22:30:00,533.3,545.2,12.4,11.9,0.0,469.0
2026-01-08 22:45:00,533.3,544.0,12.4,11.9,0.0,469.0
2026-01-08 23:00:00,532.7,546.8,12.4,11.7,0.0,368.0
2026-01-08 23:15:00,534.0,547.0,12.4,11.7,0.0,368.0
2026-01-08 23:30:00,533.5,544.8,12.4,11.7,0.0,368.0
2026-01-08 23:45:00,534.5,544.8,12.4,11.7,0.0,368.0
2026-01-09 00:00:00,535.5,545.5,12.4,11.6,0.0,225.0
2026-01-09 00:15:00,535.5,543.7,12.4,11.6,0.0,225.0
2026-01-09 00:30:00,537.5,543.8,12.3,11.6,0.0,225.0
2026-01-09 00:45:00,538.0,542.2,12.3,11.6,0.0,225.0
2026-01-09 01:00:00,538.3,547.0,12.3,9.4,0.0,67.0
2026-01-09 01:15:00,538.3,544.2,12.3,9.4,0.0,67.0
2026-01-09 01:30:00,540.5,545.0,12.3,9.4,0.0,67.0
2026-01-09 01:45:00,541.0,543.2,12.3,9.4,0.0,67.0
2026-01-09 02:00:00,541.5,544.2,12.3,7.9,0.0,0.0
2026-01-09 02:15:00,541.3,543.0,12.3,7.9,0.0,0.0
2026-01-09 02:30:00,542.2,545.0,12.3,7.9,0.0,0.0
2026-01-09 02:45:00,543.5,545.0,12.23,7.9,0.0,0.0
2026-01-09 03:00:00,543.3,545.2,12.2,7.3,0.0,0.0
2026-01-09 03:15:00,543.5,542.8,12.2,7.3,0.0,0.0
2026-01-09 03:30:00,544.7,545.2,12.2,7.3,0.0,0.0
2026-01-09 03:45:00,546.8,543.8,12.2,7.3,0.0,0.0
2026-01-09 04:00:00,546.3,544.2,12.2,6.9,0.0,0.0
2026-01-09 04:15:00,546.3,541.8,12.1,6.9,0.0,0.0
2026-01-09 04:30:00,546.7,542.7,12.1,6.9,0.0,0.0
2026-01-09 04:45:00,546.7,542.0,12.1,6.9,0.0,0.0
2026-01-09 05:00:00,548.5,541.7,12.1,7.0,0.0,0.0
2026-01-09 05:15:00,549.2,541.2,12.1,7.0,0.0,0.0
2026-01-09 05:30:00,550.0,541.2,12.02,7.0,0.0,0.0
2026-01-09 05:45:00,550.7,541.0,12.0,7.0,0.0,0.0
2026-01-09 06:00:00,549.0,540.8,12.0,7.0,0.0,0.0
2026-01-09 06:15:00,549.2,541.5,12.0,7.0,0.0,0.0
2026-01-09 06:30:00,550.0,542.8,12.0,7.0,0.0,0.0
2026-01-09 06:45:00,551.8,542.5,12.0,7.0,0.0,0.0
2026-01-09 07:00:00,552.8,541.2,11.9,6.6,0.0,0.0
2026-01-09 07:15:00,551.7,540.8,11.92,6.6,0.0,0.0
2026-01-09 07:30:00,553.0,540.8,11.9,6.6,0.0,0.0
2026-01-09 07:45:00,552.3,542.3,11.9,6.6,0.0,0.0
2026-01-09 08:00:00,553.8,540.8,11.9,6.1,0.0,0.0
2026-01-09 08:15:00,553.0,539.8,11.9,6.1,0.0,0.0
2026-01-09 08:30:00,554.0,540.3,11.9,6.1,0.0,0.0
2026-01-09 08:45:00,554.3,542.2,11.9,6.1,0.0,0.0
2026-01-09 09:00:00,554.5,539.7,11.9,5.8,0.0,0.0
2026-01-09 09:15:00,555.5,540.5,11.87,5.8,0.0,0.0
2026-01-09 09:30:00,556.0,541.5,11.8,5.8,0.0,0.0
2026-01-09 09:45:00,556.8,540.0,11.8,5.8,0.0,0.0
2026-01-09 10:00:00,557.3,539.5,11.8,5.7,0.0,0.0
2026-01-09 10:15:00,557.8,540.3,11.8,5.7,0.0,0.0
2026-01-09 10:30:00,558.8,539.3,11.8,5.7,0.0,0.0
2026-01-09 10:45:00,559.5,539.3,11.7,5.7,0.0,0.0
2026-01-09 11:00:00,558.7,540.3,11.7,6.0,0.0,0.0
2026-01-09 11:15:00,560.3,539.7,11.7,6.0,0.0,0.0
2026-01-09 11:30:00,561.2,539.3,11.7,6.0,0.0,0.0
2026-01-09 11:45:00,559.7,540.3,11.7,6.0,0.0,0.0
2026-01-09 12:00:00,562.2,540.2,11.6,5.2,0.0,0.0
2026-01-09 12:15:00,562.7,539.3,11.6,5.2,0.0,0.0
2026-01-09 12:30:00,561.7,539.2,11.6,5.2,0.0,0.0
2026-01-09 12:45:00,561.8,540.0,11.6,5.2,0.0,0.0
2026-01-09 13:00:00,561.5,538.7,11.6,5.2,0.0,0.0
2026-01-09 13:15:00,562.8,539.2,11.6,5.2,0.0,0.0
2026-01-09 13:30:00,562.8,538.2,11.6,5.2,0.0,0.0
2026-01-09 13:45:00,563.3,539.7,11.6,5.2,0.0,0.0
2026-01-09 14:00:00,563.0,539.8,11.5,5.2,0.0,0.0
2026-01-09 14:15:00,565.7,539.2,11.5,5.2,0.0,0.0
2026-01-09 14:30:00,565.3,537.7,11.5,5.2,0.0,0.0
2026-01-09 14:45:00,566.2,537.0,11.5,5.2,0.0,0.0
2026-01-09 15:00:00,564.8,537.3,11.5,5.4,0.0,0.0
2026-01-09 15:15:00,566.3,538.2,11.5,5.4,0.0,0.0
2026-01-09 15:30:00,567.5,537.5,11.4,5.4,0.0,0.0
2026-01-09 15:45:00,568.7,536.3,11.4,5.4,0.0,0.0
2026-01-09 16:00:00,569.2,537.3,11.4,5.6,0.0,13.0
2026-01-09 16:15:00,569.5,537.5,11.4,5.6,0.0,13.0
2026-01-09 16:30:00,567.7,538.2,11.4,5.6,0.0,13.0
2026-01-09 16:45:00,567.5,537.0,11.4,5.6,0.0,13.0
2026-01-09 17:00:00,568.8,536.8,11.4,6.7,0.0,139.0
2026-01-09 17:15:00,567.7,537.2,11.4,6.7,0.0,139.0
2026-01-09 17:30:00,568.7,537.5,11.48,6.7,0.0,139.0
2026-01-09 17:45:00,569.0,538.0,11.4,6.7,0.0,139.0
2026-01-09 18:00:00,570.0,537.0,11.5,8.3,0.0,297.0
2026-01-09 18:15:00,570.2,536.2,11.5,8.3,0.0,297.0
2026-01-09 18:30:00,571.2,537.3,11.5,8.3,0.0,297.0
2026-01-09 18:45:00,570.8,537.2,11.6,8.3,0.0,297.0
2026-01-09 19:00:00,571.3,536.5,11.6,9.3,0.0,422.0
2026-01-09 19:15:00,572.3,535.5,11.6,9.3,0.0,422.0
2026-01-09 19:30:00,573.2,536.2,11.6,9.3,0.0,422.0
2026-01-09 19:45:00,573.7,535.7,11.7,9.3,0.0,422.0
2026-01-09 20:00:00,573.0,535.2,11.7,10.1,0.0,498.0
2026-01-09 20:15:00,574.3,536.3,11.7,10.1,0.0,498.0
2026-01-09 20:30:00,574.7,535.7,11.7,10.1,0.0,498.0
2026-01-09 20:45:00,577.5,535.7,11.7,10.1,0.0,498.0
2026-01-09 21:00:00,578.2,536.0,11.8,10.8,0.0,514.0
2026-01-09 21:15:00,579.0,535.2,11.8,10.8,0.0,514.0
2026-01-09 21:30:00,580.8,534.5,11.8,10.8,0.0,514.0
2026-01-09 21:45:00,581.3,534.3,11.8,10.8,0.0,514.0
2026-01-09 22:00:00,581.0,535.3,11.9,11.2,0.0,470.0
2026-01-09 22:15:00,582.7,535.0,11.9,11.2,0.0,470.0
2026-01-09 22:30:00,582.7,534.7,11.9,11.2,0.0,470.0
2026-01-09 22:45:00,583.7,535.2,11.9,11.2,0.0,470.0
2026-01-09 23:00:00,584.3,533.5,11.9,11.2,0.0,369.0
2026-01-09 23:15:00,584.8,535.0,12.0,11.2,0.0,369.0
2026-01-09 23:30:00,585.8,535.0,12.0,11.2,0.0,369.0
2026-01-09 23:45:00,586.8,534.8,12.0,11.2,0.0,369.0
2026-01-10 00:00:00,587.0,535.0,12.0,11.1,0.0,225.0
2026-01-10 00:15:00,587.8,534.3,12.0,11.1,0.0,225.0
2026-01-10 00:30:00,587.5,535.0,12.0,11.1,0.0,225.0
2026-01-10 00:45:00,587.3,535.3,12.0,11.1,0.0,225.0
2026-01-10 01:00:00,587.8,535.2,12.0,8.9,0.0,68.0
2026-01-10 01:15:00,588.5,534.5,12.0,8.9,0.0,68.0
2026-01-10 01:30:00,588.7,534.2,12.0,8.9,0.0,68.0
2026-01-10 01:45:00,588.7,535.2,12.0,8.9,0.0,68.0
2026-01-10 02:00:00,588.8,533.3,12.0,7.6,0.0,0.0
2026-01-10 02:15:00,589.8,533.2,12.0,7.6,0.0,0.0
2026-01-10 02:30:00,590.7,534.7,12.0,7.6,0.0,0.0
2026-01-10 02:45:00,590.5,534.3,12.0,7.6,0.0,0.0
2026-01-10 03:00:00,590.3,533.0,12.0,6.4,0.0,0.0
2026-01-10 03:15:00,588.3,532.8,12.0,6.4,0.0,0.0
2026-01-10 03:30:00,591.3,532.3,12.0,6.4,0.0,0.0
2026-01-10 03:45:00,591.2,534.0,12.0,6.4,0.0,0.0
2026-01-10 04:00:00,592.7,533.5,12.0,5.2,0.0,0.0
2026-01-10 04:15:00,594.0,534.3,12.0,5.2,0.0,0.0
2026-01-10 04:30:00,595.8,533.0,12.0,5.2,0.0,0.0
2026-01-10 04:45:00,594.8,534.2,12.0,5.2,0.0,0.0
2026-01-10 05:00:00,595.5,533.5,11.9,4.4,0.0,0.0
2026-01-10 05:15:00,595.7,534.5,11.9,4.4,0.0,0.0
2026-01-10 05:30:00,596.7,534.0,11.9,4.4,0.0,0.0
2026-01-10 05:45:00,597.3,534.7,11.9,4.4,0.0,0.0
2026-01-10 06:00:00,597.3,533.8,11.9,4.0,0.0,0.0
2026-01-10 06:15:00,596.7,533.7,11.9,4.0,0.0,0.0
2026-01-10 06:30:00,597.7,533.8,11.9,4.0,0.0,0.0
2026-01-10 06:45:00,598.5,535.0,11.9,4.0,0.0,0.0
2026-01-10 07:00:00,599.5,534.3,11.9,3.9,0.0,0.0
2026-01-10 07:15:00,599.2,533.5,11.9,3.9,0.0,0.0
2026-01-10 07:30:00,599.7,533.7,11.8,3.9,0.0,0.0
2026-01-10 07:45:00,600.0,533.3,11.8,3.9,0.0,0.0
2026-01-10 08:00:00,600.5,534.5,11.8,3.4,0.0,0.0
2026-01-10 08:15:00,600.2,533.3,11.8,3.4,0.0,0.0
2026-01-10 08:30:00,601.5,533.8,11.8,3.4,0.0,0.0
2026-01-10 08:45:00,602.2,533.0,11.7,3.4,0.0,0.0
2026-01-10 09:00:00,602.7,532.8,11.7,3.0,0.0,0.0
2026-01-10 09:15:00,603.8,532.5,11.7,3.0,0.0,0.0
2026-01-10 09:30:00,603.3,533.0,11.7,3.0,0.0,0.0
2026-01-10 09:45:00,604.2,532.8,11.7,3.0,0.0,0.0
2026-01-10 10:00:00,605.0,533.3,11.7,3.0,0.0,0.0
2026-01-10 10:15:00,604.8,533.8,11.7,3.0,0.0,0.0
2026-01-10 10:30:00,604.8,532.7,11.7,3.0,0.0,0.0
2026-01-10 10:45:00,606.0,534.0,11.6,3.0,0.0,0.0
2026-01-10 11:00:00,606.5,533.5,11.6,3.1,0.0,0.0
2026-01-10 11:15:00,605.7,532.7,11.6,3.1,0.0,0.0
2026-01-10 11:30:00,606.5,532.3,11.6,3.1,0.0,0.0
2026-01-10 11:45:00,607.3,531.7,11.6,3.1,0.0,0.0
2026-01-10 12:00:00,607.7,532.7,11.6,2.5,0.0,0.0
2026-01-10 12:15:00,608.5,532.0,11.6,2.5,0.0,0.0
2026-01-10 12:30:00,608.5,531.5,11.5,2.5,0.0,0.0
2026-01-10 12:45:00,609.0,532.7,11.5,2.5,0.0,0.0
2026-01-10 13:00:00,608.8,532.7,11.5,2.0,0.0,0.0
2026-01-10 13:15:00,609.7,533.5,11.5,2.0,0.0,0.0
2026-01-10 13:30:00,609.3,532.2,11.5,2.0,0.0,0.0
2026-01-10 13:45:00,609.0,531.8,11.5,2.0,0.0,0.0
2026-01-10 14:00:00,611.2,532.2,11.5,2.1,0.0,0.0
2026-01-10 14:15:00,611.3,533.2,11.5,2.1,0.0,0.0
2026-01-10 14:30:00,610.5,531.3,11.4,2.1,0.0,0.0
2026-01-10 14:45:00,610.5,531.8,11.4,2.1,0.0,0.0
2026-01-10 15:00:00,611.5,531.8,11.4,2.1,0.0,0.0
2026-01-10 15:15:00,611.8,530.7,11.4,2.1,0.0,0.0
2026-01-10 15:30:00,612.3,530.5,11.4,2.1,0.0,0.0
2026-01-10 15:45:00,613.8,531.0,11.4,2.1,0.0,0.0
2026-01-10 16:00:00,614.2,531.8,11.4,2.7,0.0,12.0
2026-01-10 16:15:00,613.7,531.0,11.4,2.7,0.0,12.0
2026-01-10 16:30:00,614.8,530.5,11.4,2.7,0.0,12.0
2026-01-10 16:45:00,615.7,530.7,11.4,2.7,0.0,12.0
2026-01-10 17:00:00,615.8,531.8,11.4,5.1,0.0,127.0
2026-01-10 17:15:00,615.5,532.0,11.4,5.1,0.0,127.0
2026-01-10 17:30:00,615.2,532.5,11.5,5.1,0.0,127.0
2026-01-10 17:45:00,614.7,529.2,11.4,5.1,0.0,127.0
2026-01-10 18:00:00,615.3,531.0,11.5,7.8,0.0,283.0
2026-01-10 18:15:00,615.0,530.7,11.5,7.8,0.0,283.0
2026-01-10 18:30:00,615.3,530.7,11.5,7.8,0.0,283.0
2026-01-10 18:45:00,616.0,529.3,11.6,7.8,0.0,283.0
2026-01-10 19:00:00,615.5,530.2,11.6,9.1,0.0,415.0
2026-01-10 19:15:00,616.2,529.8,11.7,9.1,0.0,415.0
2026-01-10 19:30:00,616.5,530.2,11.7,9.1,0.0,415.0
2026-01-10 19:45:00,617.0,530.2,11.8,9.1,0.0,415.0
2026-01-10 20:00:00,616.7,530.0,11.8,10.8,0.0,493.0
2026-01-10 20:15:00,617.0,529.0,11.8,10.8,0.0,493.0
2026-01-10 20:30:00,617.0,530.7,11.9,10.8,0.0,493.0
2026-01-10 20:45:00,617.5,530.7,11.9,10.8,0.0,493.0
2026-01-10 21:00:00,620.2,529.7,11.9,12.2,0.0,510.0
2026-01-10 21:15:00,621.7,529.7,12.0,12.2,0.0,510.0
2026-01-10 21:30:00,621.8,529.5,12.0,12.2,0.0,510.0
2026-01-10 21:45:00,622.8,528.8,12.0,12.2,0.0,510.0
2026-01-10 22:00:00,622.5,529.0,12.1,12.8,0.0,460.0
2026-01-10 22:15:00,622.2,528.8,12.1,12.8,0.0,460.0
2026-01-10 22:30:00,622.7,530.3,12.1,12.8,0.0,460.0
2026-01-10 22:45:00,623.2,530.8,12.2,12.8,0.0,460.0
2026-01-10 23:00:00,622.8,528.8,12.2,12.5,0.0,370.0
2026-01-10 23:15:00,623.3,530.0,12.2,12.5,0.0,370.0
2026-01-10 23:30:00,624.2,530.7,12.2,12.5,0.0,370.0
2026-01-10 23:45:00,623.7,529.2,12.2,12.5,0.0,370.0
2026-01-11 00:00:00,623.8,529.8,12.3,11.7,0.0,215.0
2026-01-11 00:15:00,624.0,528.3,12.3,11.7,0.0,215.0
2026-01-11 00:30:00,623.5,529.0,12.3,11.7,0.0,215.0
2026-01-11 00:45:00,623.8,527.2,12.3,11.7,0.0,215.0
2026-01-11 01:00:00,623.0,528.2,12.3,9.4,0.0,66.0
2026-01-11 01:15:00,622.8,528.0,12.3,9.4,0.0,66.0
2026-01-11 01:30:00,623.3,528.3,12.3,9.4,0.0,66.0
2026-01-11 01:45:00,623.0,528.2,12.3,9.4,0.0,66.0
2026-01-11 02:00:00,621.7,527.5,12.3,7.8,0.0,0.0
2026-01-11 02:15:00,623.7,528.2,12.3,7.8,0.0,0.0
2026-01-11 02:30:00,622.0,528.8,12.3,7.8,0.0,0.0
2026-01-11 02:45:00,622.2,528.3,12.3,7.8,0.0,0.0
2026-01-11 03:00:00,622.7,529.3,12.3,7.0,0.0,0.0
2026-01-11 03:15:00,621.7,529.2,12.3,7.0,0.0,0.0
2026-01-11 03:30:00,622.8,529.3,12.3,7.0,0.0,0.0
2026-01-11 03:45:00,624.5,527.3,12.3,7.0,0.0,0.0
2026-01-11 04:00:00,626.5,527.7,12.3,6.2,0.0,0.0
2026-01-11 04:15:00,625.8,527.5,12.3,6.2,0.0,0.0
2026-01-11 04:30:00,627.2,528.5,12.3,6.2,0.0,0.0
2026-01-11 04:45:00,626.3,528.0,12.3,6.2,0.0,0.0
2026-01-11 05:00:00,627.8,527.8,12.3,5.8,0.0,0.0
2026-01-11 05:15:00,628.2,526.3,12.28,5.8,0.0,0.0
2026-01-11 05:30:00,627.7,527.0,12.28,5.8,0.0,0.0
2026-01-11 05:45:00,626.8,527.5,12.22,5.8,0.0,0.0
2026-01-11 06:00:00,628.0,526.3,12.2,5.7,0.0,0.0
2026-01-11 06:15:00,629.0,526.8,12.2,5.7,0.0,0.0
2026-01-11 06:30:00,629.2,527.2,12.2,5.7,0.0,0.0
2026-01-11 06:45:00,628.7,529.3,12.2,5.7,0.0,0.0
2026-01-11 07:00:00,629.2,527.5,12.2,5.8,0.0,0.0
2026-01-11 07:15:00,631.3,527.2,12.2,5.8,0.0,0.0
2026-01-11 07:30:00,630.3,526.3,12.2,5.8,0.0,0.0
2026-01-11 07:45:00,633.0,527.5,12.2,5.8,0.0,0.0
2026-01-11 08:00:00,632.5,526.8,12.2,5.7,0.0,0.0
2026-01-11 08:15:00,632.5,527.3,12.2,5.7,0.0,0.0
2026-01-11 08:30:00,632.5,527.3,12.1,5.7,0.0,0.0
2026-01-11 08:45:00,633.8,526.8,12.1,5.7,0.0,0.0
2026-01-11 09:00:00,633.8,527.8,12.1,5.1,0.0,0.0
2026-01-11 09:15:00,634.3,528.0,12.1,5.1,0.0,0.0
2026-01-11 09:30:00,634.7,528.2,12.1,5.1,0.0,0.0
2026-01-11 09:45:00,634.5,529.7,12.1,5.1,0.0,0.0
2026-01-11 10:00:00,634.7,528.5,12.1,4.6,0.0,0.0
2026-01-11 10:15:00,635.3,529.2,12.1,4.6,0.0,0.0
2026-01-11 10:30:00,635.7,526.2,12.1,4.6,0.0,0.0
2026-01-11 10:45:00,635.5,528.0,12.1,4.6,0.0,0.0
2026-01-11 11:00:00,635.3,527.5,12.0,4.3,0.0,0.0
2026-01-11 11:15:00,636.5,526.3,12.0,4.3,0.0,0.0
2026-01-11 11:30:00,636.7,527.2,12.0,4.3,0.0,0.0
2026-01-11 11:45:00,637.2,527.0,12.0,4.3,0.0,0.0
2026-01-11 12:00:00,638.3,527.0,12.0,3.8,0.0,0.0
2026-01-11 12:15:00,638.3,526.5,12.0,3.8,0.0,0.0
2026-01-11 12:30:00,638.8,526.7,12.0,3.8,0.0,0.0
2026-01-11 12:45:00,638.7,526.3,12.0,3.8,0.0,0.0
2026-01-11 13:00:00,639.0,526.0,11.9,3.2,0.0,0.0
2026-01-11 13:15:00,639.5,526.2,11.9,3.2,0.0,0.0
2026-01-11 13:30:00,639.3,526.5,11.9,3.2,0.0,0.0
2026-01-11 13:45:00,640.5,528.2,11.9,3.2,0.0,0.0
2026-01-11 14:00:00,640.3,525.7,11.9,3.0,0.0,0.0
2026-01-11 14:15:00,640.2,526.0,11.9,3.0,0.0,0.0
2026-01-11 14:30:00,641.2,525.8,11.9,3.0,0.0,0.0
2026-01-11 14:45:00,641.2,525.2,11.8,3.0,0.0,0.0
2026-01-11 15:00:00,641.3,525.5,11.8,3.3,0.0,0.0
2026-01-11 15:15:00,641.7,526.7,11.8,3.3,0.0,0.0
2026-01-11 15:30:00,642.0,525.7,11.8,3.3,0.0,0.0
2026-01-11 15:45:00,642.2,526.7,11.8,3.3,0.0,0.0
2026-01-11 16:00:00,642.2,525.7,11.8,4.1,0.0,13.0
2026-01-11 16:15:00,642.3,525.2,11.8,4.1,0.0,13.0
2026-01-11 16:30:00,643.2,525.8,11.8,4.1,0.0,13.0
2026-01-11 16:45:00,643.2,526.2,11.75,4.1,0.0,13.0
2026-01-11 17:00:00,643.5,525.8,11.72,7.3,0.0,136.0
2026-01-11 17:15:00,644.3,525.8,11.7,7.3,0.0,136.0
2026-01-11 17:30:00,644.2,524.8,11.72,7.3,0.0,136.0
2026-01-11 17:45:00,644.2,524.7,11.8,7.3,0.0,136.0
2026-01-11 18:00:00,644.5,525.5,11.8,10.9,0.0,289.0
2026-01-11 18:15:00,645.7,524.8,11.8,10.9,0.0,289.0
2026-01-11 18:30:00,647.7,525.3,11.8,10.9,0.0,289.0
2026-01-11 18:45:00,649.2,525.8,11.8,10.9,0.0,289.0
2026-01-11 19:00:00,649.2,525.3,11.85,12.6,0.0,410.0
2026-01-11 19:15:00,648.7,525.2,11.9,12.6,0.0,410.0
2026-01-11 19:30:00,650.2,523.3,11.9,12.6,0.0,410.0
2026-01-11 19:45:00,650.3,523.8,12.0,12.6,0.0,410.0
2026-01-11 20:00:00,650.5,525.7,12.0,14.0,0.0,489.0
2026-01-11 20:15:00,650.3,524.7,12.0,14.0,0.0,489.0
2026-01-11 20:30:00,649.7,525.5,12.1,14.0,0.0,489.0
2026-01-11 20:45:00,650.0,526.8,12.1,14.0,0.0,489.0
2026-01-11 21:00:00,651.2,524.5,12.2,14.5,0.0,504.0
2026-01-11 21:15:00,651.0,523.8,12.2,14.5,0.0,504.0
2026-01-11 21:30:00,651.7,523.3,12.3,14.5,0.0,504.0
2026-01-11 21:45:00,651.3,524.3,12.3,14.5,0.0,504.0
2026-01-11 22:00:00,651.2,523.5,12.3,14.3,0.0,454.0
2026-01-11 22:15:00,651.8,524.2,12.4,14.3,0.0,454.0
2026-01-11 22:30:00,652.0,524.2,12.4,14.3,0.0,454.0
2026-01-11 22:45:00,652.2,523.3,12.4,14.3,0.0,454.0
2026-01-11 23:00:00,652.5,522.8,12.5,13.6,0.0,355.0
2026-01-11 23:15:00,653.2,524.0,12.5,13.6,0.0,355.0
2026-01-11 23:30:00,653.0,523.3,12.5,13.6,0.0,355.0
2026-01-11 23:45:00,652.0,524.0,12.6,13.6,0.0,355.0
2026-01-12 00:00:00,653.5,524.0,12.6,13.0,0.0,208.0
2026-01-12 00:15:00,653.7,525.8,12.6,13.0,0.0,208.0
2026-01-12 00:30:00,654.0,524.0,12.6,13.0,0.0,208.0
2026-01-12 00:45:00,655.0,524.0,12.6,13.0,0.0,208.0
2026-01-12 01:00:00,655.2,523.7,12.6,10.6,0.0,53.0
2026-01-12 01:15:00,655.2,523.2,12.6,10.6,0.0,53.0
2026-01-12 01:30:00,655.3,523.0,12.6,10.6,0.0,53.0
2026-01-12 01:45:00,654.8,523.7,12.6,10.6,0.0,53.0
2026-01-12 02:00:00,656.0,522.5,12.6,8.6,0.0,0.0
2026-01-12 02:15:00,656.3,522.0,12.6,8.6,0.0,0.0
2026-01-12 02:30:00,656.7,523.5,12.6,8.6,0.0,0.0
2026-01-12 02:45:00,657.2,522.7,12.6,8.6,0.0,0.0
2026-01-12 03:00:00,657.2,522.3,12.6,7.4,0.0,0.0
2026-01-12 03:15:00,657.5,523.8,12.6,7.4,0.0,0.0
2026-01-12 03:30:00,658.0,522.2,12.6,7.4,0.0,0.0
2026-01-12 03:45:00,658.3,523.0,12.6,7.4,0.0,0.0
2026-01-12 04:00:00,658.3,524.3,12.6,6.7,0.0,0.0
2026-01-12 04:15:00,658.8,522.2,12.5,6.7,0.0,0.0
2026-01-12 04:30:00,658.7,522.2,12.5,6.7,0.0,0.0
2026-01-12 04:45:00,659.3,522.3,12.5,6.7,0.0,0.0
2026-01-12 05:00:00,659.3,523.2,12.5,6.1,0.0,0.0
2026-01-12 05:15:00,659.5,523.0,12.5,6.1,0.0,0.0
2026-01-12 05:30:00,659.8,523.2,12.4,6.1,0.0,0.0
2026-01-12 05:45:00,660.0,523.3,12.4,6.1,0.0,0.0
2026-01-12 06:00:00,660.8,523.5,12.4,5.6,0.0,0.0
2026-01-12 06:15:00,661.0,523.3,12.4,5.6,0.0,0.0
2026-01-12 06:30:00,661.5,522.2,12.4,5.6,0.0,0.0
2026-01-12 06:45:00,662.3,523.2,12.3,5.6,0.0,0.0
2026-01-12 07:00:00,662.0,523.2,12.3,5.5,0.0,0.0
2026-01-12 07:15:00,663.2,523.0,12.3,5.5,0.0,0.0
2026-01-12 07:30:00,663.8,523.3,12.25,5.5,0.0,0.0
2026-01-12 07:45:00,662.5,522.8,12.2,5.5,0.0,0.0
2026-01-12 08:00:00,664.3,522.3,12.2,5.5,0.0,0.0
2026-01-12 08:15:00,664.5,524.0,12.2,5.5,0.0,0.0
2026-01-12 08:30:00,664.8,522.5,12.2,5.5,0.0,0.0
2026-01-12 08:45:00,664.3,523.3,12.2,5.5,0.0,0.0
2026-01-12 09:00:00,664.2,523.2,12.2,5.5,0.0,0.0
2026-01-12 09:15:00,664.5,521.8,12.2,5.5,0.0,0.0
2026-01-12 09:30:00,664.3,523.0,12.2,5.5,0.0,0.0
2026-01-12 09:45:00,664.8,522.0,12.2,5.5,0.0,0.0
2026-01-12 10:00:00,665.3,523.0,12.2,5.3,0.0,0.0
2026-01-12 10:15:00,665.2,523.2,12.2,5.3,0.0,0.0
2026-01-12 10:30:00,665.7,522.2,12.1,5.3,0.0,0.0
2026-01-12 10:45:00,666.2,523.2,12.1,5.3,0.0,0.0
2026-01-12 11:00:00,666.2,523.8,12.1,4.5,0.0,0.0
2026-01-12 11:15:00,666.5,524.2,12.1,4.5,0.0,0.0
2026-01-12 11:30:00,666.5,523.2,12.1,4.5,0.0,0.0
2026-01-12 11:45:00,666.8,521.8,12.1,4.5,0.0,0.0
2026-01-12 12:00:00,667.3,521.5,12.1,4.2,0.0,0.0
2026-01-12 12:15:00,667.7,522.2,12.1,4.2,0.0,0.0
2026-01-12 12:30:00,667.7,523.0,12.1,4.2,0.0,0.0
2026-01-12 12:45:00,668.3,521.8,12.08,4.2,0.0,0.0
2026-01-12 13:00:00,668.5,523.0,12.0,3.2,0.0,0.0
2026-01-12 13:15:00,668.0,524.0,12.0,3.2,0.0,0.0
2026-01-12 13:30:00,668.3,522.0,12.0,3.2,0.0,0.0
2026-01-12 13:45:00,668.7,520.0,12.0,3.2,0.0,0.0
2026-01-12 14:00:00,668.7,520.0,12.0,2.9,0.0,0.0
2026-01-12 14:15:00,669.5,519.2,11.9,2.9,0.0,0.0
2026-01-12 14:30:00,669.5,519.3,11.9,2.9,0.0,0.0
2026-01-12 14:45:00,669.7,519.0,11.9,2.9,0.0,0.0
2026-01-12 15:00:00,669.7,521.0,11.9,2.6,0.0,0.0
2026-01-12 15:15:00,669.5,520.0,11.9,2.6,0.0,0.0
2026-01-12 15:30:00,670.0,519.5,11.9,2.6,0.0,0.0
2026-01-12 15:45:00,669.8,519.8,11.9,2.6,0.0,0.0
2026-01-12 16:00:00,670.5,519.8,11.9,2.9,0.0,13.0
2026-01-12 16:15:00,669.8,520.8,11.8,2.9,0.0,13.0
2026-01-12 16:30:00,671.0,521.2,11.8,2.9,0.0,13.0
2026-01-12 16:45:00,671.0,520.2,11.9,2.9,0.0,13.0
2026-01-12 17:00:00,671.0,519.2,11.9,5.9,0.0,124.0
2026-01-12 17:15:00,671.7,520.3,11.9,5.9,0.0,124.0
2026-01-12 17:30:00,671.5,519.2,11.9,5.9,0.0,124.0
2026-01-12 17:45:00,671.7,519.3,11.9,5.9,0.0,124.0
2026-01-12 18:00:00,672.2,519.8,11.9,9.3,0.0,273.0
2026-01-12 18:15:00,672.8,520.7,11.9,9.3,0.0,273.0
2026-01-12 18:30:00,672.8,519.2,11.92,9.3,0.0,273.0
2026-01-12 18:45:00,673.2,519.7,12.0,9.3,0.0,273.0
2026-01-12 19:00:00,672.8,519.3,12.0,11.2,0.0,402.0
2026-01-12 19:15:00,672.8,519.7,12.05,11.2,0.0,402.0
2026-01-12 19:30:00,672.0,519.3,12.1,11.2,0.0,402.0
2026-01-12 19:45:00,672.2,519.3,12.2,11.2,0.0,402.0
2026-01-12 20:00:00,672.7,518.8,12.2,12.1,0.0,489.0
2026-01-12 20:15:00,672.5,518.5,12.3,12.1,0.0,489.0
2026-01-12 20:30:00,673.0,518.5,12.3,12.1,0.0,489.0
2026-01-12 20:45:00,673.0,517.5,12.4,12.1,0.0,489.0
2026-01-12 21:00:00,673.2,517.7,12.4,12.6,0.0,508.0
2026-01-12 21:15:00,673.0,518.8,12.4,12.6,0.0,508.0
2026-01-12 21:30:00,673.8,518.8,12.5,12.6,0.0,508.0
2026-01-12 21:45:00,673.8,519.0,12.5,12.6,0.0,508.0
2026-01-12 22:00:00,675.0,519.2,12.5,12.7,0.0,458.0
2026-01-12 22:15:00,675.5,519.0,12.5,12.7,0.0,458.0
2026-01-12 22:30:00,676.0,518.3,12.5,12.7,0.0,458.0
2026-01-12 22:45:00,675.8,520.5,12.6,12.7,0.0,458.0
2026-01-12 23:00:00,675.0,518.5,12.6,12.7,0.0,371.0
2026-01-12 23:15:00,676.0,518.8,12.6,12.7,0.0,371.0
2026-01-12 23:30:00,676.2,519.7,12.6,12.7,0.0,371.0
2026-01-12 23:45:00,675.8,517.7,12.6,12.7,0.0,371.0
2026-01-13 00:00:00,676.5,516.5,12.6,13.0,0.0,234.0
2026-01-13 00:15:00,677.0,518.0,12.6,13.0,0.0,234.0
2026-01-13 00:30:00,677.0,517.5,12.7,13.0,0.0,234.0
2026-01-13 00:45:00,677.3,517.8,12.7,13.0,0.0,234.0
2026-01-13 01:00:00,677.3,518.0,12.7,10.7,0.0,76.0
2026-01-13 01:15:00,678.0,518.2,12.6,10.7,0.0,76.0
2026-01-13 01:30:00,678.2,517.8,12.6,10.7,0.0,76.0
2026-01-13 01:45:00,677.8,519.8,12.7,10.7,0.0,76.0
2026-01-13 02:00:00,678.5,518.3,12.7,8.2,0.0,0.0
2026-01-13 02:15:00,678.8,517.5,12.6,8.2,0.0,0.0
2026-01-13 02:30:00,678.8,517.7,12.6,8.2,0.0,0.0
2026-01-13 02:45:00,678.8,518.7,12.6,8.2,0.0,0.0
2026-01-13 03:00:00,679.0,516.8,12.6,6.9,0.0,0.0
2026-01-13 03:15:00,679.5,518.0,12.6,6.9,0.0,0.0
2026-01-13 03:30:00,679.3,517.5,12.6,6.9,0.0,0.0
2026-01-13 03:45:00,679.7,518.8,12.6,6.9,0.0,0.0
2026-01-13 04:00:00,680.2,518.2,12.6,6.6,0.0,0.0
2026-01-13 04:15:00,679.8,517.5,12.6,6.6,0.0,0.0
2026-01-13 04:30:00,680.0,517.8,12.6,6.6,0.0,0.0
2026-01-13 04:45:00,680.5,518.2,12.55,6.6,0.0,0.0
2026-01-13 05:00:00,680.8,518.0,12.5,6.4,0.0,0.0
2026-01-13 05:15:00,681.2,518.2,12.5,6.4,0.0,0.0
2026-01-13 05:30:00,681.7,518.5,12.5,6.4,0.0,0.0
2026-01-13 05:45:00,681.8,518.7,12.5,6.4,0.0,0.0
2026-01-13 06:00:00,682.0,520.0,12.5,5.2,0.0,0.0
2026-01-13 06:15:00,681.8,518.2,12.5,5.2,0.0,0.0
2026-01-13 06:30:00,682.0,520.5,12.48,5.2,0.0,0.0
2026-01-13 06:45:00,682.5,517.7,12.4,5.2,0.0,0.0
2026-01-13 07:00:00,682.8,517.0,12.4,4.6,0.0,0.0
2026-01-13 07:15:00,682.7,518.0,12.4,4.6,0.0,0.0
2026-01-13 07:30:00,683.5,517.3,12.4,4.6,0.0,0.0
2026-01-13 07:45:00,683.3,518.5,12.4,4.6,0.0,0.0
2026-01-13 08:00:00,683.7,517.2,12.4,4.1,0.0,0.0
2026-01-13 08:15:00,683.8,519.5,12.3,4.1,0.0,0.0
2026-01-13 08:30:00,683.7,516.8,12.3,4.1,0.0,0.0
2026-01-13 08:45:00,683.8,516.5,12.3,4.1,0.0,0.0
2026-01-13 09:00:00,683.7,518.7,12.3,4.2,0.0,0.0
2026-01-13 09:15:00,684.7,519.0,12.3,4.2,0.0,0.0
2026-01-13 09:30:00,684.7,518.8,12.27,4.2,0.0,0.0
2026-01-13 09:45:00,685.0,518.0,12.2,4.2,0.0,0.0
2026-01-13 10:00:00,684.8,518.7,12.2,3.7,0.0,0.0
2026-01-13 10:15:00,685.2,517.5,12.2,3.7,0.0,0.0
2026-01-13 10:30:00,685.2,519.7,12.2,3.7,0.0,0.0
2026-01-13 10:45:00,685.2,518.0,12.2,3.7,0.0,0.0
2026-01-13 11:00:00,685.7,516.3,12.1,4.1,0.0,0.0
2026-01-13 11:15:00,686.0,518.3,12.1,4.1,0.0,0.0
2026-01-13 11:30:00,686.3,518.3,12.1,4.1,0.0,0.0
2026-01-13 11:45:00,686.2,517.5,12.1,4.1,0.0,0.0
2026-01-13 12:00:00,686.5,518.3,12.1,4.8,0.0,0.0
2026-01-13 12:15:00,686.3,517.5,12.1,4.8,0.0,0.0
2026-01-13 12:30:00,686.7,518.0,12.0,4.8,0.0,0.0
2026-01-13 12:45:00,686.2,517.2,12.0,4.8,0.0,0.0
2026-01-13 13:00:00,686.7,517.2,12.0,3.6,0.0,0.0
2026-01-13 13:15:00,687.5,517.3,12.0,3.6,0.0,0.0
2026-01-13 13:30:00,688.2,517.8,12.0,3.6,0.0,0.0
2026-01-13 13:45:00,686.8,517.3,12.0,3.6,0.0,0.0
2026-01-13 14:00:00,687.7,517.2,11.9,2.7,0.0,0.0
2026-01-13 14:15:00,688.8,517.2,11.9,2.7,0.0,0.0
2026-01-13 14:30:00,688.8,518.5,11.9,2.7,0.0,0.0
2026-01-13 14:45:00,688.2,517.5,11.9,2.7,0.0,0.0
2026-01-13 15:00:00,688.7,518.2,11.9,2.4,0.0,0.0
2026-01-13 15:15:00,689.0,517.5,11.9,2.4,0.0,0.0
2026-01-13 15:30:00,689.2,517.5,11.9,2.4,0.0,0.0
2026-01-13 15:45:00,689.0,517.7,11.9,2.4,0.0,0.0
2026-01-13 16:00:00,689.0,516.7,11.9,3.0,0.0,15.0
2026-01-13 16:15:00,688.5,517.7,11.9,3.0,0.0,15.0
2026-01-13 16:30:00,689.5,518.2,11.9,3.0,0.0,15.0
2026-01-13 16:45:00,688.7,519.5,11.9,3.0,0.0,15.0
2026-01-13 17:00:00,689.8,518.0,11.9,6.4,0.0,147.0
2026-01-13 17:15:00,689.8,518.3,11.9,6.4,0.0,147.0
2026-01-13 17:30:00,690.2,518.8,11.9,6.4,0.0,147.0
2026-01-13 17:45:00,691.2,518.3,11.9,6.4,0.0,147.0
2026-01-13 18:00:00,691.0,517.7,11.9,9.9,0.0,306.0
2026-01-13 18:15:00,691.5,517.5,12.0,9.9,0.0,306.0
2026-01-13 18:30:00,691.3,518.7,12.0,9.9,0.0,306.0
2026-01-13 18:45:00,691.2,519.0,12.0,9.9,0.0,306.0
2026-01-13 19:00:00,691.5,518.0,12.1,12.5,0.0,429.0
2026-01-13 19:15:00,691.5,516.2,12.1,12.5,0.0,429.0
2026-01-13 19:30:00,692.2,517.2,12.2,12.5,0.0,429.0
2026-01-13 19:45:00,690.8,517.3,12.2,12.5,0.0,429.0
2026-01-13 20:00:00,692.2,517.5,12.3,14.3,0.0,510.0
2026-01-13 20:15:00,692.0,516.8,12.4,14.3,0.0,510.0
2026-01-13 20:30:00,692.7,515.7,12.4,14.3,0.0,510.0
2026-01-13 20:45:00,692.8,518.2,12.4,14.3,0.0,510.0
2026-01-13 21:00:00,692.8,516.3,12.5,15.1,0.0,528.0
2026-01-13 21:15:00,693.5,517.0,12.5,15.1,0.0,528.0
2026-01-13 21:30:00,693.3,517.3,12.6,15.1,0.0,528.0
2026-01-13 21:45:00,693.3,516.2,12.6,15.1,0.0,528.0
2026-01-13 22:00:00,693.5,516.0,12.7,15.3,0.0,484.0
2026-01-13 22:15:00,693.5,516.0,12.7,15.3,0.0,484.0
2026-01-13 22:30:00,693.8,516.7,12.7,15.3,0.0,484.0
2026-01-13 22:45:00,694.0,517.7,12.8,15.3,0.0,484.0
2026-01-13 23:00:00,694.3,517.3,12.8,15.2,0.0,386.0
2026-01-13 23:15:00,694.2,516.5,12.8,15.2,0.0,386.0
2026-01-13 23:30:00,693.7,516.0,12.9,15.2,0.0,386.0
2026-01-13 23:45:00,694.0,516.5,12.9,15.2,0.0,386.0
2026-01-14 00:00:00,694.5,516.0,12.9,15.0,0.0,242.0
2026-01-14 00:15:00,694.7,517.8,13.0,15.0,0.0,242.0
2026-01-14 00:30:00,694.5,517.7,13.0,15.0,0.0,242.0
2026-01-14 00:45:00,694.7,518.0,13.0,15.0,0.0,242.0
2026-01-14 01:00:00,695.2,517.7,13.0,12.1,0.0,79.0
2026-01-14 01:15:00,695.5,517.8,13.0,12.1,0.0,79.0
2026-01-14 01:30:00,696.0,518.2,13.0,12.1,0.0,79.0
2026-01-14 01:45:00,695.8,518.2,13.0,12.1,0.0,79.0
2026-01-14 02:00:00,695.7,519.7,13.0,9.6,0.0,1.0
2026-01-14 02:15:00,695.2,517.2,13.0,9.6,0.0,1.0
2026-01-14 02:30:00,694.7,518.2,13.0,9.6,0.0,1.0
2026-01-14 02:45:00,694.2,518.7,13.0,9.6,0.0,1.0
2026-01-14 03:00:00,694.3,520.2,13.0,8.2,0.0,0.0
2026-01-14 03:15:00,693.7,518.7,13.0,8.2,0.0,0.0
2026-01-14 03:30:00,694.7,518.0,12.9,8.2,0.0,0.0
2026-01-14 03:45:00,694.2,517.8,12.9,8.2,0.0,0.0
2026-01-14 04:00:00,693.8,518.2,12.9,7.4,0.0,0.0
2026-01-14 04:15:00,694.0,518.2,12.9,7.4,0.0,0.0
2026-01-14 04:30:00,694.0,517.5,12.9,7.4,0.0,0.0
2026-01-14 04:45:00,693.8,517.3,12.8,7.4,0.0,0.0
2026-01-14 05:00:00,694.3,517.7,12.8,7.2,0.0,0.0
2026-01-14 05:15:00,694.2,517.8,12.8,7.2,0.0,0.0
2026-01-14 05:30:00,695.2,517.0,12.8,7.2,0.0,0.0
2026-01-14 05:45:00,695.0,516.0,12.8,7.2,0.0,0.0
2026-01-14 06:00:00,695.7,517.7,12.7,6.9,0.0,0.0
2026-01-14 06:15:00,695.3,516.3,12.7,6.9,0.0,0.0
2026-01-14 06:30:00,695.8,517.7,12.7,6.9,0.0,0.0
2026-01-14 06:45:00,696.5,516.2,12.7,6.9,0.0,0.0
2026-01-14 07:00:00,695.8,515.5,12.7,6.7,0.0,0.0
2026-01-14 07:15:00,696.0,518.5,12.7,6.7,0.0,0.0
2026-01-14 07:30:00,696.5,515.5,12.6,6.7,0.0,0.0
2026-01-14 07:45:00,694.5,516.3,12.6,6.7,0.0,0.0
2026-01-14 08:00:00,694.2,516.0,12.6,6.4,0.0,0.0
2026-01-14 08:15:00,695.2,517.3,12.6,6.4,0.0,0.0
2026-01-14 08:30:00,694.8,516.3,12.6,6.4,0.0,0.0
2026-01-14 08:45:00,695.0,516.7,12.6,6.4,0.0,0.0
2026-01-14 09:00:00,695.7,516.3,12.5,6.0,0.0,0.0
2026-01-14 09:15:00,695.5,516.0,12.5,6.0,0.0,0.0
2026-01-14 09:30:00,695.5,515.5,12.5,6.0,0.0,0.0
2026-01-14 09:45:00,696.0,516.7,12.5,6.0,0.0,0.0
2026-01-14 10:00:00,695.3,517.2,12.5,5.5,0.0,0.0
2026-01-14 10:15:00,695.5,516.2,12.5,5.5,0.0,0.0
2026-01-14 10:30:00,695.8,515.0,12.43,5.5,0.0,0.0
2026-01-14 10:45:00,696.2,516.3,12.4,5.5,0.0,0.0
2026-01-14 11:00:00,696.2,514.8,12.4,5.2,0.0,0.0
2026-01-14 11:15:00,696.0,515.8,12.4,5.2,0.0,0.0
2026-01-14 11:30:00,696.2,518.8,12.4,5.2,0.0,0.0
2026-01-14 11:45:00,696.0,516.0,12.4,5.2,0.0,0.0
2026-01-14 12:00:00,696.2,516.2,12.4,5.3,0.0,0.0
2026-01-14 12:15:00,697.0,515.8,12.3,5.3,0.0,0.0
2026-01-14 12:30:00,696.5,515.2,12.3,5.3,0.0,0.0
2026-01-14 12:45:00,696.3,516.5,12.3,5.3,0.0,0.0
2026-01-14 13:00:00,696.7,515.2,12.3,5.0,0.0,0.0
2026-01-14 13:15:00,697.0,516.0,12.3,5.0,0.0,0.0
2026-01-14 13:30:00,696.5,516.3,12.3,5.0,0.0,0.0
2026-01-14 13:45:00,697.7,517.7,12.2,5.0,0.0,0.0
2026-01-14 14:00:00,697.3,516.5,12.2,4.7,0.0,0.0
2026-01-14 14:15:00,697.0,516.2,12.2,4.7,0.0,0.0
2026-01-14 14:30:00,696.8,517.5,12.2,4.7,0.0,0.0
2026-01-14 14:45:00,697.2,515.7,12.2,4.7,0.0,0.0
2026-01-14 15:00:00,697.0,516.3,12.2,4.5,0.0,0.0
2026-01-14 15:15:00,697.7,517.2,12.2,4.5,0.0,0.0
2026-01-14 15:30:00,697.2,517.0,12.2,4.5,0.0,0.0
2026-01-14 15:45:00,698.0,518.0,12.2,4.5,0.0,0.0
2026-01-14 16:00:00,698.3,518.2,12.1,4.8,0.0,14.0
2026-01-14 16:15:00,697.5,516.3,12.1,4.8,0.0,14.0
2026-01-14 16:30:00,697.3,516.7,12.1,4.8,0.0,14.0
2026-01-14 16:45:00,698.3,516.7,12.1,4.8,0.0,14.0
2026-01-14 17:00:00,698.3,516.5,12.1,8.0,0.0,133.0
2026-01-14 17:30:00,698.7,515.7,12.2,8.0,0.0,133.0
2026-01-14 17:45:00,698.8,517.2,12.2,8.0,0.0,133.0
2026-01-14 18:00:00,698.5,516.3,12.2,11.9,0.0,289.0
2026-01-14 18:30:00,700.8,517.0,12.2,11.9,0.0,289.0
2026-01-14 18:45:00,700.5,515.2,12.3,11.9,0.0,289.0
2026-01-14 19:00:00,700.7,516.7,12.3,13.8,0.0,417.0
2026-01-14 19:15:00,699.7,517.2,12.4,13.8,0.0,417.0
2026-01-14 19:30:00,699.8,516.0,12.4,13.8,0.0,417.0
2026-01-14 19:45:00,700.7,516.3,12.5,13.8,0.0,417.0
2026-01-14 20:00:00,701.5,516.5,12.5,14.9,0.0,488.0
2026-01-14 20:15:00,700.7,516.8,12.6,14.9,0.0,488.0
2026-01-14 20:30:00,701.3,515.0,12.6,14.9,0.0,488.0
2026-01-14 20:45:00,700.7,517.3,12.7,14.9,0.0,488.0
2026-01-14 21:00:00,701.2,515.7,12.7,15.4,0.0,513.0
2026-01-14 21:15:00,702.0,515.2,12.8,15.4,0.0,513.0
2026-01-14 21:30:00,702.0,513.8,12.8,15.4,0.0,513.0
2026-01-14 21:45:00,701.8,514.8,12.88,15.4,0.0,513.0
2026-01-14 22:00:00,702.7,516.0,12.9,15.3,0.0,473.0
2026-01-14 22:15:00,702.2,516.2,12.9,15.3,0.0,473.0
2026-01-14 22:30:00,703.0,515.2,12.9,15.3,0.0,473.0
2026-01-14 22:45:00,702.3,514.3,13.0,15.3,0.0,473.0
2026-01-14 23:00:00,702.8,513.8,13.0,15.0,0.0,378.0
2026-01-14 23:15:00,702.5,513.8,13.0,15.0,0.0,378.0
2026-01-14 23:30:00,702.8,513.8,13.1,15.0,0.0,378.0
2026-01-14 23:45:00,703.0,514.7,13.1,15.0,0.0,378.0
2026-01-15 00:00:00,703.2,515.5,13.1,15.8,0.0,239.0
2026-01-15 00:15:00,703.5,514.5,13.1,15.8,0.0,239.0
2026-01-15 00:30:00,703.3,517.7,13.1,15.8,0.0,239.0
2026-01-15 00:45:00,703.5,513.8,13.1,15.8,0.0,239.0
2026-01-15 01:00:00,703.8,514.0,13.15,13.0,0.0,80.0
2026-01-15 01:15:00,703.8,514.5,13.2,13.0,0.0,80.0
2026-01-15 01:30:00,703.8,515.0,13.2,13.0,0.0,80.0
2026-01-15 01:45:00,703.8,514.3,13.2,13.0,0.0,80.0
2026-01-15 02:00:00,703.8,515.5,13.2,10.4,0.0,1.0
2026-01-15 02:15:00,704.2,516.2,13.2,10.4,0.0,1.0
2026-01-15 02:30:00,703.8,515.3,13.2,10.4,0.0,1.0
2026-01-15 02:45:00,704.3,514.3,13.2,10.4,0.0,1.0
2026-01-15 03:00:00,704.3,514.7,13.12,9.1,0.0,0.0
2026-01-15 03:15:00,703.7,515.0,13.1,9.1,0.0,0.0
2026-01-15 03:30:00,704.3,515.0,13.1,9.1,0.0,0.0
2026-01-15 03:45:00,704.5,514.3,13.1,9.1,0.0,0.0
2026-01-15 04:00:00,704.2,513.7,13.1,8.1,0.0,0.0
2026-01-15 04:15:00,705.7,515.7,13.1,8.1,0.0,0.0
2026-01-15 04:30:00,706.3,515.0,13.1,8.1,0.0,0.0
2026-01-15 04:45:00,706.0,515.5,13.1,8.1,0.0,0.0
2026-01-15 05:00:00,705.7,517.0,13.1,7.3,0.0,0.0
2026-01-15 05:15:00,705.8,514.5,13.0,7.3,0.0,0.0
2026-01-15 05:30:00,705.8,516.0,13.0,7.3,0.0,0.0
2026-01-15 05:45:00,705.8,515.0,13.0,7.3,0.0,0.0
2026-01-15 06:00:00,706.8,514.3,13.0,6.7,0.0,0.0
2026-01-15 06:15:00,707.7,516.0,13.0,6.7,0.0,0.0
2026-01-15 06:30:00,707.7,514.0,13.0,6.7,0.0,0.0
2026-01-15 06:45:00,707.0,514.3,12.9,6.7,0.0,0.0
2026-01-15 07:00:00,707.3,514.8,12.9,6.5,0.0,0.0
2026-01-15 07:15:00,708.2,512.8,12.9,6.5,0.0,0.0
2026-01-15 07:30:00,708.0,514.0,12.9,6.5,0.0,0.0
2026-01-15 07:45:00,708.8,515.7,12.9,6.5,0.0,0.0
2026-01-15 08:00:00,707.7,516.0,12.9,5.9,0.0,0.0
2026-01-15 08:15:00,708.7,514.8,12.9,5.9,0.0,0.0
2026-01-15 08:30:00,708.7,514.0,12.9,5.9,0.0,0.0
2026-01-15 08:45:00,708.8,514.7,12.9,5.9,0.0,0.0
2026-01-15 09:00:00,709.2,514.2,12.83,5.4,0.0,0.0
2026-01-15 09:15:00,709.0,515.8,12.8,5.4,0.0,0.0
2026-01-15 09:30:00,708.8,515.7,12.8,5.4,0.0,0.0
2026-01-15 09:45:00,709.2,514.2,12.8,5.4,0.0,0.0
2026-01-15 10:00:00,708.8,514.2,12.8,5.2,0.0,0.0
2026-01-15 10:15:00,708.0,514.7,12.8,5.2,0.0,0.0
2026-01-15 10:30:00,708.0,514.2,12.8,5.2,0.0,0.0
2026-01-15 10:45:00,707.7,516.3,12.8,5.2,0.0,0.0
2026-01-15 11:00:00,707.3,514.7,12.8,4.9,0.0,0.0
2026-01-15 11:15:00,708.2,514.5,12.8,4.9,0.0,0.0
2026-01-15 11:30:00,707.3,515.0,12.8,4.9,0.0,0.0
2026-01-15 11:45:00,707.5,514.8,12.7,4.9,0.0,0.0
2026-01-15 12:00:00,708.0,515.3,12.7,4.5,0.0,0.0
2026-01-15 12:15:00,708.0,514.5,12.7,4.5,0.0,0.0
2026-01-15 12:30:00,708.2,516.5,12.7,4.5,0.0,0.0
2026-01-15 12:45:00,708.0,514.5,12.7,4.5,0.0,0.0
2026-01-15 13:00:00,707.3,513.7,12.7,3.7,0.0,0.0
2026-01-15 13:15:00,707.7,513.2,12.7,3.7,0.0,0.0
2026-01-15 13:30:00,708.0,513.2,12.6,3.7,0.0,0.0
2026-01-15 13:45:00,708.7,514.0,12.6,3.7,0.0,0.0
2026-01-15 14:00:00,708.0,515.7,12.6,3.6,0.0,0.0
2026-01-15 14:15:00,708.0,514.8,12.6,3.6,0.0,0.0
2026-01-15 14:30:00,707.7,514.8,12.6,3.6,0.0,0.0
2026-01-15 14:45:00,707.8,513.3,12.6,3.6,0.0,0.0
2026-01-15 15:00:00,708.0,514.0,12.52,4.0,0.0,0.0
2026-01-15 15:15:00,710.0,514.0,12.5,4.0,0.0,0.0
2026-01-15 15:30:00,709.8,514.0,12.5,4.0,0.0,0.0
2026-01-15 15:45:00,709.3,514.5,12.5,4.0,0.0,0.0
2026-01-15 16:00:00,709.8,513.7,12.5,4.7,0.0,15.0
2026-01-15 16:15:00,709.2,512.3,12.5,4.7,0.0,15.0
2026-01-15 16:30:00,710.7,513.2,12.5,4.7,0.0,15.0
2026-01-15 16:45:00,713.0,512.7,12.4,4.7,0.0,15.0
2026-01-15 17:00:00,713.3,513.0,12.4,7.3,0.0,145.0
2026-01-15 17:15:00,713.2,514.5,12.4,7.3,0.0,145.0
2026-01-15 17:30:00,713.7,513.7,12.5,7.3,0.0,145.0
2026-01-15 17:45:00,713.7,513.8,12.5,7.3,0.0,145.0
2026-01-15 18:00:00,714.0,513.5,12.5,11.2,0.0,303.0
2026-01-15 18:15:00,714.7,514.0,12.5,11.2,0.0,303.0
2026-01-15 18:30:00,714.3,515.8,12.6,11.2,0.0,303.0
2026-01-15 18:45:00,714.7,514.0,12.6,11.2,0.0,303.0
2026-01-15 19:00:00,714.8,514.5,12.6,13.5,0.0,437.0
2026-01-15 19:15:00,713.2,513.2,12.7,13.5,0.0,437.0
2026-01-15 19:30:00,714.3,512.3,12.7,13.5,0.0,437.0
2026-01-15 19:45:00,714.8,512.3,12.8,13.5,0.0,437.0
2026-01-15 20:00:00,714.5,513.7,12.9,15.2,0.0,509.0
2026-01-15 20:15:00,714.0,514.3,12.9,15.2,0.0,509.0
2026-01-15 20:30:00,714.2,513.3,13.0,15.2,0.0,509.0
2026-01-15 20:45:00,713.7,512.8,13.0,15.2,0.0,509.0
2026-01-15 21:00:00,714.7,513.8,13.1,16.2,0.0,529.0
2026-01-15 21:15:00,714.0,512.5,13.1,16.2,0.0,529.0
2026-01-15 21:30:00,714.7,512.2,13.1,16.2,0.0,529.0
2026-01-15 21:45:00,712.8,512.2,13.2,16.2,0.0,529.0
2026-01-15 22:00:00,713.0,512.3,13.2,16.7,0.0,486.0
2026-01-15 22:15:00,712.0,512.0,13.2,16.7,0.0,486.0
2026-01-15 22:30:00,713.7,510.7,13.3,16.7,0.0,486.0
2026-01-15 22:45:00,712.8,512.5,13.3,16.7,0.0,486.0
2026-01-15 23:00:00,713.0,511.8,13.3,16.9,0.0,388.0
2026-01-15 23:15:00,714.0,513.2,13.4,16.9,0.0,388.0
2026-01-15 23:30:00,714.7,512.0,13.4,16.9,0.0,388.0
2026-01-15 23:45:00,714.0,512.5,13.4,16.9,0.0,388.0
2026-01-16 00:00:00,713.5,512.3,13.4,16.8,0.0,245.0
2026-01-16 00:15:00,712.3,513.3,13.5,16.8,0.0,245.0
2026-01-16 00:30:00,713.2,511.8,13.5,16.8,0.0,245.0
2026-01-16 00:45:00,713.2,513.2,13.5,16.8,0.0,245.0
2026-01-16 01:00:00,711.3,512.0,13.5,14.2,0.0,83.0
2026-01-16 01:15:00,714.2,513.3,13.5,14.2,0.0,83.0
2026-01-16 01:30:00,715.0,511.8,13.5,14.2,0.0,83.0
2026-01-16 01:45:00,714.5,511.3,13.5,14.2,0.0,83.0
2026-01-16 02:00:00,714.7,512.7,13.5,11.9,0.0,1.0
2026-01-16 02:15:00,714.0,512.2,13.5,11.9,0.0,1.0
2026-01-16 02:30:00,714.2,512.0,13.5,11.9,0.0,1.0
2026-01-16 02:45:00,713.7,513.3,13.5,11.9,0.0,1.0
2026-01-16 03:00:00,714.0,513.3,13.42,10.3,0.0,0.0
2026-01-16 03:15:00,713.7,512.8,13.4,10.3,0.0,0.0
2026-01-16 03:30:00,714.0,513.0,13.4,10.3,0.0,0.0
2026-01-16 03:45:00,715.5,514.7,13.4,10.3,0.0,0.0
2026-01-16 04:00:00,714.8,514.2,13.4,9.1,0.0,0.0
2026-01-16 04:15:00,714.5,514.0,13.4,9.1,0.0,0.0
2026-01-16 04:30:00,714.7,514.5,13.4,9.1,0.0,0.0
2026-01-16 04:45:00,715.0,513.3,13.4,9.1,0.0,0.0
2026-01-16 05:00:00,714.3,513.3,13.4,8.5,0.0,0.0
2026-01-16 05:15:00,714.3,513.5,13.4,8.5,0.0,0.0
2026-01-16 05:30:00,714.8,513.3,13.4,8.5,0.0,0.0
2026-01-16 05:45:00,713.7,513.0,13.3,8.5,0.0,0.0
2026-01-16 06:00:00,714.0,513.5,13.3,8.6,0.0,0.0
2026-01-16 06:15:00,714.0,512.5,13.3,8.6,0.0,0.0
2026-01-16 06:30:00,714.7,512.0,13.3,8.6,0.0,0.0
2026-01-16 06:45:00,711.2,512.2,13.3,8.6,0.0,0.0
2026-01-16 07:00:00,715.7,513.0,13.3,9.1,0.0,0.0
2026-01-16 07:15:00,716.3,512.5,13.2,9.1,0.0,0.0
2026-01-16 07:30:00,717.0,512.2,13.2,9.1,0.0,0.0
2026-01-16 07:45:00,716.8,513.5,13.2,9.1,0.0,0.0
2026-01-16 08:00:00,716.8,512.2,13.2,9.5,0.0,0.0
2026-01-16 08:15:00,717.3,511.2,13.2,9.5,0.0,0.0
2026-01-16 08:30:00,716.5,511.3,13.2,9.5,0.0,0.0
2026-01-16 08:45:00,716.0,511.3,13.1,9.5,0.0,0.0
2026-01-16 09:00:00,715.2,510.8,13.1,9.8,0.0,0.0
2026-01-16 09:15:00,715.5,512.7,13.1,9.8,0.0,0.0
2026-01-16 09:30:00,717.0,511.8,13.1,9.8,0.0,0.0
2026-01-16 09:45:00,718.2,511.2,13.1,9.8,0.0,0.0
2026-01-16 10:00:00,718.3,509.3,13.0,9.4,0.0,0.0
2026-01-16 10:15:00,718.8,510.2,13.0,9.4,0.0,0.0
2026-01-16 10:30:00,719.0,511.0,13.0,9.4,0.0,0.0
2026-01-16 10:45:00,719.7,511.8,13.0,9.4,0.0,0.0
2026-01-16 11:00:00,719.8,512.0,13.0,9.1,0.0,0.0
2026-01-16 11:15:00,719.2,511.5,13.0,9.1,0.0,0.0
2026-01-16 11:30:00,719.3,512.8,12.9,9.1,0.0,0.0
2026-01-16 11:45:00,719.5,511.5,12.9,9.1,0.0,0.0
2026-01-16 12:00:00,719.2,513.0,12.9,10.5,0.0,0.0
2026-01-16 12:15:00,719.0,512.0,12.9,10.5,0.0,0.0
2026-01-16 12:30:00,719.2,513.7,12.9,10.5,0.0,0.0
2026-01-16 12:45:00,717.8,512.2,12.9,10.5,0.0,0.0
2026-01-16 13:00:00,718.0,512.0,12.9,8.4,0.0,0.0
2026-01-16 13:15:00,716.7,511.8,12.9,8.4,0.0,0.0
2026-01-16 13:30:00,716.5,511.7,12.82,8.4,0.0,0.0
2026-01-16 13:45:00,716.3,510.8,12.8,8.4,0.0,0.0
2026-01-16 14:00:00,716.5,510.8,12.8,7.5,0.0,0.0
2026-01-16 14:15:00,716.3,513.0,12.8,7.5,0.0,0.0
2026-01-16 14:30:00,716.7,512.0,12.8,7.5,0.0,0.0
2026-01-16 14:45:00,717.2,511.8,12.8,7.5,0.0,0.0
2026-01-16 15:00:00,716.5,512.5,12.8,7.0,0.0,0.0
2026-01-16 15:15:00,716.8,512.0,12.8,7.0,0.0,0.0
2026-01-16 15:30:00,717.3,512.3,12.8,7.0,0.0,0.0
2026-01-16 15:45:00,718.3,513.0,12.8,7.0,0.0,0.0
2026-01-16 16:00:00,717.8,511.5,12.8,7.2,0.0,16.0
2026-01-16 16:15:00,718.8,511.3,12.8,7.2,0.0,16.0
2026-01-16 16:30:00,719.5,509.5,12.7,7.2,0.0,16.0
2026-01-16 16:45:00,719.3,510.2,12.7,7.2,0.0,16.0
2026-01-16 17:00:00,720.0,511.3,12.7,10.2,0.0,146.0
2026-01-16 17:15:00,718.5,511.0,12.8,10.2,0.0,146.0
2026-01-16 17:30:00,717.7,512.8,12.8,10.2,0.0,146.0
2026-01-16 17:45:00,719.7,511.0,12.8,10.2,0.0,146.0
2026-01-16 18:00:00,720.7,512.0,12.8,14.0,0.0,306.0
2026-01-16 18:15:00,719.2,513.0,12.8,14.0,0.0,306.0
2026-01-16 18:30:00,719.8,509.8,12.9,14.0,0.0,306.0
2026-01-16 18:45:00,719.8,512.7,12.9,14.0,0.0,306.0
2026-01-16 19:00:00,719.8,512.2,13.0,15.4,0.0,436.0
2026-01-16 19:15:00,720.8,510.8,13.0,15.4,0.0,436.0
2026-01-16 19:30:00,718.7,511.3,13.0,15.4,0.0,436.0
2026-01-16 19:45:00,721.0,509.3,13.1,15.4,0.0,436.0
2026-01-16 20:00:00,720.0,510.5,13.1,16.4,0.0,521.0
2026-01-16 20:15:00,721.0,510.2,13.2,16.4,0.0,521.0
2026-01-16 20:30:00,721.2,510.7,13.2,16.4,0.0,521.0
2026-01-16 20:45:00,721.2,509.3,13.3,16.4,0.0,521.0
2026-01-16 21:00:00,721.0,511.5,13.3,17.2,0.0,539.0
2026-01-16 21:15:00,721.3,509.0,13.4,17.2,0.0,539.0
2026-01-16 21:30:00,720.5,509.8,13.4,17.2,0.0,539.0
2026-01-16 21:45:00,720.8,511.3,13.4,17.2,0.0,539.0
2026-01-16 22:00:00,721.5,509.7,13.5,17.4,0.0,496.0
2026-01-16 22:15:00,722.0,509.3,13.5,17.4,0.0,496.0
2026-01-16 22:30:00,722.3,512.0,13.5,17.4,0.0,496.0
2026-01-16 22:45:00,723.2,510.5,13.6,17.4,0.0,496.0
2026-01-16 23:00:00,722.7,510.3,13.6,16.8,0.0,396.0
2026-01-16 23:15:00,720.5,512.2,13.6,16.8,0.0,396.0
2026-01-16 23:30:00,719.8,509.7,13.6,16.8,0.0,396.0
2026-01-16 23:45:00,721.0,509.8,13.6,16.8,0.0,396.0
2026-01-17 00:00:00,721.5,511.5,13.6,16.8,0.0,251.0
2026-01-17 00:15:00,722.7,510.7,13.6,16.8,0.0,251.0
2026-01-17 00:30:00,723.8,510.3,13.62,16.8,0.0,251.0
2026-01-17 00:45:00,723.7,510.2,13.7,16.8,0.0,251.0
2026-01-17 01:00:00,723.8,510.0,13.7,13.8,0.0,88.0
2026-01-17 01:15:00,724.7,509.7,13.7,13.8,0.0,88.0
2026-01-17 01:30:00,725.0,509.5,13.7,13.8,0.0,88.0
2026-01-17 01:45:00,725.5,510.0,13.7,13.8,0.0,88.0
2026-01-17 02:00:00,725.7,509.8,13.7,11.3,0.0,1.0
2026-01-17 02:15:00,725.7,508.8,13.7,11.3,0.0,1.0
2026-01-17 02:30:00,724.8,510.0,13.6,11.3,0.0,1.0
2026-01-17 02:45:00,723.2,510.0,13.6,11.3,0.0,1.0
2026-01-17 03:00:00,723.0,509.2,13.6,10.1,0.0,0.0
2026-01-17 03:15:00,721.5,509.3,13.6,10.1,0.0,0.0
2026-01-17 03:30:00,722.3,509.2,13.6,10.1,0.0,0.0
2026-01-17 03:45:00,721.8,510.2,13.6,10.1,0.0,0.0
2026-01-17 04:00:00,720.0,509.0,13.5,9.7,0.0,0.0
2026-01-17 04:15:00,719.7,510.0,13.5,9.7,0.0,0.0
2026-01-17 04:30:00,720.0,509.8,13.5,9.7,0.0,0.0
2026-01-17 04:45:00,720.8,509.8,13.5,9.7,0.0,0.0
2026-01-17 05:00:00,717.7,509.7,13.5,9.4,0.0,0.0
2026-01-17 05:15:00,720.7,510.3,13.4,9.4,0.0,0.0
2026-01-17 05:30:00,721.3,509.3,13.4,9.4,0.0,0.0
2026-01-17 05:45:00,722.5,509.3,13.4,9.4,0.0,0.0
2026-01-17 06:00:00,722.7,509.2,13.4,9.0,0.0,0.0
2026-01-17 06:15:00,722.2,509.0,13.4,9.0,0.0,0.0
2026-01-17 06:30:00,722.2,509.0,13.3,9.0,0.0,0.0
2026-01-17 06:45:00,722.0,508.8,13.3,9.0,0.0,0.0
2026-01-17 07:00:00,722.5,508.7,13.3,8.8,0.0,0.0
2026-01-17 07:15:00,722.0,509.0,13.3,8.8,0.0,0.0
2026-01-17 07:30:00,721.7,508.8,13.3,8.8,0.0,0.0
2026-01-17 07:45:00,722.3,508.7,13.2,8.8,0.0,0.0
2026-01-17 08:00:00,722.5,507.7,13.2,8.4,0.0,0.0
2026-01-17 08:15:00,721.8,508.7,13.2,8.4,0.0,0.0
2026-01-17 08:30:00,721.8,508.7,13.2,8.4,0.0,0.0
2026-01-17 08:45:00,721.8,508.5,13.2,8.4,0.0,0.0
2026-01-17 09:00:00,721.8,508.7,13.1,7.4,0.0,0.0
2026-01-17 09:15:00,722.0,510.8,13.1,7.4,0.0,0.0
2026-01-17 09:30:00,722.0,509.0,13.1,7.4,0.0,0.0
2026-01-17 09:45:00,721.5,509.2,13.1,7.4,0.0,0.0
2026-01-17 10:00:00,719.5,508.0,13.0,6.4,0.0,0.0
2026-01-17 10:15:00,719.7,509.3,13.0,6.4,0.0,0.0
2026-01-17 10:30:00,719.8,510.0,13.0,6.4,0.0,0.0
2026-01-17 10:45:00,719.3,509.0,13.0,6.4,0.0,0.0
2026-01-17 11:00:00,719.7,508.0,13.0,5.7,0.0,0.0
2026-01-17 11:15:00,720.2,508.5,12.9,5.7,0.0,0.0
2026-01-17 11:30:00,719.7,508.8,12.9,5.7,0.0,0.0
2026-01-17 11:45:00,719.8,508.0,12.9,5.7,0.0,0.0
2026-01-17 12:00:00,720.5,507.8,12.9,5.8,0.0,0.0
2026-01-17 12:15:00,720.2,509.0,12.9,5.8,0.0,0.0
2026-01-17 12:30:00,720.8,508.3,12.9,5.8,0.0,0.0
2026-01-17 12:45:00,721.0,508.8,12.8,5.8,0.0,0.0
2026-01-17 13:00:00,719.7,509.0,12.8,4.7,0.0,0.0
2026-01-17 13:15:00,720.7,508.8,12.8,4.7,0.0,0.0
2026-01-17 13:30:00,721.5,509.7,12.8,4.7,0.0,0.0
2026-01-17 13:45:00,721.3,508.2,12.8,4.7,0.0,0.0
2026-01-17 14:00:00,721.7,509.5,12.8,4.5,0.0,0.0
2026-01-17 14:15:00,722.3,511.2,12.77,4.5,0.0,0.0
2026-01-17 14:30:00,724.0,508.8,12.7,4.5,0.0,0.0
2026-01-17 14:45:00,725.5,509.0,12.7,4.5,0.0,0.0
2026-01-17 15:00:00,724.8,508.7,12.7,4.7,0.0,0.0
2026-01-17 15:15:00,728.3,510.0,12.7,4.7,0.0,0.0
2026-01-17 15:30:00,728.8,508.0,12.7,4.7,0.0,0.0
2026-01-17 15:45:00,730.8,507.0,12.7,4.7,0.0,0.0
2026-01-17 16:00:00,728.8,507.5,12.7,5.2,0.0,15.0
2026-01-17 16:15:00,727.5,508.5,12.7,5.2,0.0,15.0
2026-01-17 16:30:00,726.2,508.3,12.7,5.2,0.0,15.0
2026-01-17 16:45:00,726.5,509.2,12.7,5.2,0.0,15.0
2026-01-17 17:00:00,726.3,509.5,12.7,7.6,0.0,129.0
2026-01-17 17:15:00,726.2,509.2,12.7,7.6,0.0,129.0
2026-01-17 17:30:00,726.3,508.8,12.7,7.6,0.0,129.0
2026-01-17 17:45:00,725.3,508.5,12.8,7.6,0.0,129.0
2026-01-17 18:00:00,727.0,510.2,12.8,10.9,0.0,294.0
2026-01-17 18:15:00,726.7,509.3,12.8,10.9,0.0,294.0
2026-01-17 18:30:00,726.8,508.7,12.8,10.9,0.0,294.0
2026-01-17 18:45:00,726.7,509.0,12.9,10.9,0.0,294.0
2026-01-17 19:00:00,726.5,510.0,12.9,13.5,0.0,423.0
2026-01-17 19:15:00,726.3,508.8,13.0,13.5,0.0,423.0
2026-01-17 19:30:00,726.8,508.7,13.0,13.5,0.0,423.0
2026-01-17 19:45:00,728.2,507.7,13.1,13.5,0.0,423.0
2026-01-17 20:00:00,727.7,507.7,13.1,15.2,0.0,513.0
2026-01-17 20:15:00,727.3,507.2,13.2,15.2,0.0,513.0
2026-01-17 20:30:00,727.3,507.8,13.2,15.2,0.0,513.0
2026-01-17 20:45:00,728.2,508.2,13.2,15.2,0.0,513.0
2026-01-17 21:00:00,727.8,508.5,13.3,15.8,0.0,503.0
2026-01-17 21:15:00,727.7,507.5,13.3,15.8,0.0,503.0
2026-01-17 21:30:00,726.5,508.5,13.4,15.8,0.0,503.0
2026-01-17 21:45:00,727.8,508.7,13.4,15.8,0.0,503.0
2026-01-17 22:00:00,728.3,509.2,13.5,16.1,0.0,465.0
2026-01-17 22:15:00,729.5,509.3,13.5,16.1,0.0,465.0
2026-01-17 22:30:00,730.5,509.8,13.6,16.1,0.0,465.0
2026-01-17 22:45:00,729.5,508.5,13.6,16.1,0.0,465.0
2026-01-17 23:00:00,729.8,508.8,13.6,15.8,0.0,361.0
2026-01-17 23:15:00,729.8,508.8,13.6,15.8,0.0,361.0
2026-01-17 23:30:00,729.8,508.5,13.6,15.8,0.0,361.0
2026-01-17 23:45:00,729.5,510.3,13.62,15.8,0.0,361.0
2026-01-18 00:00:00,728.8,508.5,13.7,15.0,0.0,219.0
2026-01-18 00:15:00,729.0,507.2,13.7,15.0,0.0,219.0
2026-01-18 00:30:00,729.0,511.7,13.7,15.0,0.0,219.0
2026-01-18 00:45:00,728.7,508.7,13.7,15.0,0.0,219.0
2026-01-18 01:00:00,729.0,510.0,13.7,12.6,0.0,66.0
2026-01-18 01:15:00,729.5,508.5,13.7,12.6,0.0,66.0
2026-01-18 01:30:00,729.5,509.0,13.7,12.6,0.0,66.0
2026-01-18 01:45:00,729.8,508.7,13.7,12.6,0.0,66.0
2026-01-18 02:00:00,729.8,509.7,13.7,10.2,0.0,1.0
2026-01-18 02:15:00,730.0,509.0,13.7,10.2,0.0,1.0
2026-01-18 02:30:00,730.7,508.8,13.7,10.2,0.0,1.0
2026-01-18 02:45:00,730.3,507.7,13.7,10.2,0.0,1.0
2026-01-18 03:00:00,730.7,508.3,13.7,8.8,0.0,0.0
2026-01-18 03:15:00,730.2,508.5,13.6,8.8,0.0,0.0
2026-01-18 03:30:00,730.2,509.5,13.6,8.8,0.0,0.0
2026-01-18 03:45:00,730.7,508.8,13.6,8.8,0.0,0.0
2026-01-18 04:00:00,730.3,509.3,13.6,8.0,0.0,0.0
2026-01-18 04:15:00,729.8,507.5,13.6,8.0,0.0,0.0
2026-01-18 04:30:00,729.8,507.7,13.5,8.0,0.0,0.0
2026-01-18 04:45:00,730.2,508.3,13.5,8.0,0.0,0.0
2026-01-18 05:00:00,730.3,507.5,13.5,7.4,0.0,0.0
2026-01-18 05:15:00,730.3,508.2,13.5,7.4,0.0,0.0
2026-01-18 05:30:00,730.7,509.0,13.5,7.4,0.0,0.0
2026-01-18 05:45:00,730.5,511.0,13.5,7.4,0.0,0.0
2026-01-18 06:00:00,730.2,508.2,13.4,7.4,0.0,0.0
2026-01-18 06:15:00,730.7,508.3,13.4,7.4,0.0,0.0
2026-01-18 06:30:00,730.2,507.5,13.4,7.4,0.0,0.0
2026-01-18 06:45:00,730.2,509.0,13.4,7.4,0.0,0.0
2026-01-18 07:00:00,730.2,508.5,13.4,6.8,0.0,0.0
2026-01-18 07:15:00,730.5,507.3,13.37,6.8,0.0,0.0
2026-01-18 07:30:00,730.8,508.5,13.3,6.8,0.0,0.0
2026-01-18 07:45:00,730.5,508.8,13.3,6.8,0.0,0.0
2026-01-18 08:00:00,730.8,508.0,13.3,6.0,0.0,0.0
2026-01-18 08:15:00,730.8,508.3,13.3,6.0,0.0,0.0
2026-01-18 08:30:00,731.5,507.8,13.23,6.0,0.0,0.0
2026-01-18 08:45:00,730.7,508.2,13.2,6.0,0.0,0.0
2026-01-18 09:00:00,731.2,509.2,13.2,5.3,0.0,0.0
2026-01-18 09:15:00,730.5,507.0,13.2,5.3,0.0,0.0
2026-01-18 09:30:00,731.0,506.8,13.2,5.3,0.0,0.0
2026-01-18 09:45:00,731.3,507.3,13.2,5.3,0.0,0.0
2026-01-18 10:00:00,731.2,507.2,13.2,5.1,0.0,0.0
2026-01-18 10:15:00,731.7,505.7,13.15,5.1,0.0,0.0
2026-01-18 10:30:00,731.8,507.5,13.1,5.1,0.0,0.0
2026-01-18 10:45:00,731.8,508.3,13.1,5.1,0.0,0.0
2026-01-18 11:00:00,731.7,510.5,13.1,4.8,0.0,0.0
2026-01-18 11:15:00,731.8,506.8,13.1,4.8,0.0,0.0
2026-01-18 11:30:00,731.8,508.7,13.1,4.8,0.0,0.0
2026-01-18 11:45:00,732.3,507.2,13.1,4.8,0.0,0.0
2026-01-18 12:00:00,731.8,507.7,13.1,5.4,0.0,0.0
2026-01-18 12:15:00,731.8,508.2,13.0,5.4,0.0,0.0
2026-01-18 12:30:00,731.7,507.5,13.0,5.4,0.0,0.0
2026-01-18 12:45:00,731.8,507.3,13.0,5.4,0.0,0.0
2026-01-18 13:00:00,732.8,507.8,13.0,5.1,0.0,0.0
2026-01-18 13:15:00,732.2,507.7,13.0,5.1,0.0,0.0
2026-01-18 13:30:00,732.5,507.8,13.0,5.1,0.0,0.0
2026-01-18 13:45:00,732.7,507.7,13.0,5.1,0.0,0.0
2026-01-18 14:00:00,732.5,508.5,12.9,5.2,0.0,0.0
2026-01-18 14:15:00,733.0,508.2,12.9,5.2,0.0,0.0
2026-01-18 14:30:00,732.2,508.0,12.9,5.2,0.0,0.0
2026-01-18 14:45:00,732.8,507.8,12.9,5.2,0.0,0.0
2026-01-18 15:00:00,732.5,507.2,12.9,5.2,0.0,0.0
2026-01-18 15:15:00,731.3,507.8,12.9,5.2,0.0,0.0
2026-01-18 15:30:00,729.5,507.7,12.9,5.2,0.0,0.0
2026-01-18 15:45:00,734.2,507.2,12.9,5.2,0.0,0.0
2026-01-18 16:00:00,734.3,508.0,12.9,5.2,0.0,16.0
2026-01-18 16:15:00,734.3,511.2,12.9,5.2,0.0,16.0
2026-01-18 16:30:00,735.0,508.5,12.9,5.2,0.0,16.0
2026-01-18 16:45:00,735.3,507.3,12.9,5.2,0.0,16.0
2026-01-18 17:00:00,735.3,507.8,12.9,8.2,0.0,142.0
2026-01-18 17:15:00,734.3,507.8,12.9,8.2,0.0,142.0
2026-01-18 17:30:00,732.5,507.8,12.9,8.2,0.0,142.0
2026-01-18 17:45:00,733.8,507.3,12.9,8.2,0.0,142.0
2026-01-18 18:00:00,734.0,508.7,12.9,10.9,0.0,304.0
2026-01-18 18:15:00,734.0,507.2,13.0,10.9,0.0,304.0
2026-01-18 18:30:00,735.3,507.8,13.0,10.9,0.0,304.0
2026-01-18 18:45:00,735.2,506.3,13.0,10.9,0.0,304.0
2026-01-18 19:00:00,736.3,507.2,13.1,13.9,0.0,437.0
2026-01-18 19:15:00,736.2,506.3,13.1,13.9,0.0,437.0
2026-01-18 19:30:00,735.5,506.0,13.2,13.9,0.0,437.0
2026-01-18 19:45:00,736.3,507.3,13.2,13.9,0.0,437.0
2026-01-18 20:00:00,737.8,507.0,13.3,15.7,0.0,514.0
2026-01-18 20:15:00,738.5,507.2,13.3,15.7,0.0,514.0
2026-01-18 20:30:00,737.8,507.8,13.4,15.7,0.0,514.0
2026-01-18 20:45:00,738.5,505.3,13.4,15.7,0.0,514.0
2026-01-18 21:00:00,738.2,507.5,13.5,16.6,0.0,505.0
2026-01-18 21:15:00,738.7,505.7,13.5,16.6,0.0,505.0
2026-01-18 21:30:00,739.0,510.2,13.6,16.6,0.0,505.0
2026-01-18 21:45:00,738.8,507.2,13.6,16.6,0.0,505.0
2026-01-18 22:00:00,735.2,506.2,13.7,16.5,0.0,433.0
2026-01-18 22:15:00,738.8,505.2,13.7,16.5,0.0,433.0
2026-01-18 22:30:00,738.8,506.3,13.7,16.5,0.0,433.0
2026-01-18 22:45:00,739.0,506.7,13.7,16.5,0.0,433.0
2026-01-18 23:00:00,738.7,506.7,13.8,16.3,0.0,340.0
2026-01-18 23:15:00,737.2,506.8,13.8,16.3,0.0,340.0
2026-01-18 23:30:00,737.2,507.3,13.9,16.3,0.0,340.0
2026-01-18 23:45:00,738.2,506.0,13.9,16.3,0.0,340.0
2026-01-19 00:00:00,739.5,506.3,13.9,16.1,0.0,235.0
2026-01-19 00:15:00,739.7,505.5,13.9,16.1,0.0,235.0
2026-01-19 00:30:00,739.3,506.2,14.0,16.1,0.0,235.0
2026-01-19 00:45:00,739.0,505.8,13.9,16.1,0.0,235.0
2026-01-19 01:00:00,739.0,506.8,13.9,13.2,0.0,90.0
2026-01-19 01:15:00,738.7,507.7,13.9,13.2,0.0,90.0
2026-01-19 01:30:00,737.7,506.0,13.9,13.2,0.0,90.0
2026-01-19 01:45:00,738.5,506.0,13.9,13.2,0.0,90.0
2026-01-19 02:00:00,739.2,506.7,13.9,10.6,0.0,2.0
2026-01-19 02:15:00,738.0,506.7,13.9,10.6,0.0,2.0
2026-01-19 02:30:00,737.8,505.3,13.8,10.6,0.0,2.0
2026-01-19 02:45:00,738.5,506.3,13.8,10.6,0.0,2.0
2026-01-19 03:00:00,738.0,507.2,13.8,9.1,0.0,0.0
2026-01-19 03:15:00,738.0,506.8,13.8,9.1,0.0,0.0
2026-01-19 03:30:00,738.7,506.5,13.8,9.1,0.0,0.0
2026-01-19 03:45:00,738.0,506.0,13.7,9.1,0.0,0.0
2026-01-19 04:00:00,738.0,505.8,13.7,8.5,0.0,0.0
2026-01-19 04:15:00,738.7,507.3,13.7,8.5,0.0,0.0
2026-01-19 04:30:00,737.8,507.3,13.7,8.5,0.0,0.0
2026-01-19 04:45:00,737.5,506.7,13.6,8.5,0.0,0.0
2026-01-19 05:00:00,737.2,507.2,13.6,8.1,0.0,0.0
2026-01-19 05:15:00,737.0,506.3,13.6,8.1,0.0,0.0
2026-01-19 05:30:00,737.7,506.2,13.6,8.1,0.0,0.0
2026-01-19 05:45:00,736.8,507.0,13.5,8.1,0.0,0.0
2026-01-19 06:00:00,737.5,506.3,13.5,7.1,0.0,0.0
2026-01-19 06:15:00,737.8,507.3,13.5,7.1,0.0,0.0
2026-01-19 06:30:00,737.0,508.3,13.5,7.1,0.0,0.0
2026-01-19 06:45:00,736.0,506.0,13.45,7.1,0.0,0.0
2026-01-19 07:00:00,736.2,506.3,13.4,7.3,0.0,0.0
2026-01-19 07:15:00,736.7,506.2,13.4,7.3,0.0,0.0
2026-01-19 07:30:00,736.5,506.7,13.4,7.3,0.0,0.0
2026-01-19 07:45:00,738.3,505.7,13.3,7.3,0.0,0.0
2026-01-19 08:00:00,740.0,506.5,13.3,7.1,0.0,0.0
2026-01-19 08:15:00,740.5,510.3,13.3,7.1,0.0,0.0
2026-01-19 08:30:00,741.0,507.7,13.3,7.1,0.0,0.0
2026-01-19 08:45:00,738.7,507.2,13.2,7.1,0.0,0.0
2026-01-19 09:00:00,737.7,508.8,13.2,7.0,0.0,0.0
2026-01-19 09:15:00,737.5,507.5,13.2,7.0,0.0,0.0
2026-01-19 09:30:00,737.3,508.2,13.2,7.0,0.0,0.0
2026-01-19 09:45:00,737.2,508.0,13.2,7.0,0.0,0.0
2026-01-19 10:00:00,737.5,508.0,13.1,7.1,0.0,0.0
2026-01-19 10:15:00,736.5,508.0,13.1,7.1,0.0,0.0
2026-01-19 10:30:00,736.7,507.7,13.1,7.1,0.0,0.0
2026-01-19 10:45:00,737.3,507.0,13.1,7.1,0.0,0.0
2026-01-19 11:00:00,737.0,507.3,13.1,7.1,0.0,0.0
2026-01-19 11:15:00,738.5,505.7,13.1,7.1,0.0,0.0
2026-01-19 11:30:00,737.0,507.3,13.0,7.1,0.0,0.0
2026-01-19 11:45:00,738.5,507.0,13.0,7.1,0.0,0.0
2026-01-19 12:00:00,737.8,509.2,13.0,6.7,0.0,0.0
2026-01-19 12:15:00,738.8,508.2,13.0,6.7,0.0,0.0
2026-01-19 12:30:00,739.0,507.5,13.0,6.7,0.0,0.0
2026-01-19 12:45:00,739.2,508.0,12.9,6.7,0.0,0.0
2026-01-19 13:00:00,738.8,507.0,12.9,5.6,0.0,0.0
2026-01-19 13:15:00,738.7,508.7,12.9,5.6,0.0,0.0
2026-01-19 13:30:00,739.3,510.0,12.9,5.6,0.0,0.0
2026-01-19 13:45:00,738.7,508.8,12.9,5.6,0.0,0.0
2026-01-19 14:00:00,739.3,508.5,12.9,4.7,0.0,0.0
2026-01-19 14:15:00,740.0,507.8,12.8,4.7,0.0,0.0
2026-01-19 14:30:00,739.7,507.8,12.8,4.7,0.0,0.0
2026-01-19 14:45:00,739.2,509.3,12.8,4.7,0.0,0.0
2026-01-19 15:00:00,738.8,507.2,12.8,4.5,0.0,0.0
2026-01-19 15:15:00,738.8,507.2,12.8,4.5,0.0,0.0
2026-01-19 15:30:00,739.8,509.0,12.73,4.5,0.0,0.0
2026-01-19 15:45:00,739.2,507.7,12.7,4.5,0.0,0.0
2026-01-19 16:00:00,738.7,518.5,12.7,4.6,0.0,15.0
2026-01-19 16:15:00,737.8,516.0,12.7,4.6,0.0,15.0
2026-01-19 16:30:00,739.0,509.8,12.7,4.6,0.0,15.0
2026-01-19 16:45:00,739.3,507.8,12.7,4.6,0.0,15.0
2026-01-19 17:00:00,739.3,506.8,12.7,7.7,0.0,125.0
2026-01-19 17:15:00,738.8,506.7,12.7,7.7,0.0,125.0
2026-01-19 17:30:00,739.0,506.0,12.7,7.7,0.0,125.0
2026-01-19 17:45:00,738.7,506.3,12.7,7.7,0.0,125.0
2026-01-19 18:00:00,738.7,506.5,12.7,10.5,0.0,261.0
2026-01-19 18:15:00,738.8,506.7,12.7,10.5,0.0,261.0
2026-01-19 18:30:00,738.8,505.8,12.8,10.5,0.0,261.0
2026-01-19 18:45:00,739.0,506.5,12.8,10.5,0.0,261.0
2026-01-19 19:00:00,740.8,509.5,12.88,13.3,0.0,406.0
2026-01-19 19:15:00,741.5,507.8,12.9,13.3,0.0,406.0
2026-01-19 19:30:00,743.8,506.5,12.9,13.3,0.0,406.0
2026-01-19 19:45:00,744.5,506.8,13.0,13.3,0.0,406.0
2026-01-19 20:00:00,746.2,506.5,13.0,14.8,0.0,511.0
2026-01-19 20:15:00,748.8,506.0,13.1,14.8,0.0,511.0
2026-01-19 20:30:00,748.8,506.8,13.1,14.8,0.0,511.0
2026-01-19 20:45:00,750.3,506.3,13.2,14.8,0.0,511.0
2026-01-19 21:00:00,751.2,506.2,13.2,15.1,0.0,535.0
2026-01-19 21:15:00,751.2,508.0,13.3,15.1,0.0,535.0
2026-01-19 21:30:00,751.7,509.8,13.3,15.1,0.0,535.0
2026-01-19 21:45:00,752.3,507.5,13.4,15.1,0.0,535.0
2026-01-19 22:00:00,752.7,505.8,13.4,15.0,0.0,499.0
2026-01-19 22:15:00,753.2,505.3,13.5,15.0,0.0,499.0
2026-01-19 22:30:00,754.2,505.2,13.5,15.0,0.0,499.0
2026-01-19 22:45:00,754.7,506.7,13.5,15.0,0.0,499.0
2026-01-19 23:00:00,754.2,505.2,13.5,14.7,0.0,397.0
2026-01-19 23:15:00,754.7,506.2,13.6,14.7,0.0,397.0
2026-01-19 23:30:00,754.7,507.0,13.6,14.7,0.0,397.0
2026-01-19 23:45:00,750.3,507.2,13.6,14.7,0.0,397.0
2026-01-20 00:00:00,755.8,505.8,13.7,15.0,0.0,257.0
2026-01-20 00:15:00,755.3,506.7,13.7,15.0,0.0,257.0
2026-01-20 00:30:00,758.3,507.0,13.7,15.0,0.0,257.0
2026-01-20 00:45:00,759.8,505.8,13.7,15.0,0.0,257.0
2026-01-20 01:00:00,760.8,506.0,13.7,12.0,0.0,95.0
2026-01-20 01:15:00,761.2,505.3,13.7,12.0,0.0,95.0
2026-01-20 01:30:00,763.0,506.0,13.7,12.0,0.0,95.0
2026-01-20 01:45:00,762.7,506.5,13.7,12.0,0.0,95.0
2026-01-20 02:00:00,763.2,506.2,13.7,9.5,0.0,2.0
2026-01-20 02:15:00,763.7,507.0,13.7,9.5,0.0,2.0
2026-01-20 02:30:00,764.5,506.7,13.6,9.5,0.0,2.0
2026-01-20 02:45:00,765.5,506.5,13.6,9.5,0.0,2.0
2026-01-20 03:00:00,765.5,506.0,13.6,8.2,0.0,0.0
2026-01-20 03:15:00,765.7,505.2,13.6,8.2,0.0,0.0
2026-01-20 03:30:00,765.3,504.8,13.5,8.2,0.0,0.0
2026-01-20 03:45:00,765.0,505.5,13.5,8.2,0.0,0.0
2026-01-20 04:00:00,764.3,505.3,13.5,7.4,0.0,0.0
2026-01-20 04:15:00,762.7,505.0,13.4,7.4,0.0,0.0
2026-01-20 04:30:00,762.3,504.2,13.4,7.4,0.0,0.0
2026-01-20 04:45:00,761.8,505.2,13.4,7.4,0.0,0.0
2026-01-20 05:00:00,761.5,505.2,13.3,7.0,0.0,0.0
2026-01-20 05:15:00,761.0,505.0,13.3,7.0,0.0,0.0
2026-01-20 05:30:00,760.3,504.5,13.3,7.0,0.0,0.0
2026-01-20 05:45:00,760.7,505.2,13.2,7.0,0.0,0.0
2026-01-20 06:00:00,760.3,506.3,13.2,7.0,0.0,0.0
2026-01-20 06:15:00,759.7,504.2,13.2,7.0,0.0,0.0
2026-01-20 06:30:00,759.5,504.3,13.2,7.0,0.0,0.0
2026-01-20 06:45:00,759.0,504.5,13.18,7.0,0.0,0.0
2026-01-20 07:00:00,758.5,504.7,13.1,6.7,0.0,0.0
2026-01-20 07:15:00,757.3,504.7,13.1,6.7,0.0,0.0
2026-01-20 07:30:00,757.8,504.5,13.1,6.7,0.0,0.0
2026-01-20 07:45:00,757.0,506.8,13.1,6.7,0.0,0.0
2026-01-20 08:00:00,757.0,504.2,13.0,5.9,0.0,0.0
2026-01-20 08:15:00,756.7,504.8,13.0,5.9,0.0,0.0
2026-01-20 08:30:00,756.5,504.7,13.0,5.9,0.0,0.0
2026-01-20 08:45:00,756.8,504.8,13.0,5.9,0.0,0.0
2026-01-20 09:00:00,756.8,504.2,13.0,5.6,0.0,0.0
2026-01-20 09:15:00,756.5,505.2,12.9,5.6,0.0,0.0
2026-01-20 09:30:00,753.7,505.2,12.9,5.6,0.0,0.0
2026-01-20 09:45:00,756.3,506.3,12.9,5.6,0.0,0.0
2026-01-20 10:00:00,756.2,504.5,12.9,5.4,0.0,0.0
2026-01-20 10:15:00,755.8,504.7,12.82,5.4,0.0,0.0
2026-01-20 10:30:00,756.0,504.2,12.8,5.4,0.0,0.0
2026-01-20 10:45:00,755.7,504.3,12.8,5.4,0.0,0.0
2026-01-20 11:00:00,755.7,504.7,12.8,5.5,0.0,0.0
2026-01-20 11:15:00,755.3,505.3,12.7,5.5,0.0,0.0
2026-01-20 11:30:00,755.5,506.2,12.7,5.5,0.0,0.0
2026-01-20 11:45:00,755.0,505.3,12.7,5.5,0.0,0.0
2026-01-20 12:00:00,755.0,505.0,12.7,5.6,0.0,0.0
2026-01-20 12:15:00,754.7,504.2,12.7,5.6,0.0,0.0
2026-01-20 12:30:00,754.5,505.0,12.7,5.6,0.0,0.0
2026-01-20 12:45:00,754.8,505.2,12.7,5.6,0.0,0.0
2026-01-20 13:00:00,754.5,504.3,12.6,5.2,0.0,0.0
2026-01-20 13:15:00,754.5,504.8,12.6,5.2,0.0,0.0
2026-01-20 13:30:00,755.2,504.8,12.6,5.2,0.0,0.0
2026-01-20 13:45:00,755.5,505.3,12.6,5.2,0.0,0.0
2026-01-20 14:00:00,755.3,505.0,12.6,4.9,0.0,0.0
2026-01-20 14:15:00,755.0,505.3,12.6,4.9,0.0,0.0
2026-01-20 14:30:00,754.7,504.2,12.6,4.9,0.0,0.0
2026-01-20 14:45:00,755.0,505.0,12.6,4.9,0.0,0.0
2026-01-20 15:00:00,755.0,505.3,12.6,5.1,0.0,0.0
2026-01-20 15:15:00,754.7,505.0,12.5,5.1,0.0,0.0
2026-01-20 15:30:00,754.7,504.3,12.5,5.1,0.0,0.0
2026-01-20 15:45:00,754.5,504.8,12.5,5.1,0.0,0.0
2026-01-20 16:00:00,754.2,502.8,12.5,5.1,0.0,14.0
2026-01-20 16:15:00,753.8,504.5,12.5,5.1,0.0,14.0
2026-01-20 16:30:00,754.3,504.8,12.5,5.1,0.0,14.0
2026-01-20 16:45:00,754.3,504.7,12.5,5.1,0.0,14.0
2026-01-20 17:00:00,754.5,507.2,12.5,7.2,0.0,106.0
2026-01-20 17:15:00,754.3,503.3,12.5,7.2,0.0,106.0
2026-01-20 17:30:00,753.8,504.2,12.5,7.2,0.0,106.0
2026-01-20 17:45:00,754.3,503.3,12.5,7.2,0.0,106.0
2026-01-20 18:00:00,754.7,502.8,12.6,9.2,0.0,251.0
2026-01-20 18:15:00,755.0,504.0,12.6,9.2,0.0,251.0
2026-01-20 18:30:00,755.0,504.7,12.6,9.2,0.0,251.0
2026-01-20 18:45:00,755.3,506.5,12.6,9.2,0.0,251.0
2026-01-20 19:00:00,755.5,506.0,12.7,11.3,0.0,378.0
2026-01-20 19:15:00,755.5,505.5,12.7,11.3,0.0,378.0
2026-01-20 19:30:00,755.5,505.2,12.8,11.3,0.0,378.0
2026-01-20 19:45:00,755.5,504.3,12.8,11.3,0.0,378.0
2026-01-20 20:00:00,755.5,505.0,12.8,12.6,0.0,442.0
2026-01-20 20:15:00,755.7,505.7,12.9,12.6,0.0,442.0
2026-01-20 20:30:00,755.3,504.5,12.9,12.6,0.0,442.0
2026-01-20 20:45:00,756.0,504.7,12.9,12.6,0.0,442.0
2026-01-20 21:00:00,755.2,504.7,13.0,13.8,0.0,457.0
2026-01-20 21:15:00,755.8,504.2,13.0,13.8,0.0,457.0
2026-01-20 21:30:00,755.7,505.0,13.1,13.8,0.0,457.0
2026-01-20 21:45:00,755.2,504.8,13.1,13.8,0.0,457.0
2026-01-20 22:00:00,755.5,504.3,13.1,14.1,0.0,384.0
2026-01-20 22:15:00,755.8,503.0,13.1,14.1,0.0,384.0
2026-01-20 22:30:00,755.2,507.0,13.2,14.1,0.0,384.0
2026-01-20 22:45:00,755.3,504.5,13.2,14.1,0.0,384.0
2026-01-20 23:00:00,755.5,504.8,13.3,13.7,0.0,245.0
2026-01-20 23:15:00,755.0,503.2,13.3,13.7,0.0,245.0
2026-01-20 23:30:00,754.2,502.8,13.3,13.7,0.0,245.0
2026-01-20 23:45:00,757.0,503.2,13.3,13.7,0.0,245.0
2026-01-21 00:00:00,756.5,503.7,13.4,12.8,0.0,94.0
2026-01-21 00:15:00,756.2,504.5,13.4,12.8,0.0,94.0
2026-01-21 00:30:00,756.8,505.8,13.4,12.8,0.0,94.0
2026-01-21 00:45:00,756.5,505.0,13.4,12.8,0.0,94.0
2026-01-21 01:00:00,756.8,505.0,13.4,11.0,0.0,50.0
2026-01-21 01:15:00,756.8,504.8,13.4,11.0,0.0,50.0
2026-01-21 01:30:00,757.0,504.5,13.4,11.0,0.0,50.0
2026-01-21 01:45:00,756.5,504.5,13.4,11.0,0.0,50.0
2026-01-21 02:00:00,756.7,504.3,13.4,9.2,0.0,2.0
2026-01-21 02:15:00,756.8,505.5,13.4,9.2,0.0,2.0
2026-01-21 02:30:00,756.8,504.8,13.4,9.2,0.0,2.0
2026-01-21 02:45:00,757.0,504.2,13.4,9.2,0.0,2.0
2026-01-21 03:00:00,757.3,503.0,13.4,8.4,0.0,0.0
2026-01-21 03:15:00,756.7,504.0,13.4,8.4,0.0,0.0
2026-01-21 03:30:00,757.3,504.3,13.4,8.4,0.0,0.0
2026-01-21 03:45:00,757.2,503.7,13.4,8.4,0.0,0.0
2026-01-21 04:00:00,757.2,507.2,13.3,7.7,0.0,0.0
2026-01-21 04:15:00,756.7,505.2,13.3,7.7,0.0,0.0
2026-01-21 04:30:00,757.8,504.8,13.3,7.7,0.0,0.0
2026-01-21 04:45:00,757.8,505.0,13.3,7.7,0.0,0.0
2026-01-21 05:00:00,758.2,505.8,13.3,7.2,0.0,0.0
2026-01-21 05:15:00,757.7,504.3,13.3,7.2,0.0,0.0
2026-01-21 05:30:00,757.8,504.8,13.3,7.2,0.0,0.0
2026-01-21 05:45:00,758.0,504.7,13.3,7.2,0.0,0.0
2026-01-21 06:00:00,757.5,504.2,13.2,7.0,0.0,0.0
2026-01-21 06:15:00,757.3,505.0,13.2,7.0,0.0,0.0
2026-01-21 06:30:00,757.2,503.7,13.2,7.0,0.0,0.0
2026-01-21 06:45:00,757.5,505.0,13.2,7.0,0.0,0.0
2026-01-21 07:00:00,757.7,505.0,13.2,7.4,0.0,0.0
2026-01-21 07:15:00,757.8,505.8,13.2,7.4,0.0,0.0
2026-01-21 07:30:00,754.0,506.8,13.2,7.4,0.0,0.0
2026-01-21 07:45:00,753.5,506.0,13.2,7.4,0.0,0.0
2026-01-21 08:00:00,753.5,505.2,13.1,7.1,0.0,0.0
2026-01-21 08:15:00,752.5,504.3,13.1,7.1,0.0,0.0
2026-01-21 08:30:00,752.7,504.3,13.1,7.1,0.0,0.0
2026-01-21 08:45:00,753.3,504.8,13.1,7.1,0.0,0.0
2026-01-21 09:00:00,752.8,505.7,13.1,6.7,0.0,0.0
2026-01-21 09:15:00,752.7,504.5,13.1,6.7,0.0,0.0
2026-01-21 09:30:00,753.0,505.8,13.1,6.7,0.0,0.0
2026-01-21 09:45:00,753.0,507.0,13.1,6.7,0.0,0.0
2026-01-21 10:00:00,752.7,506.2,13.1,6.5,0.0,0.0
2026-01-21 10:15:00,752.8,504.7,13.1,6.5,0.0,0.0
2026-01-21 10:30:00,752.3,505.8,13.1,6.5,0.0,0.0
2026-01-21 10:45:00,752.2,505.5,13.1,6.5,0.0,0.0
2026-01-21 11:00:00,752.2,505.7,13.0,6.2,0.0,0.0
2026-01-21 11:15:00,751.8,505.0,13.0,6.2,0.0,0.0
2026-01-21 11:30:00,752.0,506.5,13.0,6.2,0.0,0.0
2026-01-21 11:45:00,751.7,505.3,13.0,6.2,0.0,0.0
2026-01-21 12:00:00,752.0,506.3,13.0,6.4,0.0,0.0
2026-01-21 12:15:00,751.8,505.3,13.0,6.4,0.0,0.0
2026-01-21 12:30:00,752.2,505.2,13.0,6.4,0.0,0.0
2026-01-21 12:45:00,752.3,505.2,12.9,6.4,0.0,0.0
2026-01-21 13:00:00,751.5,504.5,12.9,5.9,0.0,0.0
2026-01-21 13:15:00,751.7,506.3,12.9,5.9,0.0,0.0
2026-01-21 13:30:00,752.0,504.8,12.9,5.9,0.0,0.0
2026-01-21 13:45:00,752.0,505.7,12.9,5.9,0.0,0.0
2026-01-21 14:00:00,752.7,505.5,12.9,5.6,0.0,0.0
2026-01-21 14:15:00,752.7,505.8,12.9,5.6,0.0,0.0
2026-01-21 14:30:00,753.0,505.7,12.8,5.6,0.0,0.0
2026-01-21 14:45:00,752.8,505.3,12.8,5.6,0.0,0.0
2026-01-21 15:00:00,752.3,504.8,12.8,5.1,0.0,0.0
2026-01-21 15:15:00,752.7,508.7,12.8,5.1,0.0,0.0
2026-01-21 15:30:00,751.8,505.7,12.8,5.1,0.0,0.0
2026-01-21 15:45:00,752.3,505.8,12.7,5.1,0.0,0.0
2026-01-21 16:00:00,751.7,506.0,12.7,5.4,0.0,14.0
2026-01-21 16:15:00,751.8,505.2,12.7,5.4,0.0,14.0
2026-01-21 16:30:00,751.7,505.3,12.7,5.4,0.0,14.0
2026-01-21 16:45:00,751.8,505.0,12.7,5.4,0.0,14.0
2026-01-21 17:00:00,751.8,508.2,12.7,8.4,0.0,106.0
2026-01-21 17:15:00,751.8,505.3,12.7,8.4,0.0,106.0
2026-01-21 17:30:00,752.2,506.0,12.7,8.4,0.0,106.0
2026-01-21 17:45:00,752.2,504.7,12.7,8.4,0.0,106.0
2026-01-21 18:00:00,752.7,505.8,12.7,9.7,0.0,179.0
2026-01-21 18:15:00,752.3,505.0,12.7,9.7,0.0,179.0
2026-01-21 18:30:00,752.8,505.0,12.7,9.7,0.0,179.0
2026-01-21 18:45:00,752.5,505.2,12.8,9.7,0.0,179.0
2026-01-21 19:00:00,753.0,505.3,12.8,11.2,0.0,251.0
2026-01-21 19:15:00,752.8,505.0,12.8,11.2,0.0,251.0
2026-01-21 19:30:00,752.7,505.5,12.8,11.2,0.0,251.0
2026-01-21 19:45:00,751.8,505.5,12.8,11.2,0.0,251.0
2026-01-21 20:00:00,751.7,505.2,12.9,12.3,0.0,300.0
2026-01-21 20:15:00,752.2,505.0,12.9,12.3,0.0,300.0
2026-01-21 20:30:00,752.2,505.2,12.9,12.3,0.0,300.0
2026-01-21 20:45:00,752.3,509.3,12.9,12.3,0.0,300.0
2026-01-21 21:00:00,751.8,506.2,13.0,12.9,0.0,288.0
2026-01-21 21:15:00,751.7,505.2,13.0,12.9,0.0,288.0
2026-01-21 21:30:00,750.8,505.2,13.0,12.9,0.0,288.0
2026-01-21 21:45:00,750.8,505.0,13.1,12.9,0.0,288.0
2026-01-21 22:00:00,751.2,504.0,13.1,13.3,0.0,291.0
2026-01-21 22:15:00,751.3,504.8,13.1,13.3,0.0,291.0
2026-01-21 22:30:00,751.5,505.5,13.1,13.3,0.0,291.0
2026-01-21 22:45:00,751.5,504.8,13.1,13.3,0.0,291.0
2026-01-21 23:00:00,751.2,503.8,13.2,13.4,0.0,212.0
2026-01-21 23:15:00,751.3,504.3,13.2,13.4,0.0,212.0
2026-01-21 23:30:00,751.7,505.2,13.2,13.4,0.0,212.0
2026-01-21 23:45:00,752.0,504.0,13.2,13.4,0.0,212.0
2026-01-22 00:00:00,751.8,504.7,13.2,11.9,0.0,84.0
2026-01-22 00:15:00,752.5,504.0,13.3,11.9,0.0,84.0
2026-01-22 00:30:00,751.8,504.8,13.3,11.9,0.0,84.0
2026-01-22 00:45:00,752.5,505.2,13.3,11.9,0.0,84.0
2026-01-22 01:00:00,752.7,504.8,13.3,10.4,0.0,32.0
2026-01-22 01:15:00,752.7,504.8,13.3,10.4,0.0,32.0
2026-01-22 01:30:00,752.7,505.0,13.3,10.4,0.0,32.0
2026-01-22 01:45:00,752.3,505.2,13.3,10.4,0.0,32.0
2026-01-22 02:00:00,752.3,505.3,13.3,9.3,0.0,1.0
2026-01-22 02:15:00,752.3,505.5,13.3,9.3,0.0,1.0
2026-01-22 02:30:00,752.3,507.0,13.3,9.3,0.0,1.0
2026-01-22 02:45:00,752.3,504.2,13.3,9.3,0.0,1.0
2026-01-22 03:00:00,752.3,504.0,13.3,9.1,0.0,0.0
2026-01-22 03:15:00,752.5,503.7,13.3,9.1,0.0,0.0
2026-01-22 03:30:00,752.3,505.0,13.3,9.1,0.0,0.0
2026-01-22 03:45:00,752.3,504.3,13.3,9.1,0.0,0.0
2026-01-22 04:00:00,751.7,503.8,13.3,8.5,0.0,0.0
2026-01-22 04:15:00,751.8,504.8,13.3,8.5,0.0,0.0
2026-01-22 04:30:00,751.8,504.8,13.3,8.5,0.0,0.0
2026-01-22 04:45:00,751.8,504.5,13.3,8.5,0.0,0.0
2026-01-22 05:00:00,751.7,503.7,13.3,8.2,0.0,0.0
2026-01-22 05:15:00,751.5,504.0,13.3,8.2,0.0,0.0
2026-01-22 05:30:00,751.3,505.3,13.3,8.2,0.0,0.0
2026-01-22 05:45:00,750.3,505.3,13.3,8.2,0.0,0.0
2026-01-22 06:00:00,749.8,505.0,13.3,8.0,0.0,0.0
2026-01-22 06:15:00,749.8,506.0,13.3,8.0,0.0,0.0
2026-01-22 06:30:00,749.8,504.8,13.3,8.0,0.0,0.0
2026-01-22 06:45:00,749.8,504.8,13.3,8.0,0.0,0.0
2026-01-22 07:00:00,749.2,506.2,13.3,8.2,0.0,0.0
2026-01-22 07:15:00,749.3,504.8,13.28,8.2,0.0,0.0
2026-01-22 07:30:00,749.2,504.3,13.2,8.2,0.0,0.0
2026-01-22 07:45:00,748.7,504.7,13.2,8.2,0.0,0.0
2026-01-22 08:00:00,748.5,508.2,13.2,8.3,0.0,0.0
2026-01-22 08:15:00,748.3,505.0,13.2,8.3,0.0,0.0
2026-01-22 08:30:00,748.5,504.8,13.2,8.3,0.0,0.0
2026-01-22 08:45:00,748.8,506.0,13.2,8.3,0.0,0.0
2026-01-22 09:00:00,749.0,504.7,13.2,8.2,0.0,0.0
2026-01-22 09:15:00,748.8,505.3,13.2,8.2,0.0,0.0
2026-01-22 09:30:00,749.2,504.7,13.2,8.2,0.0,0.0
2026-01-22 09:45:00,749.8,506.3,13.2,8.2,0.0,0.0
2026-01-22 10:00:00,749.5,505.2,13.2,7.9,0.0,0.0
2026-01-22 10:15:00,749.7,505.0,13.2,7.9,0.0,0.0
2026-01-22 10:30:00,749.7,505.2,13.2,7.9,0.0,0.0
2026-01-22 10:45:00,749.3,504.7,13.2,7.9,0.0,0.0
2026-01-22 11:00:00,750.0,503.7,13.2,7.4,0.0,0.0
2026-01-22 11:15:00,750.0,505.0,13.2,7.4,0.0,0.0
2026-01-22 11:30:00,750.8,505.2,13.2,7.4,0.0,0.0
2026-01-22 11:45:00,750.8,504.3,13.1,7.4,0.0,0.0
2026-01-22 12:00:00,751.0,504.5,13.1,7.2,0.0,0.0
2026-01-22 12:15:00,751.7,501.8,13.1,7.2,0.0,0.0
2026-01-22 12:30:00,752.2,504.3,13.1,7.2,0.0,0.0
2026-01-22 12:45:00,752.3,504.3,13.1,7.2,0.0,0.0
2026-01-22 13:00:00,752.8,504.0,13.1,6.1,0.0,0.0
2026-01-22 13:15:00,752.7,504.7,13.1,6.1,0.0,0.0
2026-01-22 13:30:00,753.3,504.2,13.0,6.1,0.0,0.0
2026-01-22 13:45:00,753.3,506.8,13.0,6.1,0.0,0.0
2026-01-22 14:00:00,754.2,504.7,13.0,6.2,0.0,0.0
2026-01-22 14:15:00,754.2,505.0,13.0,6.2,0.0,0.0
2026-01-22 14:30:00,754.5,504.7,13.0,6.2,0.0,0.0
2026-01-22 14:45:00,754.0,504.5,13.0,6.2,0.0,0.0
2026-01-22 15:00:00,754.0,504.0,12.9,6.1,0.0,0.0
2026-01-22 15:15:00,754.5,504.3,12.9,6.1,0.0,0.0
2026-01-22 15:30:00,754.3,504.2,12.9,6.1,0.0,0.0
2026-01-22 15:45:00,754.2,504.0,12.9,6.1,0.0,0.0
2026-01-22 16:00:00,754.5,503.0,12.9,7.1,0.0,17.0
2026-01-22 16:15:00,754.0,505.0,12.8,7.1,0.0,17.0
2026-01-22 16:30:00,754.7,503.5,12.8,7.1,0.0,17.0
2026-01-22 16:45:00,754.7,503.8,12.8,7.1,0.0,17.0
2026-01-22 17:00:00,754.7,502.8,12.8,9.6,0.0,143.0
2026-01-22 17:15:00,754.7,504.3,12.8,9.6,0.0,143.0
2026-01-22 17:30:00,755.0,505.2,12.8,9.6,0.0,143.0
2026-01-22 17:45:00,754.8,504.7,12.8,9.6,0.0,143.0
2026-01-22 18:00:00,755.0,505.2,12.8,11.4,0.0,261.0
2026-01-22 18:15:00,755.2,505.5,12.9,11.4,0.0,261.0
2026-01-22 18:30:00,755.0,504.3,12.9,11.4,0.0,261.0
2026-01-22 18:45:00,754.8,504.8,12.9,11.4,0.0,261.0
2026-01-22 19:00:00,754.8,504.3,12.9,13.3,0.0,401.0
2026-01-22 19:15:00,755.2,505.2,13.0,13.3,0.0,401.0
2026-01-22 19:30:00,755.3,506.3,13.0,13.3,0.0,401.0
2026-01-22 19:45:00,755.5,505.5,13.0,13.3,0.0,401.0
2026-01-22 20:00:00,755.3,504.7,13.1,14.5,0.0,478.0
2026-01-22 20:15:00,755.3,504.7,13.1,14.5,0.0,478.0
2026-01-22 20:30:00,755.7,503.2,13.2,14.5,0.0,478.0
2026-01-22 20:45:00,755.3,503.8,13.2,14.5,0.0,478.0
2026-01-22 21:00:00,755.3,505.2,13.2,14.9,0.0,523.0
2026-01-22 22:15:00,756.0,503.3,13.4,15.6,0.0,496.0
2026-01-22 23:30:00,755.8,503.5,13.6,15.7,0.0,400.0
2026-01-22 23:45:00,755.0,503.8,13.6,15.7,0.0,400.0
2026-01-23 00:00:00,755.3,504.7,13.6,16.1,0.0,261.0
2026-01-23 00:15:00,755.2,504.3,13.6,16.1,0.0,261.0
2026-01-23 00:30:00,755.2,503.3,13.6,16.1,0.0,261.0
2026-01-23 00:45:00,755.3,504.0,13.6,16.1,0.0,261.0
2026-01-23 01:00:00,755.7,504.0,13.6,13.4,0.0,100.0
2026-01-23 01:15:00,755.5,505.8,13.6,13.4,0.0,100.0
2026-01-23 01:30:00,756.2,505.0,13.6,13.4,0.0,100.0
2026-01-23 01:45:00,756.0,504.5,13.6,13.4,0.0,100.0
2026-01-23 02:00:00,756.2,504.2,13.6,10.8,0.0,3.0
2026-01-23 02:15:00,756.3,503.7,13.6,10.8,0.0,3.0
2026-01-23 02:30:00,756.3,505.0,13.6,10.8,0.0,3.0
2026-01-23 02:45:00,756.7,503.3,13.6,10.8,0.0,3.0
2026-01-23 03:00:00,756.5,504.5,13.6,9.7,0.0,0.0
2026-01-23 03:15:00,756.7,504.0,13.6,9.7,0.0,0.0
2026-01-23 03:30:00,756.8,504.5,13.5,9.7,0.0,0.0
2026-01-23 03:45:00,756.7,504.2,13.5,9.7,0.0,0.0
2026-01-23 04:00:00,756.7,503.7,13.5,9.6,0.0,0.0
2026-01-23 04:15:00,756.8,503.8,13.5,9.6,0.0,0.0
2026-01-23 04:30:00,757.2,502.7,13.5,9.6,0.0,0.0
2026-01-23 04:45:00,756.8,503.8,13.5,9.6,0.0,0.0
2026-01-23 05:00:00,757.0,503.0,13.4,9.1,0.0,0.0
2026-01-23 05:15:00,757.7,503.2,13.4,9.1,0.0,0.0
2026-01-23 05:30:00,757.3,503.0,13.4,9.1,0.0,0.0
2026-01-23 05:45:00,757.0,502.5,13.4,9.1,0.0,0.0
2026-01-23 06:00:00,757.2,503.2,13.4,8.3,0.0,0.0
2026-01-23 06:15:00,757.0,503.2,13.3,8.3,0.0,0.0
2026-01-23 06:30:00,756.8,503.0,13.3,8.3,0.0,0.0
2026-01-23 06:45:00,756.7,503.7,13.3,8.3,0.0,0.0
2026-01-23 07:00:00,757.3,506.5,13.3,8.3,0.0,0.0
2026-01-23 07:15:00,757.2,504.2,13.2,8.3,0.0,0.0
2026-01-23 07:30:00,757.0,504.8,13.2,8.3,0.0,0.0
2026-01-23 07:45:00,757.2,504.0,13.2,8.3,0.0,0.0
2026-01-23 08:00:00,757.3,504.0,13.2,8.5,0.0,0.0
2026-01-23 08:15:00,757.2,504.3,13.2,8.5,0.0,0.0
2026-01-23 08:30:00,757.0,504.3,13.2,8.5,0.0,0.0
2026-01-23 08:45:00,757.7,504.2,13.2,8.5,0.0,0.0
2026-01-23 09:00:00,757.5,506.0,13.2,8.4,0.0,0.0
2026-01-23 09:15:00,757.3,505.0,13.2,8.4,0.0,0.0
2026-01-23 09:30:00,757.5,504.2,13.1,8.4,0.0,0.0
2026-01-23 09:45:00,757.3,504.2,13.1,8.4,0.0,0.0
2026-01-23 10:00:00,757.2,504.0,13.1,8.3,0.0,0.0
2026-01-23 10:15:00,757.7,503.3,13.1,8.3,0.0,0.0
2026-01-23 10:30:00,757.7,504.0,13.1,8.3,0.0,0.0
2026-01-23 10:45:00,757.3,504.2,13.1,8.3,0.0,0.0
2026-01-23 11:00:00,757.5,503.8,13.1,8.7,0.0,0.0
2026-01-23 11:15:00,757.7,504.0,13.1,8.7,0.0,0.0
2026-01-23 11:30:00,757.5,504.0,13.1,8.7,0.0,0.0
2026-01-23 11:45:00,757.2,503.8,13.1,8.7,0.0,0.0
2026-01-23 12:00:00,757.3,504.0,13.1,8.8,0.0,0.0
2026-01-23 12:15:00,757.7,503.3,13.0,8.8,0.0,0.0
2026-01-23 12:30:00,757.3,503.5,13.0,8.8,0.0,0.0
2026-01-23 12:45:00,757.0,505.2,13.0,8.8,0.0,0.0
2026-01-23 13:00:00,756.8,503.7,13.0,9.0,0.0,0.0
2026-01-23 13:15:00,757.0,503.8,13.0,9.0,0.0,0.0
2026-01-23 13:30:00,756.8,503.5,13.0,9.0,0.0,0.0
2026-01-23 13:45:00,757.2,505.0,13.0,9.0,0.0,0.0
2026-01-23 14:00:00,757.2,504.3,13.0,8.8,0.0,0.0
2026-01-23 14:15:00,756.7,503.5,13.0,8.8,0.0,0.0
2026-01-23 14:30:00,756.7,504.7,13.0,8.8,0.0,0.0
2026-01-23 14:45:00,756.5,504.2,13.0,8.8,0.0,0.0
2026-01-23 15:00:00,756.5,503.8,13.0,8.9,0.0,0.0
2026-01-23 15:15:00,756.3,504.0,13.0,8.9,0.0,0.0
2026-01-23 15:30:00,756.5,504.5,13.0,8.9,0.0,0.0
2026-01-23 15:45:00,756.3,504.3,13.0,8.9,0.0,0.0
2026-01-23 16:00:00,756.0,504.8,13.0,8.8,0.0,9.0
2026-01-23 16:15:00,756.0,504.0,13.0,8.8,0.0,9.0
2026-01-23 16:30:00,755.7,504.0,12.98,8.8,0.0,9.0
2026-01-23 16:45:00,756.3,504.7,12.9,8.8,0.0,9.0
2026-01-23 17:00:00,755.8,503.8,12.9,9.1,0.0,87.0
2026-01-23 17:15:00,756.3,503.7,12.9,9.1,0.0,87.0
2026-01-23 17:30:00,756.2,505.2,12.9,9.1,0.0,87.0
2026-01-23 17:45:00,756.5,505.5,12.9,9.1,0.0,87.0
2026-01-23 18:00:00,756.5,505.5,12.9,9.8,0.0,201.0
2026-01-23 18:15:00,756.2,504.3,13.0,9.8,0.0,201.0
2026-01-23 18:30:00,756.3,508.0,13.0,9.8,0.0,201.0
2026-01-23 18:45:00,756.3,505.3,13.0,9.8,0.0,201.0
2026-01-23 19:00:00,756.5,504.5,13.0,11.2,0.0,293.0
2026-01-23 19:15:00,756.5,504.2,13.0,11.2,0.0,293.0
2026-01-23 19:30:00,756.5,504.2,13.0,11.2,0.0,293.0
2026-01-23 19:45:00,756.2,505.2,13.1,11.2,0.0,293.0
2026-01-23 20:00:00,756.0,503.2,13.1,11.9,0.0,317.0
2026-01-23 20:15:00,755.8,504.5,13.1,11.9,0.0,317.0
2026-01-23 20:30:00,755.8,505.0,13.1,11.9,0.0,317.0
2026-01-23 20:45:00,755.8,504.3,13.2,11.9,0.0,317.0
2026-01-23 21:00:00,755.7,504.3,13.2,12.5,0.0,346.0
2026-01-23 21:15:00,755.8,503.7,13.2,12.5,0.0,346.0
2026-01-23 21:30:00,755.3,504.0,13.2,12.5,0.0,346.0
2026-01-23 21:45:00,755.2,503.3,13.2,12.5,0.0,346.0
2026-01-23 22:00:00,755.0,503.8,13.2,13.0,0.0,388.0
2026-01-23 22:15:00,755.2,505.2,13.3,13.0,0.0,388.0
2026-01-23 22:30:00,754.8,504.2,13.3,13.0,0.0,388.0
2026-01-23 22:45:00,754.8,503.2,13.3,13.0,0.0,388.0
2026-01-23 23:00:00,755.3,502.7,13.3,12.7,0.0,351.0
2026-01-23 23:15:00,755.0,502.2,13.3,12.7,0.0,351.0
2026-01-23 23:30:00,755.0,503.3,13.3,12.7,0.0,351.0
2026-01-23 23:45:00,754.8,503.2,13.3,12.7,0.0,351.0
2026-01-24 00:00:00,755.2,504.0,13.3,12.0,0.0,265.0
2026-01-24 00:15:00,754.8,505.3,13.3,12.0,0.0,265.0
2026-01-24 00:30:00,755.0,503.2,13.3,12.0,0.0,265.0
2026-01-24 00:45:00,754.8,502.3,13.3,12.0,0.0,265.0
2026-01-24 01:00:00,754.8,502.8,13.3,10.7,0.0,101.0
2026-01-24 01:15:00,754.5,503.5,13.3,10.7,0.0,101.0
2026-01-24 01:30:00,754.7,505.2,13.3,10.7,0.0,101.0
2026-01-24 01:45:00,754.5,504.0,13.3,10.7,0.0,101.0
2026-01-24 02:00:00,754.8,503.0,13.3,8.9,0.0,4.0
2026-01-24 02:15:00,754.8,504.0,13.22,8.9,0.0,4.0
2026-01-24 02:30:00,754.2,504.0,13.2,8.9,0.0,4.0
2026-01-24 02:45:00,754.3,503.3,13.2,8.9,0.0,4.0
2026-01-24 03:00:00,754.0,503.3,13.2,8.3,0.0,0.0
2026-01-24 03:15:00,754.3,503.7,13.2,8.3,0.0,0.0
2026-01-24 03:30:00,754.0,503.5,13.2,8.3,0.0,0.0
2026-01-24 03:45:00,754.3,503.2,13.2,8.3,0.0,0.0
2026-01-24 04:00:00,754.3,502.5,13.12,7.6,0.0,0.0
2026-01-24 04:15:00,753.7,502.5,13.1,7.6,0.0,0.0
2026-01-24 04:30:00,753.5,502.3,13.1,7.6,0.0,0.0
2026-01-24 04:45:00,753.7,502.0,13.1,7.6,0.0,0.0
2026-01-24 05:00:00,753.8,501.7,13.1,7.1,0.0,0.0
2026-01-24 05:15:00,753.8,501.2,13.1,7.1,0.0,0.0
2026-01-24 05:30:00,754.2,503.0,13.1,7.1,0.0,0.0
2026-01-24 05:45:00,754.2,502.5,13.1,7.1,0.0,0.0
2026-01-24 06:00:00,754.5,506.2,13.1,8.2,0.0,0.0
2026-01-24 06:15:00,754.8,504.5,13.0,8.2,0.0,0.0
2026-01-24 06:30:00,754.8,503.7,13.0,8.2,0.0,0.0
2026-01-24 06:45:00,755.2,502.3,13.0,8.2,0.0,0.0
2026-01-24 07:00:00,755.3,502.3,13.0,8.2,0.0,0.0
2026-01-24 07:15:00,754.8,502.0,13.0,8.2,0.0,0.0
2026-01-24 07:30:00,754.8,503.2,13.0,8.2,0.0,0.0
2026-01-24 07:45:00,754.7,503.0,13.0,8.2,0.0,0.0
2026-01-24 08:00:00,754.3,504.3,13.0,8.7,0.0,0.0
2026-01-24 08:15:00,754.3,504.2,13.0,8.7,0.0,0.0
2026-01-24 08:30:00,754.0,503.0,13.0,8.7,0.0,0.0
2026-01-24 08:45:00,754.3,502.3,12.92,8.7,0.0,0.0
2026-01-24 09:00:00,754.7,502.3,12.9,8.8,0.0,0.0
2026-01-24 09:15:00,754.2,503.5,12.9,8.8,0.0,0.0
2026-01-24 09:30:00,753.7,503.2,12.9,8.8,0.0,0.0
2026-01-24 09:45:00,753.3,503.0,12.9,8.8,0.0,0.0
2026-01-24 10:00:00,753.5,505.2,12.9,8.9,0.0,0.0
2026-01-24 10:15:00,753.5,502.5,12.9,8.9,0.0,0.0
2026-01-24 10:30:00,753.2,503.0,12.9,8.9,0.0,0.0
2026-01-24 10:45:00,753.5,503.0,12.9,8.9,0.0,0.0
2026-01-24 11:00:00,753.8,502.7,12.9,8.8,0.0,0.0
2026-01-24 11:15:00,754.2,501.5,12.8,8.8,0.0,0.0
2026-01-24 11:30:00,753.7,502.8,12.8,8.8,0.0,0.0
2026-01-24 11:45:00,753.7,503.0,12.8,8.8,0.0,0.0
2026-01-24 12:00:00,753.5,507.5,12.8,6.8,0.0,0.0
2026-01-24 12:15:00,753.7,502.5,12.8,6.8,0.0,0.0
2026-01-24 12:30:00,753.3,503.5,12.8,6.8,0.0,0.0
2026-01-24 12:45:00,753.7,504.2,12.7,6.8,0.0,0.0
2026-01-24 13:00:00,753.7,504.8,12.7,6.6,0.0,0.0
2026-01-24 13:15:00,753.7,504.5,12.7,6.6,0.0,0.0
2026-01-24 13:30:00,753.5,503.5,12.7,6.6,0.0,0.0
2026-01-24 13:45:00,753.5,504.8,12.6,6.6,0.0,0.0
2026-01-24 14:00:00,753.8,504.3,12.6,6.3,0.0,0.0
2026-01-24 14:15:00,753.8,503.2,12.6,6.3,0.0,0.0
2026-01-24 14:30:00,753.8,503.0,12.6,6.3,0.0,0.0
2026-01-24 14:45:00,753.7,504.8,12.5,6.3,0.0,0.0
2026-01-24 15:00:00,753.7,504.2,12.5,5.8,0.0,0.0
2026-01-24 15:15:00,753.5,503.7,12.5,5.8,0.0,0.0
2026-01-24 15:30:00,753.3,503.5,12.42,5.8,0.0,0.0
2026-01-24 15:45:00,753.0,503.7,12.4,5.8,0.0,0.0
2026-01-24 16:00:00,753.3,503.3,12.4,6.5,0.0,18.0
2026-01-24 16:15:00,753.5,503.7,12.4,6.5,0.0,18.0
2026-01-24 16:30:00,753.3,503.0,12.4,6.5,0.0,18.0
2026-01-24 16:45:00,753.0,502.7,12.3,6.5,0.0,18.0
2026-01-24 17:00:00,753.5,502.5,12.3,9.0,0.0,137.0
2026-01-24 17:15:00,753.5,503.2,12.3,9.0,0.0,137.0
2026-01-24 17:30:00,752.8,502.7,12.3,9.0,0.0,137.0
2026-01-24 17:45:00,752.7,505.3,12.3,9.0,0.0,137.0
2026-01-24 18:00:00,752.5,503.0,12.4,11.3,0.0,312.0
2026-01-24 18:15:00,751.7,502.5,12.4,11.3,0.0,312.0
2026-01-24 18:30:00,753.2,502.2,12.4,11.3,0.0,312.0
2026-01-24 18:45:00,753.3,502.7,12.4,11.3,0.0,312.0
2026-01-24 19:00:00,753.3,502.2,12.5,13.0,0.0,455.0
2026-01-24 19:15:00,753.2,502.3,12.5,13.0,0.0,455.0
2026-01-24 19:30:00,753.0,502.5,12.5,13.0,0.0,455.0
2026-01-24 19:45:00,752.8,502.7,12.5,13.0,0.0,455.0
2026-01-24 20:00:00,753.2,503.7,12.5,14.5,0.0,552.0
2026-01-24 20:15:00,753.0,502.5,12.6,14.5,0.0,552.0
2026-01-24 20:30:00,753.3,502.5,12.6,14.5,0.0,552.0
2026-01-24 20:45:00,753.2,502.7,12.6,14.5,0.0,552.0
2026-01-24 21:00:00,753.3,502.2,12.7,15.7,0.0,579.0
2026-01-24 21:15:00,753.3,503.5,12.7,15.7,0.0,579.0
2026-01-24 21:30:00,753.3,502.0,12.7,15.7,0.0,579.0
2026-01-24 21:45:00,753.3,503.5,12.72,15.7,0.0,579.0
2026-01-24 22:00:00,753.5,502.3,12.8,16.2,0.0,541.0
2026-01-24 22:15:00,753.5,503.7,12.8,16.2,0.0,541.0
2026-01-24 22:30:00,753.5,503.0,12.8,16.2,0.0,541.0
2026-01-24 22:45:00,753.7,502.2,12.8,16.2,0.0,541.0
2026-01-24 23:00:00,753.8,502.0,12.8,16.0,0.0,441.0
2026-01-24 23:15:00,753.7,503.2,12.85,16.0,0.0,441.0
2026-01-24 23:30:00,753.8,502.7,12.9,16.0,0.0,441.0
2026-01-24 23:45:00,753.7,504.2,12.9,16.0,0.0,441.0
2026-01-25 00:00:00,753.8,504.8,12.9,16.2,0.0,291.0
2026-01-25 00:15:00,754.0,502.2,12.9,16.2,0.0,291.0
2026-01-25 00:30:00,753.7,502.8,12.9,16.2,0.0,291.0
2026-01-25 00:45:00,754.3,501.8,12.9,16.2,0.0,291.0
2026-01-25 01:00:00,754.2,502.5,12.9,13.5,0.0,118.0
2026-01-25 01:15:00,754.0,502.8,12.9,13.5,0.0,118.0
2026-01-25 01:30:00,754.3,502.3,12.9,13.5,0.0,118.0
2026-01-25 01:45:00,754.8,502.0,12.9,13.5,0.0,118.0
2026-01-25 02:00:00,754.3,502.3,12.9,10.7,0.0,5.0
2026-01-25 02:15:00,754.5,503.5,12.9,10.7,0.0,5.0
2026-01-25 02:30:00,754.5,501.0,12.9,10.7,0.0,5.0
2026-01-25 02:45:00,754.7,501.0,12.9,10.7,0.0,5.0
2026-01-25 03:00:00,754.3,502.8,12.9,9.5,0.0,0.0
2026-01-25 03:15:00,754.5,503.0,12.9,9.5,0.0,0.0
2026-01-25 03:30:00,754.7,502.7,12.8,9.5,0.0,0.0
2026-01-25 03:45:00,754.5,502.7,12.8,9.5,0.0,0.0
2026-01-25 04:00:00,754.7,503.3,12.8,8.9,0.0,0.0
2026-01-25 04:15:00,754.5,502.7,12.8,8.9,0.0,0.0
2026-01-25 04:30:00,754.5,503.2,12.7,8.9,0.0,0.0
2026-01-25 04:45:00,753.7,501.5,12.7,8.9,0.0,0.0
2026-01-25 05:00:00,754.0,503.0,12.7,8.2,0.0,0.0
2026-01-25 05:15:00,753.7,503.0,12.6,8.2,0.0,0.0
2026-01-25 05:30:00,753.8,502.2,12.6,8.2,0.0,0.0
2026-01-25 05:45:00,754.3,504.3,12.6,8.2,0.0,0.0
2026-01-25 06:00:00,754.3,504.5,12.5,7.3,0.0,0.0
2026-01-25 06:15:00,754.0,502.7,12.5,7.3,0.0,0.0
2026-01-25 06:30:00,754.2,503.7,12.5,7.3,0.0,0.0
2026-01-25 06:45:00,754.5,502.3,12.4,7.3,0.0,0.0
2026-01-25 07:00:00,754.3,502.3,12.4,7.8,0.0,0.0
2026-01-25 07:15:00,754.5,501.5,12.4,7.8,0.0,0.0
2026-01-25 07:30:00,754.5,502.3,12.3,7.8,0.0,0.0
2026-01-25 07:45:00,754.5,502.7,12.3,7.8,0.0,0.0
2026-01-25 08:00:00,754.3,502.8,12.3,8.3,0.0,0.0
2026-01-25 08:15:00,754.7,503.0,12.3,8.3,0.0,0.0
2026-01-25 08:30:00,754.3,502.7,12.2,8.3,0.0,0.0
2026-01-25 08:45:00,754.5,501.7,12.2,8.3,0.0,0.0
2026-01-25 09:00:00,755.0,503.5,12.2,7.0,0.0,0.0
2026-01-25 09:15:00,754.5,503.3,12.2,7.0,0.0,0.0
2026-01-25 09:30:00,755.7,503.2,12.2,7.0,0.0,0.0
2026-01-25 09:45:00,756.0,503.2,12.1,7.0,0.0,0.0
2026-01-25 10:00:00,756.7,503.8,12.1,5.2,0.0,0.0
2026-01-25 10:15:00,756.3,501.7,12.1,5.2,0.0,0.0
2026-01-25 10:30:00,755.8,502.2,12.1,5.2,0.0,0.0
2026-01-25 10:45:00,756.3,502.5,12.0,5.2,0.0,0.0
2026-01-25 11:00:00,756.3,502.3,12.0,3.6,0.0,0.0
2026-01-25 11:15:00,756.3,502.2,12.0,3.6,0.0,0.0
2026-01-25 11:30:00,756.7,502.0,12.0,3.6,0.0,0.0
2026-01-25 11:45:00,756.7,502.5,12.0,3.6,0.0,0.0
2026-01-25 12:00:00,756.5,503.7,12.0,3.5,0.0,0.0
2026-01-25 12:15:00,756.7,502.8,12.0,3.5,0.0,0.0
2026-01-25 12:30:00,756.8,501.7,12.0,3.5,0.0,0.0
2026-01-25 12:45:00,756.5,502.2,12.0,3.5,0.0,0.0
2026-01-25 13:00:00,756.7,501.8,11.9,3.3,0.0,0.0
2026-01-25 13:15:00,756.3,501.8,11.9,3.3,0.0,0.0
2026-01-25 13:30:00,756.8,503.5,11.9,3.3,0.0,0.0
2026-01-25 13:45:00,756.3,503.0,11.9,3.3,0.0,0.0
2026-01-25 14:00:00,756.7,502.3,11.9,3.1,0.0,0.0
2026-01-25 14:15:00,756.5,504.2,11.9,3.1,0.0,0.0
2026-01-25 14:30:00,756.8,503.8,11.9,3.1,0.0,0.0
2026-01-25 14:45:00,756.8,502.5,11.9,3.1,0.0,0.0
2026-01-25 15:00:00,757.5,503.0,11.9,3.0,0.0,0.0
2026-01-25 15:15:00,757.0,501.5,11.9,3.0,0.0,0.0
2026-01-25 15:30:00,757.5,503.8,11.9,3.0,0.0,0.0
2026-01-25 15:45:00,757.7,503.7,11.9,3.0,0.0,0.0
2026-01-25 16:00:00,757.5,503.8,11.9,3.5,0.0,14.0
2026-01-25 16:15:00,756.8,502.5,11.9,3.5,0.0,14.0
2026-01-25 16:30:00,757.2,504.8,11.9,3.5,0.0,14.0
2026-01-25 16:45:00,757.0,503.0,11.9,3.5,0.0,14.0
2026-01-25 17:00:00,757.3,502.2,11.9,5.2,0.0,85.0
2026-01-25 17:15:00,757.2,503.0,11.9,5.2,0.0,85.0
2026-01-25 17:30:00,757.7,503.0,11.9,5.2,0.0,85.0
2026-01-25 17:45:00,757.7,501.8,11.9,5.2,0.0,85.0
2026-01-25 18:00:00,757.3,504.7,11.9,6.9,0.0,150.0
2026-01-25 18:15:00,758.0,503.0,11.9,6.9,0.0,150.0
2026-01-25 18:30:00,758.5,503.8,11.9,6.9,0.0,150.0
2026-01-25 18:45:00,759.3,501.7,11.9,6.9,0.0,150.0
2026-01-25 19:00:00,759.2,502.3,11.9,8.3,0.0,230.0
2026-01-25 19:15:00,759.7,503.0,11.92,8.3,0.0,230.0
2026-01-25 19:30:00,759.0,502.5,12.0,8.3,0.0,230.0
2026-01-25 19:45:00,759.3,502.3,12.0,8.3,0.0,230.0
2026-01-25 20:00:00,759.2,503.0,12.0,9.6,0.0,322.0
2026-01-25 20:15:00,759.3,503.2,12.0,9.6,0.0,322.0
2026-01-25 20:30:00,759.3,504.5,12.1,9.6,0.0,322.0
2026-01-25 20:45:00,759.3,504.7,12.1,9.6,0.0,322.0
2026-01-25 21:00:00,759.2,503.2,12.2,10.5,0.0,376.0
2026-01-25 21:15:00,759.3,503.0,12.2,10.5,0.0,376.0
2026-01-25 21:30:00,759.0,503.3,12.2,10.5,0.0,376.0
2026-01-25 21:45:00,758.8,503.2,12.3,10.5,0.0,376.0
2026-01-25 22:00:00,759.3,503.0,12.3,10.9,0.0,361.0
2026-01-25 22:15:00,759.2,504.2,12.3,10.9,0.0,361.0
2026-01-25 22:30:00,759.2,503.3,12.3,10.9,0.0,361.0
2026-01-25 22:45:00,759.0,504.5,12.4,10.9,0.0,361.0
2026-01-25 23:00:00,758.7,503.5,12.4,11.1,0.0,300.0
2026-01-25 23:15:00,758.8,503.7,12.4,11.1,0.0,300.0
2026-01-25 23:30:00,758.7,503.8,12.4,11.1,0.0,300.0
2026-01-25 23:45:00,759.0,502.2,12.4,11.1,0.0,300.0
2026-01-26 00:00:00,758.7,503.8,12.4,9.8,0.0,141.0
2026-01-26 00:15:00,758.7,506.2,12.5,9.8,0.0,141.0
2026-01-26 00:30:00,759.0,503.7,12.5,9.8,0.0,141.0
2026-01-26 00:45:00,758.3,503.5,12.5,9.8,0.0,141.0
2026-01-26 01:00:00,758.8,503.3,12.5,8.4,0.0,66.0
2026-01-26 01:15:00,758.8,503.3,12.5,8.4,0.0,66.0
2026-01-26 01:30:00,758.5,502.8,12.5,8.4,0.0,66.0
2026-01-26 01:45:00,758.7,503.5,12.5,8.4,0.0,66.0
2026-01-26 02:00:00,758.7,503.2,12.42,6.7,0.0,4.0
2026-01-26 02:15:00,759.2,503.7,12.4,6.7,0.0,4.0
2026-01-26 02:30:00,758.8,502.8,12.4,6.7,0.0,4.0
2026-01-26 02:45:00,758.8,501.5,12.4,6.7,0.0,4.0
2026-01-26 03:00:00,759.3,502.0,12.4,6.1,0.0,0.0
2026-01-26 03:15:00,759.0,502.0,12.4,6.1,0.0,0.0
2026-01-26 03:30:00,759.3,501.5,12.4,6.1,0.0,0.0
2026-01-26 03:45:00,759.3,501.3,12.4,6.1,0.0,0.0
2026-01-26 04:00:00,759.7,500.8,12.4,5.7,0.0,0.0
2026-01-26 04:15:00,759.2,502.0,12.4,5.7,0.0,0.0
2026-01-26 04:30:00,759.7,501.2,12.4,5.7,0.0,0.0
2026-01-26 04:45:00,759.3,503.2,12.37,5.7,0.0,0.0
2026-01-26 05:00:00,759.7,503.7,12.3,5.4,0.0,0.0
2026-01-26 05:15:00,759.5,503.8,12.3,5.4,0.0,0.0
2026-01-26 05:30:00,760.2,502.0,12.3,5.4,0.0,0.0
2026-01-26 05:45:00,759.8,502.5,12.3,5.4,0.0,0.0
2026-01-26 06:00:00,760.3,502.7,12.3,5.3,0.0,0.0
2026-01-26 06:15:00,760.2,501.8,12.3,5.3,0.0,0.0
2026-01-26 06:30:00,759.8,505.0,12.2,5.3,0.0,0.0
2026-01-26 06:45:00,760.3,502.8,12.2,5.3,0.0,0.0
2026-01-26 07:00:00,760.2,503.2,12.2,5.4,0.0,0.0
2026-01-26 07:15:00,759.8,503.8,12.2,5.4,0.0,0.0
2026-01-26 07:30:00,760.2,502.8,12.2,5.4,0.0,0.0
2026-01-26 07:45:00,760.0,502.7,12.2,5.4,0.0,0.0
2026-01-26 08:00:00,760.3,502.8,12.2,5.4,0.0,0.0
2026-01-26 08:15:00,760.0,502.2,12.2,5.4,0.0,0.0
2026-01-26 08:30:00,760.3,503.2,12.2,5.4,0.0,0.0
2026-01-26 08:45:00,760.3,504.2,12.1,5.4,0.0,0.0
2026-01-26 09:00:00,760.3,503.3,12.1,5.1,0.0,0.0
2026-01-26 09:15:00,760.5,502.8,12.1,5.1,0.0,0.0
2026-01-26 09:30:00,760.3,503.8,12.1,5.1,0.0,0.0
2026-01-26 09:45:00,760.5,503.0,12.1,5.1,0.0,0.0
2026-01-26 10:00:00,760.5,504.0,12.1,4.9,0.0,0.0
2026-01-26 10:15:00,760.2,503.2,12.1,4.9,0.0,0.0
2026-01-26 10:30:00,760.3,503.2,12.1,4.9,0.0,0.0
2026-01-26 10:45:00,760.3,502.2,12.1,4.9,0.0,0.0
2026-01-26 11:00:00,760.5,503.3,12.1,4.8,0.0,0.0
2026-01-26 11:15:00,760.0,503.2,12.1,4.8,0.0,0.0
2026-01-26 11:30:00,760.3,503.7,12.1,4.8,0.0,0.0
2026-01-26 11:45:00,760.2,502.7,12.1,4.8,0.0,0.0
2026-01-26 12:00:00,760.2,503.5,12.1,5.2,0.0,0.0
2026-01-26 12:15:00,759.8,503.5,12.1,5.2,0.0,0.0
2026-01-26 12:30:00,759.7,504.0,12.1,5.2,0.0,0.0
2026-01-26 12:45:00,759.5,504.2,12.0,5.2,0.0,0.0
2026-01-26 13:00:00,759.7,503.3,12.0,5.0,0.0,0.0
2026-01-26 13:15:00,759.5,502.8,12.0,5.0,0.0,0.0
2026-01-26 13:30:00,759.3,503.3,12.0,5.0,0.0,0.0
2026-01-26 13:45:00,759.7,504.2,12.0,5.0,0.0,0.0
2026-01-26 14:00:00,759.3,504.3,12.0,4.5,0.0,0.0
2026-01-26 14:15:00,759.5,503.8,12.0,4.5,0.0,0.0
2026-01-26 14:30:00,759.5,503.5,12.0,4.5,0.0,0.0
2026-01-26 14:45:00,759.2,504.2,12.0,4.5,0.0,0.0
2026-01-26 15:00:00,759.3,502.8,12.0,4.2,0.0,0.0
2026-01-26 15:15:00,759.7,503.7,12.0,4.2,0.0,0.0
2026-01-26 15:30:00,759.7,502.3,12.0,4.2,0.0,0.0
2026-01-26 15:45:00,759.5,504.2,12.0,4.2,0.0,0.0
2026-01-26 16:00:00,759.7,502.5,12.0,4.0,0.0,18.0
2026-01-26 16:15:00,759.5,502.8,12.0,4.0,0.0,18.0
2026-01-26 16:30:00,759.3,503.0,11.9,4.0,0.0,18.0
2026-01-26 16:45:00,759.3,503.8,11.9,4.0,0.0,18.0
2026-01-26 17:00:00,758.8,502.7,11.9,5.6,0.0,127.0
2026-01-26 17:15:00,759.2,502.3,11.9,5.6,0.0,127.0
2026-01-26 17:30:00,759.2,502.2,11.9,5.6,0.0,127.0
2026-01-26 17:45:00,758.8,502.5,12.0,5.6,0.0,127.0
2026-01-26 18:00:00,758.8,502.7,12.0,7.7,0.0,279.0
2026-01-26 18:15:00,758.8,501.8,12.0,7.7,0.0,279.0
2026-01-26 18:30:00,758.7,502.3,12.0,7.7,0.0,279.0
2026-01-26 18:45:00,758.8,503.0,12.1,7.7,0.0,279.0
2026-01-26 19:00:00,758.7,505.2,12.1,10.6,0.0,426.0
2026-01-26 19:15:00,759.0,502.7,12.1,10.6,0.0,426.0
2026-01-26 19:30:00,758.7,503.3,12.2,10.6,0.0,426.0
2026-01-26 19:45:00,758.8,503.3,12.2,10.6,0.0,426.0
2026-01-26 20:00:00,758.7,502.8,12.2,12.7,0.0,553.0
2026-01-26 20:15:00,758.5,502.2,12.3,12.7,0.0,553.0
2026-01-26 20:30:00,758.5,501.8,12.3,12.7,0.0,553.0
2026-01-26 20:45:00,758.2,501.7,12.4,12.7,0.0,553.0
2026-01-26 21:00:00,757.5,501.2,12.4,14.1,0.0,573.0
2026-01-26 21:15:00,757.5,503.0,12.4,14.1,0.0,573.0
2026-01-26 21:30:00,757.3,501.2,12.5,14.1,0.0,573.0
2026-01-26 21:45:00,757.8,502.2,12.5,14.1,0.0,573.0
2026-01-26 22:00:00,757.8,501.3,12.6,14.7,0.0,531.0
2026-01-26 22:15:00,758.0,502.7,12.6,14.7,0.0,531.0
2026-01-26 22:30:00,757.8,502.2,12.6,14.7,0.0,531.0
2026-01-26 22:45:00,757.8,502.8,12.7,14.7,0.0,531.0
2026-01-26 23:00:00,757.8,502.0,12.7,14.6,0.0,425.0
2026-01-26 23:15:00,758.0,501.7,12.7,14.6,0.0,425.0
2026-01-26 23:30:00,758.0,502.7,12.8,14.6,0.0,425.0
2026-01-26 23:45:00,758.2,501.0,12.8,14.6,0.0,425.0
2026-01-27 00:00:00,757.7,502.7,12.8,13.8,0.0,284.0
2026-01-27 00:15:00,758.0,503.2,12.8,13.8,0.0,284.0
2026-01-27 00:30:00,758.3,501.8,12.9,13.8,0.0,284.0
2026-01-27 00:45:00,758.0,502.8,12.9,13.8,0.0,284.0
2026-01-27 01:00:00,758.2,501.8,12.9,11.5,0.0,114.0
2026-01-27 01:15:00,758.3,504.8,12.9,11.5,0.0,114.0
2026-01-27 01:30:00,758.3,501.5,12.9,11.5,0.0,114.0
2026-01-27 01:45:00,758.5,502.3,12.9,11.5,0.0,114.0
2026-01-27 02:00:00,758.3,501.0,12.9,8.9,0.0,6.0
2026-01-27 02:15:00,758.7,502.0,12.9,8.9,0.0,6.0
2026-01-27 02:30:00,758.5,503.0,12.9,8.9,0.0,6.0
2026-01-27 02:45:00,758.7,503.3,12.9,8.9,0.0,6.0
2026-01-27 03:00:00,758.3,503.0,12.9,7.3,0.0,0.0
2026-01-27 03:15:00,759.2,502.7,12.9,7.3,0.0,0.0
2026-01-27 03:30:00,758.8,501.5,12.9,7.3,0.0,0.0
2026-01-27 03:45:00,758.3,501.7,12.8,7.3,0.0,0.0
2026-01-27 04:00:00,758.8,503.0,12.8,6.3,0.0,0.0
2026-01-27 04:15:00,759.2,501.5,12.8,6.3,0.0,0.0
2026-01-27 04:30:00,759.2,502.7,12.8,6.3,0.0,0.0
2026-01-27 04:45:00,758.8,502.0,12.8,6.3,0.0,0.0
2026-01-27 05:00:00,759.2,501.2,12.7,5.8,0.0,0.0
2026-01-27 05:15:00,759.3,502.2,12.7,5.8,0.0,0.0
2026-01-27 05:30:00,759.0,501.5,12.7,5.8,0.0,0.0
2026-01-27 05:45:00,759.0,502.8,12.7,5.8,0.0,0.0
2026-01-27 06:00:00,759.5,502.3,12.62,5.5,0.0,0.0
2026-01-27 06:30:00,759.2,502.3,12.6,5.5,0.0,0.0
2026-01-27 06:45:00,759.5,504.0,12.6,5.5,0.0,0.0
2026-01-27 07:00:00,759.3,501.8,12.6,5.1,0.0,0.0
2026-01-27 07:15:00,759.2,502.3,12.5,5.1,0.0,0.0
2026-01-27 07:30:00,759.5,506.0,12.5,5.1,0.0,0.0
2026-01-27 07:45:00,759.5,503.2,12.5,5.1,0.0,0.0
2026-01-27 08:00:00,759.7,502.5,12.5,4.8,0.0,0.0
2026-01-27 08:15:00,759.8,502.5,12.4,4.8,0.0,0.0
2026-01-27 08:30:00,759.3,501.8,12.4,4.8,0.0,0.0
2026-01-27 08:45:00,759.5,504.2,12.4,4.8,0.0,0.0
2026-01-27 09:15:00,759.5,503.2,12.4,4.7,0.0,0.0
2026-01-27 09:30:00,759.3,503.3,12.35,4.7,0.0,0.0
2026-01-27 09:45:00,759.5,503.3,12.3,4.7,0.0,0.0
2026-01-27 10:00:00,759.8,503.8,12.3,4.5,0.0,0.0
2026-01-27 10:15:00,759.3,503.2,12.3,4.5,0.0,0.0
2026-01-27 10:30:00,759.7,502.0,12.3,4.5,0.0,0.0
2026-01-27 10:45:00,760.0,501.0,12.25,4.5,0.0,0.0
2026-01-27 11:00:00,760.3,504.2,12.2,4.7,0.0,0.0
2026-01-27 11:15:00,759.8,503.8,12.2,4.7,0.0,0.0
2026-01-27 11:30:00,760.3,502.3,12.2,4.7,0.0,0.0
2026-01-27 11:45:00,760.3,502.3,12.2,4.7,0.0,0.0
2026-01-27 12:00:00,760.2,502.5,12.2,4.4,0.0,0.0
2026-01-27 12:15:00,760.0,503.3,12.1,4.4,0.0,0.0
2026-01-27 12:30:00,760.5,503.5,12.1,4.4,0.0,0.0
2026-01-27 12:45:00,760.2,502.7,12.1,4.4,0.0,0.0
2026-01-27 13:00:00,760.2,502.3,12.1,3.8,0.0,0.0
2026-01-27 13:15:00,760.3,501.8,12.1,3.8,0.0,0.0
2026-01-27 13:30:00,759.7,502.5,12.1,3.8,0.0,0.0
2026-01-27 13:45:00,760.0,503.0,12.0,3.8,0.0,0.0
2026-01-27 14:00:00,759.8,503.8,12.0,3.7,0.0,0.0
2026-01-27 14:15:00,759.3,502.0,12.0,3.7,0.0,0.0
2026-01-27 14:30:00,759.5,501.2,12.0,3.7,0.0,0.0
2026-01-27 14:45:00,759.8,500.8,12.0,3.7,0.0,0.0
2026-01-27 15:00:00,759.8,501.7,11.9,3.9,0.0,0.0
2026-01-27 15:15:00,759.7,501.8,11.9,3.9,0.0,0.0
2026-01-27 15:30:00,759.8,503.0,11.9,3.9,0.0,0.0
2026-01-27 15:45:00,759.7,501.7,11.9,3.9,0.0,0.0
2026-01-27 16:00:00,759.5,501.8,11.9,4.6,0.0,15.0
2026-01-27 16:15:00,759.5,501.0,11.9,4.6,0.0,15.0
2026-01-27 16:30:00,759.5,502.0,11.9,4.6,0.0,15.0
2026-01-27 16:45:00,759.7,502.0,11.9,4.6,0.0,15.0
2026-01-27 17:00:00,759.7,503.0,11.9,7.1,0.0,114.0
2026-01-27 17:15:00,759.3,502.3,11.9,7.1,0.0,114.0
2026-01-27 17:30:00,759.2,501.8,11.9,7.1,0.0,114.0
2026-01-27 17:45:00,759.2,502.8,11.9,7.1,0.0,114.0
2026-01-27 18:00:00,759.0,503.5,11.9,9.5,0.0,273.0
2026-01-27 18:15:00,759.0,503.2,12.0,9.5,0.0,273.0
2026-01-27 18:30:00,758.7,503.8,12.0,9.5,0.0,273.0
2026-01-27 18:45:00,759.0,502.7,12.05,9.5,0.0,273.0
2026-01-27 19:00:00,759.0,502.0,12.1,12.8,0.0,423.0
2026-01-27 19:15:00,758.8,502.2,12.1,12.8,0.0,423.0
2026-01-27 19:30:00,759.0,502.8,12.2,12.8,0.0,423.0
2026-01-27 19:45:00,759.5,500.7,12.2,12.8,0.0,423.0
2026-01-27 20:00:00,759.0,501.7,12.3,15.1,0.0,541.0
2026-01-27 20:15:00,759.0,504.0,12.3,15.1,0.0,541.0
2026-01-27 20:30:00,759.3,503.0,12.4,15.1,0.0,541.0
2026-01-27 20:45:00,759.0,502.3,12.4,15.1,0.0,541.0
2026-01-27 21:00:00,759.2,501.2,12.4,16.1,0.0,501.0
2026-01-27 21:15:00,759.3,502.7,12.5,16.1,0.0,501.0
2026-01-27 21:30:00,759.3,502.5,12.5,16.1,0.0,501.0
2026-01-27 21:45:00,758.8,502.2,12.5,16.1,0.0,501.0
2026-01-27 22:00:00,759.2,502.3,12.6,15.2,0.0,386.0
2026-01-27 22:15:00,759.5,502.0,12.6,15.2,0.0,386.0
2026-01-27 22:30:00,759.0,501.0,12.6,15.2,0.0,386.0
2026-01-27 22:45:00,759.5,500.8,12.67,15.2,0.0,386.0
2026-01-27 23:00:00,759.3,500.3,12.7,15.2,0.0,269.0
2026-01-27 23:15:00,759.7,500.8,12.7,15.2,0.0,269.0
2026-01-27 23:30:00,759.5,500.2,12.7,15.2,0.0,269.0
2026-01-27 23:45:00,759.8,502.2,12.7,15.2,0.0,269.0
2026-01-28 00:00:00,759.7,501.3,12.8,15.3,0.0,163.0
2026-01-28 00:15:00,759.8,500.2,12.8,15.3,0.0,163.0
2026-01-28 00:30:00,760.0,501.0,12.8,15.3,0.0,163.0
2026-01-28 00:45:00,759.8,501.2,12.8,15.3,0.0,163.0
2026-01-28 01:00:00,760.0,499.3,12.8,14.5,0.0,39.0
2026-01-28 01:15:00,760.2,500.0,12.8,14.5,0.0,39.0
2026-01-28 01:30:00,760.2,500.2,12.9,14.5,0.0,39.0
2026-01-28 01:45:00,760.5,500.5,12.9,14.5,0.0,39.0
2026-01-28 02:00:00,760.3,500.7,12.9,13.5,0.0,4.0
2026-01-28 02:15:00,760.3,500.2,12.9,13.5,0.0,4.0
2026-01-28 02:30:00,760.7,500.8,12.9,13.5,0.0,4.0
2026-01-28 02:45:00,760.7,501.0,12.9,13.5,0.0,4.0
2026-01-28 03:00:00,760.5,500.2,12.9,12.5,0.0,0.0
2026-01-28 03:15:00,760.2,501.0,12.9,12.5,0.0,0.0
2026-01-28 03:30:00,760.7,502.2,12.9,12.5,0.0,0.0
2026-01-28 03:45:00,760.7,505.0,12.9,12.5,0.0,0.0
2026-01-28 04:00:00,760.3,506.0,13.0,12.2,0.175,0.0
2026-01-28 04:15:00,760.7,513.7,13.0,12.2,0.175,0.0
2026-01-28 04:30:00,760.5,511.8,13.0,12.2,0.175,0.0
2026-01-28 04:45:00,760.8,509.2,13.0,12.2,0.175,0.0
2026-01-28 05:00:00,760.7,516.2,13.0,11.7,0.0,0.0
2026-01-28 05:15:00,760.8,514.3,13.1,11.7,0.0,0.0
2026-01-28 05:30:00,760.8,513.0,13.1,11.7,0.0,0.0
2026-01-28 05:45:00,760.2,509.3,13.1,11.7,0.0,0.0
2026-01-28 06:00:00,760.3,509.0,13.1,11.8,0.025,0.0
2026-01-28 06:15:00,760.5,506.2,13.1,11.8,0.025,0.0
2026-01-28 06:30:00,760.2,505.2,13.1,11.8,0.025,0.0
2026-01-28 06:45:00,760.3,504.2,13.1,11.8,0.025,0.0
2026-01-28 07:00:00,760.2,503.2,13.1,11.4,0.0,0.0
2026-01-28 07:15:00,760.5,504.0,13.1,11.4,0.0,0.0
2026-01-28 07:30:00,760.8,504.0,13.1,11.4,0.0,0.0
2026-01-28 07:45:00,760.7,504.5,13.1,11.4,0.0,0.0
2026-01-28 08:00:00,760.7,504.5,13.1,11.7,0.0,0.0
2026-01-28 08:15:00,759.7,504.0,13.1,11.7,0.0,0.0
2026-01-28 08:30:00,760.0,504.2,13.1,11.7,0.0,0.0
2026-01-28 08:45:00,759.7,504.5,13.1,11.7,0.0,0.0
2026-01-28 09:00:00,759.5,506.0,13.1,11.8,0.0,0.0
2026-01-28 09:15:00,758.8,505.2,13.1,11.8,0.0,0.0
2026-01-28 09:30:00,758.7,504.8,13.1,11.8,0.0,0.0
2026-01-28 09:45:00,758.0,505.0,13.1,11.8,0.0,0.0
2026-01-28 10:00:00,757.0,504.8,13.1,11.5,0.075,0.0
2026-01-28 10:15:00,756.2,505.5,13.1,11.5,0.075,0.0
2026-01-28 10:30:00,755.8,506.7,13.1,11.5,0.075,0.0
2026-01-28 10:45:00,754.7,507.7,13.1,11.5,0.075,0.0
2026-01-28 11:00:00,754.8,510.3,13.1,11.1,0.1,0.0
2026-01-28 11:15:00,754.3,509.0,13.2,11.1,0.1,0.0
2026-01-28 11:30:00,753.7,507.3,13.2,11.1,0.1,0.0
2026-01-28 11:45:00,753.3,508.0,13.2,11.1,0.1,0.0
2026-01-28 12:00:00,751.7,507.7,13.2,10.7,0.075,0.0
2026-01-28 12:15:00,751.2,509.7,13.2,10.7,0.075,0.0
2026-01-28 12:30:00,750.8,508.5,13.2,10.7,0.075,0.0
2026-01-28 12:45:00,750.3,508.2,13.2,10.7,0.075,0.0
2026-01-28 13:00:00,750.0,506.3,13.2,10.1,0.0,0.0
2026-01-28 13:15:00,749.5,506.8,13.2,10.1,0.0,0.0
2026-01-28 13:30:00,749.2,505.8,13.2,10.1,0.0,0.0
2026-01-28 13:45:00,748.2,505.8,13.2,10.1,0.0,0.0
2026-01-28 14:00:00,747.7,504.8,13.1,9.7,0.0,0.0
2026-01-28 14:15:00,747.5,503.8,13.1,9.7,0.0,0.0
2026-01-28 14:30:00,746.2,504.3,13.1,9.7,0.0,0.0
2026-01-28 14:45:00,745.7,504.8,13.1,9.7,0.0,0.0
2026-01-28 15:00:00,745.0,504.8,13.1,9.2,0.0,0.0
2026-01-28 15:15:00,744.5,505.0,13.1,9.2,0.0,0.0
2026-01-28 15:30:00,743.5,505.2,13.0,9.2,0.0,0.0
2026-01-28 15:45:00,743.5,503.8,13.0,9.2,0.0,0.0
2026-01-28 16:00:00,743.0,503.3,13.0,8.8,0.0,16.0
2026-01-28 16:15:00,742.5,503.5,13.0,8.8,0.0,16.0
2026-01-28 16:30:00,742.2,503.5,13.0,8.8,0.0,16.0
2026-01-28 16:45:00,741.8,503.3,13.0,8.8,0.0,16.0
2026-01-28 17:00:00,741.3,503.3,13.0,11.1,0.0,136.0
2026-01-28 17:15:00,740.7,503.0,13.0,11.1,0.0,136.0
2026-01-28 17:30:00,739.7,503.8,13.0,11.1,0.0,136.0
2026-01-28 17:45:00,739.0,502.2,13.0,11.1,0.0,136.0
2026-01-28 18:00:00,738.2,502.3,13.0,13.4,0.0,298.0
2026-01-28 18:15:00,737.3,502.3,13.0,13.4,0.0,298.0
2026-01-28 18:30:00,736.8,501.3,13.1,13.4,0.0,298.0
2026-01-28 18:45:00,736.0,501.8,13.1,13.4,0.0,298.0
2026-01-28 19:00:00,735.8,502.2,13.1,14.4,0.0,432.0
2026-01-28 19:15:00,734.8,502.7,13.1,14.4,0.0,432.0
2026-01-28 19:30:00,735.0,501.5,13.2,14.4,0.0,432.0
2026-01-28 19:45:00,734.0,502.0,13.2,14.4,0.0,432.0
2026-01-28 20:00:00,733.5,501.7,13.2,14.8,0.0,493.0
2026-01-28 20:15:00,733.0,502.3,13.3,14.8,0.0,493.0
2026-01-28 20:30:00,732.8,501.2,13.3,14.8,0.0,493.0
2026-01-28 20:45:00,732.5,502.0,13.3,14.8,0.0,493.0
2026-01-28 21:00:00,732.0,502.2,13.4,15.3,0.0,515.0
2026-01-28 21:15:00,732.3,501.3,13.4,15.3,0.0,515.0
2026-01-28 21:30:00,732.3,504.2,13.4,15.3,0.0,515.0
2026-01-28 21:45:00,732.2,505.2,13.5,15.3,0.0,515.0
2026-01-28 22:00:00,731.7,502.7,13.5,15.6,0.0,480.0
2026-01-28 22:15:00,731.3,501.7,13.5,15.6,0.0,480.0
2026-01-28 22:30:00,731.2,502.0,13.5,15.6,0.0,480.0
2026-01-28 22:45:00,731.0,501.8,13.5,15.6,0.0,480.0
2026-01-28 23:00:00,731.3,502.0,13.58,15.8,0.0,413.0
2026-01-28 23:15:00,731.0,503.0,13.6,15.8,0.0,413.0
2026-01-28 23:30:00,731.0,504.0,13.6,15.8,0.0,413.0
2026-01-28 23:45:00,730.8,501.5,13.6,15.8,0.0,413.0
2026-01-29 00:00:00,730.2,503.5,13.6,15.7,0.0,284.0
2026-01-29 00:15:00,730.0,503.8,13.6,15.7,0.0,284.0
2026-01-29 00:30:00,729.7,503.3,13.7,15.7,0.0,284.0
2026-01-29 00:45:00,730.0,502.8,13.7,15.7,0.0,284.0
2026-01-29 01:00:00,729.3,503.2,13.7,14.2,0.0,121.0
2026-01-29 01:15:00,729.5,501.5,13.7,14.2,0.0,121.0
2026-01-29 01:30:00,729.3,503.2,13.7,14.2,0.0,121.0
2026-01-29 01:45:00,729.2,502.5,13.7,14.2,0.0,121.0
2026-01-29 02:00:00,729.3,504.8,13.7,12.3,0.0,7.0
2026-01-29 02:15:00,729.3,503.0,13.7,12.3,0.0,7.0
2026-01-29 02:30:00,729.5,501.8,13.6,12.3,0.0,7.0
2026-01-29 02:45:00,730.0,502.0,13.6,12.3,0.0,7.0
2026-01-29 03:00:00,730.0,502.8,13.6,11.2,0.0,0.0
2026-01-29 03:15:00,730.0,503.3,13.6,11.2,0.0,0.0
2026-01-29 03:30:00,730.5,502.5,13.6,11.2,0.0,0.0
2026-01-29 03:45:00,730.2,503.7,13.6,11.2,0.0,0.0
2026-01-29 04:00:00,730.5,504.5,13.5,10.3,0.0,0.0
2026-01-29 04:15:00,730.5,505.2,13.5,10.3,0.0,0.0
2026-01-29 04:30:00,731.2,504.3,13.5,10.3,0.0,0.0
2026-01-29 04:45:00,731.2,502.8,13.5,10.3,0.0,0.0
2026-01-29 05:00:00,731.5,503.7,13.5,9.3,0.0,0.0
2026-01-29 05:15:00,731.7,503.2,13.5,9.3,0.0,0.0
2026-01-29 05:30:00,732.0,503.3,13.5,9.3,0.0,0.0
2026-01-29 05:45:00,732.0,503.3,13.4,9.3,0.0,0.0
2026-01-29 06:00:00,732.2,502.0,13.4,8.4,0.0,0.0
2026-01-29 06:15:00,732.3,504.2,13.4,8.4,0.0,0.0
2026-01-29 06:30:00,732.3,505.0,13.4,8.4,0.0,0.0
2026-01-29 06:45:00,732.3,503.3,13.4,8.4,0.0,0.0
2026-01-29 07:00:00,732.5,503.2,13.4,8.2,0.0,0.0
2026-01-29 07:15:00,732.8,502.5,13.3,8.2,0.0,0.0
2026-01-29 07:30:00,732.5,503.2,13.3,8.2,0.0,0.0
2026-01-29 07:45:00,732.7,502.3,13.3,8.2,0.0,0.0
2026-01-29 08:00:00,733.3,503.0,13.3,7.5,0.0,0.0
2026-01-29 08:15:00,733.3,505.3,13.3,7.5,0.0,0.0
2026-01-29 08:30:00,733.3,504.0,13.2,7.5,0.0,0.0
2026-01-29 08:45:00,733.3,503.7,13.2,7.5,0.0,0.0
2026-01-29 09:00:00,733.3,502.2,13.2,6.9,0.0,0.0
2026-01-29 09:15:00,733.8,502.0,13.2,6.9,0.0,0.0
2026-01-29 09:30:00,734.0,502.3,13.2,6.9,0.0,0.0
2026-01-29 09:45:00,733.5,502.2,13.2,6.9,0.0,0.0
2026-01-29 10:00:00,733.8,502.8,13.1,6.5,0.0,0.0
2026-01-29 10:15:00,734.3,503.3,13.1,6.5,0.0,0.0
2026-01-29 10:30:00,733.8,505.0,13.1,6.5,0.0,0.0
2026-01-29 10:45:00,734.3,504.7,13.1,6.5,0.0,0.0
2026-01-29 11:00:00,734.7,502.7,13.1,6.2,0.0,0.0
2026-01-29 11:15:00,735.0,503.0,13.1,6.2,0.0,0.0
2026-01-29 11:30:00,734.8,503.2,13.0,6.2,0.0,0.0
2026-01-29 11:45:00,735.2,502.7,13.0,6.2,0.0,0.0
2026-01-29 12:00:00,735.2,502.8,13.0,5.8,0.0,0.0
2026-01-29 12:15:00,735.7,503.0,13.0,5.8,0.0,0.0
2026-01-29 12:30:00,735.5,503.5,12.9,5.8,0.0,0.0
2026-01-29 12:45:00,735.7,503.8,12.9,5.8,0.0,0.0
2026-01-29 13:00:00,735.5,502.8,12.9,5.4,0.0,0.0
2026-01-29 13:15:00,735.3,502.8,12.9,5.4,0.0,0.0
2026-01-29 13:30:00,735.5,503.8,12.9,5.4,0.0,0.0
2026-01-29 13:45:00,735.2,503.3,12.8,5.4,0.0,0.0
2026-01-29 14:00:00,735.7,504.0,12.8,5.0,0.0,0.0
2026-01-29 14:15:00,735.7,504.3,12.8,5.0,0.0,0.0
2026-01-29 14:30:00,735.5,504.0,12.8,5.0,0.0,0.0
2026-01-29 14:45:00,735.7,502.8,12.8,5.0,0.0,0.0
2026-01-29 15:00:00,736.0,505.3,12.72,4.6,0.0,0.0
2026-01-29 15:15:00,735.5,503.7,12.7,4.6,0.0,0.0
2026-01-29 15:30:00,735.8,504.2,12.7,4.6,0.0,0.0
2026-01-29 15:45:00,735.8,502.8,12.7,4.6,0.0,0.0
2026-01-29 16:00:00,735.7,503.2,12.7,5.4,0.0,23.0
2026-01-29 16:15:00,735.8,502.8,12.7,5.4,0.0,23.0
2026-01-29 16:30:00,735.7,502.3,12.6,5.4,0.0,23.0
2026-01-29 16:45:00,735.8,503.2,12.6,5.4,0.0,23.0
2026-01-29 17:00:00,735.3,507.0,12.6,9.1,0.0,155.0
2026-01-29 17:15:00,735.7,503.8,12.6,9.1,0.0,155.0
2026-01-29 17:30:00,735.7,503.0,12.6,9.1,0.0,155.0
2026-01-29 17:45:00,736.2,503.5,12.7,9.1,0.0,155.0
2026-01-29 18:00:00,735.8,503.2,12.7,12.8,0.0,331.0
2026-01-29 18:15:00,735.8,503.0,12.7,12.8,0.0,331.0
2026-01-29 18:30:00,736.2,503.0,12.7,12.8,0.0,331.0
2026-01-29 18:45:00,736.2,502.3,12.8,12.8,0.0,331.0
2026-01-29 19:00:00,736.0,503.5,12.8,14.8,0.0,463.0
2026-01-29 19:15:00,736.0,503.3,12.8,14.8,0.0,463.0
2026-01-29 19:30:00,736.5,503.7,12.9,14.8,0.0,463.0
2026-01-29 19:45:00,736.8,503.2,12.9,14.8,0.0,463.0
2026-01-29 20:00:00,736.5,502.7,12.9,15.8,0.0,549.0
2026-01-29 20:15:00,736.7,503.0,13.0,15.8,0.0,549.0
2026-01-29 20:30:00,737.2,502.8,13.0,15.8,0.0,549.0
2026-01-29 20:45:00,737.3,503.0,13.1,15.8,0.0,549.0
2026-01-29 21:00:00,737.2,502.3,13.1,16.1,0.0,579.0
2026-01-29 21:15:00,736.8,501.2,13.2,16.1,0.0,579.0
2026-01-29 21:30:00,736.7,503.0,13.2,16.1,0.0,579.0
2026-01-29 21:45:00,737.2,502.2,13.22,16.1,0.0,579.0
2026-01-29 22:00:00,736.7,500.8,13.3,16.2,0.0,539.0
2026-01-29 22:15:00,736.5,501.8,13.3,16.2,0.0,539.0
2026-01-29 22:30:00,736.7,501.0,13.4,16.2,0.0,539.0
2026-01-29 22:45:00,736.5,502.2,13.4,16.2,0.0,539.0
2026-01-29 23:00:00,736.2,501.7,13.4,16.2,0.0,442.0
2026-01-29 23:15:00,736.3,501.3,13.4,16.2,0.0,442.0
2026-01-29 23:30:00,736.2,503.8,13.5,16.2,0.0,442.0
2026-01-29 23:45:00,736.0,501.2,13.5,16.2,0.0,442.0
2026-01-30 00:00:00,736.0,502.7,13.5,16.0,0.0,298.0
2026-01-30 00:15:00,736.3,502.0,13.5,16.0,0.0,298.0
2026-01-30 00:30:00,735.8,500.3,13.6,16.0,0.0,298.0
2026-01-30 00:45:00,736.0,501.7,13.6,16.0,0.0,298.0
2026-01-30 01:00:00,735.8,500.2,13.6,14.0,0.0,129.0
2026-01-30 01:15:00,735.7,501.0,13.6,14.0,0.0,129.0
2026-01-30 01:30:00,735.2,500.5,13.6,14.0,0.0,129.0
2026-01-30 01:45:00,735.5,501.7,13.6,14.0,0.0,129.0
2026-01-30 02:00:00,735.5,502.5,13.6,11.4,0.0,9.0
2026-01-30 02:15:00,735.5,500.5,13.6,11.4,0.0,9.0
2026-01-30 02:30:00,735.7,501.7,13.5,11.4,0.0,9.0
2026-01-30 02:45:00,735.8,501.3,13.5,11.4,0.0,9.0
2026-01-30 03:15:00,736.5,501.2,13.5,9.7,0.0,0.0
2026-01-30 03:30:00,737.2,501.8,13.5,9.7,0.0,0.0
2026-01-30 03:45:00,737.8,501.2,13.5,9.7,0.0,0.0
2026-01-30 04:00:00,737.8,500.7,13.4,8.6,0.0,0.0
2026-01-30 04:15:00,738.0,502.2,13.4,8.6,0.0,0.0
2026-01-30 04:30:00,738.5,501.3,13.4,8.6,0.0,0.0
2026-01-30 04:45:00,739.5,502.2,13.4,8.6,0.0,0.0
2026-01-30 05:00:00,739.5,501.0,13.38,7.9,0.0,0.0
2026-01-30 05:15:00,741.7,500.8,13.3,7.9,0.0,0.0
2026-01-30 05:30:00,741.7,501.5,13.3,7.9,0.0,0.0
2026-01-30 05:45:00,741.8,501.2,13.3,7.9,0.0,0.0
2026-01-30 06:00:00,741.5,500.8,13.3,7.4,0.0,0.0
2026-01-30 06:15:00,742.0,503.3,13.3,7.4,0.0,0.0
2026-01-30 06:30:00,741.5,501.2,13.2,7.4,0.0,0.0
2026-01-30 06:45:00,741.5,500.0,13.2,7.4,0.0,0.0
2026-01-30 07:00:00,742.0,500.0,13.2,7.2,0.0,0.0
2026-01-30 07:15:00,742.0,501.0,13.2,7.2,0.0,0.0
2026-01-30 07:30:00,741.5,502.0,13.1,7.2,0.0,0.0
2026-01-30 07:45:00,741.7,501.5,13.1,7.2,0.0,0.0
2026-01-30 08:00:00,741.8,502.2,13.1,6.4,0.0,0.0
2026-01-30 08:15:00,742.3,500.8,13.1,6.4,0.0,0.0
2026-01-30 08:30:00,741.8,501.2,13.1,6.4,0.0,0.0
2026-01-30 08:45:00,741.7,502.8,13.0,6.4,0.0,0.0
2026-01-30 09:00:00,742.0,501.3,13.0,6.1,0.0,0.0
2026-01-30 09:15:00,741.7,501.3,13.0,6.1,0.0,0.0
2026-01-30 09:30:00,742.0,501.2,13.0,6.1,0.0,0.0
2026-01-30 09:45:00,742.5,501.2,13.0,6.1,0.0,0.0
2026-01-30 10:00:00,742.7,501.2,13.0,6.1,0.0,0.0
2026-01-30 10:15:00,742.2,500.7,12.9,6.1,0.0,0.0
2026-01-30 10:30:00,743.2,499.8,12.9,6.1,0.0,0.0
2026-01-30 10:45:00,742.3,501.0,12.9,6.1,0.0,0.0
2026-01-30 11:00:00,742.8,500.3,12.9,5.9,0.0,0.0
2026-01-30 11:15:00,742.8,500.5,12.9,5.9,0.0,0.0
2026-01-30 11:30:00,743.2,499.3,12.8,5.9,0.0,0.0
2026-01-30 11:45:00,743.2,500.5,12.8,5.9,0.0,0.0
2026-01-30 12:00:00,743.0,500.0,12.8,5.3,0.0,0.0
2026-01-30 12:15:00,743.3,499.7,12.8,5.3,0.0,0.0
2026-01-30 12:30:00,742.7,500.0,12.8,5.3,0.0,0.0
2026-01-30 12:45:00,743.2,502.8,12.7,5.3,0.0,0.0
2026-01-30 13:00:00,743.0,500.7,12.7,5.1,0.0,0.0
2026-01-30 13:15:00,743.2,500.8,12.7,5.1,0.0,0.0
2026-01-30 13:30:00,743.3,500.7,12.7,5.1,0.0,0.0
2026-01-30 13:45:00,743.0,500.7,12.7,5.1,0.0,0.0
2026-01-30 14:00:00,743.5,501.0,12.6,4.7,0.0,0.0
2026-01-30 14:15:00,743.2,500.7,12.6,4.7,0.0,0.0
2026-01-30 14:30:00,743.5,500.3,12.6,4.7,0.0,0.0
2026-01-30 14:45:00,742.5,500.8,12.6,4.7,0.0,0.0
2026-01-30 15:00:00,742.8,501.2,12.6,4.2,0.0,0.0
2026-01-30 15:15:00,742.5,502.3,12.6,4.2,0.0,0.0
2026-01-30 15:30:00,742.7,500.7,12.52,4.2,0.0,0.0
2026-01-30 15:45:00,742.7,500.5,12.5,4.2,0.0,0.0
2026-01-30 16:00:00,742.5,500.8,12.5,4.9,0.0,26.0
2026-01-30 16:15:00,742.3,501.0,12.5,4.9,0.0,26.0
2026-01-30 16:30:00,742.3,500.3,12.5,4.9,0.0,26.0
2026-01-30 16:45:00,742.5,500.8,12.5,4.9,0.0,26.0
2026-01-30 17:00:00,742.3,499.8,12.5,8.4,0.0,171.0
2026-01-30 17:15:00,741.8,501.0,12.5,8.4,0.0,171.0
2026-01-30 17:30:00,741.7,502.2,12.6,8.4,0.0,171.0
2026-01-30 17:45:00,741.7,500.2,12.6,8.4,0.0,171.0
2026-01-30 18:00:00,742.3,499.3,12.6,11.5,0.0,320.0
2026-01-30 18:15:00,742.0,500.0,12.6,11.5,0.0,320.0
2026-01-30 18:30:00,742.0,499.5,12.6,11.5,0.0,320.0
2026-01-30 18:45:00,741.8,499.2,12.7,11.5,0.0,320.0
2026-01-30 19:00:00,741.2,499.0,12.7,13.6,0.0,469.0
2026-01-30 19:15:00,741.3,500.0,12.8,13.6,0.0,469.0
2026-01-30 19:30:00,741.2,500.8,12.8,13.6,0.0,469.0
2026-01-30 19:45:00,741.0,499.8,12.8,13.6,0.0,469.0
2026-01-30 20:00:00,741.0,499.5,12.9,14.1,0.0,521.0
2026-01-30 20:15:00,740.8,502.7,12.9,14.1,0.0,521.0
2026-01-30 20:30:00,740.0,502.0,13.0,14.1,0.0,521.0
2026-01-30 20:45:00,740.0,501.0,13.0,14.1,0.0,521.0
2026-01-30 21:00:00,740.5,501.0,13.1,13.8,0.0,526.0
2026-01-30 21:15:00,739.8,500.2,13.1,13.8,0.0,526.0
2026-01-30 21:30:00,739.3,500.3,13.2,13.8,0.0,526.0
2026-01-30 21:45:00,739.3,501.0,13.2,13.8,0.0,526.0
2026-01-30 22:00:00,739.3,501.5,13.3,14.4,0.0,495.0
2026-01-30 22:15:00,739.5,500.3,13.3,14.4,0.0,495.0
2026-01-30 22:30:00,739.5,500.3,13.4,14.4,0.0,495.0
2026-01-30 22:45:00,739.5,500.2,13.4,14.4,0.0,495.0
2026-01-30 23:00:00,739.8,500.3,13.4,14.6,0.0,409.0
2026-01-30 23:15:00,740.0,499.5,13.5,14.6,0.0,409.0
2026-01-30 23:30:00,740.2,499.3,13.5,14.6,0.0,409.0
2026-01-30 23:45:00,740.2,499.3,13.5,14.6,0.0,409.0
2026-01-31 00:00:00,740.2,501.3,13.6,14.6,0.0,282.0
2026-01-31 00:15:00,740.5,500.5,13.6,14.6,0.0,282.0
2026-01-31 00:30:00,740.3,500.7,13.6,14.6,0.0,282.0
2026-01-31 00:45:00,739.8,499.8,13.6,14.6,0.0,282.0
2026-01-31 01:00:00,739.3,501.0,13.65,12.9,0.0,122.0
2026-01-31 01:15:00,739.2,501.8,13.7,12.9,0.0,122.0
2026-01-31 01:30:00,738.7,500.7,13.7,12.9,0.0,122.0
2026-01-31 01:45:00,739.0,500.5,13.7,12.9,0.0,122.0
2026-01-31 02:00:00,738.8,502.5,13.7,10.6,0.0,9.0
2026-01-31 02:15:00,738.2,501.0,13.7,10.6,0.0,9.0
2026-01-31 02:30:00,737.8,500.8,13.7,10.6,0.0,9.0
2026-01-31 02:45:00,738.3,501.0,13.62,10.6,0.0,9.0
2026-01-31 03:00:00,738.0,500.5,13.6,9.7,0.0,0.0
2026-01-31 03:15:00,737.8,500.0,13.6,9.7,0.0,0.0
2026-01-31 03:30:00,738.0,498.8,13.6,9.7,0.0,0.0
2026-01-31 03:45:00,737.8,501.0,13.6,9.7,0.0,0.0
2026-01-31 04:00:00,738.8,500.8,13.6,9.3,0.0,0.0
2026-01-31 04:15:00,739.3,499.7,13.6,9.3,0.0,0.0
2026-01-31 04:30:00,740.0,500.8,13.6,9.3,0.0,0.0
2026-01-31 04:45:00,741.3,499.3,13.6,9.3,0.0,0.0
2026-01-31 05:00:00,740.7,499.2,13.52,8.6,0.0,0.0
2026-01-31 05:15:00,740.7,499.0,13.5,8.6,0.0,0.0
2026-01-31 05:30:00,741.5,500.7,13.5,8.6,0.0,0.0
2026-01-31 05:45:00,741.7,499.5,13.5,8.6,0.0,0.0
2026-01-31 06:00:00,741.5,499.0,13.5,8.5,0.0,0.0
2026-01-31 06:15:00,741.5,500.0,13.5,8.5,0.0,0.0
2026-01-31 06:30:00,742.3,500.7,13.5,8.5,0.0,0.0
2026-01-31 06:45:00,743.2,498.8,13.5,8.5,0.0,0.0
2026-01-31 07:00:00,741.8,499.5,13.4,8.2,0.0,0.0
2026-01-31 07:15:00,742.8,498.7,13.4,8.2,0.0,0.0
2026-01-31 07:30:00,743.0,499.2,13.4,8.2,0.0,0.0
2026-01-31 07:45:00,742.2,499.2,13.4,8.2,0.0,0.0
2026-01-31 08:00:00,742.8,499.3,13.4,7.7,0.0,0.0
2026-01-31 08:15:00,744.0,499.0,13.4,7.7,0.0,0.0
2026-01-31 08:30:00,742.7,500.7,13.32,7.7,0.0,0.0
2026-01-31 08:45:00,742.7,499.8,13.3,7.7,0.0,0.0
2026-01-31 09:00:00,742.8,501.8,13.3,7.4,0.0,0.0
2026-01-31 09:15:00,742.7,499.8,13.3,7.4,0.0,0.0
2026-01-31 09:30:00,743.3,500.3,13.3,7.4,0.0,0.0
2026-01-31 09:45:00,743.7,498.0,13.23,7.4,0.0,0.0
2026-01-31 10:00:00,743.0,499.3,13.2,7.0,0.0,0.0
2026-01-31 10:15:00,743.7,500.0,13.2,7.0,0.0,0.0
2026-01-31 10:30:00,743.8,498.8,13.2,7.0,0.0,0.0
2026-01-31 10:45:00,743.5,500.2,13.2,7.0,0.0,0.0
2026-01-31 11:00:00,743.5,501.0,13.2,6.3,0.0,0.0
2026-01-31 11:15:00,744.0,499.8,13.1,6.3,0.0,0.0
2026-01-31 11:30:00,744.2,500.5,13.1,6.3,0.0,0.0
2026-01-31 11:45:00,743.8,501.0,13.1,6.3,0.0,0.0
2026-01-31 12:00:00,743.7,500.2,13.1,6.3,0.0,0.0
2026-01-31 12:15:00,743.7,500.2,13.1,6.3,0.0,0.0
2026-01-31 12:30:00,743.7,499.5,13.1,6.3,0.0,0.0
2026-01-31 12:45:00,744.3,500.3,13.1,6.3,0.0,0.0
2026-01-31 13:00:00,744.3,499.7,13.0,5.3,0.0,0.0
2026-01-31 13:15:00,744.0,500.2,13.0,5.3,0.0,0.0
2026-01-31 13:30:00,744.3,500.7,13.0,5.3,0.0,0.0
2026-01-31 13:45:00,744.2,501.2,13.0,5.3,0.0,0.0
2026-01-31 14:00:00,744.5,501.2,13.0,5.0,0.0,0.0
2026-01-31 14:15:00,744.7,500.0,13.0,5.0,0.0,0.0
2026-01-31 14:30:00,745.7,501.0,12.9,5.0,0.0,0.0
2026-01-31 14:45:00,745.7,500.5,12.9,5.0,0.0,0.0
2026-01-31 15:00:00,745.0,500.5,12.9,4.7,0.0,0.0
2026-01-31 15:15:00,745.0,500.7,12.9,4.7,0.0,0.0
2026-01-31 15:30:00,744.5,501.2,12.9,4.7,0.0,0.0
2026-01-31 15:45:00,745.7,503.2,12.9,4.7,0.0,0.0
2026-01-31 16:00:00,745.5,501.0,12.83,5.4,0.0,25.0
2026-01-31 16:15:00,744.3,500.3,12.8,5.4,0.0,25.0
2026-01-31 16:30:00,744.7,499.3,12.8,5.4,0.0,25.0
2026-01-31 16:45:00,744.2,500.2,12.8,5.4,0.0,25.0
2026-01-31 17:00:00,744.5,501.2,12.8,8.0,0.0,138.0
2026-01-31 17:15:00,744.2,500.2,12.8,8.0,0.0,138.0
2026-01-31 17:30:00,744.3,500.3,12.8,8.0,0.0,138.0
2026-01-31 17:45:00,744.3,502.2,12.9,8.0,0.0,138.0
2026-01-31 18:00:00,744.0,499.8,12.9,10.2,0.0,266.0
2026-01-31 18:15:00,744.2,501.0,12.9,10.2,0.0,266.0
2026-01-31 18:30:00,744.0,500.3,12.9,10.2,0.0,266.0
2026-01-31 18:45:00,743.2,500.5,12.95,10.2,0.0,266.0
2026-01-31 19:00:00,744.0,500.2,13.0,12.5,0.0,376.0
2026-01-31 19:15:00,743.8,500.3,13.0,12.5,0.0,376.0
2026-01-31 19:30:00,744.3,500.0,13.0,12.5,0.0,376.0
2026-01-31 19:45:00,744.0,500.7,13.1,12.5,0.0,376.0
2026-01-31 20:00:00,744.8,501.0,13.1,14.2,0.0,486.0
2026-01-31 20:15:00,743.5,499.7,13.1,14.2,0.0,486.0
2026-01-31 20:30:00,744.8,500.8,13.2,14.2,0.0,486.0
2026-01-31 20:45:00,743.7,500.3,13.2,14.2,0.0,486.0
2026-01-31 21:00:00,743.5,499.8,13.2,15.6,0.0,542.0
2026-01-31 21:15:00,743.3,500.3,13.3,15.6,0.0,542.0
2026-01-31 21:30:00,743.5,499.3,13.32,15.6,0.0,542.0
2026-01-31 21:45:00,743.7,499.2,13.4,15.6,0.0,542.0
2026-01-31 22:00:00,743.8,500.0,13.4,15.6,0.0,478.0
2026-01-31 22:15:00,743.5,501.2,13.5,15.6,0.0,478.0
2026-01-31 22:30:00,743.2,500.2,13.5,15.6,0.0,478.0
2026-01-31 22:45:00,743.2,500.2,13.5,15.6,0.0,478.0
2026-01-31 23:00:00,743.0,500.2,13.6,15.3,0.0,408.0
2026-01-31 23:15:00,743.3,498.8,13.6,15.3,0.0,408.0
2026-01-31 23:30:00,743.0,499.0,13.6,15.3,0.0,408.0
2026-01-31 23:45:00,742.7,499.0,13.7,15.3,0.0,408.0
2026-02-01 00:00:00,742.8,499.3,13.7,14.8,0.0,286.0
2026-02-01 00:15:00,743.3,500.0,13.7,14.8,0.0,286.0
2026-02-01 00:30:00,743.5,501.3,13.7,14.8,0.0,286.0
2026-02-01 00:45:00,743.0,500.3,13.8,14.8,0.0,286.0
2026-02-01 01:00:00,743.2,500.0,13.8,13.0,0.0,136.0
2026-02-01 01:15:00,743.7,500.5,13.8,13.0,0.0,136.0
2026-02-01 01:30:00,743.7,500.8,13.8,13.0,0.0,136.0
2026-02-01 01:45:00,743.5,499.8,13.8,13.0,0.0,136.0
2026-02-01 02:00:00,743.5,500.0,13.8,10.4,0.0,10.0
2026-02-01 02:15:00,743.5,500.0,13.8,10.4,0.0,10.0
2026-02-01 02:30:00,743.5,501.7,13.8,10.4,0.0,10.0
2026-02-01 02:45:00,743.7,499.7,13.8,10.4,0.0,10.0
2026-02-01 03:00:00,743.7,499.7,13.8,9.1,0.0,0.0
2026-02-01 03:15:00,744.2,500.8,13.8,9.1,0.0,0.0
2026-02-01 03:30:00,743.8,501.3,13.8,9.1,0.0,0.0
2026-02-01 03:45:00,744.7,500.8,13.7,9.1,0.0,0.0
2026-02-01 04:00:00,744.7,499.0,13.7,8.2,0.0,0.0
2026-02-01 04:15:00,744.5,500.0,13.7,8.2,0.0,0.0
2026-02-01 04:30:00,745.2,500.0,13.7,8.2,0.0,0.0
2026-02-01 04:45:00,745.7,500.7,13.7,8.2,0.0,0.0
2026-02-01 05:00:00,746.0,500.2,13.7,7.8,0.0,0.0
2026-02-01 05:15:00,744.8,502.2,13.7,7.8,0.0,0.0
2026-02-01 05:30:00,746.2,498.2,13.6,7.8,0.0,0.0
2026-02-01 05:45:00,746.3,499.3,13.6,7.8,0.0,0.0
2026-02-01 06:00:00,745.8,499.8,13.6,7.2,0.0,0.0
2026-02-01 06:15:00,746.7,499.7,13.6,7.2,0.0,0.0
2026-02-01 06:30:00,746.7,499.7,13.6,7.2,0.0,0.0
2026-02-01 06:45:00,746.5,500.7,13.6,7.2,0.0,0.0
2026-02-01 07:00:00,747.2,500.5,13.57,7.5,0.0,0.0
2026-02-01 07:15:00,747.0,499.7,13.5,7.5,0.0,0.0
2026-02-01 07:30:00,747.5,500.7,13.5,7.5,0.0,0.0
2026-02-01 07:45:00,747.3,500.5,13.5,7.5,0.0,0.0
2026-02-01 08:00:00,747.0,499.8,13.5,7.3,0.0,0.0
2026-02-01 08:15:00,747.5,500.7,13.5,7.3,0.0,0.0
2026-02-01 08:30:00,747.2,500.5,13.5,7.3,0.0,0.0
2026-02-01 08:45:00,747.7,500.7,13.4,7.3,0.0,0.0
2026-02-01 09:00:00,747.7,501.5,13.4,7.6,0.0,0.0
2026-02-01 09:15:00,747.5,502.0,13.4,7.6,0.0,0.0
2026-02-01 09:30:00,747.7,501.0,13.4,7.6,0.0,0.0
2026-02-01 09:45:00,747.7,500.8,13.4,7.6,0.0,0.0
2026-02-01 10:00:00,748.0,500.0,13.32,7.9,0.0,0.0
2026-02-01 10:15:00,747.7,499.7,13.3,7.9,0.0,0.0
2026-02-01 10:30:00,748.5,499.8,13.3,7.9,0.0,0.0
2026-02-01 10:45:00,748.3,500.3,13.3,7.9,0.0,0.0
2026-02-01 11:00:00,748.3,499.8,13.3,7.6,0.0,0.0
2026-02-01 11:15:00,748.0,500.8,13.3,7.6,0.0,0.0
2026-02-01 11:30:00,747.5,500.0,13.2,7.6,0.0,0.0
2026-02-01 11:45:00,748.7,499.5,13.2,7.6,0.0,0.0
2026-02-01 12:00:00,748.5,502.2,13.2,6.3,0.0,0.0
2026-02-01 12:15:00,748.3,501.2,13.2,6.3,0.0,0.0
2026-02-01 12:30:00,748.5,500.5,13.2,6.3,0.0,0.0
2026-02-01 12:45:00,747.8,499.3,13.18,6.3,0.0,0.0
2026-02-01 13:00:00,747.7,500.5,13.1,5.3,0.0,0.0
2026-02-01 13:15:00,748.3,500.5,13.1,5.3,0.0,0.0
2026-02-01 13:30:00,747.8,502.2,13.1,5.3,0.0,0.0
2026-02-01 13:45:00,748.7,502.0,13.1,5.3,0.0,0.0
2026-02-01 14:00:00,748.2,500.5,13.08,5.6,0.0,0.0
2026-02-01 14:15:00,747.8,500.3,13.0,5.6,0.0,0.0
2026-02-01 14:30:00,747.8,501.0,13.0,5.6,0.0,0.0
2026-02-01 14:45:00,748.3,500.3,13.0,5.6,0.0,0.0
2026-02-01 15:00:00,748.2,499.7,13.0,5.4,0.0,0.0
2026-02-01 15:15:00,747.7,499.8,13.0,5.4,0.0,0.0
2026-02-01 15:30:00,748.3,499.0,12.9,5.4,0.0,0.0
2026-02-01 15:45:00,748.3,500.3,12.9,5.4,0.0,0.0
2026-02-01 16:00:00,748.2,499.2,12.9,6.5,0.0,25.0
2026-02-01 16:15:00,748.5,500.0,12.9,6.5,0.0,25.0
2026-02-01 16:30:00,749.3,499.5,12.9,6.5,0.0,25.0
2026-02-01 16:45:00,749.8,499.2,12.9,6.5,0.0,25.0
2026-02-01 17:00:00,749.8,499.2,12.9,8.8,0.0,132.0
2026-02-01 17:15:00,750.3,498.8,12.9,8.8,0.0,132.0
2026-02-01 17:30:00,750.5,498.5,12.9,8.8,0.0,132.0
2026-02-01 17:45:00,751.0,499.5,12.9,8.8,0.0,132.0
2026-02-01 18:00:00,750.8,500.2,12.9,10.9,0.0,248.0
2026-02-01 18:15:00,750.7,500.2,12.9,10.9,0.0,248.0
2026-02-01 18:30:00,750.7,500.3,12.9,10.9,0.0,248.0
2026-02-01 18:45:00,750.0,500.2,13.0,10.9,0.0,248.0
2026-02-01 19:00:00,750.5,501.5,13.0,13.0,0.0,367.0
2026-02-01 19:15:00,750.5,499.8,13.0,13.0,0.0,367.0
2026-02-01 19:30:00,751.7,500.3,13.1,13.0,0.0,367.0
2026-02-01 19:45:00,751.3,499.7,13.1,13.0,0.0,367.0
2026-02-01 20:00:00,752.0,499.7,13.1,15.3,0.0,504.0
2026-02-01 20:15:00,752.3,499.7,13.2,15.3,0.0,504.0
2026-02-01 20:30:00,753.3,498.2,13.2,15.3,0.0,504.0
2026-02-01 20:45:00,753.7,499.2,13.3,15.3,0.0,504.0
2026-02-01 21:00:00,754.3,497.2,13.3,17.0,0.0,547.0
2026-02-01 21:15:00,754.7,497.2,13.4,17.0,0.0,547.0
2026-02-01 21:30:00,754.8,497.0,13.4,17.0,0.0,547.0
2026-02-01 21:45:00,755.7,496.2,13.5,17.0,0.0,547.0
2026-02-01 22:00:00,755.3,496.7,13.5,17.7,0.0,539.0
2026-02-01 22:15:00,756.0,497.2,13.58,17.7,0.0,539.0
2026-02-01 22:30:00,756.7,496.5,13.6,17.7,0.0,539.0
2026-02-01 22:45:00,757.2,497.8,13.6,17.7,0.0,539.0
2026-02-01 23:00:00,756.0,498.5,13.63,17.4,0.0,418.0
2026-02-01 23:15:00,757.3,498.3,13.7,17.4,0.0,418.0
2026-02-01 23:30:00,756.7,497.3,13.7,17.4,0.0,418.0
2026-02-01 23:45:00,756.7,497.7,13.7,17.4,0.0,418.0
2026-02-02 00:00:00,756.7,496.8,13.8,16.9,0.0,253.0
2026-02-02 00:15:00,756.2,498.8,13.8,16.9,0.0,253.0
2026-02-02 00:30:00,755.7,498.5,13.8,16.9,0.0,253.0
2026-02-02 00:45:00,755.7,499.8,13.8,16.9,0.0,253.0
2026-02-02 01:00:00,755.3,498.0,13.8,14.6,0.0,104.0
2026-02-02 01:15:00,756.0,499.0,13.9,14.6,0.0,104.0
2026-02-02 01:30:00,755.8,498.3,13.9,14.6,0.0,104.0
2026-02-02 01:45:00,755.8,500.0,13.9,14.6,0.0,104.0
2026-02-02 02:00:00,756.0,499.2,13.9,12.8,0.0,9.0
2026-02-02 02:15:00,753.8,498.5,13.9,12.8,0.0,9.0
2026-02-02 02:30:00,753.0,497.5,13.9,12.8,0.0,9.0
2026-02-02 02:45:00,753.3,499.2,13.9,12.8,0.0,9.0
2026-02-02 03:00:00,753.8,498.0,13.9,11.9,0.0,0.0
2026-02-02 03:15:00,753.2,498.5,13.9,11.9,0.0,0.0
2026-02-02 03:30:00,752.5,497.8,13.8,11.9,0.0,0.0
2026-02-02 03:45:00,752.8,497.5,13.8,11.9,0.0,0.0
2026-02-02 04:15:00,752.5,498.2,13.8,11.3,0.0,0.0
2026-02-02 04:30:00,752.3,497.8,13.8,11.3,0.0,0.0
2026-02-02 04:45:00,752.0,497.5,13.7,11.3,0.0,0.0
2026-02-02 05:00:00,751.7,497.8,13.7,10.3,0.0,0.0
2026-02-02 05:15:00,752.0,498.5,13.7,10.3,0.0,0.0
2026-02-02 05:30:00,752.3,497.5,13.7,10.3,0.0,0.0
2026-02-02 05:45:00,751.8,496.7,13.7,10.3,0.0,0.0
2026-02-02 06:00:00,752.2,497.3,13.6,9.2,0.0,0.0
2026-02-02 06:15:00,751.7,497.7,13.6,9.2,0.0,0.0
2026-02-02 06:30:00,751.5,497.2,13.6,9.2,0.0,0.0
2026-02-02 06:45:00,751.5,497.0,13.6,9.2,0.0,0.0
2026-02-02 07:00:00,751.8,496.5,13.55,9.2,0.0,0.0
2026-02-02 07:15:00,751.2,497.5,13.5,9.2,0.0,0.0
2026-02-02 07:30:00,751.2,498.7,13.5,9.2,0.0,0.0
2026-02-02 07:45:00,750.8,498.0,13.5,9.2,0.0,0.0
2026-02-02 08:00:00,750.8,499.0,13.5,9.3,0.0,0.0
2026-02-02 08:15:00,750.2,498.0,13.4,9.3,0.0,0.0
2026-02-02 08:45:00,749.5,499.3,13.4,9.3,0.0,0.0
2026-02-02 09:00:00,749.5,501.3,13.4,8.9,0.0,0.0
2026-02-02 09:15:00,749.2,497.7,13.4,8.9,0.0,0.0
2026-02-02 09:30:00,749.2,498.0,13.32,8.9,0.0,0.0
2026-02-02 09:45:00,749.5,500.0,13.3,8.9,0.0,0.0
2026-02-02 10:00:00,749.3,498.2,13.3,8.2,0.0,0.0
2026-02-02 10:15:00,748.7,497.5,13.3,8.2,0.0,0.0
2026-02-02 10:30:00,748.5,498.2,13.3,8.2,0.0,0.0
2026-02-02 10:45:00,749.5,498.0,13.2,8.2,0.0,0.0
2026-02-02 11:00:00,749.0,498.5,13.2,7.9,0.0,0.0
2026-02-02 11:15:00,748.2,497.8,13.2,7.9,0.0,0.0
2026-02-02 11:30:00,748.3,499.0,13.2,7.9,0.0,0.0
2026-02-02 11:45:00,748.7,499.3,13.2,7.9,0.0,0.0
2026-02-02 12:00:00,748.5,500.8,13.2,6.1,0.0,0.0
2026-02-02 12:15:00,748.0,499.7,13.1,6.1,0.0,0.0
2026-02-02 12:30:00,747.7,499.2,13.1,6.1,0.0,0.0
2026-02-02 12:45:00,748.2,498.3,13.1,6.1,0.0,0.0
2026-02-02 13:00:00,747.5,498.7,13.1,5.2,0.0,0.0
2026-02-02 13:15:00,748.0,498.5,13.1,5.2,0.0,0.0
2026-02-02 13:30:00,747.8,497.3,13.03,5.2,0.0,0.0
2026-02-02 13:45:00,747.3,497.2,13.0,5.2,0.0,0.0
2026-02-02 14:00:00,747.7,497.3,13.0,5.6,0.0,0.0
2026-02-02 14:15:00,748.2,499.2,13.0,5.6,0.0,0.0
2026-02-02 14:30:00,748.0,498.2,13.0,5.6,0.0,0.0
2026-02-02 14:45:00,747.2,497.3,13.0,5.6,0.0,0.0
2026-02-02 15:00:00,747.8,497.8,12.9,5.8,0.0,0.0
2026-02-02 15:15:00,747.7,499.0,12.9,5.8,0.0,0.0
2026-02-02 15:30:00,747.5,496.8,12.9,5.8,0.0,0.0
2026-02-02 15:45:00,747.8,500.0,12.9,5.8,0.0,0.0
2026-02-02 16:00:00,748.0,498.8,12.9,6.7,0.0,27.0
2026-02-02 16:15:00,747.3,499.3,12.8,6.7,0.0,27.0
2026-02-02 16:30:00,747.8,498.7,12.8,6.7,0.0,27.0
2026-02-02 16:45:00,748.5,500.5,12.8,6.7,0.0,27.0
2026-02-02 17:00:00,747.8,498.7,12.8,10.2,0.0,161.0
2026-02-02 17:15:00,748.0,498.8,12.8,10.2,0.0,161.0
2026-02-02 17:30:00,748.3,499.5,12.8,10.2,0.0,161.0
2026-02-02 17:45:00,749.0,498.0,12.8,10.2,0.0,161.0
2026-02-02 18:00:00,748.5,498.7,12.9,13.2,0.0,302.0
2026-02-02 18:15:00,748.2,498.3,12.9,13.2,0.0,302.0
2026-02-02 18:30:00,748.2,499.7,12.9,13.2,0.0,302.0
2026-02-02 18:45:00,748.0,500.0,12.9,13.2,0.0,302.0
2026-02-02 19:00:00,748.2,499.2,13.0,15.6,0.0,454.0
2026-02-02 19:15:00,747.7,498.8,13.0,15.6,0.0,454.0
2026-02-02 19:30:00,747.7,498.7,13.1,15.6,0.0,454.0
2026-02-02 19:45:00,748.3,498.2,13.1,15.6,0.0,454.0
2026-02-02 20:00:00,747.7,497.8,13.1,16.8,0.0,544.0
2026-02-02 20:15:00,748.2,498.5,13.2,16.8,0.0,544.0
2026-02-02 20:30:00,747.7,498.5,13.2,16.8,0.0,544.0
2026-02-02 20:45:00,748.2,498.8,13.3,16.8,0.0,544.0
2026-02-02 21:00:00,748.5,498.3,13.4,17.5,0.0,583.0
2026-02-02 21:15:00,747.7,500.2,13.4,17.5,0.0,583.0
2026-02-02 21:30:00,747.7,499.5,13.4,17.5,0.0,583.0
2026-02-02 21:45:00,747.7,497.7,13.5,17.5,0.0,583.0
2026-02-02 22:00:00,748.3,497.7,13.5,18.0,0.0,561.0
2026-02-02 22:15:00,748.3,498.3,13.6,18.0,0.0,561.0
2026-02-02 22:30:00,748.5,499.8,13.6,18.0,0.0,561.0
2026-02-02 22:45:00,747.8,500.0,13.6,18.0,0.0,561.0
2026-02-02 23:00:00,748.0,500.3,13.7,17.8,0.0,459.0
2026-02-02 23:15:00,748.0,498.5,13.7,17.8,0.0,459.0
2026-02-02 23:30:00,748.3,498.2,13.7,17.8,0.0,459.0
2026-02-02 23:45:00,748.3,498.0,13.8,17.8,0.0,459.0
2026-02-03 00:00:00,747.8,498.3,13.8,17.7,0.0,311.0
2026-02-03 00:15:00,748.2,497.5,13.8,17.7,0.0,311.0
2026-02-03 00:30:00,748.2,497.8,13.9,17.7,0.0,311.0
2026-02-03 00:45:00,748.5,498.0,13.9,17.7,0.0,311.0
2026-02-03 01:00:00,748.0,496.2,13.9,15.2,0.0,143.0
2026-02-03 01:15:00,747.3,497.8,13.9,15.2,0.0,143.0
2026-02-03 01:30:00,748.3,496.5,13.9,15.2,0.0,143.0
2026-02-03 01:45:00,748.7,497.5,13.9,15.2,0.0,143.0
2026-02-03 02:00:00,748.8,497.2,13.9,12.8,0.0,13.0
2026-02-03 02:15:00,748.0,497.0,13.9,12.8,0.0,13.0
2026-02-03 02:30:00,747.8,496.7,13.9,12.8,0.0,13.0
2026-02-03 02:45:00,748.0,497.2,13.9,12.8,0.0,13.0
2026-02-03 03:00:00,748.2,497.0,13.9,11.7,0.0,0.0
2026-02-03 03:15:00,747.5,497.2,13.8,11.7,0.0,0.0
2026-02-03 03:30:00,747.2,496.2,13.8,11.7,0.0,0.0
2026-02-03 03:45:00,747.5,496.8,13.8,11.7,0.0,0.0
2026-02-03 04:00:00,747.3,498.2,13.8,11.7,0.0,0.0
2026-02-03 04:15:00,747.5,497.7,13.8,11.7,0.0,0.0
2026-02-03 04:30:00,747.5,497.2,13.8,11.7,0.0,0.0
2026-02-03 04:45:00,747.7,497.2,13.7,11.7,0.0,0.0
2026-02-03 05:00:00,747.3,496.0,13.7,11.6,0.0,0.0
2026-02-03 05:15:00,747.7,497.3,13.7,11.6,0.0,0.0
2026-02-03 05:30:00,747.5,496.8,13.7,11.6,0.0,0.0
2026-02-03 05:45:00,747.7,497.3,13.7,11.6,0.0,0.0
2026-02-03 06:00:00,748.0,497.8,13.62,10.6,0.0,0.0
2026-02-03 06:15:00,748.0,498.5,13.6,10.6,0.0,0.0
2026-02-03 06:30:00,748.0,497.5,13.6,10.6,0.0,0.0
2026-02-03 06:45:00,747.7,497.2,13.6,10.6,0.0,0.0
2026-02-03 07:00:00,748.3,496.3,13.6,10.5,0.0,0.0
2026-02-03 07:15:00,748.2,497.0,13.6,10.5,0.0,0.0
2026-02-03 07:30:00,747.0,497.5,13.6,10.5,0.0,0.0
2026-02-03 07:45:00,746.5,497.0,13.5,10.5,0.0,0.0
2026-02-03 08:00:00,745.8,497.5,13.5,9.6,0.0,0.0
2026-02-03 08:15:00,746.8,497.3,13.5,9.6,0.0,0.0
2026-02-03 08:30:00,746.0,496.8,13.5,9.6,0.0,0.0
2026-02-03 08:45:00,746.2,498.5,13.5,9.6,0.0,0.0
2026-02-03 09:00:00,746.0,497.2,13.4,9.0,0.0,0.0
2026-02-03 09:15:00,746.8,497.8,13.4,9.0,0.0,0.0
2026-02-03 09:30:00,746.0,498.0,13.4,9.0,0.0,0.0
2026-02-03 09:45:00,745.8,497.0,13.4,9.0,0.0,0.0
2026-02-03 10:00:00,746.7,498.5,13.4,8.5,0.0,0.0
2026-02-03 10:15:00,745.7,497.7,13.3,8.5,0.0,0.0
2026-02-03 10:30:00,745.8,499.2,13.3,8.5,0.0,0.0
2026-02-03 10:45:00,747.0,498.5,13.3,8.5,0.0,0.0
2026-02-03 11:00:00,747.2,498.2,13.3,7.8,0.0,0.0
2026-02-03 11:15:00,746.7,499.2,13.2,7.8,0.0,0.0
2026-02-03 11:30:00,746.8,497.5,13.2,7.8,0.0,0.0
2026-02-03 11:45:00,746.7,497.2,13.2,7.8,0.0,0.0
2026-02-03 12:00:00,746.8,498.2,13.2,6.5,0.0,0.0
2026-02-03 12:15:00,747.0,498.2,13.2,6.5,0.0,0.0
2026-02-03 12:30:00,746.7,498.0,13.1,6.5,0.0,0.0
2026-02-03 12:45:00,747.2,496.8,13.1,6.5,0.0,0.0
2026-02-03 13:00:00,747.3,498.0,13.1,5.7,0.0,0.0
2026-02-03 13:15:00,747.7,501.3,13.1,5.7,0.0,0.0
2026-02-03 13:30:00,747.5,499.5,13.03,5.7,0.0,0.0
2026-02-03 13:45:00,747.3,498.0,13.0,5.7,0.0,0.0
2026-02-03 14:00:00,747.2,497.2,13.0,5.3,0.0,0.0
2026-02-03 14:15:00,747.3,497.3,13.0,5.3,0.0,0.0
2026-02-03 14:30:00,747.7,497.5,13.0,5.3,0.0,0.0
2026-02-03 14:45:00,747.7,497.0,13.0,5.3,0.0,0.0
2026-02-03 15:00:00,747.7,497.7,12.9,4.8,0.0,0.0
2026-02-03 15:15:00,748.2,498.3,12.9,4.8,0.0,0.0
2026-02-03 15:30:00,747.8,496.5,12.9,4.8,0.0,0.0
2026-02-03 15:45:00,748.2,497.8,12.9,4.8,0.0,0.0
2026-02-03 16:00:00,748.2,498.5,12.9,5.8,0.0,29.0
2026-02-03 16:15:00,748.0,497.5,12.82,5.8,0.0,29.0
2026-02-03 16:30:00,748.5,498.2,12.8,5.8,0.0,29.0
2026-02-03 16:45:00,748.5,498.2,12.8,5.8,0.0,29.0
2026-02-03 17:00:00,748.3,496.8,12.8,9.2,0.0,169.0
2026-02-03 17:15:00,748.3,497.8,12.8,9.2,0.0,169.0
2026-02-03 17:30:00,748.7,498.0,12.8,9.2,0.0,169.0
2026-02-03 17:45:00,749.0,497.5,12.9,9.2,0.0,169.0
2026-02-03 18:00:00,748.8,498.0,12.9,11.7,0.0,333.0
2026-02-03 18:15:00,748.7,498.0,12.9,11.7,0.0,333.0
2026-02-03 18:30:00,748.7,496.2,12.9,11.7,0.0,333.0
2026-02-03 18:45:00,749.2,495.8,13.0,11.7,0.0,333.0
2026-02-03 19:00:00,749.3,496.0,13.0,14.2,0.0,481.0
2026-02-03 19:15:00,749.8,496.2,13.0,14.2,0.0,481.0
2026-02-03 19:30:00,750.0,496.3,13.1,14.2,0.0,481.0
2026-02-03 19:45:00,749.8,496.3,13.1,14.2,0.0,481.0
2026-02-03 20:00:00,749.5,496.2,13.2,15.6,0.0,583.0
2026-02-03 20:15:00,749.5,495.8,13.2,15.6,0.0,583.0
2026-02-03 20:30:00,749.7,499.2,13.2,15.6,0.0,583.0
2026-02-03 20:45:00,749.5,498.7,13.3,15.6,0.0,583.0
2026-02-03 21:00:00,749.7,496.0,13.4,16.3,0.0,605.0
2026-02-03 21:15:00,749.3,497.3,13.4,16.3,0.0,605.0
2026-02-03 21:30:00,749.7,495.3,13.5,16.3,0.0,605.0
2026-02-03 21:45:00,749.5,496.2,13.5,16.3,0.0,605.0
2026-02-03 22:00:00,748.8,494.7,13.6,16.8,0.0,567.0
2026-02-03 22:15:00,749.3,495.2,13.6,16.8,0.0,567.0
2026-02-03 22:30:00,749.2,496.2,13.6,16.8,0.0,567.0
2026-02-03 22:45:00,749.5,495.3,13.7,16.8,0.0,567.0
2026-02-03 23:00:00,749.7,496.0,13.7,17.1,0.0,474.0
2026-02-03 23:15:00,749.0,495.2,13.7,17.1,0.0,474.0
2026-02-03 23:30:00,749.5,494.8,13.8,17.1,0.0,474.0
2026-02-03 23:45:00,749.2,495.3,13.8,17.1,0.0,474.0
2026-02-04 00:00:00,749.2,496.0,13.9,17.4,0.0,329.0
2026-02-04 00:15:00,749.2,496.3,13.9,17.4,0.0,329.0
2026-02-04 00:30:00,749.5,495.7,13.9,17.4,0.0,329.0
2026-02-04 00:45:00,749.8,494.8,14.0,17.4,0.0,329.0
2026-02-04 01:00:00,749.8,496.0,14.0,15.5,0.0,151.0
2026-02-04 01:15:00,750.3,496.3,14.0,15.5,0.0,151.0
2026-02-04 01:30:00,749.8,496.3,14.0,15.5,0.0,151.0
2026-02-04 01:45:00,750.2,495.7,14.0,15.5,0.0,151.0
2026-02-04 02:00:00,750.0,496.7,14.0,12.7,0.0,14.0
2026-02-04 02:15:00,750.7,496.0,14.0,12.7,0.0,14.0
2026-02-04 02:30:00,751.0,495.3,14.0,12.7,0.0,14.0
2026-02-04 02:45:00,751.3,496.3,14.0,12.7,0.0,14.0
2026-02-04 03:00:00,751.5,495.8,14.0,10.8,0.0,0.0
2026-02-04 03:15:00,751.5,496.3,14.0,10.8,0.0,0.0
2026-02-04 03:30:00,751.0,496.8,14.0,10.8,0.0,0.0
2026-02-04 03:45:00,751.2,496.3,14.0,10.8,0.0,0.0
2026-02-04 04:00:00,751.3,499.0,14.0,9.7,0.0,0.0
2026-02-04 04:15:00,751.5,498.0,13.9,9.7,0.0,0.0
2026-02-04 04:30:00,751.8,496.2,13.9,9.7,0.0,0.0
2026-02-04 04:45:00,752.0,495.7,13.9,9.7,0.0,0.0
2026-02-04 05:00:00,751.5,496.7,13.9,9.2,0.0,0.0
2026-02-04 05:15:00,752.3,495.8,13.9,9.2,0.0,0.0
2026-02-04 05:30:00,752.2,497.2,13.9,9.2,0.0,0.0
2026-02-04 05:45:00,752.7,495.7,13.9,9.2,0.0,0.0
2026-02-04 06:00:00,752.5,496.0,13.8,8.4,0.0,0.0
2026-02-04 06:15:00,752.5,495.3,13.8,8.4,0.0,0.0
2026-02-04 06:30:00,753.0,496.0,13.8,8.4,0.0,0.0
2026-02-04 06:45:00,752.5,495.8,13.8,8.4,0.0,0.0
2026-02-04 07:00:00,752.8,495.0,13.8,7.9,0.0,0.0
2026-02-04 07:15:00,752.8,495.5,13.7,7.9,0.0,0.0
2026-02-04 07:30:00,753.3,496.0,13.7,7.9,0.0,0.0
2026-02-04 07:45:00,753.3,497.3,13.7,7.9,0.0,0.0
2026-02-04 08:00:00,752.7,497.0,13.7,7.0,0.0,0.0
2026-02-04 08:15:00,753.2,497.8,13.7,7.0,0.0,0.0
2026-02-04 08:30:00,753.3,496.8,13.6,7.0,0.0,0.0
2026-02-04 08:45:00,752.8,497.0,13.6,7.0,0.0,0.0
2026-02-04 09:00:00,753.5,497.7,13.6,6.4,0.0,0.0
2026-02-04 09:15:00,753.5,495.0,13.6,6.4,0.0,0.0
2026-02-04 09:30:00,753.5,495.7,13.5,6.4,0.0,0.0
2026-02-04 09:45:00,752.8,497.2,13.5,6.4,0.0,0.0
2026-02-04 10:00:00,753.0,497.5,13.5,5.8,0.0,0.0
2026-02-04 10:15:00,753.3,497.5,13.5,5.8,0.0,0.0
2026-02-04 10:30:00,753.3,497.0,13.4,5.8,0.0,0.0
2026-02-04 10:45:00,752.7,497.5,13.4,5.8,0.0,0.0
2026-02-04 11:00:00,754.2,497.0,13.4,5.4,0.0,0.0
2026-02-04 11:15:00,753.3,496.3,13.4,5.4,0.0,0.0
2026-02-04 11:30:00,753.2,499.0,13.3,5.4,0.0,0.0
2026-02-04 11:45:00,753.7,495.7,13.3,5.4,0.0,0.0
2026-02-04 12:00:00,753.5,497.3,13.3,4.9,0.0,0.0
2026-02-04 12:15:00,753.5,495.8,13.22,4.9,0.0,0.0
2026-02-04 12:30:00,753.3,496.0,13.2,4.9,0.0,0.0
2026-02-04 12:45:00,754.0,497.0,13.2,4.9,0.0,0.0
2026-02-04 13:00:00,753.7,496.7,13.2,4.1,0.0,0.0
2026-02-04 13:15:00,754.0,496.8,13.1,4.1,0.0,0.0
2026-02-04 13:30:00,754.2,497.7,13.1,4.1,0.0,0.0
2026-02-04 13:45:00,754.2,498.0,13.1,4.1,0.0,0.0
2026-02-04 14:00:00,754.7,496.8,13.1,3.7,0.0,0.0
2026-02-04 14:15:00,754.5,498.0,13.0,3.7,0.0,0.0
2026-02-04 14:30:00,754.5,497.3,13.0,3.7,0.0,0.0
2026-02-04 14:45:00,755.3,498.0,13.0,3.7,0.0,0.0
2026-02-04 15:00:00,754.3,497.0,13.0,4.0,0.0,0.0
2026-02-04 15:15:00,754.8,497.3,13.0,4.0,0.0,0.0
2026-02-04 15:30:00,755.3,497.0,13.0,4.0,0.0,0.0
2026-02-04 15:45:00,755.0,497.5,12.9,4.0,0.0,0.0
2026-02-04 16:00:00,754.7,497.3,12.9,5.3,0.0,34.0
2026-02-04 16:15:00,755.7,497.5,12.9,5.3,0.0,34.0
2026-02-04 16:30:00,755.2,496.5,12.9,5.3,0.0,34.0
2026-02-04 16:45:00,755.3,496.0,12.9,5.3,0.0,34.0
2026-02-04 17:00:00,755.7,497.8,12.9,8.8,0.0,178.0
2026-02-04 17:15:00,755.7,497.7,12.9,8.8,0.0,178.0
2026-02-04 17:30:00,756.0,498.5,12.9,8.8,0.0,178.0
2026-02-04 17:45:00,756.0,497.7,12.9,8.8,0.0,178.0
2026-02-04 18:00:00,756.3,496.7,12.9,12.0,0.0,345.0
2026-02-04 18:15:00,756.7,497.2,13.0,12.0,0.0,345.0
2026-02-04 18:30:00,756.5,496.8,13.0,12.0,0.0,345.0
2026-02-04 18:45:00,756.7,498.3,13.0,12.0,0.0,345.0
2026-02-04 19:00:00,756.0,497.8,13.1,14.3,0.0,502.0
2026-02-04 19:15:00,756.5,497.7,13.1,14.3,0.0,502.0
2026-02-04 19:30:00,756.5,498.0,13.1,14.3,0.0,502.0
2026-02-04 19:45:00,756.3,497.3,13.2,14.3,0.0,502.0
2026-02-04 20:00:00,755.8,498.3,13.2,15.5,0.0,582.0
2026-02-04 20:15:00,757.0,497.7,13.3,15.5,0.0,582.0
2026-02-04 20:30:00,756.7,497.0,13.3,15.5,0.0,582.0
2026-02-04 20:45:00,756.7,497.7,13.4,15.5,0.0,582.0
2026-02-04 21:00:00,756.8,496.3,13.4,16.6,0.0,607.0
2026-02-04 21:15:00,757.2,497.2,13.5,16.6,0.0,607.0
2026-02-04 21:30:00,757.0,495.7,13.5,16.6,0.0,607.0
2026-02-04 21:45:00,756.8,496.8,13.6,16.6,0.0,607.0
2026-02-04 22:00:00,756.5,496.5,13.6,17.4,0.0,581.0
2026-02-04 22:15:00,757.0,496.2,13.7,17.4,0.0,581.0
2026-02-04 22:30:00,756.5,496.2,13.7,17.4,0.0,581.0
2026-02-04 22:45:00,756.0,496.0,13.8,17.4,0.0,581.0
2026-02-04 23:00:00,756.7,496.2,13.8,17.7,0.0,482.0
2026-02-04 23:15:00,757.0,496.2,13.8,17.7,0.0,482.0
2026-02-04 23:30:00,756.8,495.7,13.9,17.7,0.0,482.0
2026-02-04 23:45:00,757.0,496.2,13.9,17.7,0.0,482.0
2026-02-05 00:00:00,757.2,496.0,14.0,17.9,0.0,335.0
2026-02-05 00:15:00,756.7,495.5,14.0,17.9,0.0,335.0
2026-02-05 00:30:00,756.7,496.7,14.0,17.9,0.0,335.0
2026-02-05 00:45:00,756.2,496.2,14.1,17.9,0.0,335.0
2026-02-05 01:00:00,756.2,495.8,14.1,15.8,0.0,157.0
2026-02-05 01:15:00,755.8,495.8,14.1,15.8,0.0,157.0
2026-02-05 01:30:00,755.7,495.0,14.1,15.8,0.0,157.0
2026-02-05 01:45:00,756.0,495.7,14.1,15.8,0.0,157.0
2026-02-05 02:00:00,755.3,494.7,14.1,12.4,0.0,16.0
2026-02-05 02:15:00,755.2,499.0,14.1,12.4,0.0,16.0
2026-02-05 02:30:00,755.5,496.8,14.1,12.4,0.0,16.0
2026-02-05 02:45:00,755.3,496.7,14.1,12.4,0.0,16.0
2026-02-05 03:00:00,755.3,495.3,14.1,10.3,0.0,0.0
2026-02-05 03:15:00,755.7,495.8,14.1,10.3,0.0,0.0
2026-02-05 03:30:00,755.5,495.2,14.1,10.3,0.0,0.0
2026-02-05 03:45:00,755.7,495.7,14.05,10.3,0.0,0.0
2026-02-05 04:00:00,755.7,495.5,14.0,8.9,0.0,0.0
2026-02-05 04:15:00,755.7,495.8,14.0,8.9,0.0,0.0
2026-02-05 04:30:00,755.7,495.8,14.0,8.9,0.0,0.0
2026-02-05 04:45:00,756.3,496.0,14.0,8.9,0.0,0.0
2026-02-05 05:00:00,756.2,495.0,14.0,7.8,0.0,0.0
2026-02-05 05:15:00,756.0,495.3,13.9,7.8,0.0,0.0
2026-02-05 05:30:00,756.0,495.3,13.9,7.8,0.0,0.0
2026-02-05 05:45:00,756.5,494.7,13.9,7.8,0.0,0.0
2026-02-05 06:00:00,756.5,494.8,13.9,7.9,0.0,0.0
2026-02-05 06:15:00,756.7,495.8,13.9,7.9,0.0,0.0
2026-02-05 06:30:00,756.8,495.0,13.8,7.9,0.0,0.0
2026-02-05 06:45:00,756.8,495.0,13.8,7.9,0.0,0.0
2026-02-05 07:00:00,756.8,494.7,13.8,7.3,0.0,0.0
2026-02-05 07:15:00,757.2,495.5,13.8,7.3,0.0,0.0
2026-02-05 07:30:00,757.5,495.2,13.7,7.3,0.0,0.0
2026-02-05 07:45:00,757.0,494.2,13.7,7.3,0.0,0.0
2026-02-05 08:00:00,757.5,495.2,13.7,6.6,0.0,0.0
2026-02-05 08:15:00,757.3,496.2,13.7,6.6,0.0,0.0
2026-02-05 08:30:00,757.8,495.3,13.6,6.6,0.0,0.0
2026-02-05 08:45:00,757.8,496.2,13.6,6.6,0.0,0.0
2026-02-05 09:00:00,757.3,497.2,13.6,6.1,0.0,0.0
2026-02-05 09:15:00,757.8,496.2,13.6,6.1,0.0,0.0
2026-02-05 09:30:00,757.7,497.7,13.5,6.1,0.0,0.0
2026-02-05 09:45:00,757.7,500.8,13.5,6.1,0.0,0.0
2026-02-05 10:00:00,757.7,497.0,13.5,6.4,0.0,0.0
2026-02-05 10:15:00,757.7,496.0,13.5,6.4,0.0,0.0
2026-02-05 10:30:00,757.7,496.0,13.5,6.4,0.0,0.0
2026-02-05 10:45:00,757.7,496.0,13.4,6.4,0.0,0.0
2026-02-05 11:00:00,757.8,495.8,13.4,6.2,0.0,0.0
2026-02-05 11:15:00,758.0,496.0,13.4,6.2,0.0,0.0
2026-02-05 11:30:00,758.0,496.5,13.4,6.2,0.0,0.0
2026-02-05 11:45:00,758.0,497.3,13.4,6.2,0.0,0.0
2026-02-05 12:00:00,758.2,496.3,13.3,6.5,0.0,0.0
2026-02-05 12:15:00,758.3,495.8,13.3,6.5,0.0,0.0
2026-02-05 12:30:00,757.8,496.7,13.3,6.5,0.0,0.0
2026-02-05 12:45:00,758.7,495.3,13.3,6.5,0.0,0.0
2026-02-05 13:00:00,758.8,497.7,13.3,5.5,0.0,0.0
2026-02-05 13:15:00,758.7,496.5,13.2,5.5,0.0,0.0
2026-02-05 13:30:00,758.7,496.8,13.2,5.5,0.0,0.0
2026-02-05 13:45:00,759.0,496.3,13.2,5.5,0.0,0.0
2026-02-05 14:00:00,759.3,496.2,13.2,4.9,0.0,0.0
2026-02-05 14:15:00,759.0,497.3,13.2,4.9,0.0,0.0
2026-02-05 14:30:00,759.2,497.7,13.2,4.9,0.0,0.0
2026-02-05 14:45:00,759.5,498.5,13.1,4.9,0.0,0.0
2026-02-05 15:00:00,759.2,496.8,13.1,5.0,0.0,0.0
2026-02-05 15:15:00,759.7,497.2,13.1,5.0,0.0,0.0
2026-02-05 15:30:00,759.2,497.7,13.1,5.0,0.0,0.0
2026-02-05 15:45:00,759.3,497.3,13.1,5.0,0.0,0.0
2026-02-05 16:00:00,758.8,497.2,13.1,6.1,0.0,28.0
2026-02-05 16:15:00,759.7,497.0,13.1,6.1,0.0,28.0
2026-02-05 16:30:00,759.7,498.5,13.1,6.1,0.0,28.0
2026-02-05 16:45:00,758.8,497.2,13.1,6.1,0.0,28.0
2026-02-05 17:00:00,759.2,496.8,13.1,9.2,0.0,154.0
2026-02-05 17:15:00,759.2,499.7,13.1,9.2,0.0,154.0
2026-02-05 17:30:00,758.7,496.3,13.1,9.2,0.0,154.0
2026-02-05 17:45:00,759.2,496.3,13.1,9.2,0.0,154.0
2026-02-05 18:00:00,759.0,496.7,13.1,12.5,0.0,320.0
2026-02-05 18:15:00,758.8,496.5,13.1,12.5,0.0,320.0
2026-02-05 18:30:00,758.8,496.3,13.2,12.5,0.0,320.0
2026-02-05 18:45:00,759.5,497.0,13.2,12.5,0.0,320.0
2026-02-05 19:00:00,759.0,497.2,13.2,14.7,0.0,424.0
2026-02-05 19:15:00,758.8,496.3,13.3,14.7,0.0,424.0
2026-02-05 19:30:00,759.0,497.0,13.3,14.7,0.0,424.0
2026-02-05 19:45:00,758.5,497.0,13.4,14.7,0.0,424.0
2026-02-05 20:00:00,758.3,497.0,13.4,16.9,0.0,552.0
2026-02-05 20:15:00,757.8,497.7,13.5,16.9,0.0,552.0
2026-02-05 20:30:00,757.7,496.8,13.5,16.9,0.0,552.0
2026-02-05 20:45:00,757.7,496.0,13.5,16.9,0.0,552.0
2026-02-05 21:00:00,757.3,498.3,13.6,18.6,0.0,597.0
2026-02-05 21:15:00,757.0,498.0,13.6,18.6,0.0,597.0
2026-02-05 21:30:00,756.7,497.0,13.7,18.6,0.0,597.0
2026-02-05 21:45:00,756.5,497.2,13.7,18.6,0.0,597.0
2026-02-05 22:00:00,756.8,497.0,13.8,19.5,0.0,562.0
2026-02-05 22:15:00,755.8,496.7,13.8,19.5,0.0,562.0
2026-02-05 22:30:00,755.7,497.2,13.9,19.5,0.0,562.0
2026-02-05 22:45:00,755.7,496.8,13.9,19.5,0.0,562.0
2026-02-05 23:00:00,755.7,496.7,14.0,19.9,0.0,474.0
2026-02-05 23:15:00,755.8,497.8,14.0,19.9,0.0,474.0
2026-02-05 23:30:00,755.7,498.5,14.1,19.9,0.0,474.0
2026-02-05 23:45:00,755.2,496.0,14.1,19.9,0.0,474.0
2026-02-06 00:00:00,755.7,498.0,14.13,19.3,0.0,329.0
2026-02-06 00:15:00,755.7,497.8,14.2,19.3,0.0,329.0
2026-02-06 00:30:00,756.2,496.5,14.2,19.3,0.0,329.0
2026-02-06 00:45:00,756.0,499.8,14.2,19.3,0.0,329.0
2026-02-06 01:00:00,756.0,499.0,14.3,17.0,0.0,138.0
2026-02-06 01:15:00,756.7,497.0,14.3,17.0,0.0,138.0
2026-02-06 01:30:00,756.7,497.7,14.3,17.0,0.0,138.0
2026-02-06 01:45:00,756.7,498.5,14.3,17.0,0.0,138.0
2026-02-06 02:00:00,755.7,496.8,14.3,14.4,0.0,13.0
2026-02-06 02:15:00,756.5,497.0,14.3,14.4,0.0,13.0
2026-02-06 02:30:00,756.7,497.7,14.3,14.4,0.0,13.0
2026-02-06 02:45:00,756.5,497.5,14.3,14.4,0.0,13.0
2026-02-06 03:00:00,757.2,496.3,14.3,12.8,0.0,0.0
2026-02-06 03:15:00,756.5,496.2,14.3,12.8,0.0,0.0
2026-02-06 03:30:00,756.5,496.8,14.3,12.8,0.0,0.0
2026-02-06 03:45:00,757.0,497.0,14.3,12.8,0.0,0.0
2026-02-06 04:00:00,756.7,498.7,14.3,12.0,0.0,0.0
2026-02-06 04:15:00,756.5,497.0,14.3,12.0,0.0,0.0
2026-02-06 04:30:00,756.7,496.8,14.3,12.0,0.0,0.0
2026-02-06 04:45:00,756.8,495.8,14.3,12.0,0.0,0.0
2026-02-06 05:00:00,756.7,496.2,14.3,11.4,0.0,0.0
2026-02-06 05:15:00,756.7,496.0,14.28,11.4,0.0,0.0
2026-02-06 05:30:00,757.2,496.8,14.2,11.4,0.0,0.0
2026-02-06 05:45:00,756.8,496.2,14.2,11.4,0.0,0.0
2026-02-06 06:00:00,756.5,496.7,14.2,10.8,0.0,0.0
2026-02-06 06:15:00,756.7,498.3,14.2,10.8,0.0,0.0
2026-02-06 06:30:00,756.5,496.0,14.2,10.8,0.0,0.0
2026-02-06 06:45:00,756.7,495.7,14.2,10.8,0.0,0.0
2026-02-06 07:00:00,757.0,495.3,14.2,10.1,0.0,0.0
2026-02-06 07:15:00,757.2,494.3,14.2,10.1,0.0,0.0
2026-02-06 07:30:00,757.7,495.2,14.2,10.1,0.0,0.0
2026-02-06 07:45:00,757.5,495.3,14.2,10.1,0.0,0.0
2026-02-06 08:00:00,757.0,495.3,14.15,10.4,0.0,0.0
2026-02-06 08:15:00,757.5,495.7,14.1,10.4,0.0,0.0
2026-02-06 08:30:00,757.7,498.5,14.1,10.4,0.0,0.0
2026-02-06 08:45:00,757.0,497.5,14.1,10.4,0.0,0.0
2026-02-06 09:00:00,757.0,495.7,14.1,11.1,0.0,0.0
2026-02-06 09:15:00,757.0,496.0,14.1,11.1,0.0,0.0
2026-02-06 09:30:00,757.3,495.7,14.1,11.1,0.0,0.0
2026-02-06 09:45:00,757.2,495.7,14.1,11.1,0.0,0.0
2026-02-06 10:00:00,757.2,495.5,14.1,11.4,0.05,0.0
2026-02-06 10:15:00,757.2,495.7,14.1,11.4,0.05,0.0
2026-02-06 10:30:00,757.0,495.3,14.1,11.4,0.05,0.0
2026-02-06 10:45:00,757.0,497.5,14.1,11.4,0.05,0.0
2026-02-06 11:00:00,756.7,496.3,14.1,11.0,0.0,0.0
2026-02-06 11:15:00,756.8,495.2,14.0,11.0,0.0,0.0
2026-02-06 11:30:00,757.0,494.0,14.0,11.0,0.0,0.0
2026-02-06 11:45:00,757.2,495.3,14.0,11.0,0.0,0.0
2026-02-06 12:00:00,757.2,495.2,14.0,10.0,0.0,0.0
2026-02-06 12:15:00,757.2,495.0,14.0,10.0,0.0,0.0
2026-02-06 12:30:00,757.2,495.0,14.0,10.0,0.0,0.0
2026-02-06 12:45:00,756.8,495.5,14.0,10.0,0.0,0.0
2026-02-06 13:00:00,757.5,495.2,14.0,10.1,0.0,0.0
2026-02-06 13:15:00,757.0,496.2,13.9,10.1,0.0,0.0
2026-02-06 13:30:00,757.7,497.2,13.9,10.1,0.0,0.0
2026-02-06 13:45:00,757.8,495.7,13.9,10.1,0.0,0.0
2026-02-06 14:00:00,757.7,494.7,13.9,9.9,0.0,0.0
2026-02-06 14:15:00,757.3,494.0,13.9,9.9,0.0,0.0
2026-02-06 14:30:00,757.7,494.0,13.8,9.9,0.0,0.0
2026-02-06 14:45:00,758.0,495.3,13.8,9.9,0.0,0.0
2026-02-06 15:00:00,757.5,495.8,13.8,8.3,0.0,0.0
2026-02-06 15:15:00,758.0,495.5,13.8,8.3,0.0,0.0
2026-02-06 15:30:00,757.8,496.8,13.72,8.3,0.0,0.0
2026-02-06 15:45:00,758.7,494.7,13.7,8.3,0.0,0.0
2026-02-06 16:00:00,758.3,496.8,13.7,9.4,0.0,36.0
2026-02-06 16:15:00,758.3,497.5,13.7,9.4,0.0,36.0
2026-02-06 16:30:00,758.5,494.8,13.7,9.4,0.0,36.0
2026-02-06 16:45:00,758.8,495.5,13.7,9.4,0.0,36.0
2026-02-06 17:00:00,758.5,495.5,13.7,12.8,0.0,191.0
2026-02-06 17:15:00,758.7,495.0,13.7,12.8,0.0,191.0
2026-02-06 17:30:00,758.7,497.0,13.7,12.8,0.0,191.0
2026-02-06 17:45:00,758.5,496.5,13.7,12.8,0.0,191.0
2026-02-06 18:00:00,758.7,496.2,13.7,15.1,0.0,365.0
2026-02-06 18:15:00,758.3,494.5,13.7,15.1,0.0,365.0
2026-02-06 18:30:00,758.5,495.5,13.7,15.1,0.0,365.0
2026-02-06 18:45:00,758.2,494.8,13.8,15.1,0.0,365.0
2026-02-06 19:00:00,757.8,494.7,13.8,16.7,0.0,493.0
2026-02-06 19:15:00,758.2,494.7,13.8,16.7,0.0,493.0
2026-02-06 19:30:00,758.7,494.8,13.8,16.7,0.0,493.0
2026-02-06 19:45:00,758.5,496.0,13.9,16.7,0.0,493.0
2026-02-06 20:00:00,758.8,495.3,13.9,17.6,0.0,537.0
2026-02-06 20:15:00,758.8,496.0,13.9,17.6,0.0,537.0
2026-02-06 20:30:00,758.7,496.5,14.0,17.6,0.0,537.0
2026-02-06 20:45:00,758.8,495.3,14.0,17.6,0.0,537.0
2026-02-06 21:00:00,758.7,497.2,14.0,18.5,0.0,603.0
2026-02-06 21:15:00,758.8,496.7,14.1,18.5,0.0,603.0
2026-02-06 21:30:00,758.7,496.0,14.1,18.5,0.0,603.0
2026-02-06 21:45:00,758.7,495.7,14.1,18.5,0.0,603.0
2026-02-06 22:00:00,759.2,495.0,14.2,18.5,0.0,567.0
2026-02-06 22:15:00,759.5,495.5,14.2,18.5,0.0,567.0
2026-02-06 22:30:00,759.5,495.3,14.2,18.5,0.0,567.0
2026-02-06 22:45:00,759.7,496.2,14.3,18.5,0.0,567.0
2026-02-06 23:00:00,759.7,496.0,14.3,18.3,0.0,469.0
2026-02-06 23:15:00,759.8,494.5,14.3,18.3,0.0,469.0
2026-02-06 23:30:00,759.3,495.7,14.3,18.3,0.0,469.0
2026-02-06 23:45:00,759.0,495.2,14.4,18.3,0.0,469.0
2026-02-07 00:00:00,759.3,497.3,14.4,19.0,0.0,326.0
2026-02-07 00:15:00,758.7,495.5,14.4,19.0,0.0,326.0
2026-02-07 00:30:00,759.3,495.8,14.4,19.0,0.0,326.0
2026-02-07 00:45:00,759.0,494.7,14.4,19.0,0.0,326.0
2026-02-07 01:00:00,759.0,495.0,14.5,16.8,0.0,155.0
2026-02-07 01:15:00,759.2,496.2,14.4,16.8,0.0,155.0
2026-02-07 01:30:00,759.3,494.7,14.4,16.8,0.0,155.0
2026-02-07 01:45:00,759.5,494.3,14.4,16.8,0.0,155.0
2026-02-07 02:00:00,760.2,495.3,14.4,13.7,0.0,17.0
2026-02-07 02:15:00,760.8,494.3,14.4,13.7,0.0,17.0
2026-02-07 02:30:00,760.3,495.0,14.4,13.7,0.0,17.0
2026-02-07 02:45:00,760.2,495.0,14.4,13.7,0.0,17.0
2026-02-07 03:00:00,760.5,494.7,14.4,12.1,0.0,0.0
2026-02-07 03:15:00,760.8,494.8,14.4,12.1,0.0,0.0
2026-02-07 03:30:00,760.0,494.7,14.4,12.1,0.0,0.0
2026-02-07 03:45:00,760.3,496.2,14.3,12.1,0.0,0.0
2026-02-07 04:00:00,761.0,495.7,14.3,11.2,0.0,0.0
2026-02-07 04:15:00,760.8,495.3,14.3,11.2,0.0,0.0
2026-02-07 04:30:00,760.8,494.0,14.3,11.2,0.0,0.0
2026-02-07 04:45:00,761.0,495.3,14.3,11.2,0.0,0.0
2026-02-07 05:00:00,761.2,495.3,14.2,10.9,0.0,0.0
2026-02-07 05:15:00,761.0,493.5,14.2,10.9,0.0,0.0
2026-02-07 05:30:00,760.7,495.2,14.2,10.9,0.0,0.0
2026-02-07 05:45:00,761.0,496.0,14.2,10.9,0.0,0.0
2026-02-07 06:00:00,760.8,496.5,14.2,10.0,0.0,0.0
2026-02-07 06:15:00,760.7,496.2,14.2,10.0,0.0,0.0
2026-02-07 06:30:00,760.7,496.5,14.1,10.0,0.0,0.0
2026-02-07 06:45:00,760.7,495.7,14.1,10.0,0.0,0.0
2026-02-07 07:00:00,760.0,495.5,14.1,10.2,0.0,0.0
2026-02-07 07:15:00,760.2,495.0,14.1,10.2,0.0,0.0
2026-02-07 07:30:00,760.3,495.3,14.1,10.2,0.0,0.0
2026-02-07 07:45:00,760.5,495.7,14.1,10.2,0.0,0.0
2026-02-07 08:00:00,760.7,498.3,14.0,10.1,0.0,0.0
2026-02-07 08:15:00,760.7,495.3,14.0,10.1,0.0,0.0
2026-02-07 08:30:00,760.3,496.2,14.0,10.1,0.0,0.0
2026-02-07 08:45:00,760.8,497.0,14.0,10.1,0.0,0.0
2026-02-07 09:00:00,760.2,495.2,14.0,9.7,0.0,0.0
2026-02-07 09:15:00,759.7,495.2,14.0,9.7,0.0,0.0
2026-02-07 09:30:00,759.7,494.0,14.0,9.7,0.0,0.0
2026-02-07 09:45:00,759.8,495.0,13.9,9.7,0.0,0.0
2026-02-07 10:00:00,759.3,494.7,13.9,9.7,0.0,0.0
2026-02-07 10:15:00,759.2,496.0,13.9,9.7,0.0,0.0
2026-02-07 10:30:00,759.7,495.3,13.9,9.7,0.0,0.0
2026-02-07 10:45:00,759.2,495.8,13.9,9.7,0.0,0.0
2026-02-07 11:00:00,759.2,496.8,13.8,9.5,0.0,0.0
2026-02-07 11:15:00,758.8,495.2,13.8,9.5,0.0,0.0
2026-02-07 11:30:00,758.8,495.8,13.8,9.5,0.0,0.0
2026-02-07 11:45:00,758.8,496.3,13.8,9.5,0.0,0.0
2026-02-07 12:00:00,758.5,496.3,13.7,8.3,0.0,0.0
2026-02-07 12:15:00,758.8,495.2,13.7,8.3,0.0,0.0
2026-02-07 12:30:00,758.8,494.5,13.7,8.3,0.0,0.0
2026-02-07 12:45:00,759.3,494.3,13.7,8.3,0.0,0.0
2026-02-07 13:00:00,760.0,495.7,13.7,8.6,0.0,0.0
2026-02-07 13:15:00,759.8,494.2,13.6,8.6,0.0,0.0
2026-02-07 13:30:00,759.5,497.0,13.6,8.6,0.0,0.0
2026-02-07 13:45:00,759.7,496.7,13.6,8.6,0.0,0.0
2026-02-07 14:00:00,759.5,495.8,13.6,8.1,0.0,0.0
2026-02-07 14:15:00,759.5,496.2,13.6,8.1,0.0,0.0
2026-02-07 14:30:00,759.5,496.5,13.5,8.1,0.0,0.0
2026-02-07 14:45:00,759.7,497.2,13.5,8.1,0.0,0.0
2026-02-07 15:00:00,759.2,496.7,13.5,7.9,0.0,0.0
2026-02-07 15:15:00,758.7,496.2,13.5,7.9,0.0,0.0
2026-02-07 15:30:00,759.0,495.3,13.5,7.9,0.0,0.0
2026-02-07 15:45:00,758.7,499.7,13.4,7.9,0.0,0.0
2026-02-07 16:00:00,758.8,499.3,13.4,8.3,0.0,20.0
2026-02-07 16:15:00,758.5,496.8,13.4,8.3,0.0,20.0
2026-02-07 16:30:00,758.5,496.0,13.4,8.3,0.0,20.0
2026-02-07 16:45:00,758.3,496.5,13.4,8.3,0.0,20.0
2026-02-07 17:00:00,759.2,497.0,13.4,9.9,0.0,113.0
2026-02-07 17:15:00,758.3,496.0,13.4,9.9,0.0,113.0
2026-02-07 17:30:00,758.5,497.2,13.4,9.9,0.0,113.0
2026-02-07 17:45:00,758.3,496.2,13.4,9.9,0.0,113.0
2026-02-07 18:00:00,758.2,496.7,13.37,11.2,0.0,236.0
2026-02-07 18:15:00,757.3,497.2,13.4,11.2,0.0,236.0
2026-02-07 18:30:00,757.2,497.8,13.4,11.2,0.0,236.0
2026-02-07 18:45:00,756.5,495.2,13.4,11.2,0.0,236.0
2026-02-07 19:00:00,756.0,496.7,13.4,13.1,0.0,412.0
2026-02-07 19:15:00,755.8,496.2,13.4,13.1,0.0,412.0
2026-02-07 19:30:00,755.5,496.7,13.4,13.1,0.0,412.0
2026-02-07 19:45:00,755.2,495.2,13.5,13.1,0.0,412.0
2026-02-07 20:00:00,754.8,494.2,13.5,14.8,0.0,544.0
2026-02-07 20:15:00,754.7,495.0,13.5,14.8,0.0,544.0
2026-02-07 20:30:00,754.2,496.2,13.6,14.8,0.0,544.0
2026-02-07 20:45:00,754.0,496.3,13.6,14.8,0.0,544.0
2026-02-07 21:00:00,754.2,494.7,13.7,16.6,0.0,585.0
2026-02-07 21:15:00,754.0,495.7,13.7,16.6,0.0,585.0
2026-02-07 21:30:00,753.2,494.5,13.8,16.6,0.0,585.0
2026-02-07 21:45:00,752.2,495.3,13.8,16.6,0.0,585.0
2026-02-07 22:00:00,751.7,494.7,13.8,16.3,0.0,490.0
2026-02-07 22:15:00,751.3,495.3,13.9,16.3,0.0,490.0
2026-02-07 22:30:00,751.5,495.0,13.9,16.3,0.0,490.0
2026-02-07 22:45:00,750.2,495.3,13.9,16.3,0.0,490.0
2026-02-07 23:00:00,749.8,493.3,13.9,16.0,0.0,400.0
2026-02-07 23:15:00,750.3,495.3,14.0,16.0,0.0,400.0
2026-02-07 23:30:00,751.0,496.8,14.0,16.0,0.0,400.0
2026-02-07 23:45:00,750.8,498.0,14.0,16.0,0.0,400.0
2026-02-08 00:00:00,750.8,497.0,14.0,16.3,0.0,312.0
2026-02-08 00:15:00,751.3,495.7,14.0,16.3,0.0,312.0
2026-02-08 00:30:00,751.7,495.0,14.0,16.3,0.0,312.0
2026-02-08 00:45:00,751.7,495.7,14.1,16.3,0.0,312.0
2026-02-08 01:00:00,751.7,494.8,14.1,15.4,0.0,134.0
2026-02-08 01:15:00,752.2,495.2,14.1,15.4,0.0,134.0
2026-02-08 01:30:00,752.2,496.0,14.1,15.4,0.0,134.0
2026-02-08 01:45:00,752.7,495.8,14.1,15.4,0.0,134.0
2026-02-08 02:00:00,752.2,495.0,14.1,13.1,0.0,18.0
2026-02-08 02:15:00,752.7,494.3,14.1,13.1,0.0,18.0
2026-02-08 02:30:00,752.7,494.8,14.1,13.1,0.0,18.0
2026-02-08 02:45:00,752.2,495.2,14.1,13.1,0.0,18.0
2026-02-08 03:00:00,752.2,494.7,14.1,11.8,0.0,0.0
2026-02-08 03:15:00,752.7,494.5,14.1,11.8,0.0,0.0
2026-02-08 03:30:00,753.5,495.3,14.1,11.8,0.0,0.0
2026-02-08 03:45:00,753.7,495.3,14.0,11.8,0.0,0.0
2026-02-08 04:00:00,754.5,495.8,14.0,10.4,0.0,0.0
2026-02-08 04:15:00,755.2,495.8,14.0,10.4,0.0,0.0
2026-02-08 04:30:00,755.7,496.0,14.0,10.4,0.0,0.0
2026-02-08 04:45:00,756.2,495.2,13.97,10.4,0.0,0.0
2026-02-08 05:00:00,756.5,495.7,13.9,10.4,0.0,0.0
2026-02-08 05:15:00,757.0,495.7,13.9,10.4,0.0,0.0
2026-02-08 05:30:00,757.7,495.3,13.9,10.4,0.0,0.0
2026-02-08 05:45:00,757.8,494.8,13.9,10.4,0.0,0.0
2026-02-08 06:00:00,757.5,494.7,13.8,9.9,0.0,0.0
2026-02-08 06:15:00,758.2,495.0,13.8,9.9,0.0,0.0
2026-02-08 06:30:00,758.2,495.3,13.8,9.9,0.0,0.0
2026-02-08 06:45:00,758.3,496.0,13.8,9.9,0.0,0.0
2026-02-08 07:00:00,758.3,494.2,13.8,9.9,0.0,0.0
2026-02-08 07:15:00,758.7,494.8,13.7,9.9,0.0,0.0
2026-02-08 07:30:00,758.7,496.0,13.7,9.9,0.0,0.0
2026-02-08 07:45:00,759.0,495.3,13.7,9.9,0.0,0.0
2026-02-08 08:00:00,758.8,498.2,13.7,8.5,0.0,0.0
2026-02-08 08:15:00,759.0,495.7,13.7,8.5,0.0,0.0
2026-02-08 08:30:00,759.3,494.7,13.6,8.5,0.0,0.0
2026-02-08 08:45:00,758.8,495.7,13.6,8.5,0.0,0.0
2026-02-08 09:00:00,758.8,495.0,13.6,9.2,0.0,0.0
2026-02-08 09:15:00,759.0,496.3,13.6,9.2,0.0,0.0
2026-02-08 09:30:00,759.3,495.2,13.6,9.2,0.0,0.0
2026-02-08 09:45:00,758.8,495.3,13.6,9.2,0.0,0.0
2026-02-08 10:00:00,759.5,495.7,13.5,9.2,0.0,0.0
2026-02-08 10:15:00,759.8,494.7,13.5,9.2,0.0,0.0
2026-02-08 10:30:00,759.7,494.5,13.5,9.2,0.0,0.0
2026-02-08 10:45:00,759.8,494.8,13.5,9.2,0.0,0.0
2026-02-08 11:00:00,760.7,494.8,13.5,8.0,0.0,0.0
2026-02-08 11:15:00,761.0,496.2,13.4,8.0,0.0,0.0
2026-02-08 11:30:00,761.0,496.2,13.4,8.0,0.0,0.0
2026-02-08 11:45:00,761.0,496.7,13.4,8.0,0.0,0.0
2026-02-08 12:00:00,760.7,495.7,13.4,8.3,0.0,0.0
2026-02-08 12:15:00,761.2,496.3,13.4,8.3,0.0,0.0
2026-02-08 12:30:00,761.0,494.8,13.4,8.3,0.0,0.0
2026-02-08 12:45:00,760.8,495.0,13.3,8.3,0.0,0.0
2026-02-08 13:00:00,761.7,495.7,13.3,8.2,0.0,0.0
2026-02-08 13:15:00,761.8,495.2,13.3,8.2,0.0,0.0
2026-02-08 13:30:00,762.3,495.2,13.3,8.2,0.0,0.0
2026-02-08 13:45:00,762.3,496.0,13.3,8.2,0.0,0.0
2026-02-08 14:00:00,762.5,495.8,13.2,8.2,0.0,0.0
2026-02-08 14:15:00,762.7,497.0,13.2,8.2,0.0,0.0
2026-02-08 14:30:00,763.2,496.5,13.2,8.2,0.0,0.0
2026-02-08 14:45:00,763.2,495.2,13.2,8.2,0.0,0.0
2026-02-08 15:00:00,763.3,496.7,13.2,8.3,0.0,0.0
2026-02-08 15:15:00,764.0,496.3,13.2,8.3,0.0,0.0
2026-02-08 15:30:00,763.7,496.3,13.2,8.3,0.0,0.0
2026-02-08 15:45:00,764.0,495.3,13.12,8.3,0.0,0.0
2026-02-08 16:00:00,763.8,498.8,13.1,9.0,0.0,28.0
2026-02-08 16:15:00,764.0,495.5,13.1,9.0,0.0,28.0
2026-02-08 16:30:00,764.0,496.2,13.1,9.0,0.0,28.0
2026-02-08 16:45:00,764.2,496.5,13.1,9.0,0.0,28.0
2026-02-08 17:00:00,764.0,495.5,13.1,10.5,0.0,133.0
2026-02-08 17:15:00,764.3,495.2,13.1,10.5,0.0,133.0
2026-02-08 17:30:00,764.5,494.8,13.1,10.5,0.0,133.0
2026-02-08 17:45:00,764.2,496.2,13.1,10.5,0.0,133.0
2026-02-08 18:00:00,764.5,495.5,13.1,12.2,0.0,301.0
2026-02-08 18:15:00,763.7,496.0,13.1,12.2,0.0,301.0
2026-02-08 18:30:00,763.8,496.3,13.1,12.2,0.0,301.0
2026-02-08 18:45:00,763.8,496.5,13.12,12.2,0.0,301.0
2026-02-08 19:00:00,763.7,495.7,13.2,13.9,0.0,451.0
2026-02-08 19:15:00,763.8,496.8,13.2,13.9,0.0,451.0
2026-02-08 19:30:00,764.3,494.8,13.27,13.9,0.0,451.0
2026-02-08 19:45:00,763.7,494.7,13.3,13.9,0.0,451.0
2026-02-08 20:00:00,763.7,494.8,13.3,15.3,0.0,548.0
2026-02-08 20:15:00,763.8,495.7,13.4,15.3,0.0,548.0
2026-02-08 20:30:00,764.2,493.5,13.4,15.3,0.0,548.0
2026-02-08 20:45:00,763.7,495.2,13.4,15.3,0.0,548.0
2026-02-08 21:00:00,763.7,495.3,13.5,16.5,0.0,602.0
2026-02-08 21:15:00,763.7,494.2,13.5,16.5,0.0,602.0
2026-02-08 21:30:00,763.7,496.0,13.6,16.5,0.0,602.0
2026-02-08 21:45:00,763.7,495.0,13.6,16.5,0.0,602.0
2026-02-08 22:00:00,763.3,495.7,13.7,16.9,0.0,566.0
2026-02-08 22:15:00,763.5,494.5,13.7,16.9,0.0,566.0
2026-02-08 22:30:00,763.3,494.2,13.7,16.9,0.0,566.0
2026-02-08 22:45:00,763.5,495.3,13.8,16.9,0.0,566.0
2026-02-08 23:00:00,762.8,493.7,13.8,15.1,0.0,450.0
2026-02-08 23:15:00,763.8,494.2,13.8,15.1,0.0,450.0
2026-02-08 23:30:00,763.2,493.5,13.9,15.1,0.0,450.0
2026-02-08 23:45:00,763.0,495.0,13.9,15.1,0.0,450.0
2026-02-09 00:00:00,762.8,496.7,13.9,14.3,0.0,274.0
2026-02-09 00:15:00,762.8,497.0,13.9,14.3,0.0,274.0
2026-02-09 00:30:00,763.5,494.2,13.9,14.3,0.0,274.0
2026-02-09 00:45:00,763.2,494.7,13.9,14.3,0.0,274.0
2026-02-09 01:00:00,763.3,494.0,13.9,14.1,0.0,148.0
2026-02-09 01:15:00,763.3,494.2,14.0,14.1,0.0,148.0
2026-02-09 01:30:00,763.5,494.3,14.0,14.1,0.0,148.0
2026-02-09 01:45:00,763.7,493.8,14.0,14.1,0.0,148.0
2026-02-09 02:00:00,764.0,493.5,14.0,12.9,0.0,15.0
2026-02-09 02:15:00,763.8,494.2,14.0,12.9,0.0,15.0
2026-02-09 02:30:00,763.5,495.2,14.0,12.9,0.0,15.0
2026-02-09 02:45:00,763.8,494.7,14.0,12.9,0.0,15.0
2026-02-09 03:00:00,763.2,493.5,14.0,12.9,0.0,0.0
2026-02-09 03:15:00,764.0,494.3,14.0,12.9,0.0,0.0
2026-02-09 03:30:00,763.5,494.8,14.0,12.9,0.0,0.0
2026-02-09 03:45:00,763.7,493.3,14.0,12.9,0.0,0.0
2026-02-09 04:00:00,763.7,493.2,14.0,13.1,0.0,0.0
2026-02-09 04:15:00,763.5,493.7,14.0,13.1,0.0,0.0
2026-02-09 04:30:00,763.7,493.0,14.0,13.1,0.0,0.0
2026-02-09 04:45:00,764.2,492.3,14.0,13.1,0.0,0.0
2026-02-09 05:00:00,764.0,494.2,14.0,13.1,0.0,0.0
2026-02-09 05:15:00,764.0,494.0,14.0,13.1,0.0,0.0
2026-02-09 05:30:00,764.3,493.2,14.0,13.1,0.0,0.0
2026-02-09 05:45:00,764.2,492.8,14.0,13.1,0.0,0.0
2026-02-09 06:00:00,763.8,491.2,14.0,12.9,0.0,0.0
2026-02-09 06:15:00,763.8,490.8,14.0,12.9,0.0,0.0
2026-02-09 06:30:00,764.0,491.8,14.0,12.9,0.0,0.0
2026-02-09 06:45:00,764.5,489.7,14.0,12.9,0.0,0.0
2026-02-09 07:00:00,764.3,491.0,14.0,12.9,0.0,0.0
2026-02-09 07:15:00,764.2,492.5,14.0,12.9,0.0,0.0
2026-02-09 07:30:00,764.5,493.5,14.0,12.9,0.0,0.0
2026-02-09 07:45:00,764.0,491.7,14.0,12.9,0.0,0.0
2026-02-09 08:00:00,764.5,491.7,14.0,12.7,0.0,0.0
2026-02-09 08:15:00,764.3,494.0,14.0,12.7,0.0,0.0
2026-02-09 08:30:00,764.5,493.7,13.98,12.7,0.0,0.0
2026-02-09 08:45:00,764.5,491.5,13.9,12.7,0.0,0.0
2026-02-09 09:00:00,764.3,491.2,13.9,11.8,0.0,0.0
2026-02-09 09:15:00,764.7,491.0,13.9,11.8,0.0,0.0
2026-02-09 09:30:00,764.7,490.3,13.9,11.8,0.0,0.0
2026-02-09 09:45:00,765.0,490.8,13.9,11.8,0.0,0.0
2026-02-09 10:00:00,765.3,492.5,13.9,10.8,0.0,0.0
2026-02-09 10:15:00,766.0,490.5,13.9,10.8,0.0,0.0
2026-02-09 10:30:00,766.0,489.7,13.8,10.8,0.0,0.0
2026-02-09 10:45:00,766.5,490.7,13.8,10.8,0.0,0.0
2026-02-09 11:00:00,766.5,490.5,13.8,10.2,0.0,0.0
2026-02-09 11:15:00,766.7,491.3,13.8,10.2,0.0,0.0
2026-02-09 11:30:00,767.7,491.3,13.8,10.2,0.0,0.0
2026-02-09 11:45:00,767.7,491.2,13.7,10.2,0.0,0.0
2026-02-09 12:00:00,768.0,490.5,13.7,10.0,0.0,0.0
2026-02-09 12:15:00,768.3,492.5,13.7,10.0,0.0,0.0
2026-02-09 12:30:00,768.5,491.2,13.7,10.0,0.0,0.0
2026-02-09 12:45:00,769.0,490.5,13.7,10.0,0.0,0.0
2026-02-09 13:00:00,769.7,489.8,13.6,9.3,0.0,0.0
2026-02-09 13:15:00,769.7,490.7,13.6,9.3,0.0,0.0
2026-02-09 13:30:00,770.3,490.7,13.6,9.3,0.0,0.0
2026-02-09 13:45:00,770.3,490.7,13.6,9.3,0.0,0.0
2026-02-09 14:00:00,771.5,490.3,13.6,9.1,0.0,0.0
2026-02-09 14:15:00,771.5,490.0,13.5,9.1,0.0,0.0
2026-02-09 14:30:00,772.2,490.3,13.5,9.1,0.0,0.0
2026-02-09 14:45:00,772.7,493.8,13.5,9.1,0.0,0.0
2026-02-09 15:00:00,773.3,493.5,13.5,9.2,0.0,0.0
2026-02-09 15:15:00,773.5,493.0,13.5,9.2,0.0,0.0
2026-02-09 15:30:00,773.7,492.3,13.5,9.2,0.0,0.0
2026-02-09 15:45:00,775.3,492.2,13.4,9.2,0.0,0.0
2026-02-09 16:00:00,775.8,492.5,13.4,9.5,0.0,30.0
2026-02-09 16:15:00,776.3,491.2,13.4,9.5,0.0,30.0
2026-02-09 16:30:00,776.3,494.8,13.4,9.5,0.0,30.0
2026-02-09 16:45:00,777.3,493.3,13.4,9.5,0.0,30.0
2026-02-09 17:00:00,777.3,493.0,13.4,11.0,0.0,137.0
2026-02-09 17:15:00,777.5,494.0,13.4,11.0,0.0,137.0
2026-02-09 17:30:00,777.0,494.3,13.4,11.0,0.0,137.0
2026-02-09 17:45:00,777.5,492.5,13.4,11.0,0.0,137.0
2026-02-09 18:00:00,777.3,492.0,13.4,13.2,0.0,346.0
2026-02-09 18:15:00,778.0,492.7,13.4,13.2,0.0,346.0
2026-02-09 18:30:00,778.2,491.0,13.4,13.2,0.0,346.0
2026-02-09 18:45:00,779.2,492.7,13.4,13.2,0.0,346.0
2026-02-09 19:00:00,779.0,492.7,13.4,14.3,0.0,361.0
2026-02-09 19:15:00,779.5,494.0,13.4,14.3,0.0,361.0
2026-02-09 19:30:00,780.2,494.7,13.5,14.3,0.0,361.0
2026-02-09 19:45:00,780.2,494.5,13.5,14.3,0.0,361.0
2026-02-09 20:00:00,780.5,495.0,13.5,15.6,0.0,493.0
2026-02-09 20:15:00,781.0,495.5,13.5,15.6,0.0,493.0
2026-02-09 20:30:00,781.0,494.7,13.5,15.6,0.0,493.0
2026-02-09 20:45:00,781.5,495.7,13.6,15.6,0.0,493.0
2026-02-09 21:00:00,781.8,495.5,13.6,15.7,0.0,415.0
2026-02-09 21:15:00,782.5,494.7,13.6,15.7,0.0,415.0
2026-02-09 21:30:00,782.5,496.8,13.6,15.7,0.0,415.0
2026-02-09 21:45:00,782.7,496.2,13.6,15.7,0.0,415.0
2026-02-09 22:00:00,783.0,496.2,13.7,16.4,0.0,488.0
2026-02-09 22:15:00,783.3,495.0,13.7,16.4,0.0,488.0
2026-02-09 22:30:00,783.7,495.2,13.7,16.4,0.0,488.0
2026-02-09 22:45:00,784.3,496.2,13.7,16.4,0.0,488.0
2026-02-09 23:00:00,784.0,497.0,13.75,17.0,0.0,443.0
2026-02-09 23:15:00,784.3,496.8,13.8,17.0,0.0,443.0
2026-02-09 23:30:00,783.7,496.0,13.8,17.0,0.0,443.0
2026-02-09 23:45:00,783.8,494.7,13.8,17.0,0.0,443.0
2026-02-10 00:00:00,783.7,495.2,13.8,16.7,0.0,345.0
2026-02-10 00:15:00,784.0,495.5,13.8,16.7,0.0,345.0
2026-02-10 00:30:00,783.8,496.0,13.8,16.7,0.0,345.0
2026-02-10 00:45:00,783.8,495.8,13.8,16.7,0.0,345.0
2026-02-10 01:00:00,784.2,495.0,13.9,15.2,0.0,84.0
2026-02-10 01:15:00,784.5,494.7,13.9,15.2,0.0,84.0
2026-02-10 01:30:00,784.3,495.3,13.9,15.2,0.0,84.0
2026-02-10 01:45:00,784.7,495.0,13.9,15.2,0.0,84.0
2026-02-10 02:00:00,785.2,494.2,13.9,13.2,0.0,10.0
2026-02-10 02:15:00,785.2,495.7,13.9,13.2,0.0,10.0
2026-02-10 02:30:00,785.7,495.2,13.9,13.2,0.0,10.0
2026-02-10 02:45:00,785.7,493.3,13.9,13.2,0.0,10.0
2026-02-10 03:00:00,785.3,494.3,13.9,12.5,0.0,0.0
2026-02-10 03:15:00,785.7,494.7,13.9,12.5,0.0,0.0
2026-02-10 03:30:00,786.0,494.0,13.9,12.5,0.0,0.0
2026-02-10 03:45:00,786.2,493.8,13.9,12.5,0.0,0.0
2026-02-10 04:00:00,786.5,495.0,13.8,11.9,0.0,0.0
2026-02-10 04:15:00,786.3,494.3,13.8,11.9,0.0,0.0
2026-02-10 04:30:00,786.8,494.5,13.8,11.9,0.0,0.0
2026-02-10 04:45:00,786.8,493.2,13.8,11.9,0.0,0.0
2026-02-10 05:00:00,787.0,493.7,13.8,11.1,0.0,0.0
2026-02-10 05:15:00,787.3,492.7,13.8,11.1,0.0,0.0
2026-02-10 05:30:00,787.7,492.8,13.8,11.1,0.0,0.0
2026-02-10 05:45:00,787.5,491.5,13.8,11.1,0.0,0.0
2026-02-10 06:00:00,787.3,492.5,13.7,10.0,0.0,0.0
2026-02-10 06:15:00,787.5,493.2,13.7,10.0,0.0,0.0
2026-02-10 06:30:00,787.8,492.2,13.7,10.0,0.0,0.0
2026-02-10 06:45:00,787.8,492.3,13.7,10.0,0.0,0.0
2026-02-10 07:00:00,787.8,492.7,13.6,9.4,0.0,0.0
2026-02-10 07:15:00,787.5,492.5,13.6,9.4,0.0,0.0
2026-02-10 07:30:00,787.5,492.7,13.6,9.4,0.0,0.0
2026-02-10 07:45:00,788.0,490.3,13.6,9.4,0.0,0.0
2026-02-10 08:00:00,788.2,492.0,13.5,9.9,0.0,0.0
2026-02-10 08:15:00,787.7,492.2,13.5,9.9,0.0,0.0
2026-02-10 08:30:00,788.0,491.8,13.5,9.9,0.0,0.0
2026-02-10 08:45:00,788.3,492.3,13.4,9.9,0.0,0.0
2026-02-10 09:00:00,788.5,494.5,13.4,9.8,0.0,0.0
2026-02-10 09:15:00,788.8,492.5,13.4,9.8,0.0,0.0
2026-02-10 09:30:00,788.5,493.5,13.3,9.8,0.0,0.0
2026-02-10 09:45:00,788.8,491.3,13.3,9.8,0.0,0.0
2026-02-10 10:00:00,789.5,491.2,13.2,9.2,0.0,0.0
2026-02-10 10:15:00,789.7,490.0,13.2,9.2,0.0,0.0
2026-02-10 10:30:00,789.5,492.0,13.1,9.2,0.0,0.0
2026-02-10 10:45:00,789.3,490.7,13.1,9.2,0.0,0.0
2026-02-10 11:00:00,789.7,492.0,13.0,7.9,0.0,0.0
2026-02-10 11:15:00,790.0,493.0,13.0,7.9,0.0,0.0
2026-02-10 11:30:00,789.8,493.8,12.93,7.9,0.0,0.0
2026-02-10 11:45:00,789.7,492.7,12.9,7.9,0.0,0.0
2026-02-10 12:00:00,790.2,491.8,12.9,7.2,0.0,0.0
2026-02-10 12:15:00,789.7,492.0,12.9,7.2,0.0,0.0
2026-02-10 12:30:00,789.7,492.7,12.9,7.2,0.0,0.0
2026-02-10 12:45:00,789.0,493.2,12.9,7.2,0.0,0.0
2026-02-10 13:00:00,789.0,493.3,12.9,6.6,0.0,0.0
2026-02-10 13:15:00,788.7,493.0,12.9,6.6,0.0,0.0
2026-02-10 13:30:00,788.7,492.7,12.9,6.6,0.0,0.0
2026-02-10 13:45:00,788.3,492.7,12.9,6.6,0.0,0.0
2026-02-10 14:00:00,788.5,494.3,12.9,6.2,0.0,0.0
2026-02-10 14:15:00,788.7,493.7,12.9,6.2,0.0,0.0
2026-02-10 14:30:00,788.7,493.7,12.9,6.2,0.0,0.0
2026-02-10 14:45:00,789.0,493.2,12.82,6.2,0.0,0.0
2026-02-10 15:00:00,789.7,492.7,12.8,5.6,0.0,0.0
2026-02-10 15:15:00,789.8,493.3,12.8,5.6,0.0,0.0
2026-02-10 15:30:00,790.0,492.7,12.8,5.6,0.0,0.0
2026-02-10 15:45:00,789.7,492.8,12.8,5.6,0.0,0.0
2026-02-10 16:00:00,790.0,495.0,12.8,6.9,0.0,22.0
2026-02-10 16:15:00,790.5,493.3,12.8,6.9,0.0,22.0
2026-02-10 16:30:00,790.7,493.8,12.8,6.9,0.0,22.0
2026-02-10 16:45:00,790.5,493.2,12.8,6.9,0.0,22.0
2026-02-10 17:00:00,790.7,496.0,12.8,9.9,0.0,188.0
2026-02-10 17:15:00,789.7,495.0,12.8,9.9,0.0,188.0
2026-02-10 17:30:00,790.5,493.5,12.8,9.9,0.0,188.0
2026-02-10 17:45:00,790.7,493.2,12.83,9.9,0.0,188.0
2026-02-10 18:00:00,790.8,492.8,12.9,10.8,0.0,193.0
2026-02-10 18:15:00,791.0,493.3,12.9,10.8,0.0,193.0
2026-02-10 18:30:00,791.3,494.8,12.9,10.8,0.0,193.0
2026-02-10 18:45:00,791.2,492.8,12.9,10.8,0.0,193.0
2026-02-10 19:00:00,791.5,492.8,13.0,12.4,0.05,356.0
2026-02-10 19:15:00,791.7,493.8,13.0,12.4,0.05,356.0
2026-02-10 19:30:00,791.8,493.7,13.0,12.4,0.05,356.0
2026-02-10 19:45:00,792.2,495.5,13.0,12.4,0.05,356.0
2026-02-10 20:00:00,792.8,495.8,13.1,14.1,0.0,516.0
2026-02-10 20:15:00,793.0,495.7,13.1,14.1,0.0,516.0
2026-02-10 20:30:00,792.7,496.0,13.1,14.1,0.0,516.0
2026-02-10 20:45:00,792.3,497.5,13.1,14.1,0.0,516.0
2026-02-10 21:00:00,792.3,496.8,13.2,14.3,0.0,341.0
2026-02-10 21:15:00,793.2,496.8,13.2,14.3,0.0,341.0
2026-02-10 21:30:00,793.5,495.7,13.2,14.3,0.0,341.0
2026-02-10 21:45:00,793.2,496.5,13.2,14.3,0.0,341.0
2026-02-10 22:00:00,793.5,496.2,13.2,13.4,0.1,268.0
2026-02-10 22:15:00,793.5,495.5,13.2,13.4,0.1,268.0
2026-02-10 22:30:00,794.0,495.7,13.3,13.4,0.1,268.0
2026-02-10 22:45:00,794.3,495.5,13.3,13.4,0.1,268.0
2026-02-10 23:00:00,794.0,495.7,13.3,13.0,0.1,114.0
2026-02-10 23:15:00,794.5,496.0,13.3,13.0,0.1,114.0
2026-02-10 23:30:00,794.5,495.3,13.3,13.0,0.1,114.0
2026-02-10 23:45:00,794.5,496.3,13.3,13.0,0.1,114.0
2026-02-11 00:00:00,794.7,494.2,13.4,11.4,0.1,81.0
2026-02-11 00:15:00,794.5,499.0,13.4,11.4,0.1,81.0
2026-02-11 00:30:00,794.7,502.3,13.4,11.4,0.1,81.0
2026-02-11 00:45:00,794.8,505.0,13.4,11.4,0.1,81.0
2026-02-11 01:00:00,794.5,504.3,13.4,11.0,0.425,32.0
2026-02-11 01:15:00,793.5,511.5,13.4,11.0,0.425,32.0
2026-02-11 01:30:00,792.8,507.2,13.4,11.0,0.425,32.0
2026-02-11 01:45:00,792.5,515.2,13.4,11.0,0.425,32.0
2026-02-11 02:00:00,792.2,537.0,13.4,10.6,0.15,11.0
2026-02-11 02:15:00,790.7,537.0,13.5,10.6,0.15,11.0
2026-02-11 02:30:00,790.2,551.7,13.5,10.6,0.15,11.0
2026-02-11 02:45:00,788.7,557.0,13.5,10.6,0.15,11.0
2026-02-11 03:00:00,785.2,559.2,13.5,10.0,0.05,0.0
2026-02-11 03:15:00,780.2,552.2,13.58,10.0,0.05,0.0
2026-02-11 03:30:00,772.7,553.8,13.6,10.0,0.05,0.0
2026-02-11 03:45:00,762.0,557.8,13.6,10.0,0.05,0.0
2026-02-11 04:00:00,752.8,552.5,13.5,9.8,0.15,0.0
2026-02-11 04:15:00,743.8,543.3,13.5,9.8,0.15,0.0
2026-02-11 04:30:00,732.0,534.8,13.5,9.8,0.15,0.0
2026-02-11 04:45:00,721.5,529.3,13.5,9.8,0.15,0.0
2026-02-11 05:00:00,708.3,522.0,13.5,9.9,0.75,0.0
2026-02-11 05:15:00,705.7,516.0,13.5,9.9,0.75,0.0
2026-02-11 05:30:00,701.0,513.3,13.4,9.9,0.75,0.0
2026-02-11 05:45:00,696.2,509.7,13.4,9.9,0.75,0.0
2026-02-11 06:00:00,694.7,505.7,13.4,10.2,0.3,0.0
2026-02-11 06:15:00,689.2,504.8,13.4,10.2,0.3,0.0
2026-02-11 06:30:00,685.0,502.3,13.4,10.2,0.3,0.0
2026-02-11 06:45:00,686.3,500.5,13.4,10.2,0.3,0.0
2026-02-11 07:00:00,681.0,500.8,13.35,10.1,0.175,0.0
2026-02-11 07:15:00,680.2,499.5,13.3,10.1,0.175,0.0
2026-02-11 07:30:00,678.0,500.2,13.3,10.1,0.175,0.0
2026-02-11 07:45:00,674.7,501.2,13.3,10.1,0.175,0.0
2026-02-11 08:00:00,671.7,499.7,13.3,10.4,0.1,0.0
2026-02-11 08:15:00,670.5,506.8,13.3,10.4,0.1,0.0
2026-02-11 08:30:00,667.5,522.0,13.3,10.4,0.1,0.0
2026-02-11 08:45:00,663.8,530.0,13.4,10.4,0.1,0.0
2026-02-11 09:00:00,658.0,547.0,13.4,11.2,0.1,0.0
2026-02-11 09:15:00,640.8,561.8,13.5,11.2,0.1,0.0
2026-02-11 09:30:00,631.7,564.2,13.5,11.2,0.1,0.0
2026-02-11 09:45:00,621.8,552.5,13.5,11.2,0.1,0.0
2026-02-11 10:00:00,620.5,545.2,13.5,11.3,0.025,0.0
2026-02-11 10:15:00,609.3,541.7,13.5,11.3,0.025,0.0
2026-02-11 10:30:00,596.3,531.0,13.5,11.3,0.025,0.0
2026-02-11 10:45:00,589.8,525.0,13.4,11.3,0.025,0.0
2026-02-11 11:00:00,585.2,520.3,13.4,10.8,0.05,0.0
2026-02-11 11:15:00,579.3,518.2,13.4,10.8,0.05,0.0
2026-02-11 11:30:00,575.7,514.7,13.4,10.8,0.05,0.0
2026-02-11 11:45:00,572.7,513.5,13.4,10.8,0.05,0.0
2026-02-11 12:00:00,571.0,512.0,13.4,11.0,0.0,0.0
2026-02-11 12:15:00,568.3,507.8,13.4,11.0,0.0,0.0
2026-02-11 12:30:00,564.7,507.8,13.35,11.0,0.0,0.0
2026-02-11 12:45:00,566.7,510.2,13.3,11.0,0.0,0.0
2026-02-11 13:00:00,565.2,508.0,13.3,10.4,0.025,0.0
2026-02-11 13:15:00,562.0,505.8,13.3,10.4,0.025,0.0
2026-02-11 13:30:00,561.5,504.8,13.3,10.4,0.025,0.0
2026-02-11 13:45:00,560.5,501.3,13.3,10.4,0.025,0.0
2026-02-11 14:00:00,554.8,500.8,13.3,10.0,0.05,0.0
2026-02-11 14:15:00,558.0,500.0,13.3,10.0,0.05,0.0
2026-02-11 14:30:00,555.7,498.7,13.3,10.0,0.05,0.0
2026-02-11 14:45:00,550.8,498.3,13.3,10.0,0.05,0.0
2026-02-11 15:00:00,553.2,498.3,13.2,10.1,0.025,0.0
2026-02-11 15:15:00,550.3,497.5,13.2,10.1,0.025,0.0
2026-02-11 15:30:00,549.0,496.7,13.2,10.1,0.025,0.0
2026-02-11 15:45:00,545.5,497.0,13.2,10.1,0.025,0.0
2026-02-11 16:00:00,548.5,496.8,13.2,10.4,0.025,36.0
2026-02-11 16:15:00,547.5,497.0,13.2,10.4,0.025,36.0
2026-02-11 16:30:00,547.8,495.3,13.2,10.4,0.025,36.0
2026-02-11 16:45:00,545.7,495.8,13.2,10.4,0.025,36.0
2026-02-11 17:00:00,547.0,495.2,13.2,11.9,0.0,193.0
2026-02-11 17:15:00,545.0,497.8,13.2,11.9,0.0,193.0
2026-02-11 17:30:00,547.3,494.8,13.2,11.9,0.0,193.0
2026-02-11 17:45:00,546.8,494.3,13.2,11.9,0.0,193.0
2026-02-11 18:00:00,545.7,493.3,13.2,12.9,0.0,336.0
2026-02-11 18:15:00,547.8,494.2,13.2,12.9,0.0,336.0
2026-02-11 18:30:00,546.3,494.2,13.2,12.9,0.0,336.0
2026-02-11 18:45:00,546.0,494.8,13.3,12.9,0.0,336.0
2026-02-11 19:00:00,546.2,495.0,13.3,13.4,0.05,322.0
2026-02-11 19:15:00,545.2,495.8,13.3,13.4,0.05,322.0
2026-02-11 19:30:00,547.5,495.8,13.3,13.4,0.05,322.0
2026-02-11 19:45:00,545.5,494.8,13.3,13.4,0.05,322.0
2026-02-11 20:00:00,546.8,496.7,13.3,12.9,0.25,427.0
2026-02-11 20:15:00,546.0,495.3,13.32,12.9,0.25,427.0
2026-02-11 20:30:00,548.7,496.7,13.4,12.9,0.25,427.0
2026-02-11 20:45:00,548.2,501.7,13.4,12.9,0.25,427.0
2026-02-11 21:00:00,551.8,513.8,13.4,12.2,0.125,261.0
2026-02-11 21:15:00,549.5,528.0,13.4,12.2,0.125,261.0
2026-02-11 21:30:00,559.0,547.0,13.5,12.2,0.125,261.0
2026-02-11 21:45:00,542.7,575.2,13.6,12.2,0.125,261.0
2026-02-11 22:00:00,544.7,567.5,13.6,12.0,0.075,165.0
2026-02-11 22:15:00,549.8,552.7,13.7,12.0,0.075,165.0
2026-02-11 22:30:00,551.8,540.0,13.7,12.0,0.075,165.0
2026-02-11 22:45:00,544.8,529.8,13.7,12.0,0.075,165.0
2026-02-11 23:00:00,540.8,523.5,13.7,12.1,0.025,135.0
2026-02-11 23:15:00,540.0,519.0,13.7,12.1,0.025,135.0
2026-02-11 23:30:00,543.7,587.0,13.63,12.1,0.025,135.0
2026-02-11 23:45:00,534.7,655.5,13.7,12.1,0.025,135.0
2026-02-12 00:00:00,459.0,707.0,13.7,11.6,0.025,143.0
2026-02-12 00:30:00,357.0,616.8,13.6,11.6,0.025,143.0
2026-02-12 00:45:00,316.7,584.7,13.6,11.6,0.025,143.0
2026-02-12 01:00:00,301.3,567.3,13.5,11.2,0.075,50.0
2026-02-12 01:15:00,292.0,557.0,13.5,11.2,0.075,50.0
2026-02-12 01:30:00,295.5,551.3,13.5,11.2,0.075,50.0
2026-02-12 01:45:00,298.8,553.0,13.5,11.2,0.075,50.0
2026-02-12 02:00:00,299.7,553.3,13.5,10.5,0.075,12.0
2026-02-12 02:15:00,297.3,559.3,13.5,10.5,0.075,12.0
2026-02-12 02:30:00,292.7,551.8,13.5,10.5,0.075,12.0
2026-02-12 02:45:00,297.2,544.2,13.4,10.5,0.075,12.0
2026-02-12 03:00:00,298.3,538.2,13.4,10.1,0.025,0.0
2026-02-12 03:15:00,302.0,532.8,13.4,10.1,0.025,0.0
2026-02-12 04:00:00,308.7,522.8,13.4,9.6,0.0,0.0
2026-02-12 04:15:00,309.5,521.8,13.4,9.6,0.0,0.0
2026-02-12 04:30:00,310.7,519.2,13.4,9.6,0.0,0.0
2026-02-12 04:45:00,312.2,517.5,13.4,9.6,0.0,0.0
2026-02-12 05:00:00,313.2,515.8,13.35,9.4,0.0,0.0
2026-02-12 05:15:00,314.0,514.3,13.3,9.4,0.0,0.0
2026-02-12 05:30:00,316.3,514.0,13.3,9.4,0.0,0.0
2026-02-12 05:45:00,318.5,513.8,13.3,9.4,0.0,0.0
2026-02-12 06:00:00,319.8,513.7,13.3,9.9,0.0,0.0
2026-02-12 06:15:00,320.7,511.2,13.3,9.9,0.0,0.0
2026-02-12 06:30:00,322.8,511.5,13.3,9.9,0.0,0.0
2026-02-12 06:45:00,323.8,511.2,13.3,9.9,0.0,0.0
2026-02-12 07:00:00,326.2,510.5,13.3,9.9,0.0,0.0
2026-02-12 07:15:00,327.5,511.3,13.3,9.9,0.0,0.0
2026-02-12 07:30:00,329.2,510.2,13.3,9.9,0.0,0.0
2026-02-12 07:45:00,331.5,508.7,13.3,9.9,0.0,0.0
2026-02-12 08:00:00,332.8,509.5,13.28,9.3,0.0,0.0
2026-02-12 08:15:00,334.2,509.0,13.2,9.3,0.0,0.0
2026-02-12 08:30:00,337.7,508.7,13.2,9.3,0.0,0.0
2026-02-12 08:45:00,333.8,510.5,13.2,9.3,0.0,0.0
2026-02-12 09:00:00,339.0,507.5,13.2,9.1,0.0,0.0
2026-02-12 09:15:00,340.7,508.7,13.2,9.1,0.0,0.0
2026-02-12 09:30:00,343.0,507.3,13.2,9.1,0.0,0.0
2026-02-12 09:45:00,344.5,506.8,13.2,9.1,0.0,0.0
2026-02-12 10:00:00,345.7,507.0,13.2,8.7,0.0,0.0
2026-02-12 10:15:00,346.8,507.2,13.2,8.7,0.0,0.0
2026-02-12 10:30:00,348.5,505.5,13.2,8.7,0.0,0.0
2026-02-12 10:45:00,349.5,506.0,13.2,8.7,0.0,0.0
2026-02-12 11:00:00,351.2,505.7,13.2,8.0,0.0,0.0
2026-02-12 11:15:00,352.3,507.0,13.2,8.0,0.0,0.0
2026-02-12 11:30:00,353.2,505.2,13.2,8.0,0.0,0.0
2026-02-12 11:45:00,355.2,505.0,13.2,8.0,0.0,0.0
2026-02-12 12:00:00,356.8,504.3,13.2,8.2,0.0,0.0
2026-02-12 12:15:00,358.5,504.7,13.2,8.2,0.0,0.0
2026-02-12 12:30:00,360.7,504.8,13.2,8.2,0.0,0.0
2026-02-12 12:45:00,362.2,504.3,13.2,8.2,0.0,0.0
2026-02-12 13:00:00,363.8,503.5,13.2,7.8,0.0,0.0
2026-02-12 13:15:00,366.7,503.0,13.1,7.8,0.0,0.0
2026-02-12 13:30:00,368.0,503.7,13.1,7.8,0.0,0.0
2026-02-12 13:45:00,369.3,503.3,13.1,7.8,0.0,0.0
2026-02-12 14:00:00,370.8,503.8,13.1,7.2,0.0,0.0
2026-02-12 14:15:00,373.0,503.5,13.1,7.2,0.0,0.0
2026-02-12 14:30:00,374.2,502.5,13.1,7.2,0.0,0.0
2026-02-12 14:45:00,375.8,502.5,13.1,7.2,0.0,0.0
2026-02-12 15:00:00,377.5,502.5,13.1,6.9,0.0,0.0
2026-02-12 15:15:00,379.7,503.0,13.1,6.9,0.0,0.0
2026-02-12 15:30:00,380.8,502.7,13.1,6.9,0.0,0.0
2026-02-12 15:45:00,382.2,501.2,13.08,6.9,0.0,0.0
2026-02-12 16:00:00,384.0,502.7,13.0,8.0,0.0,35.0
2026-02-12 16:15:00,385.7,505.0,13.0,8.0,0.0,35.0
2026-02-12 16:30:00,386.8,502.5,13.0,8.0,0.0,35.0
2026-02-12 16:45:00,389.2,502.8,13.0,8.0,0.0,35.0
2026-02-12 17:00:00,388.8,501.7,13.0,9.9,0.0,148.0
2026-02-12 17:15:00,390.3,503.2,13.0,9.9,0.0,148.0
2026-02-12 17:30:00,392.0,501.7,13.0,9.9,0.0,148.0
2026-02-12 17:45:00,392.2,501.2,13.0,9.9,0.0,148.0
2026-02-12 18:00:00,395.2,501.3,13.0,11.6,0.0,295.0
2026-02-12 18:15:00,395.8,500.3,13.0,11.6,0.0,295.0
2026-02-12 18:30:00,398.7,501.0,13.0,11.6,0.0,295.0
2026-02-12 18:45:00,399.5,501.0,13.1,11.6,0.0,295.0
2026-02-12 19:00:00,400.5,501.7,13.1,13.3,0.0,409.0
2026-02-12 19:15:00,402.5,503.3,13.1,13.3,0.0,409.0
2026-02-12 19:30:00,404.0,502.5,13.1,13.3,0.0,409.0
2026-02-12 19:45:00,407.2,502.0,13.2,13.3,0.0,409.0
2026-02-12 20:00:00,408.2,503.0,13.2,14.2,0.0,464.0
2026-02-12 20:15:00,410.5,502.5,13.2,14.2,0.0,464.0
2026-02-12 20:30:00,412.0,502.8,13.2,14.2,0.0,464.0
2026-02-12 20:45:00,413.8,503.0,13.3,14.2,0.0,464.0
2026-02-12 21:00:00,416.2,502.7,13.3,15.1,0.0,530.0
2026-02-12 21:15:00,419.2,502.2,13.3,15.1,0.0,530.0
2026-02-12 21:30:00,420.7,503.2,13.38,15.1,0.0,530.0
2026-02-12 21:45:00,423.8,502.2,13.4,15.1,0.0,530.0
2026-02-12 22:00:00,428.2,501.5,13.4,15.8,0.0,571.0
2026-02-12 22:15:00,432.3,501.8,13.4,15.8,0.0,571.0
2026-02-12 22:30:00,437.2,502.2,13.5,15.8,0.0,571.0
2026-02-12 22:45:00,440.2,503.0,13.5,15.8,0.0,571.0
2026-02-12 23:00:00,444.2,502.2,13.5,16.0,0.0,494.0
2026-02-12 23:15:00,444.5,502.8,13.5,16.0,0.0,494.0
2026-02-12 23:30:00,445.7,504.7,13.6,16.0,0.0,494.0
2026-02-12 23:45:00,447.5,503.7,13.6,16.0,0.0,494.0
2026-02-13 00:00:00,449.2,502.0,13.6,15.9,0.0,353.0
2026-02-13 00:15:00,454.7,504.2,13.6,15.9,0.0,353.0
2026-02-13 00:30:00,457.8,503.2,13.7,15.9,0.0,353.0
2026-02-13 00:45:00,461.5,502.5,13.7,15.9,0.0,353.0
2026-02-13 01:00:00,464.0,502.7,13.7,14.5,0.0,173.0
2026-02-13 01:15:00,466.0,503.0,13.7,14.5,0.0,173.0
2026-02-13 01:30:00,470.7,502.5,13.7,14.5,0.0,173.0
2026-02-13 01:45:00,469.3,503.5,13.7,14.5,0.0,173.0
2026-02-13 02:00:00,469.2,502.8,13.7,11.8,0.0,26.0
2026-02-13 02:15:00,469.3,501.7,13.7,11.8,0.0,26.0
2026-02-13 02:30:00,470.3,501.8,13.7,11.8,0.0,26.0
2026-02-13 02:45:00,469.8,502.8,13.7,11.8,0.0,26.0
2026-02-13 03:00:00,474.8,501.2,13.7,10.9,0.0,0.0
2026-02-13 03:15:00,477.0,501.8,13.7,10.9,0.0,0.0
2026-02-13 03:30:00,480.5,502.8,13.7,10.9,0.0,0.0
2026-02-13 03:45:00,480.3,502.0,13.7,10.9,0.0,0.0
2026-02-13 04:00:00,480.8,502.0,13.7,10.2,0.0,0.0
2026-02-13 04:15:00,482.0,501.0,13.6,10.2,0.0,0.0
2026-02-13 04:30:00,485.8,500.7,13.6,10.2,0.0,0.0
2026-02-13 04:45:00,485.7,500.0,13.6,10.2,0.0,0.0
2026-02-13 05:00:00,484.8,499.3,13.6,9.7,0.0,0.0
2026-02-13 05:15:00,487.7,500.8,13.6,9.7,0.0,0.0
2026-02-13 05:30:00,489.2,502.7,13.6,9.7,0.0,0.0
2026-02-13 05:45:00,489.5,500.3,13.58,9.7,0.0,0.0
2026-02-13 06:00:00,488.3,499.5,13.5,9.2,0.0,0.0
2026-02-13 06:15:00,491.8,498.5,13.5,9.2,0.0,0.0
2026-02-13 06:30:00,494.0,499.5,13.5,9.2,0.0,0.0
2026-02-13 06:45:00,495.2,498.7,13.5,9.2,0.0,0.0
2026-02-13 07:00:00,497.3,499.5,13.5,9.0,0.0,0.0
2026-02-13 07:15:00,498.7,499.2,13.4,9.0,0.0,0.0
2026-02-13 07:30:00,500.7,500.8,13.4,9.0,0.0,0.0
2026-02-13 07:45:00,500.3,500.3,13.4,9.0,0.0,0.0
2026-02-13 08:00:00,505.0,499.7,13.4,8.6,0.0,0.0
2026-02-13 08:15:00,504.2,500.0,13.4,8.6,0.0,0.0
2026-02-13 08:30:00,505.7,499.8,13.4,8.6,0.0,0.0
2026-02-13 08:45:00,509.5,499.3,13.3,8.6,0.0,0.0
2026-02-13 09:00:00,510.0,499.8,13.3,8.4,0.0,0.0
2026-02-13 09:15:00,512.0,499.7,13.3,8.4,0.0,0.0
2026-02-13 09:30:00,510.2,500.7,13.3,8.4,0.0,0.0
2026-02-13 09:45:00,512.3,499.2,13.3,8.4,0.0,0.0
2026-02-13 10:00:00,513.0,499.0,13.2,8.4,0.0,0.0
2026-02-13 10:15:00,514.7,501.2,13.2,8.4,0.0,0.0
2026-02-13 10:30:00,515.2,500.0,13.2,8.4,0.0,0.0
2026-02-13 10:45:00,516.2,499.2,13.2,8.4,0.0,0.0
2026-02-13 11:00:00,517.0,500.8,13.2,8.5,0.0,0.0
2026-02-13 11:15:00,518.7,500.5,13.2,8.5,0.0,0.0
2026-02-13 11:30:00,519.2,501.0,13.1,8.5,0.0,0.0
2026-02-13 11:45:00,520.7,501.5,13.1,8.5,0.0,0.0
2026-02-13 12:00:00,523.0,499.5,13.1,7.7,0.0,0.0
2026-02-13 12:15:00,523.8,499.0,13.1,7.7,0.0,0.0
2026-02-13 12:30:00,525.2,500.3,13.1,7.7,0.0,0.0
2026-02-13 12:45:00,526.3,498.7,13.1,7.7,0.0,0.0
2026-02-13 13:00:00,527.3,499.8,13.1,8.0,0.0,0.0
2026-02-13 13:15:00,528.3,499.0,13.0,8.0,0.0,0.0
2026-02-13 13:30:00,529.5,499.5,13.0,8.0,0.0,0.0
2026-02-13 13:45:00,530.7,499.5,13.0,8.0,0.0,0.0
2026-02-13 14:00:00,532.0,500.3,13.0,8.0,0.0,0.0
2026-02-13 14:15:00,532.5,500.2,13.0,8.0,0.0,0.0
2026-02-13 14:30:00,535.0,500.2,13.0,8.0,0.0,0.0
2026-02-13 14:45:00,536.7,500.2,13.0,8.0,0.0,0.0
2026-02-13 15:00:00,535.0,501.8,13.0,8.4,0.0,0.0
2026-02-13 15:15:00,538.2,500.7,13.0,8.4,0.0,0.0
2026-02-13 15:30:00,538.3,500.3,13.0,8.4,0.0,0.0
2026-02-13 15:45:00,540.2,501.0,13.0,8.4,0.0,0.0
2026-02-13 16:00:00,541.3,499.7,13.0,9.0,0.0,30.0
2026-02-13 16:15:00,542.0,500.5,13.0,9.0,0.0,30.0
2026-02-13 16:30:00,544.5,499.2,13.0,9.0,0.0,30.0
2026-02-13 16:45:00,544.7,498.8,13.0,9.0,0.0,30.0
2026-02-13 17:00:00,547.0,499.3,13.0,10.0,0.0,130.0
2026-02-13 17:15:00,547.5,501.3,13.0,10.0,0.0,130.0
2026-02-13 17:30:00,547.7,500.8,13.0,10.0,0.0,130.0
2026-02-13 17:45:00,550.0,502.8,13.0,10.0,0.0,130.0
2026-02-13 18:00:00,550.7,500.2,13.0,11.1,0.0,261.0
2026-02-13 18:15:00,552.3,499.2,13.0,11.1,0.0,261.0
2026-02-13 18:30:00,554.8,499.8,13.0,11.1,0.0,261.0
2026-02-13 18:45:00,556.5,498.8,13.0,11.1,0.0,261.0
2026-02-13 19:00:00,558.7,501.3,13.0,12.6,0.0,374.0
2026-02-13 19:15:00,561.2,499.8,13.1,12.6,0.0,374.0
2026-02-13 19:30:00,564.3,500.2,13.1,12.6,0.0,374.0
2026-02-13 19:45:00,565.5,501.0,13.1,12.6,0.0,374.0
2026-02-13 20:00:00,567.5,502.0,13.1,14.3,0.0,520.0
2026-02-13 20:15:00,570.3,502.7,13.1,14.3,0.0,520.0
2026-02-13 20:30:00,572.5,502.0,13.2,14.3,0.0,520.0
2026-02-13 20:45:00,574.3,502.2,13.2,14.3,0.0,520.0
2026-02-13 21:00:00,575.0,502.7,13.28,14.9,0.0,583.0
2026-02-13 21:15:00,577.3,501.8,13.3,14.9,0.0,583.0
2026-02-13 21:30:00,577.0,500.7,13.3,14.9,0.0,583.0
2026-02-13 21:45:00,578.2,502.0,13.4,14.9,0.0,583.0
2026-02-13 22:00:00,579.5,502.5,13.4,14.9,0.0,585.0
2026-02-13 22:15:00,579.8,501.8,13.4,14.9,0.0,585.0
2026-02-13 22:30:00,581.5,501.0,13.5,14.9,0.0,585.0
2026-02-13 22:45:00,581.7,502.2,13.5,14.9,0.0,585.0
2026-02-13 23:00:00,582.5,502.3,13.5,14.1,0.0,492.0
2026-02-13 23:15:00,582.8,501.0,13.5,14.1,0.0,492.0
2026-02-13 23:30:00,583.8,501.7,13.6,14.1,0.0,492.0
2026-02-13 23:45:00,588.0,502.8,13.6,14.1,0.0,492.0
2026-02-14 00:00:00,589.8,504.2,13.6,13.2,0.0,348.0
2026-02-14 00:15:00,591.3,502.7,13.6,13.2,0.0,348.0
2026-02-14 00:30:00,593.8,501.8,13.6,13.2,0.0,348.0
2026-02-14 00:45:00,595.3,502.8,13.6,13.2,0.0,348.0
2026-02-14 01:00:00,597.2,501.7,13.6,12.0,0.0,164.0
2026-02-14 01:15:00,599.2,501.8,13.62,12.0,0.0,164.0
2026-02-14 01:30:00,598.3,501.2,13.6,12.0,0.0,164.0
2026-02-14 01:45:00,600.3,501.5,13.6,12.0,0.0,164.0
2026-02-14 02:00:00,602.8,501.0,13.6,10.4,0.0,23.0
2026-02-14 02:15:00,603.0,502.0,13.6,10.4,0.0,23.0
2026-02-14 02:30:00,604.7,501.7,13.6,10.4,0.0,23.0
2026-02-14 02:45:00,606.2,500.8,13.6,10.4,0.0,23.0
2026-02-14 03:00:00,607.7,501.2,13.6,9.6,0.0,0.0
2026-02-14 03:15:00,609.7,500.8,13.6,9.6,0.0,0.0
2026-02-14 03:30:00,608.8,499.3,13.6,9.6,0.0,0.0
2026-02-14 03:45:00,611.5,501.3,13.5,9.6,0.0,0.0
2026-02-14 04:00:00,613.0,500.0,13.5,9.1,0.0,0.0
2026-02-14 04:15:00,615.3,500.2,13.5,9.1,0.0,0.0
2026-02-14 04:30:00,616.7,500.3,13.5,9.1,0.0,0.0
2026-02-14 04:45:00,618.0,500.5,13.5,9.1,0.0,0.0
2026-02-14 05:00:00,620.0,500.2,13.5,9.1,0.0,0.0
2026-02-14 05:15:00,621.0,500.8,13.4,9.1,0.0,0.0
2026-02-14 05:30:00,620.7,501.2,13.4,9.1,0.0,0.0
2026-02-14 05:45:00,625.5,501.7,13.4,9.1,0.0,0.0
2026-02-14 06:00:00,625.2,500.5,13.4,9.1,0.0,0.0
2026-02-14 06:15:00,625.2,499.3,13.4,9.1,0.0,0.0
2026-02-14 06:30:00,627.7,502.7,13.3,9.1,0.0,0.0
2026-02-14 06:45:00,627.5,500.5,13.3,9.1,0.0,0.0
2026-02-14 07:00:00,628.7,499.5,13.3,9.3,0.0,0.0
2026-02-14 07:15:00,630.3,500.7,13.3,9.3,0.0,0.0
2026-02-14 07:30:00,631.0,498.0,13.3,9.3,0.0,0.0
2026-02-14 07:45:00,632.5,498.8,13.2,9.3,0.0,0.0
2026-02-14 08:00:00,633.3,500.0,13.2,9.3,0.0,0.0
2026-02-14 08:15:00,635.2,498.8,13.2,9.3,0.0,0.0
2026-02-14 08:30:00,635.8,500.0,13.2,9.3,0.0,0.0
2026-02-14 08:45:00,634.7,499.3,13.2,9.3,0.0,0.0
2026-02-14 09:00:00,638.5,499.2,13.1,9.1,0.0,0.0
2026-02-14 09:15:00,638.7,499.0,13.1,9.1,0.0,0.0
2026-02-14 09:30:00,639.7,501.0,13.1,9.1,0.0,0.0
2026-02-14 09:45:00,641.3,500.5,13.1,9.1,0.0,0.0
2026-02-14 10:00:00,641.2,500.2,13.1,8.8,0.0,0.0
2026-02-14 10:15:00,643.2,499.3,13.1,8.8,0.0,0.0
2026-02-14 10:30:00,644.5,500.8,13.1,8.8,0.0,0.0
2026-02-14 10:45:00,645.3,500.3,13.1,8.8,0.0,0.0
2026-02-14 11:00:00,646.7,499.2,13.1,8.2,0.0,0.0
2026-02-14 11:15:00,648.7,499.8,13.0,8.2,0.0,0.0
2026-02-14 11:30:00,649.2,499.0,13.0,8.2,0.0,0.0
2026-02-14 11:45:00,650.0,498.7,13.0,8.2,0.0,0.0
2026-02-14 12:00:00,651.3,499.8,13.0,7.7,0.0,0.0
2026-02-14 12:15:00,654.2,499.8,13.0,7.7,0.0,0.0
2026-02-14 12:30:00,653.5,499.2,13.0,7.7,0.0,0.0
2026-02-14 12:45:00,653.3,498.8,13.0,7.7,0.0,0.0
2026-02-14 13:00:00,656.3,499.8,13.0,6.8,0.0,0.0
2026-02-14 13:15:00,657.0,500.2,12.9,6.8,0.0,0.0
2026-02-14 13:30:00,659.8,498.3,12.9,6.8,0.0,0.0
2026-02-14 13:45:00,661.0,497.5,12.9,6.8,0.0,0.0
2026-02-14 14:00:00,659.7,499.0,12.9,6.1,0.0,0.0
2026-02-14 14:15:00,662.0,497.2,12.9,6.1,0.0,0.0
2026-02-14 14:30:00,664.0,498.0,12.9,6.1,0.0,0.0
2026-02-14 14:45:00,664.8,498.5,12.9,6.1,0.0,0.0
2026-02-14 15:00:00,665.5,498.3,12.9,5.9,0.0,0.0
2026-02-14 15:15:00,664.3,499.3,12.9,5.9,0.0,0.0
2026-02-14 15:30:00,666.5,497.5,12.9,5.9,0.0,0.0
2026-02-14 15:45:00,665.0,498.0,12.9,5.9,0.0,0.0
2026-02-14 16:00:00,668.3,498.5,12.9,6.9,0.0,37.0
2026-02-14 16:15:00,667.8,497.0,12.9,6.9,0.0,37.0
2026-02-14 16:30:00,669.7,499.2,12.9,6.9,0.0,37.0
2026-02-14 16:45:00,668.7,498.7,12.9,6.9,0.0,37.0
2026-02-14 17:00:00,671.0,496.8,12.9,9.7,0.0,157.0
2026-02-14 17:15:00,671.5,498.2,12.9,9.7,0.0,157.0
2026-02-14 17:30:00,669.8,499.3,12.9,9.7,0.0,157.0
2026-02-14 17:45:00,670.8,497.8,12.9,9.7,0.0,157.0
2026-02-14 18:00:00,671.2,497.0,12.9,11.5,0.0,285.0
2026-02-14 18:15:00,670.7,497.3,12.9,11.5,0.0,285.0
2026-02-14 18:30:00,669.7,497.8,12.9,11.5,0.0,285.0
2026-02-14 18:45:00,670.8,498.2,12.95,11.5,0.0,285.0
2026-02-14 19:00:00,670.5,497.0,13.0,12.6,0.0,413.0
2026-02-14 19:15:00,670.8,499.3,13.0,12.6,0.0,413.0
2026-02-14 19:30:00,672.2,499.0,13.0,12.6,0.0,413.0
2026-02-14 19:45:00,671.8,500.8,13.0,12.6,0.0,413.0
2026-02-14 20:00:00,672.7,500.3,13.1,12.7,0.0,436.0
2026-02-14 20:15:00,674.0,499.5,13.1,12.7,0.0,436.0
2026-02-14 20:30:00,674.5,500.7,13.1,12.7,0.0,436.0
2026-02-14 20:45:00,674.8,499.3,13.1,12.7,0.0,436.0
2026-02-14 21:00:00,675.0,499.2,13.1,13.3,0.0,381.0
2026-02-14 21:15:00,675.0,499.8,13.2,13.3,0.0,381.0
2026-02-14 21:30:00,675.7,500.0,13.2,13.3,0.0,381.0
2026-02-14 21:45:00,675.8,500.7,13.2,13.3,0.0,381.0
2026-02-14 22:00:00,676.5,499.8,13.2,13.2,0.0,220.0
2026-02-14 22:15:00,676.8,499.7,13.2,13.2,0.0,220.0
2026-02-14 22:30:00,677.5,500.8,13.23,13.2,0.0,220.0
2026-02-14 22:45:00,678.7,499.3,13.3,13.2,0.0,220.0
2026-02-14 23:00:00,678.8,499.5,13.3,13.5,0.0,283.0
2026-02-14 23:15:00,679.7,500.8,13.3,13.5,0.0,283.0
2026-02-14 23:30:00,680.8,500.0,13.3,13.5,0.0,283.0
2026-02-14 23:45:00,681.8,502.3,13.3,13.5,0.0,283.0
2026-02-15 00:00:00,684.0,500.5,13.3,13.4,0.0,165.0
2026-02-15 00:15:00,685.7,501.3,13.3,13.4,0.0,165.0
2026-02-15 00:30:00,685.5,500.8,13.3,13.4,0.0,165.0
2026-02-15 00:45:00,687.5,501.7,13.38,13.4,0.0,165.0
2026-02-15 01:00:00,687.7,501.3,13.4,12.7,0.0,74.0
2026-02-15 01:15:00,689.5,499.8,13.4,12.7,0.0,74.0
2026-02-15 01:30:00,689.3,499.8,13.4,12.7,0.0,74.0
2026-02-15 01:45:00,690.5,500.2,13.4,12.7,0.0,74.0
2026-02-15 02:00:00,691.3,499.2,13.37,11.7,0.0,14.0
2026-02-15 02:15:00,692.5,500.2,13.3,11.7,0.0,14.0
2026-02-15 02:30:00,692.7,502.7,13.3,11.7,0.0,14.0
2026-02-15 02:45:00,694.0,499.8,13.3,11.7,0.0,14.0
2026-02-15 03:00:00,694.0,499.2,13.3,11.4,0.0,0.0
2026-02-15 03:15:00,694.7,498.8,13.3,11.4,0.0,0.0
2026-02-15 03:30:00,696.0,500.2,13.3,11.4,0.0,0.0
2026-02-15 03:45:00,696.3,499.8,13.3,11.4,0.0,0.0
2026-02-15 04:00:00,697.7,500.7,13.3,11.1,0.0,0.0
2026-02-15 04:15:00,698.2,499.5,13.3,11.1,0.0,0.0
2026-02-15 04:30:00,699.3,498.0,13.3,11.1,0.0,0.0
2026-02-15 04:45:00,700.0,499.7,13.3,11.1,0.0,0.0
2026-02-15 05:00:00,701.5,498.7,13.3,11.1,0.0,0.0
2026-02-15 05:15:00,702.3,499.0,13.3,11.1,0.0,0.0
2026-02-15 05:30:00,702.7,500.7,13.3,11.1,0.0,0.0
2026-02-15 05:45:00,703.8,498.7,13.3,11.1,0.0,0.0
2026-02-15 06:00:00,705.8,498.3,13.3,11.1,0.0,0.0
2026-02-15 06:15:00,705.8,498.2,13.3,11.1,0.0,0.0
2026-02-15 06:30:00,706.3,498.5,13.3,11.1,0.0,0.0
2026-02-15 06:45:00,707.5,497.0,13.3,11.1,0.0,0.0
2026-02-15 07:00:00,707.5,497.0,13.3,11.2,0.0,0.0
2026-02-15 07:15:00,708.5,499.7,13.3,11.2,0.0,0.0
2026-02-15 07:30:00,709.7,497.8,13.2,11.2,0.0,0.0
2026-02-15 07:45:00,710.3,499.0,13.2,11.2,0.0,0.0
2026-02-15 08:00:00,710.3,498.2,13.2,10.7,0.0,0.0
2026-02-15 08:15:00,711.7,497.5,13.2,10.7,0.0,0.0
2026-02-15 08:30:00,712.5,498.2,13.2,10.7,0.0,0.0
2026-02-15 08:45:00,713.3,497.7,13.2,10.7,0.0,0.0
2026-02-15 09:00:00,713.7,497.8,13.2,10.3,0.0,0.0
2026-02-15 09:15:00,714.7,500.2,13.2,10.3,0.0,0.0
2026-02-15 09:30:00,715.7,500.2,13.2,10.3,0.0,0.0
2026-02-15 09:45:00,715.8,499.7,13.2,10.3,0.0,0.0
2026-02-15 10:00:00,716.2,499.0,13.2,10.5,0.0,0.0
2026-02-15 10:15:00,716.7,500.8,13.2,10.5,0.0,0.0
2026-02-15 10:30:00,717.2,499.5,13.1,10.5,0.0,0.0
2026-02-15 10:45:00,718.3,498.7,13.1,10.5,0.0,0.0
2026-02-15 11:00:00,718.5,498.8,13.1,10.8,0.0,0.0
2026-02-15 11:15:00,719.0,500.5,13.1,10.8,0.0,0.0
2026-02-15 11:30:00,721.0,499.0,13.1,10.8,0.0,0.0
2026-02-15 11:45:00,718.8,499.7,13.1,10.8,0.0,0.0
2026-02-15 12:00:00,719.3,498.5,13.1,10.8,0.05,0.0
2026-02-15 12:15:00,718.3,498.5,13.1,10.8,0.05,0.0
2026-02-15 12:45:00,719.2,499.0,13.1,10.8,0.05,0.0
2026-02-15 13:00:00,719.2,498.2,13.1,10.7,0.025,0.0
2026-02-15 13:15:00,719.7,499.2,13.0,10.7,0.025,0.0
2026-02-15 13:30:00,719.5,499.8,13.0,10.7,0.025,0.0
2026-02-15 13:45:00,721.2,499.8,13.0,10.7,0.025,0.0
2026-02-15 14:00:00,720.7,499.7,13.0,11.0,0.025,0.0
2026-02-15 14:15:00,721.0,499.5,13.0,11.0,0.025,0.0
2026-02-15 14:30:00,720.8,499.5,13.0,11.0,0.025,0.0
2026-02-15 14:45:00,722.0,501.3,13.0,11.0,0.025,0.0
2026-02-15 15:00:00,722.5,500.2,13.0,10.9,0.0,0.0
2026-02-15 15:15:00,723.3,500.2,12.9,10.9,0.0,0.0
2026-02-15 15:30:00,722.3,500.8,12.9,10.9,0.0,0.0
2026-02-15 15:45:00,722.3,500.5,12.9,10.9,0.0,0.0
2026-02-15 16:00:00,723.3,500.5,12.9,11.2,0.0,21.0
2026-02-15 16:15:00,724.5,499.2,12.9,11.2,0.0,21.0
2026-02-15 16:30:00,725.3,501.2,12.9,11.2,0.0,21.0
2026-02-15 16:45:00,725.3,499.3,12.9,11.2,0.0,21.0
2026-02-15 17:00:00,725.7,500.5,12.9,11.7,0.05,113.0
2026-02-15 17:15:00,726.8,499.3,12.9,11.7,0.05,113.0
2026-02-15 17:30:00,726.2,499.8,12.9,11.7,0.05,113.0
2026-02-15 17:45:00,727.8,498.3,12.9,11.7,0.05,113.0
2026-02-15 18:00:00,728.0,500.0,12.9,13.0,0.0,205.0
2026-02-15 18:15:00,728.5,499.0,12.9,13.0,0.0,205.0
2026-02-15 18:30:00,728.7,500.3,12.9,13.0,0.0,205.0
2026-02-15 18:45:00,729.2,501.5,12.9,13.0,0.0,205.0
2026-02-15 19:00:00,729.3,500.0,13.0,13.5,0.125,416.0
2026-02-15 19:15:00,729.2,500.7,13.0,13.5,0.125,416.0
2026-02-15 19:30:00,730.5,503.0,13.0,13.5,0.125,416.0
2026-02-15 19:45:00,730.7,502.7,13.0,13.5,0.125,416.0
2026-02-15 20:00:00,731.0,503.3,13.0,12.2,0.225,180.0
2026-02-15 20:15:00,730.8,505.0,13.1,12.2,0.225,180.0
2026-02-15 20:30:00,731.2,505.7,13.1,12.2,0.225,180.0
2026-02-15 20:45:00,731.8,506.8,13.1,12.2,0.225,180.0
2026-02-15 21:00:00,732.0,505.8,13.1,12.5,0.75,229.0
2026-02-15 21:15:00,732.5,505.3,13.1,12.5,0.75,229.0
2026-02-15 21:30:00,733.2,505.8,13.2,12.5,0.75,229.0
2026-02-15 21:45:00,732.8,506.2,13.2,12.5,0.75,229.0
2026-02-15 22:00:00,734.2,504.8,13.23,13.8,0.075,363.0
2026-02-15 22:15:00,733.7,506.0,13.3,13.8,0.075,363.0
2026-02-15 22:30:00,733.0,507.5,13.3,13.8,0.075,363.0
2026-02-15 22:45:00,734.8,507.7,13.33,13.8,0.075,363.0
2026-02-15 23:00:00,734.5,508.5,13.4,14.3,0.025,255.0
2026-02-15 23:15:00,735.0,508.8,13.4,14.3,0.025,255.0
2026-02-15 23:30:00,734.5,510.7,13.4,14.3,0.025,255.0
2026-02-15 23:45:00,736.0,507.2,13.4,14.3,0.025,255.0
2026-02-16 00:00:00,735.2,515.0,13.4,12.4,0.8,196.0
2026-02-16 00:15:00,735.2,514.8,13.45,12.4,0.8,196.0
2026-02-16 00:30:00,736.3,513.7,13.5,12.4,0.8,196.0
2026-02-16 00:45:00,736.5,522.8,13.5,12.4,0.8,196.0
2026-02-16 01:00:00,737.5,520.8,13.5,11.5,0.1,44.0
2026-02-16 01:15:00,738.8,526.0,13.6,11.5,0.1,44.0
2026-02-16 01:30:00,739.0,526.2,13.6,11.5,0.1,44.0
2026-02-16 01:45:00,739.7,524.5,13.6,11.5,0.1,44.0
2026-02-16 02:00:00,740.7,531.2,13.6,11.1,0.15,8.0
2026-02-16 02:15:00,741.3,529.0,13.6,11.1,0.15,8.0
2026-02-16 02:30:00,741.0,536.7,13.6,11.1,0.15,8.0
2026-02-16 02:45:00,739.8,536.5,13.7,11.1,0.15,8.0
2026-02-16 03:00:00,737.5,532.8,13.7,10.9,0.625,0.0
2026-02-16 03:15:00,733.5,530.5,13.7,10.9,0.625,0.0
2026-02-16 03:30:00,728.3,526.8,13.7,10.9,0.625,0.0
2026-02-16 03:45:00,722.7,541.2,13.7,10.9,0.625,0.0
2026-02-16 04:00:00,710.8,552.3,13.7,10.7,0.8,0.0
2026-02-16 04:15:00,681.8,623.2,13.7,10.7,0.8,0.0
2026-02-16 04:30:00,626.8,616.3,13.7,10.7,0.8,0.0
2026-02-16 04:45:00,558.3,605.2,13.7,10.7,0.8,0.0
2026-02-16 05:00:00,498.5,589.0,13.7,10.6,0.375,0.0
2026-02-16 05:15:00,463.3,573.8,13.6,10.6,0.375,0.0
2026-02-16 05:30:00,438.0,565.7,13.6,10.6,0.375,0.0
2026-02-16 05:45:00,420.0,559.3,13.6,10.6,0.375,0.0
2026-02-16 06:15:00,403.7,548.0,13.5,10.5,0.575,0.0
2026-02-16 06:30:00,398.8,539.7,13.5,10.5,0.575,0.0
2026-02-16 06:45:00,397.3,538.2,13.5,10.5,0.575,0.0
2026-02-16 07:00:00,392.8,533.2,13.5,10.5,0.625,0.0
2026-02-16 07:15:00,390.7,527.5,13.4,10.5,0.625,0.0
2026-02-16 07:30:00,386.2,523.7,13.4,10.5,0.625,0.0
2026-02-16 07:45:00,384.8,521.5,13.4,10.5,0.625,0.0
2026-02-16 08:00:00,383.5,517.5,13.4,9.9,0.45,0.0
2026-02-16 08:15:00,384.2,514.8,13.4,9.9,0.45,0.0
2026-02-16 08:30:00,382.5,512.8,13.4,9.9,0.45,0.0
2026-02-16 08:45:00,382.5,513.5,13.4,9.9,0.45,0.0
2026-02-16 09:00:00,387.2,522.8,13.4,9.7,0.5,0.0
2026-02-16 09:15:00,386.2,524.7,13.33,9.7,0.5,0.0
2026-02-16 09:30:00,389.2,545.2,13.4,9.7,0.5,0.0
2026-02-16 09:45:00,391.2,563.5,13.4,9.7,0.5,0.0
2026-02-16 10:00:00,388.3,589.3,13.4,9.4,0.7,0.0
2026-02-16 10:15:00,381.0,596.8,13.4,9.4,0.7,0.0
2026-02-16 10:30:00,373.7,593.3,13.4,9.4,0.7,0.0
2026-02-16 10:45:00,367.7,593.7,13.3,9.4,0.7,0.0
2026-02-16 11:00:00,353.7,621.8,13.3,9.2,0.6,0.0
2026-02-16 11:15:00,326.8,646.5,13.28,9.2,0.6,0.0
2026-02-16 11:30:00,300.3,627.5,13.2,9.2,0.6,0.0
2026-02-16 11:45:00,279.0,613.5,13.1,9.2,0.6,0.0
2026-02-16 12:00:00,264.7,600.5,13.0,9.3,0.625,0.0
2026-02-16 12:15:00,256.0,596.0,12.9,9.3,0.625,0.0
2026-02-16 12:30:00,246.3,606.5,12.8,9.3,0.625,0.0
2026-02-16 12:45:00,239.3,604.8,12.8,9.3,0.625,0.0
2026-02-16 13:00:00,237.5,613.5,12.7,9.2,0.85,0.0
2026-02-16 13:15:00,232.0,625.8,12.63,9.2,0.85,0.0
2026-02-16 13:30:00,231.8,623.3,12.6,9.2,0.85,0.0
2026-02-16 13:45:00,232.5,633.2,12.5,9.2,0.85,0.0
2026-02-16 14:00:00,229.8,643.0,12.5,9.5,0.625,0.0
2026-02-16 14:15:00,220.3,618.5,12.4,9.5,0.625,0.0
2026-02-16 14:30:00,218.5,604.0,12.4,9.5,0.625,0.0
2026-02-16 14:45:00,215.5,598.8,12.3,9.5,0.625,0.0
2026-02-16 15:00:00,217.5,595.0,12.3,9.5,0.6,0.0
2026-02-16 15:15:00,219.5,589.8,12.23,9.5,0.6,0.0
2026-02-16 15:30:00,223.7,586.5,12.2,9.5,0.6,0.0
2026-02-16 15:45:00,228.5,585.0,12.2,9.5,0.6,0.0
2026-02-16 16:00:00,232.7,589.3,12.2,9.1,0.425,7.0
2026-02-16 16:15:00,238.5,588.2,12.2,9.1,0.425,7.0
2026-02-16 16:30:00,244.0,582.2,12.25,9.1,0.425,7.0
2026-02-16 16:45:00,249.5,575.5,12.3,9.1,0.425,7.0
2026-02-16 17:00:00,255.2,570.8,12.3,9.1,0.325,33.0
2026-02-16 17:15:00,260.3,568.0,12.3,9.1,0.325,33.0
2026-02-16 17:30:00,265.3,566.7,12.3,9.1,0.325,33.0
2026-02-16 17:45:00,270.2,564.3,12.3,9.1,0.325,33.0
2026-02-16 18:00:00,275.0,565.3,12.3,10.0,0.275,58.0
2026-02-16 18:15:00,278.7,567.0,12.3,10.0,0.275,58.0
2026-02-16 18:30:00,283.3,570.7,12.4,10.0,0.275,58.0
2026-02-16 18:45:00,287.5,567.2,12.4,10.0,0.275,58.0
2026-02-16 19:00:00,292.8,564.7,12.4,9.6,0.4,85.0
2026-02-16 19:15:00,298.3,559.2,12.4,9.6,0.4,85.0
2026-02-16 19:30:00,302.7,555.2,12.4,9.6,0.4,85.0
2026-02-16 19:45:00,302.0,550.8,12.4,9.6,0.4,85.0
2026-02-16 20:00:00,303.3,548.3,12.4,9.2,0.225,74.0
2026-02-16 20:15:00,305.5,549.2,12.4,9.2,0.225,74.0
2026-02-16 20:30:00,308.8,549.0,12.45,9.2,0.225,74.0
2026-02-16 20:45:00,312.2,553.8,12.5,9.2,0.225,74.0
2026-02-16 21:00:00,320.8,562.0,12.5,9.0,0.325,128.0
2026-02-16 21:15:00,329.0,579.5,12.5,9.0,0.325,128.0
2026-02-16 21:30:00,337.3,596.5,12.5,9.0,0.325,128.0
2026-02-16 21:45:00,339.0,627.3,12.6,9.0,0.325,128.0
2026-02-16 22:00:00,334.5,621.3,12.6,9.0,0.425,46.0
2026-02-16 22:15:00,321.0,605.8,12.6,9.0,0.425,46.0
2026-02-16 22:30:00,307.3,597.5,12.6,9.0,0.425,46.0
2026-02-16 22:45:00,301.2,587.5,12.6,9.0,0.425,46.0
2026-02-16 23:00:00,296.5,577.3,12.6,8.9,0.3,85.0
2026-02-16 23:15:00,290.7,573.0,12.6,8.9,0.3,85.0
2026-02-16 23:30:00,286.2,571.7,12.6,8.9,0.3,85.0
2026-02-16 23:45:00,283.5,568.3,12.6,8.9,0.3,85.0
2026-02-17 00:00:00,282.7,562.7,12.6,8.5,0.25,155.0
2026-02-17 00:15:00,282.8,558.0,12.6,8.5,0.25,155.0
2026-02-17 00:30:00,284.8,555.0,12.6,8.5,0.25,155.0
2026-02-17 00:45:00,287.5,552.8,12.6,8.5,0.25,155.0
2026-02-17 01:00:00,289.7,552.3,12.6,8.2,0.125,40.0
2026-02-17 01:15:00,293.2,553.0,12.6,8.2,0.125,40.0
2026-02-17 01:30:00,295.5,550.5,12.6,8.2,0.125,40.0
2026-02-17 01:45:00,297.0,549.2,12.6,8.2,0.125,40.0
2026-02-17 02:00:00,301.5,548.0,12.6,7.8,0.175,16.0
2026-02-17 02:15:00,305.5,548.0,12.6,7.8,0.175,16.0
2026-02-17 02:30:00,308.8,546.0,12.6,7.8,0.175,16.0
2026-02-17 02:45:00,313.2,543.3,12.6,7.8,0.175,16.0
2026-02-17 03:00:00,316.8,547.2,12.6,8.1,0.075,0.0
2026-02-17 03:15:00,329.5,598.7,12.6,8.1,0.075,0.0
2026-02-17 03:30:00,340.8,759.8,12.5,8.1,0.075,0.0
2026-02-17 03:45:00,308.5,761.3,12.4,8.1,0.075,0.0
2026-02-17 04:00:00,184.5,693.5,12.1,7.9,0.225,0.0
2026-02-17 04:15:00,255.8,649.7,12.2,7.9,0.225,0.0
2026-02-17 04:30:00,232.5,633.2,12.1,7.9,0.225,0.0
2026-02-17 04:45:00,216.7,620.7,12.0,7.9,0.225,0.0
2026-02-17 05:00:00,212.0,609.8,11.9,8.0,0.025,0.0
2026-02-17 05:15:00,214.7,604.0,11.9,8.0,0.025,0.0
2026-02-17 05:30:00,222.8,599.8,11.9,8.0,0.025,0.0
2026-02-17 05:45:00,231.2,596.5,11.8,8.0,0.025,0.0
2026-02-17 06:00:00,240.5,591.2,11.8,7.3,0.0,0.0
2026-02-17 06:15:00,248.3,587.3,11.8,7.3,0.0,0.0
2026-02-17 06:30:00,254.3,584.2,11.8,7.3,0.0,0.0
2026-02-17 06:45:00,259.8,580.5,11.8,7.3,0.0,0.0
2026-02-17 07:00:00,264.8,576.2,11.8,7.1,0.0,0.0
2026-02-17 07:15:00,269.2,574.2,11.8,7.1,0.0,0.0
2026-02-17 07:30:00,274.7,571.5,11.8,7.1,0.0,0.0
2026-02-17 07:45:00,278.5,570.0,11.8,7.1,0.0,0.0
2026-02-17 08:00:00,283.7,568.3,11.7,7.1,0.0,0.0
2026-02-17 08:15:00,288.7,567.5,11.7,7.1,0.0,0.0
2026-02-17 08:30:00,294.8,565.2,11.7,7.1,0.0,0.0
2026-02-17 08:45:00,300.0,564.0,11.7,7.1,0.0,0.0
2026-02-17 09:00:00,304.0,562.2,11.7,7.0,0.0,0.0
2026-02-17 09:15:00,308.2,560.2,11.7,7.0,0.0,0.0
2026-02-17 09:30:00,313.5,560.8,11.7,7.0,0.0,0.0
2026-02-17 09:45:00,317.7,559.3,11.7,7.0,0.0,0.0
2026-02-17 10:00:00,322.0,557.7,11.7,7.3,0.0,0.0
2026-02-17 10:15:00,325.2,556.0,11.7,7.3,0.0,0.0
2026-02-17 10:45:00,333.5,554.8,11.7,7.3,0.0,0.0
2026-02-17 11:00:00,337.7,552.2,11.7,8.0,0.0,0.0
2026-02-17 11:15:00,340.8,552.3,11.7,8.0,0.0,0.0
2026-02-17 11:45:00,347.5,550.7,11.7,8.0,0.0,0.0
2026-02-17 12:00:00,350.0,551.0,11.7,8.3,0.0,0.0
2026-02-17 12:15:00,352.8,550.8,11.7,8.3,0.0,0.0
2026-02-17 12:30:00,356.0,549.7,11.7,8.3,0.0,0.0
2026-02-17 12:45:00,359.0,549.5,11.7,8.3,0.0,0.0
2026-02-17 13:00:00,361.5,548.2,11.7,8.0,0.025,0.0
2026-02-17 13:15:00,364.7,548.3,11.7,8.0,0.025,0.0
2026-02-17 13:30:00,366.8,547.3,11.7,8.0,0.025,0.0
2026-02-17 13:45:00,369.2,547.7,11.7,8.0,0.025,0.0
2026-02-17 14:00:00,372.0,545.3,11.7,8.3,0.025,0.0
2026-02-17 14:15:00,374.8,545.7,11.7,8.3,0.025,0.0
2026-02-17 14:30:00,376.5,545.7,11.7,8.3,0.025,0.0
2026-02-17 14:45:00,379.7,543.7,11.7,8.3,0.025,0.0
2026-02-17 15:00:00,381.3,544.8,11.7,7.2,0.35,0.0
2026-02-17 15:15:00,383.5,545.0,11.7,7.2,0.35,0.0
2026-02-17 15:30:00,384.8,545.8,11.7,7.2,0.35,0.0
2026-02-17 15:45:00,388.2,595.3,11.7,7.2,0.35,0.0
2026-02-17 16:00:00,401.3,666.3,11.7,7.2,0.125,10.0
2026-02-17 16:15:00,377.7,667.7,11.5,7.2,0.125,10.0
2026-02-17 16:30:00,355.8,619.5,11.5,7.2,0.125,10.0
2026-02-17 16:45:00,340.7,684.5,11.4,7.2,0.125,10.0
2026-02-17 17:00:00,314.7,721.7,11.1,7.5,0.35,26.0
2026-02-17 17:15:00,290.8,650.0,11.0,7.5,0.35,26.0
2026-02-17 17:30:00,269.2,619.7,10.8,7.5,0.35,26.0
2026-02-17 17:45:00,258.7,611.3,10.8,7.5,0.35,26.0
2026-02-17 18:00:00,253.3,616.2,10.7,7.6,0.4,29.0
2026-02-17 18:15:00,247.5,648.3,10.7,7.6,0.4,29.0
2026-02-17 18:30:00,239.3,682.7,10.7,7.6,0.4,29.0
2026-02-17 18:45:00,243.8,647.3,10.7,7.6,0.4,29.0
2026-02-17 19:00:00,243.5,629.0,10.7,8.0,0.3,94.0
2026-02-17 19:15:00,242.0,622.0,10.7,8.0,0.3,94.0
2026-02-17 19:30:00,242.8,634.3,10.8,8.0,0.3,94.0
2026-02-17 19:45:00,243.2,647.0,10.8,8.0,0.3,94.0
2026-02-17 20:00:00,243.8,665.8,10.8,8.0,0.675,90.0
2026-02-17 20:15:00,244.7,656.5,10.8,8.0,0.675,90.0
2026-02-17 20:30:00,245.2,645.3,10.8,8.0,0.675,90.0
2026-02-17 20:45:00,242.7,632.0,10.9,8.0,0.675,90.0
2026-02-17 21:00:00,241.3,624.7,10.9,7.9,0.25,78.0
2026-02-17 21:15:00,242.2,621.8,10.9,7.9,0.25,78.0
2026-02-17 21:30:00,244.7,617.3,10.9,7.9,0.25,78.0
2026-02-17 21:45:00,248.3,612.7,10.9,7.9,0.25,78.0
2026-02-17 22:00:00,254.2,607.3,10.9,8.4,0.175,130.0
2026-02-17 22:15:00,259.2,602.7,10.9,8.4,0.175,130.0
2026-02-17 22:30:00,265.5,599.2,11.0,8.4,0.175,130.0
2026-02-17 22:45:00,270.8,599.0,11.0,8.4,0.175,130.0
2026-02-17 23:00:00,277.3,595.3,11.0,8.1,0.25,171.0
2026-02-17 23:15:00,283.0,593.8,11.0,8.1,0.25,171.0
2026-02-17 23:30:00,287.5,600.0,11.02,8.1,0.25,171.0
2026-02-17 23:45:00,291.0,600.8,11.1,8.1,0.25,171.0
2026-02-18 00:00:00,296.2,602.0,11.1,6.9,0.45,121.0
2026-02-18 00:15:00,300.2,609.7,11.1,6.9,0.45,121.0
2026-02-18 00:30:00,304.0,644.8,11.2,6.9,0.45,121.0
2026-02-18 00:45:00,307.2,725.8,11.2,6.9,0.45,121.0
2026-02-18 01:15:00,279.0,641.8,11.05,6.9,0.1,28.0
2026-02-18 01:30:00,267.0,628.3,11.0,6.9,0.1,28.0
2026-02-18 01:45:00,258.7,625.2,10.9,6.9,0.1,28.0
2026-02-18 02:00:00,258.2,622.8,10.9,6.8,0.0,12.0
2026-02-18 02:15:00,263.5,619.8,10.8,6.8,0.0,12.0
2026-02-18 02:30:00,271.3,615.3,10.8,6.8,0.0,12.0
2026-02-18 02:45:00,277.7,610.0,10.8,6.8,0.0,12.0
2026-02-18 03:00:00,284.3,608.0,10.8,5.6,0.125,0.0
2026-02-18 03:15:00,290.0,624.3,10.8,5.6,0.125,0.0
2026-02-18 03:30:00,291.8,663.5,10.8,5.6,0.125,0.0
2026-02-18 03:45:00,291.8,638.3,10.8,5.6,0.125,0.0
2026-02-18 04:00:00,295.3,619.3,10.8,4.7,0.25,0.0
2026-02-18 04:15:00,296.8,615.0,10.8,4.7,0.25,0.0
2026-02-18 04:30:00,297.8,621.0,10.8,4.7,0.25,0.0
2026-02-18 04:45:00,295.2,630.2,10.8,4.7,0.25,0.0
2026-02-18 05:00:00,293.2,631.5,10.7,4.4,0.225,0.0
2026-02-18 05:15:00,295.8,617.8,10.7,4.4,0.225,0.0
2026-02-18 05:30:00,300.5,615.8,10.7,4.4,0.225,0.0
2026-02-18 05:45:00,303.8,612.3,10.62,4.4,0.225,0.0
2026-02-18 06:00:00,305.5,608.0,10.6,4.8,0.025,0.0
2026-02-18 06:15:00,307.0,605.2,10.6,4.8,0.025,0.0
2026-02-18 06:30:00,308.8,603.2,10.6,4.8,0.025,0.0
2026-02-18 06:45:00,312.5,599.8,10.52,4.8,0.025,0.0
2026-02-18 07:00:00,315.7,597.2,10.5,3.9,0.05,0.0
2026-02-18 07:15:00,320.0,596.5,10.5,3.9,0.05,0.0
2026-02-18 07:30:00,323.3,595.2,10.5,3.9,0.05,0.0
2026-02-18 07:45:00,327.2,593.3,10.5,3.9,0.05,0.0
2026-02-18 08:00:00,331.0,591.8,10.5,4.2,0.0,0.0
2026-02-18 08:15:00,335.7,591.0,10.4,4.2,0.0,0.0
2026-02-18 08:30:00,338.8,589.3,10.4,4.2,0.0,0.0
2026-02-18 08:45:00,342.8,588.3,10.4,4.2,0.0,0.0
2026-02-18 09:00:00,346.5,590.8,10.4,3.4,0.0,0.0
2026-02-18 09:15:00,348.5,590.0,10.4,3.4,0.0,0.0
2026-02-18 09:30:00,350.8,587.8,10.4,3.4,0.0,0.0
2026-02-18 09:45:00,353.5,587.7,10.4,3.4,0.0,0.0
2026-02-18 10:00:00,357.2,586.2,10.4,2.3,0.0,0.0
2026-02-18 10:15:00,359.8,584.2,10.4,2.3,0.0,0.0
2026-02-18 10:30:00,361.7,582.8,10.4,2.3,0.0,0.0
2026-02-18 10:45:00,366.0,579.5,10.4,2.3,0.0,0.0
2026-02-18 11:00:00,368.8,578.7,10.4,2.2,0.0,0.0
2026-02-18 11:15:00,371.7,577.3,10.4,2.2,0.0,0.0
2026-02-18 11:30:00,374.3,578.3,10.4,2.2,0.0,0.0
2026-02-18 11:45:00,376.5,575.7,10.4,2.2,0.0,0.0
2026-02-18 12:00:00,378.2,575.7,10.4,3.2,0.0,0.0
2026-02-18 12:15:00,380.5,573.7,10.4,3.2,0.0,0.0
2026-02-18 12:30:00,382.2,574.7,10.35,3.2,0.0,0.0
2026-02-18 12:45:00,385.0,572.3,10.3,3.2,0.0,0.0
2026-02-18 13:00:00,386.8,572.7,10.3,2.3,0.0,0.0
2026-02-18 13:15:00,388.8,570.5,10.3,2.3,0.0,0.0
2026-02-18 13:30:00,390.7,569.8,10.3,2.3,0.0,0.0
2026-02-18 13:45:00,392.5,569.3,10.3,2.3,0.0,0.0
2026-02-18 14:00:00,393.8,569.8,10.3,1.7,0.0,0.0
2026-02-18 14:15:00,395.3,568.0,10.3,1.7,0.0,0.0
2026-02-18 14:30:00,397.3,568.2,10.3,1.7,0.0,0.0
2026-02-18 14:45:00,399.2,567.8,10.3,1.7,0.0,0.0
2026-02-18 15:00:00,400.7,566.8,10.23,2.0,0.0,0.0
2026-02-18 15:15:00,403.5,565.5,10.2,2.0,0.0,0.0
2026-02-18 15:30:00,405.0,567.5,10.2,2.0,0.0,0.0
2026-02-18 15:45:00,407.8,566.0,10.2,2.0,0.0,0.0
2026-02-18 16:00:00,409.8,564.8,10.2,4.5,0.0,59.0
2026-02-18 16:15:00,411.2,563.7,10.2,4.5,0.0,59.0
2026-02-18 16:30:00,413.3,565.5,10.2,4.5,0.0,59.0
2026-02-18 16:45:00,415.2,566.2,10.2,4.5,0.0,59.0
2026-02-18 17:00:00,417.5,566.5,10.2,6.2,0.0,192.0
2026-02-18 17:15:00,419.2,563.3,10.2,6.2,0.0,192.0
2026-02-18 17:30:00,420.0,565.2,10.2,6.2,0.0,192.0
2026-02-18 17:45:00,421.0,565.0,10.2,6.2,0.0,192.0
2026-02-18 18:00:00,420.8,567.3,10.2,6.4,0.025,290.0
2026-02-18 18:15:00,420.8,565.7,10.3,6.4,0.025,290.0
2026-02-18 19:00:00,423.7,562.5,10.4,7.1,0.05,342.0
2026-02-18 19:15:00,425.5,561.3,10.4,7.1,0.05,342.0
2026-02-18 19:30:00,426.8,563.7,10.4,7.1,0.05,342.0
2026-02-18 20:00:00,430.3,574.0,10.5,8.1,0.05,429.0
2026-02-18 20:15:00,431.8,587.2,10.5,8.1,0.05,429.0
2026-02-18 20:30:00,430.7,586.5,10.6,8.1,0.05,429.0
2026-02-18 20:45:00,424.7,608.2,10.7,8.1,0.05,429.0
2026-02-18 21:00:00,419.8,594.2,10.7,8.8,0.05,489.0
2026-02-18 21:15:00,412.3,578.7,10.8,8.8,0.05,489.0
2026-02-18 21:30:00,407.2,572.3,10.8,8.8,0.05,489.0
2026-02-18 21:45:00,405.2,567.0,10.8,8.8,0.05,489.0
2026-02-18 22:00:00,402.7,566.3,10.9,8.3,0.3,463.0
2026-02-18 22:15:00,400.2,563.8,10.9,8.3,0.3,463.0
2026-02-18 22:30:00,398.2,562.5,10.9,8.3,0.3,463.0
2026-02-18 22:45:00,395.7,561.5,11.0,8.3,0.3,463.0
2026-02-18 23:00:00,394.3,561.2,11.0,9.4,0.025,405.0
2026-02-18 23:45:00,392.2,555.8,11.0,9.4,0.025,405.0
2026-02-19 00:00:00,393.0,556.0,11.1,8.6,0.075,307.0
2026-02-19 00:15:00,395.5,556.3,11.1,8.6,0.075,307.0
2026-02-19 00:30:00,398.0,555.3,11.1,8.6,0.075,307.0
2026-02-19 00:45:00,400.8,555.5,11.1,8.6,0.075,307.0
2026-02-19 01:00:00,403.5,554.5,11.1,7.9,0.075,117.0
2026-02-19 01:15:00,406.2,555.3,11.1,7.9,0.075,117.0
2026-02-19 01:30:00,408.8,554.0,11.1,7.9,0.075,117.0
2026-02-19 02:00:00,412.2,552.3,11.1,6.8,0.025,8.0
2026-02-19 02:15:00,415.3,553.3,11.1,6.8,0.025,8.0
2026-02-19 02:30:00,416.7,553.2,11.1,6.8,0.025,8.0
2026-02-19 02:45:00,418.7,551.5,11.1,6.8,0.025,8.0
2026-02-19 03:00:00,420.2,550.5,11.18,6.5,0.025,0.0
2026-02-19 03:15:00,422.2,553.3,11.2,6.5,0.025,0.0
2026-02-19 03:30:00,423.2,551.8,11.18,6.5,0.025,0.0
2026-02-19 03:45:00,425.3,552.7,11.12,6.5,0.025,0.0
2026-02-19 04:00:00,427.5,552.2,11.1,6.1,0.05,0.0
2026-02-19 04:15:00,430.3,574.2,11.2,6.1,0.05,0.0
2026-02-19 04:30:00,432.2,622.3,11.2,6.1,0.05,0.0
2026-02-19 04:45:00,433.5,646.7,11.2,6.1,0.05,0.0
2026-02-19 05:00:00,427.5,606.3,11.1,6.1,0.225,0.0
2026-02-19 05:15:00,417.5,586.2,11.0,6.1,0.225,0.0
2026-02-19 05:45:00,407.2,569.3,11.0,6.1,0.225,0.0
2026-02-19 06:00:00,400.5,567.2,10.9,6.2,0.05,0.0
2026-02-19 06:30:00,385.3,562.5,10.9,6.2,0.05,0.0
2026-02-19 07:00:00,370.2,559.5,10.9,6.4,0.1,0.0
2026-02-19 07:15:00,369.2,559.2,10.8,6.4,0.1,0.0
2026-02-19 07:30:00,370.5,558.5,10.8,6.4,0.1,0.0
2026-02-19 07:45:00,372.3,556.5,10.8,6.4,0.1,0.0
2026-02-19 08:00:00,376.3,557.7,10.8,6.0,0.025,0.0
2026-02-19 08:15:00,379.7,556.5,10.8,6.0,0.025,0.0
2026-02-19 08:30:00,384.2,555.2,10.8,6.0,0.025,0.0
2026-02-19 08:45:00,388.3,556.2,10.8,6.0,0.025,0.0
2026-02-19 09:00:00,393.0,557.7,10.8,6.2,0.075,0.0
2026-02-19 09:15:00,396.2,559.8,10.8,6.2,0.075,0.0
2026-02-19 09:30:00,399.2,561.2,10.9,6.2,0.075,0.0
2026-02-19 09:45:00,401.5,567.2,10.9,6.2,0.075,0.0
2026-02-19 10:00:00,402.8,586.0,10.9,6.2,0.525,0.0
2026-02-19 10:15:00,403.7,634.8,10.9,6.2,0.525,0.0
2026-02-19 10:45:00,332.3,797.7,10.68,6.2,0.525,0.0
2026-02-19 11:00:00,119.2,834.0,8.9,5.5,1.35,0.0
2026-02-19 11:15:00,246.0,764.5,9.4,5.5,1.35,0.0
2026-02-19 11:30:00,234.2,702.7,9.4,5.5,1.35,0.0
2026-02-19 11:45:00,243.2,668.2,9.5,5.5,1.35,0.0
2026-02-19 12:00:00,238.3,653.0,9.7,4.4,0.375,0.0
2026-02-19 12:15:00,240.8,641.0,9.8,4.4,0.375,0.0
2026-02-19 12:30:00,243.2,635.7,9.8,4.4,0.375,0.0
2026-02-19 12:45:00,250.8,630.7,9.8,4.4,0.375,0.0
2026-02-19 13:00:00,261.2,628.0,9.8,5.3,0.075,0.0
2026-02-19 13:15:00,269.3,624.7,9.9,5.3,0.075,0.0
2026-02-19 13:30:00,278.3,621.3,9.9,5.3,0.075,0.0
2026-02-19 13:45:00,286.0,634.2,10.0,5.3,0.075,0.0
2026-02-19 14:00:00,286.0,654.3,10.0,5.9,0.0,0.0
2026-02-19 14:15:00,281.3,677.2,10.0,5.9,0.0,0.0
2026-02-19 14:30:00,281.8,649.0,10.0,5.9,0.0,0.0
2026-02-19 14:45:00,273.3,635.5,10.0,5.9,0.0,0.0
2026-02-19 15:00:00,267.5,628.8,9.9,5.1,0.075,0.0
2026-02-19 15:15:00,266.5,624.8,9.9,5.1,0.075,0.0
2026-02-19 15:30:00,273.0,621.8,9.9,5.1,0.075,0.0
2026-02-19 15:45:00,282.8,618.0,9.93,5.1,0.075,0.0
2026-02-19 16:00:00,292.7,614.3,10.0,5.5,0.0,65.0
2026-02-19 16:15:00,299.0,613.5,10.0,5.5,0.0,65.0
2026-02-19 16:30:00,303.8,609.8,10.1,5.5,0.0,65.0
2026-02-19 16:45:00,309.7,610.3,10.1,5.5,0.0,65.0
2026-02-19 17:00:00,314.5,609.3,10.1,6.9,0.0,158.0
2026-02-19 17:15:00,319.0,607.3,10.2,6.9,0.0,158.0
2026-02-19 17:30:00,322.5,607.0,10.2,6.9,0.0,158.0
2026-02-19 17:45:00,328.2,605.0,10.3,6.9,0.0,158.0
2026-02-19 18:00:00,333.0,602.7,10.3,7.7,0.0,373.0
2026-02-19 18:15:00,336.8,600.2,10.3,7.7,0.0,373.0
2026-02-19 18:30:00,340.2,599.3,10.4,7.7,0.0,373.0
2026-02-19 18:45:00,340.0,596.7,10.4,7.7,0.0,373.0
2026-02-19 19:00:00,345.0,596.8,10.4,8.9,0.0,537.0
2026-02-19 19:15:00,346.7,595.5,10.5,8.9,0.0,537.0
2026-02-19 19:30:00,349.3,594.7,10.5,8.9,0.0,537.0
2026-02-19 19:45:00,352.7,591.3,10.5,8.9,0.0,537.0
2026-02-19 20:00:00,355.0,593.5,10.6,9.8,0.0,648.0
2026-02-19 20:15:00,357.7,590.2,10.6,9.8,0.0,648.0
2026-02-19 20:30:00,360.7,588.5,10.6,9.8,0.0,648.0
2026-02-19 20:45:00,363.5,588.8,10.7,9.8,0.0,648.0
2026-02-19 21:00:00,366.5,588.0,10.7,10.1,0.025,676.0
2026-02-19 21:15:00,369.3,587.7,10.8,10.1,0.025,676.0
2026-02-19 21:30:00,370.7,585.5,10.8,10.1,0.025,676.0
2026-02-19 21:45:00,371.7,587.0,10.8,10.1,0.025,676.0
2026-02-19 22:00:00,373.5,585.2,10.9,10.2,0.0,620.0
2026-02-19 22:15:00,375.2,583.3,10.9,10.2,0.0,620.0
2026-02-19 22:30:00,377.2,584.3,10.9,10.2,0.0,620.0
2026-02-19 22:45:00,379.7,583.5,10.9,10.2,0.0,620.0
2026-02-19 23:00:00,381.2,582.0,11.0,10.2,0.0,528.0
2026-02-19 23:15:00,383.2,580.0,11.0,10.2,0.0,528.0
2026-02-19 23:30:00,385.8,580.2,11.0,10.2,0.0,528.0
2026-02-19 23:45:00,387.3,578.3,11.0,10.2,0.0,528.0
2026-02-20 00:00:00,388.7,577.8,11.1,9.7,0.0,389.0
2026-02-20 00:15:00,390.7,579.2,11.1,9.7,0.0,389.0
2026-02-20 00:30:00,392.0,578.7,11.1,9.7,0.0,389.0
2026-02-20 00:45:00,393.0,578.2,11.1,9.7,0.0,389.0
2026-02-20 01:00:00,393.8,578.0,11.1,9.1,0.0,195.0
2026-02-20 01:30:00,396.3,575.0,11.12,9.1,0.0,195.0
2026-02-20 01:45:00,397.8,574.0,11.2,9.1,0.0,195.0
2026-02-20 02:00:00,399.5,575.2,11.2,7.7,0.0,40.0
2026-02-20 02:15:00,399.3,573.8,11.2,7.7,0.0,40.0
2026-02-20 02:30:00,402.0,573.5,11.2,7.7,0.0,40.0
2026-02-20 02:45:00,403.0,572.7,11.2,7.7,0.0,40.0
2026-02-20 03:00:00,404.5,570.7,11.2,7.0,0.0,0.0
2026-02-20 03:15:00,405.7,572.2,11.2,7.0,0.0,0.0
2026-02-20 03:45:00,408.8,569.7,11.1,7.0,0.0,0.0
2026-02-20 04:00:00,411.2,569.2,11.1,6.3,0.0,0.0
2026-02-20 04:15:00,413.8,568.3,11.1,6.3,0.0,0.0
2026-02-20 04:30:00,414.7,568.5,11.1,6.3,0.0,0.0
2026-02-20 04:45:00,415.7,567.7,11.1,6.3,0.0,0.0
2026-02-20 05:00:00,416.8,567.5,11.0,5.8,0.0,0.0
2026-02-20 05:15:00,418.3,567.7,11.0,5.8,0.0,0.0
2026-02-20 05:30:00,419.3,568.0,11.0,5.8,0.0,0.0
2026-02-20 05:45:00,420.2,567.7,11.0,5.8,0.0,0.0
2026-02-20 06:00:00,421.7,567.2,11.0,5.8,0.0,0.0
2026-02-20 06:15:00,422.5,567.3,10.9,5.8,0.0,0.0
2026-02-20 06:30:00,423.8,565.7,10.9,5.8,0.0,0.0
2026-02-20 06:45:00,424.0,566.5,10.9,5.8,0.0,0.0
2026-02-20 07:00:00,427.0,565.3,10.9,5.5,0.0,0.0
2026-02-20 07:15:00,427.8,565.3,10.8,5.5,0.0,0.0
2026-02-20 07:30:00,428.5,564.3,10.8,5.5,0.0,0.0
2026-02-20 07:45:00,429.0,564.2,10.8,5.5,0.0,0.0
2026-02-20 08:00:00,429.5,566.0,10.8,4.8,0.0,0.0
2026-02-20 08:15:00,430.7,564.7,10.7,4.8,0.0,0.0
2026-02-20 08:30:00,431.3,565.7,10.7,4.8,0.0,0.0
2026-02-20 08:45:00,433.0,562.8,10.7,4.8,0.0,0.0
2026-02-20 09:00:00,433.0,563.8,10.7,4.3,0.0,0.0
2026-02-20 09:15:00,435.2,562.2,10.7,4.3,0.0,0.0
2026-02-20 09:30:00,435.8,561.5,10.6,4.3,0.0,0.0
2026-02-20 09:45:00,436.2,560.8,10.6,4.3,0.0,0.0
2026-02-20 10:00:00,437.3,560.5,10.6,3.7,0.0,0.0
2026-02-20 10:15:00,438.2,561.7,10.6,3.7,0.0,0.0
2026-02-20 10:30:00,439.3,562.8,10.6,3.7,0.0,0.0
2026-02-20 10:45:00,439.8,560.5,10.5,3.7,0.0,0.0
2026-02-20 11:00:00,440.8,559.2,10.5,3.4,0.0,0.0
2026-02-20 11:15:00,441.0,559.3,10.5,3.4,0.0,0.0
2026-02-20 11:30:00,443.0,558.8,10.5,3.4,0.0,0.0
2026-02-20 11:45:00,443.8,558.8,10.5,3.4,0.0,0.0
2026-02-20 12:00:00,444.8,557.8,10.4,2.1,0.0,0.0
2026-02-20 12:15:00,445.3,558.2,10.4,2.1,0.0,0.0
2026-02-20 12:30:00,446.2,558.2,10.4,2.1,0.0,0.0
2026-02-20 12:45:00,446.8,557.7,10.3,2.1,0.0,0.0
2026-02-20 13:00:00,447.8,559.2,10.3,1.2,0.0,0.0
2026-02-20 13:15:00,448.7,557.2,10.3,1.2,0.0,0.0
2026-02-20 13:30:00,449.2,558.2,10.3,1.2,0.0,0.0
2026-02-20 13:45:00,450.7,556.3,10.3,1.2,0.0,0.0
2026-02-20 14:00:00,451.8,558.2,10.2,0.6,0.0,0.0
2026-02-20 14:15:00,452.7,557.5,10.2,0.6,0.0,0.0
2026-02-20 14:30:00,453.3,557.8,10.2,0.6,0.0,0.0
2026-02-20 14:45:00,454.0,556.5,10.2,0.6,0.0,0.0
2026-02-20 15:00:00,455.0,556.5,10.1,0.6,0.0,0.0
2026-02-20 15:15:00,455.5,556.5,10.1,0.6,0.0,0.0
2026-02-20 15:30:00,456.2,558.2,10.1,0.6,0.0,0.0
2026-02-20 15:45:00,456.5,556.2,10.1,0.6,0.0,0.0
2026-02-20 16:00:00,457.0,555.5,10.1,2.7,0.0,58.0
2026-02-20 16:15:00,458.7,555.2,10.1,2.7,0.0,58.0
2026-02-20 16:30:00,459.5,555.8,10.1,2.7,0.0,58.0
2026-02-20 16:45:00,460.7,554.7,10.1,2.7,0.0,58.0
2026-02-20 17:00:00,460.5,556.7,10.1,5.7,0.0,173.0
2026-02-20 17:15:00,461.5,556.0,10.1,5.7,0.0,173.0
2026-02-20 17:30:00,462.3,555.7,10.1,5.7,0.0,173.0
2026-02-20 17:45:00,462.7,554.7,10.1,5.7,0.0,173.0
2026-02-20 18:00:00,463.2,555.2,10.1,7.6,0.0,287.0
2026-02-20 18:15:00,464.2,553.7,10.1,7.6,0.0,287.0
2026-02-20 18:30:00,464.5,554.7,10.1,7.6,0.0,287.0
2026-02-20 18:45:00,465.0,553.5,10.1,7.6,0.0,287.0
2026-02-20 19:00:00,465.8,553.2,10.2,8.9,0.0,367.0
2026-02-20 19:15:00,466.8,553.0,10.2,8.9,0.0,367.0
2026-02-20 19:30:00,467.3,553.5,10.2,8.9,0.0,367.0
2026-02-20 19:45:00,467.5,552.2,10.3,8.9,0.0,367.0
2026-02-20 20:00:00,467.8,552.2,10.3,10.1,0.0,464.0
2026-02-20 20:15:00,468.8,552.7,10.33,10.1,0.0,464.0
2026-02-20 20:30:00,468.7,551.5,10.4,10.1,0.0,464.0
2026-02-20 20:45:00,469.0,551.8,10.4,10.1,0.0,464.0
2026-02-20 21:00:00,469.3,552.3,10.5,11.1,0.0,570.0
2026-02-20 21:15:00,470.0,550.7,10.5,11.1,0.0,570.0
2026-02-20 21:30:00,470.7,552.0,10.6,11.1,0.0,570.0
2026-02-20 21:45:00,470.7,551.2,10.6,11.1,0.0,570.0
2026-02-20 22:00:00,471.8,550.7,10.6,11.2,0.0,458.0
2026-02-20 22:15:00,472.7,549.7,10.7,11.2,0.0,458.0
2026-02-20 22:30:00,472.8,549.2,10.7,11.2,0.0,458.0
2026-02-20 22:45:00,473.7,549.2,10.8,11.2,0.0,458.0
2026-02-20 23:00:00,474.3,548.7,10.8,11.2,0.0,360.0
2026-02-20 23:15:00,474.7,548.8,10.8,11.2,0.0,360.0
2026-02-20 23:30:00,475.2,549.0,10.9,11.2,0.0,360.0
2026-02-20 23:45:00,475.3,549.3,10.9,11.2,0.0,360.0
2026-02-21 00:00:00,475.7,548.3,10.9,11.0,0.0,295.0
2026-02-21 00:15:00,476.7,548.7,10.92,11.0,0.0,295.0
2026-02-21 00:30:00,477.2,548.8,11.0,11.0,0.0,295.0
2026-02-21 00:45:00,477.8,548.0,11.0,11.0,0.0,295.0
2026-02-21 01:00:00,478.7,547.3,11.0,10.1,0.0,176.0
2026-02-21 01:15:00,479.5,548.8,11.0,10.1,0.0,176.0
2026-02-21 01:30:00,481.0,548.0,11.1,10.1,0.0,176.0
2026-02-21 01:45:00,480.5,547.8,11.1,10.1,0.0,176.0
2026-02-21 02:00:00,481.3,548.3,11.1,7.9,0.0,41.0
2026-02-21 02:15:00,483.3,547.8,11.1,7.9,0.0,41.0
2026-02-21 02:30:00,483.3,547.7,11.1,7.9,0.0,41.0
2026-02-21 02:45:00,482.8,546.0,11.1,7.9,0.0,41.0
2026-02-21 03:00:00,482.8,547.0,11.1,6.5,0.0,0.0
2026-02-21 03:15:00,483.5,546.2,11.1,6.5,0.0,0.0
2026-02-21 03:30:00,483.8,547.0,11.1,6.5,0.0,0.0
2026-02-21 03:45:00,483.0,545.5,11.1,6.5,0.0,0.0
2026-02-21 04:00:00,484.5,546.0,11.1,5.7,0.0,0.0
2026-02-21 04:15:00,485.5,545.8,11.1,5.7,0.0,0.0
2026-02-21 04:30:00,486.2,545.0,11.1,5.7,0.0,0.0
2026-02-21 04:45:00,485.2,546.0,11.1,5.7,0.0,0.0
2026-02-21 05:00:00,487.0,545.2,11.1,4.8,0.0,0.0
2026-02-21 05:15:00,488.0,544.5,11.1,4.8,0.0,0.0
2026-02-21 05:30:00,481.2,544.8,11.0,4.8,0.0,0.0
2026-02-21 05:45:00,490.3,544.7,11.0,4.8,0.0,0.0
2026-02-21 06:00:00,491.3,544.3,11.0,3.7,0.0,0.0
2026-02-21 06:15:00,491.8,544.5,11.0,3.7,0.0,0.0
2026-02-21 06:30:00,492.7,544.7,11.0,3.7,0.0,0.0
2026-02-21 06:45:00,493.2,545.0,11.0,3.7,0.0,0.0
2026-02-21 07:00:00,494.0,544.7,11.0,4.4,0.0,0.0
2026-02-21 07:15:00,494.7,544.7,10.9,4.4,0.0,0.0
2026-02-21 07:30:00,495.5,544.5,10.9,4.4,0.0,0.0
2026-02-21 07:45:00,496.5,544.8,10.9,4.4,0.0,0.0
2026-02-21 08:00:00,497.3,544.0,10.9,4.7,0.0,0.0
2026-02-21 08:15:00,498.0,543.8,10.8,4.7,0.0,0.0
2026-02-21 08:30:00,498.5,543.7,10.8,4.7,0.0,0.0
2026-02-21 08:45:00,499.3,543.3,10.8,4.7,0.0,0.0
2026-02-21 09:00:00,500.0,544.5,10.8,4.8,0.0,0.0
2026-02-21 09:15:00,501.3,543.0,10.8,4.8,0.0,0.0
2026-02-21 09:30:00,501.3,542.2,10.8,4.8,0.0,0.0
2026-02-21 09:45:00,502.7,543.2,10.8,4.8,0.0,0.0
2026-02-21 10:00:00,503.3,541.3,10.8,4.9,0.0,0.0
2026-02-21 10:15:00,504.0,541.8,10.7,4.9,0.0,0.0
2026-02-21 10:30:00,505.3,543.2,10.7,4.9,0.0,0.0
2026-02-21 10:45:00,505.3,541.2,10.7,4.9,0.0,0.0
2026-02-21 11:00:00,506.2,540.7,10.7,5.0,0.0,0.0
2026-02-21 11:15:00,506.7,543.0,10.7,5.0,0.0,0.0
2026-02-21 11:30:00,507.5,541.2,10.7,5.0,0.0,0.0
2026-02-21 11:45:00,508.7,541.2,10.7,5.0,0.0,0.0
2026-02-21 12:00:00,509.2,541.5,10.6,3.9,0.0,0.0
2026-02-21 12:15:00,509.2,540.7,10.6,3.9,0.0,0.0
2026-02-21 12:30:00,505.5,539.8,10.6,3.9,0.0,0.0
2026-02-21 12:45:00,499.7,541.2,10.6,3.9,0.0,0.0
2026-02-21 13:00:00,505.7,540.2,10.6,4.4,0.0,0.0
2026-02-21 13:15:00,504.8,540.0,10.6,4.4,0.0,0.0
2026-02-21 13:30:00,506.2,540.2,10.6,4.4,0.0,0.0
2026-02-21 13:45:00,504.8,540.7,10.6,4.4,0.0,0.0
2026-02-21 14:00:00,503.0,539.7,10.6,4.4,0.0,0.0
2026-02-21 14:15:00,502.2,539.2,10.58,4.4,0.0,0.0
2026-02-21 14:30:00,502.8,540.0,10.5,4.4,0.0,0.0
2026-02-21 14:45:00,502.0,541.0,10.5,4.4,0.0,0.0
2026-02-21 15:00:00,502.3,539.8,10.5,4.6,0.0,0.0
2026-02-21 15:15:00,504.7,538.8,10.5,4.6,0.0,0.0
2026-02-21 15:30:00,506.2,540.0,10.5,4.6,0.0,0.0
2026-02-21 15:45:00,511.2,539.2,10.5,4.6,0.0,0.0
2026-02-21 16:00:00,512.3,540.0,10.5,6.6,0.0,59.0
2026-02-21 16:15:00,510.8,540.8,10.5,6.6,0.0,59.0
2026-02-21 16:30:00,512.2,539.8,10.5,6.6,0.0,59.0
2026-02-21 16:45:00,512.2,539.8,10.5,6.6,0.0,59.0
2026-02-21 17:00:00,512.2,540.3,10.5,9.3,0.0,221.0
2026-02-21 17:15:00,512.5,539.8,10.5,9.3,0.0,221.0
2026-02-21 17:30:00,513.2,541.2,10.5,9.3,0.0,221.0
2026-02-21 17:45:00,514.3,539.8,10.5,9.3,0.0,221.0
2026-02-21 18:00:00,514.5,539.7,10.5,11.0,0.0,365.0
2026-02-21 18:15:00,514.7,538.5,10.6,11.0,0.0,365.0
2026-02-21 18:30:00,516.5,539.5,10.6,11.0,0.0,365.0
2026-02-21 18:45:00,516.5,540.5,10.6,11.0,0.0,365.0
2026-02-21 19:00:00,525.0,540.0,10.6,12.7,0.0,564.0
2026-02-21 19:15:00,528.7,540.3,10.7,12.7,0.0,564.0
2026-02-21 19:30:00,529.0,538.7,10.7,12.7,0.0,564.0
2026-02-21 19:45:00,529.0,539.5,10.7,12.7,0.0,564.0
2026-02-21 20:00:00,529.5,538.2,10.8,13.3,0.0,665.0
2026-02-21 20:15:00,530.5,538.7,10.8,13.3,0.0,665.0
2026-02-21 20:30:00,529.8,538.0,10.9,13.3,0.0,665.0
2026-02-21 20:45:00,530.5,539.5,10.9,13.3,0.0,665.0
2026-02-21 21:00:00,531.0,538.8,10.9,13.5,0.0,657.0
2026-02-21 21:15:00,530.8,538.0,11.0,13.5,0.0,657.0
2026-02-21 21:30:00,531.0,536.7,11.0,13.5,0.0,657.0
2026-02-21 21:45:00,531.2,537.0,11.1,13.5,0.0,657.0
2026-02-21 22:00:00,531.5,536.3,11.1,14.1,0.0,615.0
2026-02-21 22:15:00,531.8,536.7,11.1,14.1,0.0,615.0
2026-02-21 22:30:00,531.8,534.7,11.2,14.1,0.0,615.0
2026-02-21 22:45:00,531.7,536.0,11.2,14.1,0.0,615.0
2026-02-21 23:00:00,532.5,536.3,11.22,14.5,0.0,446.0
2026-02-21 23:15:00,532.3,536.0,11.3,14.5,0.0,446.0
2026-02-21 23:30:00,532.8,536.5,11.3,14.5,0.0,446.0
2026-02-21 23:45:00,532.0,536.7,11.3,14.5,0.0,446.0
2026-02-22 00:00:00,533.5,538.8,11.4,13.9,0.0,343.0
2026-02-22 00:15:00,533.7,536.8,11.4,13.9,0.0,343.0
2026-02-22 00:30:00,533.0,536.3,11.4,13.9,0.0,343.0
2026-02-22 00:45:00,534.7,535.8,11.4,13.9,0.0,343.0
2026-02-22 01:00:00,535.0,535.2,11.4,12.6,0.0,210.0
2026-02-22 01:15:00,535.5,535.0,11.5,12.6,0.0,210.0
2026-02-22 01:30:00,536.0,535.0,11.5,12.6,0.0,210.0
2026-02-22 01:45:00,535.3,534.5,11.5,12.6,0.0,210.0
2026-02-22 02:00:00,536.5,535.3,11.5,10.8,0.0,43.0
2026-02-22 02:15:00,537.2,534.7,11.5,10.8,0.0,43.0
2026-02-22 02:30:00,537.5,536.0,11.5,10.8,0.0,43.0
2026-02-22 02:45:00,537.8,534.7,11.5,10.8,0.0,43.0
2026-02-22 03:00:00,538.3,536.0,11.5,9.8,0.0,0.0
2026-02-22 03:15:00,539.0,535.5,11.6,9.8,0.0,0.0
2026-02-22 03:30:00,538.3,535.3,11.6,9.8,0.0,0.0
2026-02-22 03:45:00,539.7,535.0,11.6,9.8,0.0,0.0
2026-02-22 04:00:00,540.5,535.2,11.6,9.2,0.0,0.0
2026-02-22 04:15:00,541.0,536.0,11.6,9.2,0.0,0.0
2026-02-22 04:30:00,541.8,533.8,11.6,9.2,0.0,0.0
2026-02-22 04:45:00,542.5,533.0,11.6,9.2,0.0,0.0
2026-02-22 05:00:00,543.0,533.2,11.6,8.8,0.0,0.0
2026-02-22 05:15:00,543.7,533.8,11.6,8.8,0.0,0.0
2026-02-22 05:30:00,544.8,533.3,11.6,8.8,0.0,0.0
2026-02-22 05:45:00,545.3,534.3,11.6,8.8,0.0,0.0
2026-02-22 06:00:00,546.0,532.5,11.6,8.9,0.0,0.0
2026-02-22 06:15:00,546.3,533.2,11.52,8.9,0.0,0.0
2026-02-22 06:30:00,547.7,534.0,11.5,8.9,0.0,0.0
2026-02-22 06:45:00,547.7,535.2,11.5,8.9,0.0,0.0
2026-02-22 07:00:00,549.0,532.8,11.5,9.0,0.0,0.0
2026-02-22 07:15:00,549.5,532.5,11.5,9.0,0.0,0.0
2026-02-22 07:30:00,550.0,532.8,11.5,9.0,0.0,0.0
2026-02-22 07:45:00,551.0,532.3,11.5,9.0,0.0,0.0
2026-02-22 08:00:00,551.8,533.0,11.5,9.2,0.0,0.0
2026-02-22 08:15:00,553.0,531.2,11.5,9.2,0.0,0.0
2026-02-22 08:30:00,553.2,532.7,11.5,9.2,0.0,0.0
2026-02-22 08:45:00,554.5,533.3,11.5,9.2,0.0,0.0
2026-02-22 09:00:00,555.2,532.0,11.5,9.4,0.0,0.0
2026-02-22 09:15:00,555.7,532.0,11.47,9.4,0.0,0.0
2026-02-22 09:30:00,557.2,530.8,11.4,9.4,0.0,0.0
2026-02-22 09:45:00,556.7,532.0,11.4,9.4,0.0,0.0
2026-02-22 10:00:00,557.7,532.3,11.4,9.2,0.0,0.0
2026-02-22 10:15:00,558.8,532.0,11.4,9.2,0.0,0.0
2026-02-22 10:30:00,559.3,531.3,11.4,9.2,0.0,0.0
2026-02-22 10:45:00,560.5,532.3,11.4,9.2,0.0,0.0
2026-02-22 11:00:00,560.5,531.3,11.4,9.1,0.0,0.0
2026-02-22 11:15:00,561.0,531.8,11.4,9.1,0.0,0.0
2026-02-22 11:30:00,560.8,531.3,11.4,9.1,0.0,0.0
2026-02-22 11:45:00,562.3,532.0,11.4,9.1,0.0,0.0
2026-02-22 12:00:00,563.5,531.3,11.4,8.9,0.0,0.0
2026-02-22 12:15:00,563.8,531.8,11.4,8.9,0.0,0.0
2026-02-22 12:30:00,564.3,530.3,11.4,8.9,0.0,0.0
2026-02-22 12:45:00,566.2,530.5,11.37,8.9,0.0,0.0
2026-02-22 13:00:00,566.3,531.0,11.32,8.5,0.0,0.0
2026-02-22 13:15:00,565.8,531.2,11.3,8.5,0.0,0.0
2026-02-22 13:30:00,566.3,533.8,11.3,8.5,0.0,0.0
2026-02-22 13:45:00,567.5,531.8,11.3,8.5,0.0,0.0
2026-02-22 14:00:00,568.5,531.0,11.3,8.5,0.0,0.0
2026-02-22 14:15:00,569.0,529.8,11.3,8.5,0.0,0.0
2026-02-22 14:30:00,570.2,530.3,11.3,8.5,0.0,0.0
2026-02-22 14:45:00,570.3,531.3,11.3,8.5,0.0,0.0
2026-02-22 15:00:00,571.2,530.2,11.3,8.7,0.0,0.0
2026-02-22 15:15:00,571.8,530.5,11.3,8.7,0.0,0.0
2026-02-22 15:30:00,572.3,529.5,11.3,8.7,0.0,0.0
2026-02-22 15:45:00,572.3,529.5,11.3,8.7,0.0,0.0
2026-02-22 16:00:00,572.8,529.7,11.3,10.2,0.0,77.0
2026-02-22 16:15:00,573.5,530.0,11.3,10.2,0.0,77.0
2026-02-22 16:30:00,573.8,530.8,11.3,10.2,0.0,77.0
2026-02-22 16:45:00,574.8,529.8,11.3,10.2,0.0,77.0
2026-02-22 17:00:00,573.3,531.0,11.32,12.4,0.0,243.0
2026-02-22 17:15:00,574.5,529.7,11.4,12.4,0.0,243.0
2026-02-22 17:30:00,575.5,529.8,11.4,12.4,0.0,243.0
2026-02-22 17:45:00,576.0,529.0,11.4,12.4,0.0,243.0
2026-02-22 18:00:00,576.5,530.3,11.4,14.4,0.0,379.0
2026-02-22 18:15:00,577.5,529.8,11.5,14.4,0.0,379.0
2026-02-22 18:30:00,577.7,529.0,11.5,14.4,0.0,379.0
2026-02-22 18:45:00,578.7,529.5,11.5,14.4,0.0,379.0
2026-02-22 19:00:00,578.7,528.5,11.6,15.9,0.0,536.0
2026-02-22 19:15:00,579.7,529.0,11.6,15.9,0.0,536.0
2026-02-22 19:30:00,580.3,529.8,11.6,15.9,0.0,536.0
2026-02-22 19:45:00,580.2,530.5,11.7,15.9,0.0,536.0
2026-02-22 20:00:00,580.8,528.0,11.7,16.8,0.0,557.0
2026-02-22 20:15:00,581.0,528.7,11.7,16.8,0.0,557.0
2026-02-22 20:30:00,580.8,529.7,11.8,16.8,0.0,557.0
2026-02-22 20:45:00,581.5,529.2,11.8,16.8,0.0,557.0
2026-02-22 21:00:00,582.0,529.8,11.9,17.3,0.0,678.0
2026-02-22 21:15:00,581.3,530.2,11.9,17.3,0.0,678.0
2026-02-22 21:30:00,582.7,528.3,11.9,17.3,0.0,678.0
2026-02-22 21:45:00,581.0,528.7,12.0,17.3,0.0,678.0
2026-02-22 22:00:00,581.3,529.0,12.0,17.2,0.0,636.0
2026-02-22 22:15:00,581.2,528.5,12.1,17.2,0.0,636.0
2026-02-22 22:30:00,581.2,528.0,12.1,17.2,0.0,636.0
2026-02-22 22:45:00,581.8,527.7,12.1,17.2,0.0,636.0
2026-02-22 23:00:00,582.3,529.2,12.2,16.9,0.0,531.0
2026-02-22 23:15:00,582.3,528.5,12.2,16.9,0.0,531.0
2026-02-22 23:30:00,583.0,527.7,12.2,16.9,0.0,531.0
2026-02-22 23:45:00,583.5,526.8,12.2,16.9,0.0,531.0
2026-02-23 00:00:00,583.7,530.0,12.3,17.2,0.0,377.0
2026-02-23 00:15:00,584.5,527.2,12.3,17.2,0.0,377.0
2026-02-23 00:30:00,584.2,527.3,12.3,17.2,0.0,377.0
2026-02-23 00:45:00,583.8,527.3,12.3,17.2,0.0,377.0
2026-02-23 01:00:00,583.8,528.2,12.4,16.0,0.0,204.0
2026-02-23 01:15:00,584.3,527.2,12.4,16.0,0.0,204.0
2026-02-23 01:30:00,584.0,527.0,12.4,16.0,0.0,204.0
2026-02-23 01:45:00,585.3,527.5,12.4,16.0,0.0,204.0
2026-02-23 02:00:00,584.8,526.0,12.4,13.2,0.0,42.0
2026-02-23 02:15:00,585.8,526.8,12.4,13.2,0.0,42.0
2026-02-23 02:30:00,585.5,526.2,12.5,13.2,0.0,42.0
2026-02-23 02:45:00,584.7,525.8,12.5,13.2,0.0,42.0
2026-02-23 03:00:00,585.0,526.0,12.5,12.2,0.0,0.0
2026-02-23 03:15:00,586.5,526.5,12.5,12.2,0.0,0.0
2026-02-23 03:30:00,587.8,526.5,12.5,12.2,0.0,0.0
2026-02-23 03:45:00,588.5,526.8,12.5,12.2,0.0,0.0
2026-02-23 04:00:00,589.0,526.3,12.5,11.5,0.0,0.0
2026-02-23 04:15:00,588.5,526.2,12.5,11.5,0.0,0.0
2026-02-23 04:30:00,589.2,525.7,12.5,11.5,0.0,0.0
2026-02-23 04:45:00,588.3,525.5,12.5,11.5,0.0,0.0
2026-02-23 05:00:00,589.2,525.7,12.5,11.3,0.0,0.0
2026-02-23 05:15:00,590.5,525.3,12.5,11.3,0.0,0.0
2026-02-23 05:30:00,591.7,526.7,12.5,11.3,0.0,0.0
2026-02-23 05:45:00,592.7,525.2,12.5,11.3,0.0,0.0
2026-02-23 06:00:00,593.3,525.0,12.5,11.5,0.0,0.0
2026-02-23 06:15:00,593.2,525.8,12.5,11.5,0.0,0.0
2026-02-23 06:30:00,594.2,525.5,12.5,11.5,0.0,0.0
2026-02-23 06:45:00,595.0,525.0,12.5,11.5,0.0,0.0
2026-02-23 07:00:00,595.7,527.0,12.5,11.5,0.0,0.0
2026-02-23 07:15:00,596.2,527.7,12.5,11.5,0.0,0.0
2026-02-23 07:30:00,596.8,525.2,12.5,11.5,0.0,0.0
2026-02-23 07:45:00,597.3,525.2,12.5,11.5,0.0,0.0
2026-02-23 08:00:00,598.5,525.7,12.5,11.0,0.0,0.0
2026-02-23 08:15:00,598.3,524.8,12.5,11.0,0.0,0.0
2026-02-23 08:30:00,599.2,525.3,12.5,11.0,0.0,0.0
2026-02-23 08:45:00,599.7,525.5,12.5,11.0,0.0,0.0
2026-02-23 09:00:00,600.7,525.0,12.5,10.5,0.0,0.0
2026-02-23 09:15:00,601.2,525.5,12.5,10.5,0.0,0.0
2026-02-23 09:30:00,601.5,525.8,12.5,10.5,0.0,0.0
2026-02-23 09:45:00,602.3,525.0,12.5,10.5,0.0,0.0
2026-02-23 10:00:00,603.0,525.0,12.5,9.7,0.0,0.0
2026-02-23 10:15:00,604.3,525.0,12.5,9.7,0.0,0.0
2026-02-23 10:30:00,605.0,524.8,12.5,9.7,0.0,0.0
2026-02-23 10:45:00,605.5,523.7,12.4,9.7,0.0,0.0
2026-02-23 11:00:00,606.5,524.0,12.4,9.2,0.0,0.0
2026-02-23 11:15:00,606.5,523.7,12.4,9.2,0.0,0.0
2026-02-23 11:30:00,607.7,525.2,12.4,9.2,0.0,0.0
2026-02-23 11:45:00,608.3,524.5,12.4,9.2,0.0,0.0
2026-02-23 12:00:00,608.5,523.7,12.4,8.6,0.0,0.0
2026-02-23 12:15:00,608.7,524.8,12.4,8.6,0.0,0.0
2026-02-23 12:30:00,609.7,523.7,12.4,8.6,0.0,0.0
2026-02-23 12:45:00,610.8,524.2,12.4,8.6,0.0,0.0
2026-02-23 13:00:00,611.3,523.2,12.4,7.9,0.0,0.0
2026-02-23 13:15:00,611.3,524.2,12.4,7.9,0.0,0.0
2026-02-23 13:30:00,612.2,524.2,12.3,7.9,0.0,0.0
2026-02-23 13:45:00,613.0,524.8,12.3,7.9,0.0,0.0
2026-02-23 14:00:00,614.0,524.2,12.3,7.6,0.0,0.0
2026-02-23 14:15:00,614.3,524.8,12.3,7.6,0.0,0.0
2026-02-23 14:30:00,614.8,524.7,12.3,7.6,0.0,0.0
2026-02-23 14:45:00,614.5,522.3,12.3,7.6,0.0,0.0
2026-02-23 15:00:00,615.7,523.7,12.3,7.4,0.0,1.0
2026-02-23 15:15:00,616.5,522.5,12.3,7.4,0.0,1.0
2026-02-23 15:30:00,616.3,522.8,12.3,7.4,0.0,1.0
2026-02-23 15:45:00,616.7,522.8,12.3,7.4,0.0,1.0
2026-02-23 16:00:00,617.2,523.2,12.3,9.3,0.0,73.0
2026-02-23 16:15:00,618.2,523.2,12.3,9.3,0.0,73.0
2026-02-23 16:30:00,619.3,523.5,12.3,9.3,0.0,73.0
2026-02-23 16:45:00,619.5,522.5,12.3,9.3,0.0,73.0
2026-02-23 17:00:00,618.5,522.5,12.3,12.5,0.0,213.0
2026-02-23 17:15:00,618.8,522.2,12.3,12.5,0.0,213.0
2026-02-23 17:30:00,618.8,523.8,12.3,12.5,0.0,213.0
2026-02-23 17:45:00,619.0,523.2,12.3,12.5,0.0,213.0
2026-02-23 18:00:00,619.3,523.2,12.3,13.9,0.0,326.0
2026-02-23 18:15:00,620.5,524.7,12.4,13.9,0.0,326.0
2026-02-23 18:30:00,620.3,523.0,12.4,13.9,0.0,326.0
2026-02-23 18:45:00,620.0,524.0,12.4,13.9,0.0,326.0
2026-02-23 19:00:00,620.8,524.0,12.4,16.1,0.0,561.0
2026-02-23 19:15:00,621.3,523.0,12.5,16.1,0.0,561.0
2026-02-23 19:30:00,621.7,524.3,12.5,16.1,0.0,561.0
2026-02-23 19:45:00,621.8,524.0,12.5,16.1,0.0,561.0
2026-02-23 20:00:00,622.5,524.0,12.6,17.9,0.0,662.0
2026-02-23 20:15:00,623.7,523.8,12.6,17.9,0.0,662.0
2026-02-23 20:30:00,620.8,524.2,12.6,17.9,0.0,662.0
2026-02-23 20:45:00,623.3,524.2,12.7,17.9,0.0,662.0
2026-02-23 21:00:00,625.2,524.0,12.7,18.7,0.0,695.0
2026-02-23 21:15:00,625.5,523.0,12.7,18.7,0.0,695.0
2026-02-23 21:30:00,625.8,524.2,12.8,18.7,0.0,695.0
2026-02-23 21:45:00,625.5,523.3,12.8,18.7,0.0,695.0
2026-02-23 22:00:00,626.5,524.2,12.8,18.6,0.0,498.0
2026-02-23 22:15:00,626.3,524.7,12.9,18.6,0.0,498.0
2026-02-23 22:30:00,626.7,524.0,12.9,18.6,0.0,498.0
2026-02-23 22:45:00,626.8,523.0,12.9,18.6,0.0,498.0
2026-02-23 23:00:00,627.7,522.0,12.92,17.9,0.0,365.0
2026-02-23 23:15:00,626.5,523.3,13.0,17.9,0.0,365.0
2026-02-23 23:30:00,627.8,522.7,13.0,17.9,0.0,365.0
2026-02-23 23:45:00,628.2,523.3,13.0,17.9,0.0,365.0
2026-02-24 00:00:00,627.8,523.0,13.0,18.0,0.0,194.0
2026-02-24 00:15:00,628.3,523.0,13.0,18.0,0.0,194.0
2026-02-24 00:30:00,628.3,522.7,13.0,18.0,0.0,194.0
2026-02-24 00:45:00,628.2,522.8,13.1,18.0,0.0,194.0
2026-02-24 01:00:00,627.8,522.3,13.1,16.5,0.0,44.0
2026-02-24 01:15:00,628.2,522.7,13.1,16.5,0.0,44.0
2026-02-24 01:30:00,628.7,521.5,13.1,16.5,0.0,44.0
2026-02-24 01:45:00,628.5,522.5,13.1,16.5,0.0,44.0
2026-02-24 02:00:00,629.0,522.0,13.1,14.5,0.0,23.0
2026-02-24 02:15:00,628.7,522.2,13.1,14.5,0.0,23.0
2026-02-24 02:30:00,629.0,523.0,13.1,14.5,0.0,23.0
2026-02-24 02:45:00,628.7,522.7,13.1,14.5,0.0,23.0
2026-02-24 03:00:00,629.2,522.8,13.1,14.1,0.0,0.0
2026-02-24 03:15:00,629.2,521.8,13.12,14.1,0.0,0.0
2026-02-24 03:30:00,629.5,522.0,13.2,14.1,0.0,0.0
2026-02-24 03:45:00,629.3,521.3,13.2,14.1,0.0,0.0
2026-02-24 04:00:00,629.8,522.7,13.2,13.4,0.0,0.0
2026-02-24 04:15:00,630.0,520.7,13.2,13.4,0.0,0.0
2026-02-24 04:30:00,629.8,521.2,13.2,13.4,0.0,0.0
2026-02-24 04:45:00,630.0,520.3,13.2,13.4,0.0,0.0
2026-02-24 05:00:00,630.0,520.2,13.2,13.4,0.0,0.0
2026-02-24 05:15:00,629.8,520.2,13.2,13.4,0.0,0.0
2026-02-24 05:30:00,629.5,523.0,13.2,13.4,0.0,0.0
2026-02-24 05:45:00,630.5,521.2,13.2,13.4,0.0,0.0
2026-02-24 06:00:00,630.8,520.7,13.2,13.0,0.025,0.0
2026-02-24 06:15:00,631.2,520.7,13.2,13.0,0.025,0.0
2026-02-24 06:30:00,631.8,519.0,13.2,13.0,0.025,0.0
2026-02-24 06:45:00,631.8,520.7,13.2,13.0,0.025,0.0
2026-02-24 07:00:00,632.2,520.8,13.2,12.2,0.075,0.0
2026-02-24 07:15:00,632.2,521.7,13.2,12.2,0.075,0.0
2026-02-24 07:30:00,632.3,521.0,13.2,12.2,0.075,0.0
2026-02-24 07:45:00,632.7,521.3,13.2,12.2,0.075,0.0
2026-02-24 08:00:00,633.2,520.7,13.2,12.2,0.225,0.0
2026-02-24 08:15:00,633.5,521.2,13.2,12.2,0.225,0.0
2026-02-24 08:30:00,633.2,521.5,13.2,12.2,0.225,0.0
2026-02-24 08:45:00,634.0,522.5,13.2,12.2,0.225,0.0
2026-02-24 09:00:00,633.8,522.0,13.2,12.4,0.0,0.0
2026-02-24 09:15:00,634.0,522.5,13.2,12.4,0.0,0.0
2026-02-24 09:30:00,633.8,522.2,13.2,12.4,0.0,0.0
2026-02-24 09:45:00,634.5,521.2,13.2,12.4,0.0,0.0
2026-02-24 10:00:00,634.8,521.3,13.2,12.8,0.0,0.0
2026-02-24 10:15:00,634.8,521.2,13.2,12.8,0.0,0.0
2026-02-24 10:30:00,635.8,521.8,13.2,12.8,0.0,0.0
2026-02-24 10:45:00,636.0,520.0,13.2,12.8,0.0,0.0
2026-02-24 11:00:00,636.2,521.3,13.2,12.7,0.0,0.0
2026-02-24 11:15:00,636.3,520.8,13.2,12.7,0.0,0.0
2026-02-24 11:30:00,637.2,519.3,13.2,12.7,0.0,0.0
2026-02-24 11:45:00,638.0,520.8,13.2,12.7,0.0,0.0
2026-02-24 12:00:00,638.2,521.2,13.22,12.6,0.0,0.0
2026-02-24 12:15:00,638.8,521.3,13.23,12.6,0.0,0.0
2026-02-24 12:30:00,638.8,520.2,13.3,12.6,0.0,0.0
2026-02-24 12:45:00,639.8,521.0,13.27,12.6,0.0,0.0
2026-02-24 13:00:00,639.8,522.0,13.28,13.3,0.0,0.0
2026-02-24 13:15:00,640.2,518.8,13.3,13.3,0.0,0.0
2026-02-24 13:30:00,640.7,519.0,13.3,13.3,0.0,0.0
2026-02-24 13:45:00,641.2,519.0,13.3,13.3,0.0,0.0
2026-02-24 14:00:00,641.7,519.5,13.3,12.9,0.0,0.0
2026-02-24 14:15:00,641.8,519.8,13.3,12.9,0.0,0.0
2026-02-24 14:30:00,642.3,520.7,13.3,12.9,0.0,0.0
2026-02-24 14:45:00,642.8,519.7,13.3,12.9,0.0,0.0
2026-02-24 15:00:00,643.2,520.2,13.3,12.7,0.0,1.0
2026-02-24 15:15:00,644.0,520.3,13.3,12.7,0.0,1.0
2026-02-24 15:30:00,644.3,519.8,13.3,12.7,0.0,1.0
2026-02-24 15:45:00,644.7,519.2,13.3,12.7,0.0,1.0
2026-02-24 16:00:00,645.0,519.0,13.3,14.0,0.0,53.0
2026-02-24 16:15:00,645.5,519.5,13.3,14.0,0.0,53.0
2026-02-24 16:30:00,646.0,519.3,13.3,14.0,0.0,53.0
2026-02-24 16:45:00,646.2,522.7,13.3,14.0,0.0,53.0
2026-02-24 17:00:00,646.2,519.7,13.3,15.9,0.0,214.0
2026-02-24 17:15:00,646.5,520.0,13.32,15.9,0.0,214.0
2026-02-24 17:30:00,647.0,521.3,13.4,15.9,0.0,214.0
2026-02-24 17:45:00,647.3,519.7,13.4,15.9,0.0,214.0
2026-02-24 18:00:00,647.5,520.5,13.4,17.0,0.0,220.0
2026-02-24 18:15:00,647.5,521.0,13.4,17.0,0.0,220.0
2026-02-24 18:30:00,648.0,520.3,13.5,17.0,0.0,220.0
2026-02-24 18:45:00,648.0,520.2,13.5,17.0,0.0,220.0
2026-02-24 19:00:00,648.8,520.5,13.5,18.4,0.0,521.0
2026-02-24 19:15:00,648.5,519.8,13.5,18.4,0.0,521.0
2026-02-24 19:30:00,649.2,520.0,13.6,18.4,0.0,521.0
2026-02-24 19:45:00,648.7,519.0,13.6,18.4,0.0,521.0
2026-02-24 20:00:00,649.5,520.3,13.6,19.1,0.0,528.0
2026-02-24 20:15:00,649.2,520.0,13.7,19.1,0.0,528.0
2026-02-24 20:30:00,649.7,519.5,13.7,19.1,0.0,528.0
2026-02-24 20:45:00,650.2,520.0,13.7,19.1,0.0,528.0
2026-02-24 21:00:00,650.5,519.0,13.8,19.0,0.0,345.0
2026-02-24 21:15:00,650.8,520.0,13.8,19.0,0.0,345.0
2026-02-24 21:30:00,651.2,520.0,13.8,19.0,0.0,345.0
2026-02-24 21:45:00,651.7,519.2,13.82,19.0,0.0,345.0
2026-02-24 22:00:00,651.8,519.3,13.9,18.2,0.0,367.0
2026-02-24 22:15:00,651.8,519.8,13.9,18.2,0.0,367.0
2026-02-24 22:30:00,652.0,518.8,13.9,18.2,0.0,367.0
2026-02-24 22:45:00,651.7,518.7,13.9,18.2,0.0,367.0
2026-02-24 23:00:00,652.0,519.8,13.9,16.1,0.0,159.0
2026-02-24 23:15:00,652.2,520.2,13.9,16.1,0.0,159.0
2026-02-24 23:30:00,653.0,520.3,13.9,16.1,0.0,159.0
2026-02-24 23:45:00,653.0,519.5,14.0,16.1,0.0,159.0
2026-02-25 00:00:00,653.0,519.0,14.0,17.4,0.0,121.0
2026-02-25 00:15:00,653.2,519.2,14.0,17.4,0.0,121.0
2026-02-25 00:30:00,653.5,521.3,14.0,17.4,0.0,121.0
2026-02-25 00:45:00,653.2,520.2,14.0,17.4,0.0,121.0
2026-02-25 01:00:00,653.5,520.0,14.0,16.1,0.0,143.0
2026-02-25 01:15:00,653.5,519.8,14.0,16.1,0.0,143.0
2026-02-25 01:30:00,653.5,520.3,14.0,16.1,0.0,143.0
2026-02-25 01:45:00,653.5,519.5,14.0,16.1,0.0,143.0
2026-02-25 02:00:00,653.0,520.0,14.0,15.2,0.125,29.0
2026-02-25 02:15:00,653.5,520.0,14.0,15.2,0.125,29.0
2026-02-25 02:30:00,653.8,519.2,14.0,15.2,0.125,29.0
2026-02-25 02:45:00,654.0,520.8,14.0,15.2,0.125,29.0
2026-02-25 03:00:00,653.8,520.3,14.0,14.7,0.0,0.0
2026-02-25 03:15:00,654.2,518.7,14.0,14.7,0.0,0.0
2026-02-25 03:30:00,653.7,520.0,14.0,14.7,0.0,0.0
2026-02-25 03:45:00,654.3,519.0,14.0,14.7,0.0,0.0
2026-02-25 04:00:00,654.5,518.7,14.0,14.8,0.05,0.0
2026-02-25 04:15:00,654.7,518.2,14.0,14.8,0.05,0.0
2026-02-25 04:30:00,654.7,519.8,14.0,14.8,0.05,0.0
2026-02-25 04:45:00,655.0,535.0,14.0,14.8,0.05,0.0
2026-02-25 05:00:00,653.8,550.8,14.1,13.9,0.35,0.0
2026-02-25 05:15:00,631.8,633.8,14.1,13.9,0.35,0.0
2026-02-25 05:30:00,553.8,627.5,14.2,13.9,0.35,0.0
2026-02-25 05:45:00,470.8,619.7,14.4,13.9,0.35,0.0
2026-02-25 06:00:00,412.8,653.3,14.6,14.0,0.175,0.0
2026-02-25 06:15:00,294.7,671.7,14.8,14.0,0.175,0.0
2026-02-25 06:30:00,237.5,652.8,15.0,14.0,0.175,0.0
2026-02-25 06:45:00,226.3,629.0,15.1,14.0,0.175,0.0
2026-02-25 07:00:00,226.2,599.8,15.0,14.0,0.225,0.0
2026-02-25 07:15:00,230.3,598.0,15.0,14.0,0.225,0.0
2026-02-25 07:30:00,233.5,603.3,15.0,14.0,0.225,0.0
2026-02-25 07:45:00,236.0,631.3,14.92,14.0,0.225,0.0
2026-02-25 08:00:00,246.7,634.0,14.9,14.0,0.125,0.0
2026-02-25 08:15:00,251.8,612.5,14.9,14.0,0.125,0.0
2026-02-25 08:30:00,251.5,597.8,14.9,14.0,0.125,0.0
2026-02-25 08:45:00,250.2,594.7,14.9,14.0,0.125,0.0
2026-02-25 09:00:00,250.5,608.0,14.9,14.0,0.025,0.0
2026-02-25 09:15:00,248.2,633.0,14.9,14.0,0.025,0.0
2026-02-25 09:30:00,250.5,636.7,14.9,14.0,0.025,0.0
2026-02-25 09:45:00,246.5,622.3,14.9,14.0,0.025,0.0
2026-02-25 10:00:00,244.3,621.3,14.9,14.0,0.025,0.0
2026-02-25 10:15:00,242.8,617.0,14.82,14.0,0.025,0.0
2026-02-25 10:30:00,242.8,607.3,14.8,14.0,0.025,0.0
2026-02-25 10:45:00,245.7,602.7,14.8,14.0,0.025,0.0
2026-02-25 11:00:00,253.3,591.5,14.8,13.9,0.025,0.0
2026-02-25 11:15:00,262.0,593.2,14.7,13.9,0.025,0.0
2026-02-25 11:30:00,270.2,593.8,14.7,13.9,0.025,0.0
2026-02-25 11:45:00,278.7,590.2,14.7,13.9,0.025,0.0
2026-02-25 12:00:00,287.2,586.3,14.6,13.8,0.025,0.0
2026-02-25 12:15:00,295.8,581.0,14.6,13.8,0.025,0.0
2026-02-25 12:30:00,303.0,579.5,14.57,13.8,0.025,0.0
2026-02-25 12:45:00,312.0,578.0,14.5,13.8,0.025,0.0
2026-02-25 13:00:00,319.0,574.7,14.5,13.8,0.025,0.0
2026-02-25 13:15:00,325.8,575.7,14.4,13.8,0.025,0.0
2026-02-25 13:30:00,331.7,574.8,14.4,13.8,0.025,0.0
2026-02-25 13:45:00,337.7,572.5,14.4,13.8,0.025,0.0
2026-02-25 14:00:00,344.0,573.7,14.3,13.7,0.0,0.0
2026-02-25 14:15:00,348.7,570.8,14.3,13.7,0.0,0.0
2026-02-25 14:30:00,354.3,572.2,14.3,13.7,0.0,0.0
2026-02-25 14:45:00,357.5,571.0,14.2,13.7,0.0,0.0
2026-02-25 15:00:00,362.8,569.8,14.2,13.7,0.0,0.0
2026-02-25 15:15:00,366.3,568.2,14.2,13.7,0.0,0.0
2026-02-25 15:30:00,370.0,567.5,14.2,13.7,0.0,0.0
2026-02-25 15:45:00,374.2,567.5,14.2,13.7,0.0,0.0
2026-02-25 16:00:00,378.8,564.0,14.1,14.3,0.0,25.0
2026-02-25 16:15:00,382.8,565.0,14.1,14.3,0.0,25.0
2026-02-25 16:30:00,387.0,562.2,14.1,14.3,0.0,25.0
2026-02-25 16:45:00,389.8,563.0,14.1,14.3,0.0,25.0
2026-02-25 17:00:00,394.7,561.2,14.1,15.0,0.0,74.0
2026-02-25 17:15:00,398.2,560.5,14.1,15.0,0.0,74.0
2026-02-25 17:30:00,400.2,561.2,14.1,15.0,0.0,74.0
2026-02-25 17:45:00,402.7,560.0,14.0,15.0,0.0,74.0
2026-02-25 18:00:00,405.0,560.3,14.0,15.5,0.0,144.0
2026-02-25 18:15:00,407.8,560.2,14.0,15.5,0.0,144.0
2026-02-25 18:30:00,410.8,558.0,14.0,15.5,0.0,144.0
2026-02-25 18:45:00,413.2,558.0,14.0,15.5,0.0,144.0
2026-02-25 19:00:00,414.8,558.2,14.0,16.1,0.025,183.0
2026-02-25 19:15:00,418.0,558.8,14.0,16.1,0.025,183.0
2026-02-25 19:30:00,420.8,555.7,14.0,16.1,0.025,183.0
2026-02-25 19:45:00,422.7,555.5,14.0,16.1,0.025,183.0
2026-02-25 20:00:00,426.5,557.3,14.0,16.6,0.025,255.0
2026-02-25 20:15:00,430.0,555.3,14.0,16.6,0.025,255.0
2026-02-25 20:30:00,433.2,554.8,14.0,16.6,0.025,255.0
2026-02-25 20:45:00,435.5,554.5,14.0,16.6,0.025,255.0
2026-02-25 21:00:00,437.7,553.2,14.02,16.8,0.0,264.0
2026-02-25 21:15:00,439.2,552.5,14.1,16.8,0.0,264.0
2026-02-25 21:30:00,441.2,551.3,14.1,16.8,0.0,264.0
2026-02-25 21:45:00,443.2,552.0,14.1,16.8,0.0,264.0
2026-02-25 22:00:00,444.5,550.8,14.1,17.2,0.025,309.0
2026-02-25 22:15:00,445.5,552.2,14.1,17.2,0.025,309.0
2026-02-25 22:30:00,447.7,550.7,14.2,17.2,0.025,309.0
2026-02-25 22:45:00,449.8,551.5,14.2,17.2,0.025,309.0
2026-02-25 23:00:00,450.8,550.7,14.2,16.9,0.0,209.0
2026-02-25 23:15:00,453.3,549.8,14.2,16.9,0.0,209.0
2026-02-25 23:30:00,455.5,549.0,14.2,16.9,0.0,209.0
2026-02-25 23:45:00,458.0,548.5,14.3,16.9,0.0,209.0
2026-02-26 00:00:00,460.2,548.2,14.3,17.2,0.0,145.0
2026-02-26 00:15:00,462.0,547.8,14.3,17.2,0.0,145.0
2026-02-26 00:30:00,464.2,547.3,14.3,17.2,0.0,145.0
2026-02-26 00:45:00,465.5,546.3,14.3,17.2,0.0,145.0
2026-02-26 01:00:00,468.2,546.5,14.3,17.0,0.0,121.0
2026-02-26 01:15:00,469.5,546.3,14.3,17.0,0.0,121.0
2026-02-26 01:30:00,471.7,545.5,14.3,17.0,0.0,121.0
2026-02-26 01:45:00,472.7,546.0,14.3,17.0,0.0,121.0
2026-02-26 02:00:00,474.3,545.2,14.3,15.3,0.0,43.0
2026-02-26 02:15:00,473.7,547.2,14.3,15.3,0.0,43.0
2026-02-26 02:30:00,474.2,546.5,14.3,15.3,0.0,43.0
2026-02-26 02:45:00,475.5,546.3,14.3,15.3,0.0,43.0
2026-02-26 03:00:00,477.3,546.7,14.3,13.8,0.0,0.0
2026-02-26 03:15:00,478.7,544.8,14.3,13.8,0.0,0.0
2026-02-26 03:30:00,480.5,544.3,14.3,13.8,0.0,0.0
2026-02-26 03:45:00,481.3,543.7,14.3,13.8,0.0,0.0
2026-02-26 04:00:00,483.5,544.3,14.2,13.4,0.0,0.0
2026-02-26 04:15:00,485.2,543.3,14.2,13.4,0.0,0.0
2026-02-26 04:30:00,486.3,542.5,14.2,13.4,0.0,0.0
2026-02-26 04:45:00,488.3,542.5,14.2,13.4,0.0,0.0
2026-02-26 05:00:00,489.5,541.3,14.2,13.0,0.0,0.0
2026-02-26 05:15:00,491.2,541.0,14.2,13.0,0.0,0.0
2026-02-26 05:30:00,493.0,542.2,14.2,13.0,0.0,0.0
2026-02-26 05:45:00,495.0,541.8,14.2,13.0,0.0,0.0
2026-02-26 06:00:00,496.7,541.2,14.2,13.3,0.0,0.0
2026-02-26 06:15:00,497.7,540.3,14.2,13.3,0.0,0.0
2026-02-26 06:30:00,499.3,541.3,14.2,13.3,0.0,0.0
2026-02-26 06:45:00,501.2,541.5,14.1,13.3,0.0,0.0
2026-02-26 07:00:00,502.5,540.0,14.1,13.6,0.0,0.0
2026-02-26 07:15:00,504.5,541.2,14.1,13.6,0.0,0.0
2026-02-26 07:30:00,506.2,539.3,14.1,13.6,0.0,0.0
2026-02-26 07:45:00,507.8,540.3,14.1,13.6,0.0,0.0
2026-02-26 08:00:00,509.7,540.3,14.1,13.0,0.0,0.0
2026-02-26 08:15:00,511.0,540.7,14.1,13.0,0.0,0.0
2026-02-26 08:30:00,512.8,540.5,14.1,13.0,0.0,0.0
2026-02-26 08:45:00,514.2,540.3,14.1,13.0,0.0,0.0
2026-02-26 09:00:00,514.8,539.8,14.0,13.0,0.0,0.0
2026-02-26 09:15:00,516.0,539.8,14.0,13.0,0.0,0.0
2026-02-26 09:30:00,517.3,540.0,14.0,13.0,0.0,0.0
2026-02-26 09:45:00,518.7,538.7,14.0,13.0,0.0,0.0
2026-02-26 10:00:00,520.2,539.2,14.0,12.7,0.0,0.0
2026-02-26 10:15:00,521.2,538.0,14.0,12.7,0.0,0.0
2026-02-26 10:30:00,522.3,539.2,14.0,12.7,0.0,0.0
2026-02-26 10:45:00,523.3,537.2,14.0,12.7,0.0,0.0
2026-02-26 11:00:00,525.3,538.7,14.0,12.7,0.0,0.0
2026-02-26 11:15:00,526.2,538.2,13.9,12.7,0.0,0.0
2026-02-26 11:30:00,527.5,537.5,13.9,12.7,0.0,0.0
2026-02-26 11:45:00,526.0,536.8,13.9,12.7,0.0,0.0
2026-02-26 12:00:00,530.0,536.8,13.9,12.5,0.0,0.0
2026-02-26 12:15:00,531.7,537.0,13.9,12.5,0.0,0.0
2026-02-26 12:30:00,532.5,536.5,13.9,12.5,0.0,0.0
2026-02-26 12:45:00,533.7,536.5,13.9,12.5,0.0,0.0
2026-02-26 13:00:00,534.7,537.0,13.9,12.1,0.0,0.0
2026-02-26 13:15:00,536.3,537.5,13.8,12.1,0.0,0.0
2026-02-26 13:30:00,537.7,536.8,13.8,12.1,0.0,0.0
2026-02-26 13:45:00,538.7,537.0,13.8,12.1,0.0,0.0
2026-02-26 14:00:00,540.3,536.0,13.8,11.7,0.0,0.0
2026-02-26 14:15:00,542.0,536.0,13.8,11.7,0.0,0.0
2026-02-26 14:30:00,543.3,536.3,13.8,11.7,0.0,0.0
2026-02-26 14:45:00,546.3,535.7,13.8,11.7,0.0,0.0
2026-02-26 15:00:00,547.5,536.3,13.72,11.7,0.0,1.0
2026-02-26 15:15:00,548.8,535.5,13.7,11.7,0.0,1.0
2026-02-26 15:30:00,549.7,534.8,13.7,11.7,0.0,1.0
2026-02-26 15:45:00,550.7,536.2,13.7,11.7,0.0,1.0
2026-02-26 16:00:00,552.5,534.8,13.7,12.5,0.0,55.0
2026-02-26 16:15:00,553.2,535.5,13.7,12.5,0.0,55.0
2026-02-26 16:30:00,554.5,535.2,13.7,12.5,0.0,55.0
2026-02-26 16:45:00,554.8,535.3,13.7,12.5,0.0,55.0
2026-02-26 17:00:00,556.3,535.5,13.7,14.2,0.0,170.0
2026-02-26 17:15:00,557.7,535.7,13.7,14.2,0.0,170.0
2026-02-26 17:30:00,558.5,535.2,13.7,14.2,0.0,170.0
2026-02-26 17:45:00,557.8,536.7,13.7,14.2,0.0,170.0
2026-02-26 18:00:00,558.8,535.7,13.7,16.4,0.0,314.0
2026-02-26 18:15:00,559.8,536.3,13.7,16.4,0.0,314.0
2026-02-26 18:30:00,559.0,534.8,13.7,16.4,0.0,314.0
2026-02-26 18:45:00,560.0,536.0,13.7,16.4,0.0,314.0
2026-02-26 19:00:00,561.3,535.2,13.7,18.6,0.0,429.0
2026-02-26 19:15:00,562.0,535.8,13.8,18.6,0.0,429.0
2026-02-26 19:30:00,562.5,534.5,13.8,18.6,0.0,429.0
2026-02-26 19:45:00,563.5,536.2,13.8,18.6,0.0,429.0
2026-02-26 20:00:00,564.8,535.3,13.8,19.9,0.0,551.0
2026-02-26 20:15:00,565.7,534.5,13.9,19.9,0.0,551.0
2026-02-26 20:30:00,565.3,535.2,13.9,19.9,0.0,551.0
2026-02-26 20:45:00,565.0,535.0,13.9,19.9,0.0,551.0
2026-02-26 21:00:00,565.5,534.2,14.0,21.1,0.0,659.0
2026-02-26 21:15:00,566.5,533.7,14.0,21.1,0.0,659.0
2026-02-26 21:30:00,568.3,534.3,14.05,21.1,0.0,659.0
2026-02-26 21:45:00,568.7,533.5,14.1,21.1,0.0,659.0
2026-02-26 22:00:00,570.5,533.8,14.1,21.5,0.0,625.0
2026-02-26 22:15:00,568.5,534.3,14.2,21.5,0.0,625.0
2026-02-26 22:30:00,569.2,533.7,14.2,21.5,0.0,625.0
2026-02-26 22:45:00,568.8,533.0,14.2,21.5,0.0,625.0
2026-02-26 23:00:00,569.7,534.3,14.3,21.2,0.0,532.0
2026-02-26 23:15:00,570.5,533.2,14.3,21.2,0.0,532.0
2026-02-26 23:30:00,570.8,534.5,14.3,21.2,0.0,532.0
2026-02-26 23:45:00,570.0,533.2,14.4,21.2,0.0,532.0
2026-02-27 00:00:00,570.7,532.5,14.4,21.1,0.0,402.0
2026-02-27 00:15:00,571.3,534.0,14.4,21.1,0.0,402.0
2026-02-27 00:30:00,571.8,533.8,14.4,21.1,0.0,402.0
2026-02-27 00:45:00,572.0,533.7,14.4,21.1,0.0,402.0
2026-02-27 01:00:00,572.8,533.7,14.4,20.2,0.0,214.0
2026-02-27 01:15:00,574.0,531.8,14.4,20.2,0.0,214.0
2026-02-27 01:30:00,574.0,531.8,14.4,20.2,0.0,214.0
2026-02-27 01:45:00,575.0,533.5,14.5,20.2,0.0,214.0
2026-02-27 02:00:00,574.8,532.8,14.5,17.9,0.0,51.0
2026-02-27 02:15:00,575.2,532.2,14.5,17.9,0.0,51.0
2026-02-27 02:30:00,575.0,532.8,14.5,17.9,0.0,51.0
2026-02-27 02:45:00,576.7,533.3,14.5,17.9,0.0,51.0
2026-02-27 03:00:00,577.0,532.0,14.5,16.2,0.0,0.0
2026-02-27 03:15:00,577.8,533.3,14.5,16.2,0.0,0.0
2026-02-27 03:30:00,578.2,532.2,14.5,16.2,0.0,0.0
2026-02-27 03:45:00,578.2,531.0,14.5,16.2,0.0,0.0
2026-02-27 04:00:00,578.8,532.2,14.5,16.0,0.0,0.0
2026-02-27 04:15:00,579.2,532.2,14.5,16.0,0.0,0.0
2026-02-27 04:30:00,580.2,532.0,14.5,16.0,0.0,0.0
2026-02-27 04:45:00,581.3,533.2,14.5,16.0,0.0,0.0
2026-02-27 05:00:00,582.0,532.0,14.5,15.8,0.0,0.0
2026-02-27 05:15:00,582.7,532.5,14.4,15.8,0.0,0.0
2026-02-27 05:30:00,583.7,531.5,14.4,15.8,0.0,0.0
2026-02-27 05:45:00,583.2,531.2,14.4,15.8,0.0,0.0
2026-02-27 06:00:00,584.5,532.7,14.4,15.3,0.0,0.0
2026-02-27 06:15:00,584.8,531.5,14.4,15.3,0.0,0.0
2026-02-27 06:30:00,585.2,531.7,14.4,15.3,0.0,0.0
2026-02-27 06:45:00,586.0,530.7,14.4,15.3,0.0,0.0
2026-02-27 07:00:00,587.3,530.2,14.4,14.6,0.0,0.0
2026-02-27 07:15:00,588.2,531.3,14.4,14.6,0.0,0.0
2026-02-27 07:30:00,589.7,530.2,14.4,14.6,0.0,0.0
2026-02-27 07:45:00,590.3,530.0,14.3,14.6,0.0,0.0
2026-02-27 08:00:00,591.2,530.0,14.3,14.2,0.0,0.0
2026-02-27 08:15:00,592.2,528.8,14.3,14.2,0.0,0.0
2026-02-27 08:30:00,592.7,530.7,14.3,14.2,0.0,0.0
2026-02-27 08:45:00,593.3,531.5,14.3,14.2,0.0,0.0
2026-02-27 09:00:00,593.7,531.8,14.3,14.3,0.0,0.0
2026-02-27 09:15:00,594.8,530.0,14.3,14.3,0.0,0.0
2026-02-27 09:30:00,595.0,530.0,14.3,14.3,0.0,0.0
2026-02-27 09:45:00,595.5,530.0,14.3,14.3,0.0,0.0
2026-02-27 10:00:00,596.7,530.3,14.3,13.9,0.0,0.0
2026-02-27 10:15:00,596.8,530.8,14.2,13.9,0.0,0.0
2026-02-27 10:30:00,597.2,532.5,14.2,13.9,0.0,0.0
2026-02-27 10:45:00,598.0,530.0,14.2,13.9,0.0,0.0
2026-02-27 11:00:00,599.0,530.0,14.2,13.2,0.0,0.0
2026-02-27 11:15:00,599.7,529.7,14.2,13.2,0.0,0.0
2026-02-27 11:30:00,600.2,531.0,14.2,13.2,0.0,0.0
2026-02-27 11:45:00,601.0,528.8,14.2,13.2,0.0,0.0
2026-02-27 12:00:00,601.3,531.3,14.2,12.4,0.0,0.0
2026-02-27 12:15:00,602.0,528.8,14.2,12.4,0.0,0.0
2026-02-27 12:30:00,602.2,530.0,14.2,12.4,0.0,0.0
2026-02-27 12:45:00,602.8,529.8,14.2,12.4,0.0,0.0
2026-02-27 13:00:00,603.0,529.7,14.2,12.3,0.0,0.0
2026-02-27 13:15:00,602.8,529.8,14.2,12.3,0.0,0.0
2026-02-27 13:30:00,604.0,529.0,14.2,12.3,0.0,0.0
2026-02-27 13:45:00,604.8,529.8,14.1,12.3,0.0,0.0
2026-02-27 14:00:00,605.7,529.8,14.1,12.6,0.0,0.0
2026-02-27 14:15:00,606.2,529.7,14.1,12.6,0.0,0.0
2026-02-27 14:30:00,607.3,529.2,14.1,12.6,0.0,0.0
2026-02-27 14:45:00,608.2,529.2,14.1,12.6,0.0,0.0
2026-02-27 15:00:00,608.7,529.7,14.1,12.7,0.0,2.0
2026-02-27 15:15:00,609.3,529.2,14.1,12.7,0.0,2.0
2026-02-27 15:30:00,609.8,528.7,14.1,12.7,0.0,2.0
2026-02-27 15:45:00,609.7,528.0,14.1,12.7,0.0,2.0
2026-02-27 16:00:00,610.5,529.0,14.1,14.3,0.0,79.0
2026-02-27 16:15:00,611.0,529.7,14.1,14.3,0.0,79.0
2026-02-27 16:30:00,611.7,528.8,14.1,14.3,0.0,79.0
2026-02-27 16:45:00,612.8,528.3,14.1,14.3,0.0,79.0
2026-02-27 17:00:00,614.0,528.5,14.1,18.0,0.0,242.0
2026-02-27 17:15:00,614.5,528.2,14.1,18.0,0.0,242.0
2026-02-27 17:30:00,615.7,527.8,14.1,18.0,0.0,242.0
2026-02-27 17:45:00,615.3,529.5,14.1,18.0,0.0,242.0
2026-02-27 18:00:00,615.3,530.7,14.2,20.6,0.0,440.0
2026-02-27 18:15:00,615.7,528.5,14.2,20.6,0.0,440.0
2026-02-27 18:30:00,615.7,528.8,14.2,20.6,0.0,440.0
2026-02-27 18:45:00,615.8,530.2,14.2,20.6,0.0,440.0
2026-02-27 19:00:00,615.5,529.2,14.2,21.9,0.0,587.0
2026-02-27 19:15:00,615.7,528.7,14.3,21.9,0.0,587.0
2026-02-27 19:30:00,616.2,528.8,14.3,21.9,0.0,587.0
2026-02-27 19:45:00,616.5,529.0,14.3,21.9,0.0,587.0
2026-02-27 20:00:00,616.5,529.5,14.4,22.9,0.0,676.0
2026-02-27 20:15:00,617.3,529.0,14.4,22.9,0.0,676.0
2026-02-27 20:30:00,616.8,528.0,14.4,22.9,0.0,676.0
2026-02-27 20:45:00,616.3,528.2,14.5,22.9,0.0,676.0
2026-02-27 21:00:00,616.2,530.2,14.5,23.2,0.0,699.0
2026-02-27 21:15:00,616.5,528.0,14.6,23.2,0.0,699.0
2026-02-27 21:30:00,616.3,529.3,14.6,23.2,0.0,699.0
2026-02-27 21:45:00,616.0,527.0,14.6,23.2,0.0,699.0
2026-02-27 22:00:00,615.8,527.5,14.7,23.1,0.0,659.0
2026-02-27 22:15:00,615.8,526.7,14.7,23.1,0.0,659.0
2026-02-27 22:30:00,616.0,528.5,14.8,23.1,0.0,659.0
2026-02-27 22:45:00,616.3,527.8,14.8,23.1,0.0,659.0
2026-02-27 23:00:00,616.8,527.5,14.8,22.9,0.0,544.0
2026-02-27 23:15:00,616.0,527.0,14.9,22.9,0.0,544.0
2026-02-27 23:30:00,616.0,527.5,14.9,22.9,0.0,544.0
2026-02-27 23:45:00,615.8,527.7,14.9,22.9,0.0,544.0
2026-02-28 00:00:00,616.0,528.8,14.9,22.8,0.0,360.0
2026-02-28 00:15:00,617.0,528.0,15.0,22.8,0.0,360.0
2026-02-28 00:30:00,616.5,527.0,15.0,22.8,0.0,360.0
2026-02-28 00:45:00,616.3,528.8,15.0,22.8,0.0,360.0
2026-02-28 01:00:00,617.0,527.8,15.0,21.7,0.0,152.0
2026-02-28 01:15:00,616.8,527.2,15.0,21.7,0.0,152.0
2026-02-28 01:30:00,617.0,526.7,15.0,21.7,0.0,152.0
2026-02-28 01:45:00,617.8,527.5,15.0,21.7,0.0,152.0
2026-02-28 02:00:00,618.2,526.8,15.1,19.1,0.0,42.0
2026-02-28 02:15:00,618.2,527.2,15.1,19.1,0.0,42.0
2026-02-28 02:30:00,618.5,527.2,15.1,19.1,0.0,42.0
2026-02-28 02:45:00,618.8,528.2,15.1,19.1,0.0,42.0
2026-02-28 03:00:00,619.3,527.3,15.1,18.1,0.0,0.0
2026-02-28 03:15:00,619.8,526.2,15.1,18.1,0.0,0.0
2026-02-28 03:30:00,619.5,526.8,15.1,18.1,0.0,0.0
2026-02-28 03:45:00,619.5,525.5,15.1,18.1,0.0,0.0
2026-02-28 04:00:00,619.5,527.0,15.1,17.9,0.0,0.0
2026-02-28 04:15:00,619.5,525.7,15.1,17.9,0.0,0.0
2026-02-28 04:30:00,619.8,525.2,15.1,17.9,0.0,0.0
2026-02-28 04:45:00,619.8,525.0,15.1,17.9,0.0,0.0
2026-02-28 05:00:00,619.3,524.7,15.1,17.5,0.0,0.0
2026-02-28 05:15:00,619.2,525.0,15.08,17.5,0.0,0.0
2026-02-28 05:30:00,619.8,525.0,15.1,17.5,0.0,0.0
2026-02-28 05:45:00,620.0,525.5,15.1,17.5,0.0,0.0
2026-02-28 06:00:00,620.3,525.8,15.1,17.1,0.0,0.0
2026-02-28 06:15:00,621.2,524.7,15.02,17.1,0.0,0.0
2026-02-28 06:30:00,621.5,526.8,15.0,17.1,0.0,0.0
2026-02-28 06:45:00,622.2,526.0,15.0,17.1,0.0,0.0
2026-02-28 07:00:00,622.2,525.5,15.0,16.6,0.0,0.0
2026-02-28 07:15:00,623.0,528.8,15.0,16.6,0.0,0.0
2026-02-28 07:30:00,623.8,526.3,15.0,16.6,0.0,0.0
2026-02-28 07:45:00,624.8,525.0,15.0,16.6,0.0,0.0
2026-02-28 08:00:00,625.5,524.7,15.0,16.2,0.0,0.0
2026-02-28 08:15:00,626.0,524.3,15.0,16.2,0.0,0.0
2026-02-28 08:30:00,626.3,525.3,15.0,16.2,0.0,0.0
2026-02-28 08:45:00,628.5,523.7,15.0,16.2,0.0,0.0
2026-02-28 09:00:00,629.5,524.3,15.0,15.9,0.0,0.0
2026-02-28 09:15:00,629.5,524.7,15.0,15.9,0.0,0.0
2026-02-28 09:30:00,629.5,523.8,15.0,15.9,0.0,0.0
2026-02-28 09:45:00,628.8,524.2,15.0,15.9,0.0,0.0
2026-02-28 10:00:00,631.2,524.0,15.0,14.9,0.0,0.0
2026-02-28 10:15:00,632.0,524.0,15.0,14.9,0.0,0.0
2026-02-28 10:30:00,633.7,526.3,15.0,14.9,0.0,0.0
2026-02-28 10:45:00,633.8,523.7,14.92,14.9,0.0,0.0
2026-02-28 11:00:00,633.3,523.5,14.9,15.3,0.0,0.0
2026-02-28 11:15:00,634.0,524.2,14.9,15.3,0.0,0.0
2026-02-28 11:30:00,634.3,523.8,14.9,15.3,0.0,0.0
2026-02-28 11:45:00,635.5,525.0,14.9,15.3,0.0,0.0
2026-02-28 12:00:00,635.5,525.2,14.9,15.7,0.0,0.0
2026-02-28 12:15:00,635.8,525.0,14.9,15.7,0.0,0.0
2026-02-28 12:30:00,636.3,524.5,14.9,15.7,0.0,0.0
2026-02-28 12:45:00,636.2,523.8,14.9,15.7,0.0,0.0
2026-02-28 13:00:00,636.7,523.5,14.9,15.9,0.0,0.0
2026-02-28 13:15:00,637.2,523.3,14.9,15.9,0.0,0.0
2026-02-28 13:30:00,635.3,523.8,14.9,15.9,0.0,0.0
2026-02-28 13:45:00,635.8,525.0,14.9,15.9,0.0,0.0
2026-02-28 14:00:00,637.5,525.8,14.9,14.7,0.0,0.0
2026-02-28 14:15:00,639.2,524.8,14.8,14.7,0.0,0.0
2026-02-28 14:30:00,639.7,524.2,14.8,14.7,0.0,0.0
2026-02-28 14:45:00,640.3,523.0,14.8,14.7,0.0,0.0
2026-02-28 15:00:00,641.3,524.0,14.8,13.6,0.0,2.0
2026-02-28 15:15:00,641.7,525.5,14.8,13.6,0.0,2.0
2026-02-28 15:30:00,642.2,524.2,14.8,13.6,0.0,2.0
2026-02-28 15:45:00,642.2,524.8,14.8,13.6,0.0,2.0
2026-02-28 16:00:00,642.3,524.8,14.8,15.1,0.0,96.0
2026-02-28 16:15:00,643.2,524.0,14.8,15.1,0.0,96.0
2026-02-28 16:30:00,644.8,525.0,14.8,15.1,0.0,96.0
2026-02-28 16:45:00,645.2,523.8,14.8,15.1,0.0,96.0
2026-02-28 17:00:00,645.3,525.2,14.8,19.6,0.0,257.0
2026-02-28 17:15:00,646.0,525.5,14.8,19.6,0.0,257.0
2026-02-28 17:30:00,645.3,524.3,14.8,19.6,0.0,257.0
2026-02-28 17:45:00,646.2,525.2,14.8,19.6,0.0,257.0
2026-02-28 18:00:00,645.7,526.0,14.8,22.5,0.0,426.0
2026-02-28 18:15:00,646.0,525.3,14.9,22.5,0.0,426.0
2026-02-28 18:30:00,646.5,525.5,14.9,22.5,0.0,426.0
2026-02-28 18:45:00,646.3,525.5,14.9,22.5,0.0,426.0
2026-02-28 19:00:00,645.7,524.8,14.9,23.0,0.0,528.0
2026-02-28 19:15:00,646.5,523.8,14.9,23.0,0.0,528.0
2026-02-28 19:30:00,646.2,524.2,14.97,23.0,0.0,528.0
2026-02-28 19:45:00,645.5,524.5,15.0,23.0,0.0,528.0
2026-02-28 20:00:00,646.0,524.0,15.0,22.7,0.0,520.0
2026-02-28 20:15:00,644.2,525.3,15.0,22.7,0.0,520.0
2026-02-28 20:30:00,644.5,525.8,15.0,22.7,0.0,520.0
2026-02-28 20:45:00,645.5,525.0,15.0,22.7,0.0,520.0
2026-02-28 21:00:00,646.7,525.7,15.1,23.0,0.0,611.0
2026-02-28 21:15:00,646.7,524.5,15.1,23.0,0.0,611.0
2026-02-28 21:30:00,647.0,525.3,15.1,23.0,0.0,611.0
2026-02-28 21:45:00,646.5,525.2,15.1,23.0,0.0,611.0
2026-02-28 22:00:00,645.7,525.7,15.2,22.7,0.0,645.0
2026-02-28 22:15:00,645.8,524.2,15.2,22.7,0.0,645.0
2026-02-28 22:30:00,645.8,526.0,15.2,22.7,0.0,645.0
2026-02-28 22:45:00,645.8,524.3,15.2,22.7,0.0,645.0
2026-02-28 23:00:00,646.0,525.8,15.2,22.0,0.0,512.0
2026-02-28 23:15:00,646.0,524.2,15.3,22.0,0.0,512.0
2026-02-28 23:30:00,645.3,524.8,15.3,22.0,0.0,512.0
2026-02-28 23:45:00,645.3,524.8,15.3,22.0,0.0,512.0
2026-03-01 00:00:00,645.0,527.0,15.3,21.9,0.0,362.0
2026-03-01 00:15:00,645.2,525.8,15.3,21.9,0.0,362.0
2026-03-01 00:30:00,645.2,525.3,15.3,21.9,0.0,362.0
2026-03-01 00:45:00,645.0,524.3,15.3,21.9,0.0,362.0
2026-03-01 01:00:00,644.5,525.2,15.3,20.3,0.0,147.0
2026-03-01 01:15:00,645.0,524.2,15.3,20.3,0.0,147.0
2026-03-01 01:30:00,644.8,524.7,15.3,20.3,0.0,147.0
2026-03-01 01:45:00,644.0,525.3,15.3,20.3,0.0,147.0
2026-03-01 02:00:00,645.0,524.7,15.3,17.0,0.0,40.0
2026-03-01 02:15:00,645.2,524.5,15.3,17.0,0.0,40.0
2026-03-01 02:30:00,645.2,523.5,15.3,17.0,0.0,40.0
2026-03-01 02:45:00,644.0,523.2,15.3,17.0,0.0,40.0
2026-03-01 03:00:00,643.8,525.5,15.3,14.9,0.0,0.0
2026-03-01 03:15:00,643.3,526.3,15.3,14.9,0.0,0.0
2026-03-01 03:30:00,643.8,527.0,15.3,14.9,0.0,0.0
2026-03-01 03:45:00,643.2,523.7,15.3,14.9,0.0,0.0
2026-03-01 04:00:00,643.5,524.7,15.2,13.9,0.0,0.0
2026-03-01 04:15:00,643.5,523.5,15.2,13.9,0.0,0.0
2026-03-01 04:30:00,643.3,523.7,15.2,13.9,0.0,0.0
2026-03-01 04:45:00,643.7,524.8,15.2,13.9,0.0,0.0
2026-03-01 05:00:00,643.3,523.8,15.2,13.2,0.0,0.0
2026-03-01 05:15:00,643.3,524.0,15.2,13.2,0.0,0.0
2026-03-01 05:30:00,643.5,523.3,15.2,13.2,0.0,0.0
2026-03-01 05:45:00,643.3,523.3,15.2,13.2,0.0,0.0
2026-03-01 06:00:00,643.3,521.8,15.2,13.2,0.0,0.0
2026-03-01 06:15:00,644.0,522.2,15.1,13.2,0.0,0.0
2026-03-01 06:30:00,643.3,522.0,15.1,13.2,0.0,0.0
2026-03-01 06:45:00,643.7,522.2,15.1,13.2,0.0,0.0
2026-03-01 07:00:00,644.2,522.3,15.1,13.2,0.0,0.0
2026-03-01 07:15:00,643.5,521.0,15.1,13.2,0.0,0.0
2026-03-01 07:30:00,644.2,521.5,15.1,13.2,0.0,0.0
2026-03-01 07:45:00,644.7,522.5,15.0,13.2,0.0,0.0
