DateTimeUTC,Meter_Hydros21_Cond,Meter_Hydros21_Depth,Meter_Hydros21_Temp,air_temp_c,rain_mm,shortwave_radiation
2026-01-05 08:00:00,214.7,234.69600000000003,10.2,8.8,0.0,0.0
2026-01-05 08:15:00,214.6,237.74400000000003,10.2,8.8,0.0,0.0
2026-01-05 08:30:00,214.6,234.69600000000003,10.2,8.8,0.0,0.0
2026-01-05 08:45:00,214.6,231.648,10.2,8.8,0.0,0.0
2026-01-05 09:00:00,214.6,231.648,10.2,8.6,0.0,0.0
2026-01-05 09:15:00,214.6,231.648,10.2,8.6,0.0,0.0
2026-01-05 09:30:00,214.7,228.6,10.2,8.6,0.0,0.0
2026-01-05 09:45:00,214.6,228.6,10.1,8.6,0.0,0.0
2026-01-05 10:00:00,214.6,228.6,10.2,8.7,0.075,0.0
2026-01-05 10:15:00,214.6,225.552,10.1,8.7,0.075,0.0
2026-01-05 10:30:00,214.5,225.552,10.1,8.7,0.075,0.0
2026-01-05 10:45:00,214.5,225.552,10.1,8.7,0.075,0.0
2026-01-05 11:00:00,214.4,225.552,10.1,8.9,0.025,0.0
2026-01-05 11:15:00,214.5,222.504,10.1,8.9,0.025,0.0
2026-01-05 11:30:00,214.4,222.504,10.1,8.9,0.025,0.0
2026-01-05 11:45:00,214.6,219.456,10.1,8.9,0.025,0.0
2026-01-05 12:00:00,214.6,219.456,10.1,9.4,0.3,0.0
2026-01-05 12:15:00,214.6,219.456,10.1,9.4,0.3,0.0
2026-01-05 12:30:00,214.6,216.408,10.1,9.4,0.3,0.0
2026-01-05 12:45:00,214.5,216.408,10.1,9.4,0.3,0.0
2026-01-05 13:00:00,214.6,216.408,10.1,9.4,0.025,0.0
2026-01-05 13:15:00,214.7,216.408,10.1,9.4,0.025,0.0
2026-01-05 13:30:00,214.8,216.408,10.1,9.4,0.025,0.0
2026-01-05 13:45:00,215.0,216.408,10.1,9.4,0.025,0.0
2026-01-05 14:00:00,215.1,219.456,10.2,9.5,0.025,0.0
2026-01-05 14:15:00,215.6,216.408,10.2,9.5,0.025,0.0
2026-01-05 14:30:00,215.8,222.504,10.3,9.5,0.025,0.0
2026-01-05 14:45:00,215.9,216.408,10.3,9.5,0.025,0.0
2026-01-05 15:00:00,215.9,216.408,10.3,9.4,0.0,0.0
2026-01-05 15:15:00,215.7,213.36,10.2,9.4,0.0,0.0
2026-01-05 15:30:00,215.7,210.312,10.2,9.4,0.0,0.0
2026-01-05 15:45:00,215.6,210.312,10.2,9.4,0.0,0.0
2026-01-05 16:00:00,215.7,210.312,10.2,9.5,0.025,5.0
2026-01-05 16:15:00,215.8,213.36,10.2,9.5,0.025,5.0
2026-01-05 16:30:00,215.9,216.408,10.3,9.5,0.025,5.0
2026-01-05 16:45:00,216.9,213.36,10.4,9.5,0.025,5.0
2026-01-05 17:00:00,216.9,207.264,10.4,10.5,0.0,53.0
2026-01-05 17:15:00,217.2,207.264,10.4,10.5,0.0,53.0
2026-01-05 17:30:00,217.6,204.216,10.5,10.5,0.0,53.0
2026-01-05 17:45:00,217.7,204.216,10.5,10.5,0.0,53.0
2026-01-05 18:00:00,217.5,201.168,10.4,12.1,0.0,158.0
2026-01-05 18:15:00,217.5,204.216,10.4,12.1,0.0,158.0
2026-01-05 18:30:00,217.0,201.168,10.3,12.1,0.0,158.0
2026-01-05 18:45:00,217.3,201.168,10.4,12.1,0.0,158.0
2026-01-05 19:00:00,217.5,201.168,10.4,12.1,0.1,196.0
2026-01-05 19:15:00,217.5,201.168,10.3,12.1,0.1,196.0
2026-01-05 19:30:00,217.9,201.168,10.4,12.1,0.1,196.0
2026-01-05 19:45:00,218.2,201.168,10.5,12.1,0.1,196.0
2026-01-05 20:00:00,218.5,201.168,10.5,12.5,0.2,326.0
2026-01-05 20:15:00,218.7,201.168,10.6,12.5,0.2,326.0
2026-01-05 20:30:00,219.1,201.168,10.6,12.5,0.2,326.0
2026-01-05 20:45:00,219.2,213.36,10.6,12.5,0.2,326.0
2026-01-05 21:00:00,220.0,237.74400000000003,10.7,11.8,0.125,76.0
2026-01-05 21:15:00,222.3,252.984,11.1,11.8,0.125,76.0
2026-01-05 21:30:00,222.2,249.936,11.0,11.8,0.125,76.0
2026-01-05 21:45:00,220.7,240.79200000000003,10.8,11.8,0.125,76.0
2026-01-05 22:00:00,220.1,243.84000000000003,10.7,10.9,0.425,48.0
2026-01-05 22:15:00,220.0,259.08,10.7,10.9,0.425,48.0
2026-01-05 22:30:00,220.2,280.416,10.7,10.9,0.425,48.0
2026-01-05 22:45:00,219.6,304.8,10.6,10.9,0.425,48.0
2026-01-05 23:00:00,218.4,307.848,10.4,10.8,0.775,31.0
2026-01-05 23:15:00,217.3,326.136,10.2,10.8,0.775,31.0
2026-01-05 23:30:00,216.2,338.32800000000003,10.1,10.8,0.775,31.0
2026-01-05 23:45:00,215.1,359.664,9.9,10.8,0.775,31.0
2026-01-06 00:00:00,214.1,420.624,9.7,10.9,0.875,16.0
2026-01-06 00:15:00,212.6,417.576,9.5,10.9,0.875,16.0
2026-01-06 00:30:00,211.7,393.192,9.3,10.9,0.875,16.0
2026-01-06 00:45:00,211.6,423.672,9.3,10.9,0.875,16.0
2026-01-06 01:00:00,211.2,478.53600000000006,9.2,10.5,0.8,7.0
2026-01-06 01:15:00,210.1,463.2960000000001,9.0,10.5,0.8,7.0
2026-01-06 01:30:00,209.9,445.008,9.0,10.5,0.8,7.0
2026-01-06 01:45:00,209.9,441.96,9.0,10.5,0.8,7.0
2026-01-06 02:00:00,209.8,390.144,9.0,10.3,1.575,0.0
2026-01-06 02:15:00,210.3,374.904,9.0,10.3,1.575,0.0
2026-01-06 02:30:00,211.3,374.904,9.2,10.3,1.575,0.0
2026-01-06 02:45:00,211.8,347.472,9.2,10.3,1.575,0.0
2026-01-06 03:00:00,212.3,326.136,9.2,10.2,0.525,0.0
2026-01-06 03:15:00,212.9,320.04,9.2,10.2,0.525,0.0
2026-01-06 03:30:00,213.4,310.896,9.3,10.2,0.525,0.0
2026-01-06 03:45:00,213.7,310.896,9.4,10.2,0.525,0.0
2026-01-06 04:00:00,213.9,304.8,9.5,10.2,0.225,0.0
2026-01-06 04:15:00,213.4,295.656,9.6,10.2,0.225,0.0
2026-01-06 04:30:00,212.8,295.656,9.6,10.2,0.225,0.0
2026-01-06 04:45:00,212.8,292.608,9.7,10.2,0.225,0.0
2026-01-06 05:00:00,212.4,286.512,9.8,10.3,0.15,0.0
2026-01-06 05:15:00,211.6,283.464,9.8,10.3,0.15,0.0
2026-01-06 05:30:00,210.9,298.704,9.8,10.3,0.15,0.0
2026-01-06 05:45:00,210.9,338.32800000000003,10.0,10.3,0.15,0.0
2026-01-06 06:00:00,210.0,338.32800000000003,9.9,10.2,0.05,0.0
2026-01-06 06:15:00,208.0,320.04,9.8,10.2,0.05,0.0
2026-01-06 06:30:00,206.7,298.704,9.7,10.2,0.05,0.0
2026-01-06 06:45:00,206.0,283.464,9.6,10.2,0.05,0.0
2026-01-06 07:00:00,205.3,277.368,9.6,9.8,0.0,0.0
2026-01-06 07:15:00,204.8,274.32,9.6,9.8,0.0,0.0
2026-01-06 07:30:00,204.8,268.224,9.7,9.8,0.0,0.0
2026-01-06 07:45:00,204.7,265.176,9.7,9.8,0.0,0.0
2026-01-06 08:00:00,204.6,262.128,9.8,9.2,0.075,0.0
2026-01-06 08:15:00,204.8,256.032,9.8,9.2,0.075,0.0
2026-01-06 08:30:00,205.0,256.032,9.8,9.2,0.075,0.0
2026-01-06 08:45:00,205.0,256.032,9.9,9.2,0.075,0.0
2026-01-06 09:00:00,205.1,252.984,9.9,9.2,0.05,0.0
2026-01-06 09:15:00,205.1,249.936,9.9,9.2,0.05,0.0
2026-01-06 09:30:00,205.0,249.936,10.0,9.2,0.05,0.0
2026-01-06 09:45:00,205.1,246.88800000000003,10.0,9.2,0.05,0.0
2026-01-06 10:00:00,205.0,246.88800000000003,10.0,8.8,0.025,0.0
2026-01-06 10:15:00,205.0,243.84000000000003,10.0,8.8,0.025,0.0
2026-01-06 10:30:00,205.0,243.84000000000003,10.0,8.8,0.025,0.0
2026-01-06 10:45:00,205.0,240.79200000000003,10.0,8.8,0.025,0.0
2026-01-06 11:00:00,204.8,237.74400000000003,10.1,9.2,0.025,0.0
2026-01-06 11:15:00,204.8,240.79200000000003,10.1,9.2,0.025,0.0
2026-01-06 11:30:00,204.3,237.74400000000003,10.1,9.2,0.025,0.0
2026-01-06 11:45:00,204.3,237.74400000000003,10.1,9.2,0.025,0.0
2026-01-06 12:00:00,204.3,240.79200000000003,10.1,9.4,0.0,0.0
2026-01-06 12:15:00,204.3,237.74400000000003,10.2,9.4,0.0,0.0
2026-01-06 12:30:00,204.3,234.69600000000003,10.2,9.4,0.0,0.0
2026-01-06 12:45:00,203.9,234.69600000000003,10.2,9.4,0.0,0.0
2026-01-06 13:00:00,203.8,231.648,10.1,9.3,0.0,0.0
2026-01-06 13:15:00,203.4,231.648,10.1,9.3,0.0,0.0
2026-01-06 13:30:00,203.6,231.648,10.2,9.3,0.0,0.0
2026-01-06 13:45:00,203.6,228.6,10.2,9.3,0.0,0.0
2026-01-06 14:00:00,203.3,228.6,10.2,9.2,0.0,0.0
2026-01-06 14:15:00,203.3,225.552,10.2,9.2,0.0,0.0
2026-01-06 14:30:00,203.2,225.552,10.2,9.2,0.0,0.0
2026-01-06 14:45:00,203.3,225.552,10.2,9.2,0.0,0.0
2026-01-06 15:00:00,203.2,225.552,10.2,9.1,0.0,0.0
2026-01-06 15:15:00,203.2,225.552,10.2,9.1,0.0,0.0
2026-01-06 15:30:00,203.2,225.552,10.1,9.1,0.0,0.0
2026-01-06 15:45:00,203.2,222.504,10.1,9.1,0.0,0.0
2026-01-06 16:00:00,203.2,222.504,10.1,9.1,0.0,6.0
2026-01-06 16:15:00,203.4,219.456,10.1,9.1,0.0,6.0
2026-01-06 16:30:00,203.4,219.456,10.1,9.1,0.0,6.0
2026-01-06 16:45:00,203.7,219.456,10.2,9.1,0.0,6.0
2026-01-06 17:00:00,203.8,219.456,10.2,10.7,0.0,125.0
2026-01-06 17:15:00,203.9,216.408,10.2,10.7,0.0,125.0
2026-01-06 17:30:00,204.0,216.408,10.2,10.7,0.0,125.0
2026-01-06 17:45:00,204.3,219.456,10.2,10.7,0.0,125.0
2026-01-06 18:00:00,204.5,216.408,10.2,12.8,0.0,273.0
2026-01-06 18:15:00,204.9,216.408,10.2,12.8,0.0,273.0
2026-01-06 18:30:00,205.1,213.36,10.3,12.8,0.0,273.0
2026-01-06 18:45:00,205.6,213.36,10.3,12.8,0.0,273.0
2026-01-06 19:00:00,205.9,213.36,10.4,13.4,0.0,334.0
2026-01-06 19:15:00,206.4,213.36,10.4,13.4,0.0,334.0
2026-01-06 19:30:00,206.8,213.36,10.4,13.4,0.0,334.0
2026-01-06 19:45:00,207.5,210.312,10.5,13.4,0.0,334.0
2026-01-06 20:00:00,207.9,210.312,10.5,13.0,0.0,238.0
2026-01-06 20:15:00,208.3,207.264,10.6,13.0,0.0,238.0
2026-01-06 20:30:00,209.1,207.264,10.6,13.0,0.0,238.0
2026-01-06 20:45:00,209.7,210.312,10.7,13.0,0.0,238.0
2026-01-06 21:00:00,210.5,207.264,10.7,13.4,0.0,228.0
2026-01-06 21:15:00,211.1,207.264,10.7,13.4,0.0,228.0
2026-01-06 21:30:00,211.9,207.264,10.7,13.4,0.0,228.0
2026-01-06 21:45:00,212.7,204.216,10.8,13.4,0.0,228.0
2026-01-06 22:00:00,213.2,207.264,10.8,14.6,0.0,379.0
2026-01-06 22:15:00,214.3,204.216,10.8,14.6,0.0,379.0
2026-01-06 22:30:00,215.3,204.216,10.8,14.6,0.0,379.0
2026-01-06 22:45:00,216.2,204.216,10.8,14.6,0.0,379.0
2026-01-06 23:00:00,217.1,204.216,10.8,14.7,0.0,293.0
2026-01-06 23:15:00,217.7,201.168,10.8,14.7,0.0,293.0
2026-01-06 23:30:00,218.6,201.168,10.8,14.7,0.0,293.0
2026-01-06 23:45:00,219.4,201.168,10.8,14.7,0.0,293.0
2026-01-07 00:00:00,220.3,201.168,10.8,14.2,0.0,161.0
2026-01-07 00:15:00,221.3,198.12,10.8,14.2,0.0,161.0
2026-01-07 00:30:00,222.3,198.12,10.8,14.2,0.0,161.0
2026-01-07 00:45:00,222.5,198.12,10.8,14.2,0.0,161.0
2026-01-07 01:00:00,222.9,198.12,10.8,12.6,0.0,52.0
2026-01-07 01:15:00,223.2,195.072,10.8,12.6,0.0,52.0
2026-01-07 01:30:00,223.6,198.12,10.8,12.6,0.0,52.0
2026-01-07 01:45:00,224.2,195.072,10.8,12.6,0.0,52.0
2026-01-07 02:00:00,224.2,195.072,10.8,11.3,0.0,0.0
2026-01-07 02:15:00,224.4,195.072,10.8,11.3,0.0,0.0
2026-01-07 02:30:00,224.7,195.072,10.7,11.3,0.0,0.0
2026-01-07 02:45:00,224.7,195.072,10.7,11.3,0.0,0.0
2026-01-07 03:00:00,224.7,195.072,10.7,10.0,0.0,0.0
2026-01-07 03:15:00,224.5,195.072,10.7,10.0,0.0,0.0
2026-01-07 03:30:00,224.3,195.072,10.7,10.0,0.0,0.0
2026-01-07 03:45:00,224.0,195.072,10.6,10.0,0.0,0.0
2026-01-07 04:00:00,223.8,192.024,10.6,9.4,0.0,0.0
2026-01-07 04:15:00,223.5,195.072,10.6,9.4,0.0,0.0
2026-01-07 04:30:00,223.4,192.024,10.6,9.4,0.0,0.0
2026-01-07 04:45:00,223.4,192.024,10.5,9.4,0.0,0.0
2026-01-07 05:00:00,223.2,192.024,10.5,8.6,0.0,0.0
2026-01-07 05:15:00,223.0,192.024,10.5,8.6,0.0,0.0
2026-01-07 05:30:00,223.0,192.024,10.4,8.6,0.0,0.0
2026-01-07 05:45:00,223.0,192.024,10.4,8.6,0.0,0.0
2026-01-07 06:00:00,222.8,188.976,10.4,9.1,0.0,0.0
2026-01-07 06:15:00,223.0,188.976,10.4,9.1,0.0,0.0
2026-01-07 06:30:00,222.8,188.976,10.3,9.1,0.0,0.0
2026-01-07 06:45:00,223.2,192.024,10.3,9.1,0.0,0.0
2026-01-07 07:00:00,223.2,188.976,10.3,9.0,0.0,0.0
2026-01-07 07:15:00,223.2,192.024,10.3,9.0,0.0,0.0
2026-01-07 07:30:00,223.3,188.976,10.3,9.0,0.0,0.0
2026-01-07 07:45:00,223.4,188.976,10.3,9.0,0.0,0.0
2026-01-07 08:00:00,223.4,188.976,10.2,9.6,0.0,0.0
2026-01-07 08:15:00,223.4,188.976,10.2,9.6,0.0,0.0
2026-01-07 08:30:00,223.4,185.928,10.2,9.6,0.0,0.0
2026-01-07 08:45:00,223.3,185.928,10.2,9.6,0.0,0.0
2026-01-07 09:00:00,223.4,185.928,10.2,9.3,0.0,0.0
2026-01-07 09:15:00,223.4,185.928,10.2,9.3,0.0,0.0
2026-01-07 09:30:00,223.3,185.928,10.2,9.3,0.0,0.0
2026-01-07 09:45:00,223.4,185.928,10.2,9.3,0.0,0.0
2026-01-07 10:00:00,223.5,182.88,10.2,9.7,0.0,0.0
2026-01-07 10:15:00,223.5,185.928,10.2,9.7,0.0,0.0
2026-01-07 10:30:00,223.5,185.928,10.2,9.7,0.0,0.0
2026-01-07 10:45:00,223.5,182.88,10.2,9.7,0.0,0.0
2026-01-07 11:00:00,223.3,182.88,10.2,9.6,0.0,0.0
2026-01-07 11:15:00,223.2,182.88,10.2,9.6,0.0,0.0
2026-01-07 11:30:00,223.0,182.88,10.2,9.6,0.0,0.0
2026-01-07 11:45:00,222.4,182.88,10.2,9.6,0.0,0.0
2026-01-07 12:00:00,221.8,182.88,10.2,8.7,0.0,0.0
2026-01-07 12:15:00,221.3,182.88,10.2,8.7,0.0,0.0
2026-01-07 12:30:00,221.1,182.88,10.2,8.7,0.0,0.0
2026-01-07 12:45:00,220.6,182.88,10.2,8.7,0.0,0.0
2026-01-07 13:00:00,220.2,182.88,10.2,8.8,0.0,0.0
2026-01-07 13:15:00,220.2,179.832,10.2,8.8,0.0,0.0
2026-01-07 13:30:00,220.0,179.832,10.2,8.8,0.0,0.0
2026-01-07 13:45:00,219.9,179.832,10.2,8.8,0.0,0.0
2026-01-07 14:00:00,220.1,182.88,10.2,8.3,0.025,0.0
2026-01-07 14:15:00,220.3,179.832,10.3,8.3,0.025,0.0
2026-01-07 14:30:00,220.3,179.832,10.3,8.3,0.025,0.0
2026-01-07 14:45:00,220.3,182.88,10.2,8.3,0.025,0.0
2026-01-07 15:00:00,220.3,179.832,10.2,8.2,0.0,0.0
2026-01-07 15:15:00,220.3,179.832,10.2,8.2,0.0,0.0
2026-01-07 15:30:00,220.3,179.832,10.2,8.2,0.0,0.0
2026-01-07 15:45:00,220.7,179.832,10.2,8.2,0.0,0.0
2026-01-07 16:00:00,220.8,179.832,10.2,7.5,0.0,11.0
2026-01-07 16:15:00,220.8,179.832,10.2,7.5,0.0,11.0
2026-01-07 16:30:00,221.0,179.832,10.2,7.5,0.0,11.0
2026-01-07 16:45:00,221.2,179.832,10.2,7.5,0.0,11.0
2026-01-07 17:00:00,221.3,176.784,10.2,9.7,0.0,107.0
2026-01-07 17:15:00,221.6,179.832,10.2,9.7,0.0,107.0
2026-01-07 17:30:00,221.9,176.784,10.2,9.7,0.0,107.0
2026-01-07 17:45:00,222.4,176.784,10.3,9.7,0.0,107.0
2026-01-07 18:00:00,222.6,176.784,10.3,11.1,0.0,244.0
2026-01-07 18:15:00,222.7,176.784,10.3,11.1,0.0,244.0
2026-01-07 18:30:00,223.2,176.784,10.3,11.1,0.0,244.0
2026-01-07 18:45:00,223.5,176.784,10.3,11.1,0.0,244.0
2026-01-07 19:00:00,223.5,173.736,10.3,12.3,0.0,397.0
2026-01-07 19:15:00,224.0,176.784,10.4,12.3,0.0,397.0
2026-01-07 19:30:00,224.4,173.736,10.4,12.3,0.0,397.0
2026-01-07 19:45:00,224.6,173.736,10.4,12.3,0.0,397.0
2026-01-07 20:00:00,225.0,176.784,10.4,13.3,0.0,475.0
2026-01-07 20:15:00,225.6,173.736,10.5,13.3,0.0,475.0
2026-01-07 20:30:00,226.1,173.736,10.5,13.3,0.0,475.0
2026-01-07 20:45:00,226.4,173.736,10.5,13.3,0.0,475.0
2026-01-07 21:00:00,226.7,173.736,10.5,14.3,0.0,456.0
2026-01-07 21:15:00,227.5,170.68800000000002,10.6,14.3,0.0,456.0
2026-01-07 21:30:00,228.0,170.68800000000002,10.6,14.3,0.0,456.0
2026-01-07 21:45:00,228.1,170.68800000000002,10.6,14.3,0.0,456.0
2026-01-07 22:00:00,228.5,170.68800000000002,10.6,14.6,0.0,420.0
2026-01-07 22:15:00,228.7,170.68800000000002,10.6,14.6,0.0,420.0
2026-01-07 22:30:00,229.0,170.68800000000002,10.7,14.6,0.0,420.0
2026-01-07 22:45:00,229.5,170.68800000000002,10.7,14.6,0.0,420.0
2026-01-07 23:00:00,229.8,170.68800000000002,10.7,14.0,0.0,328.0
2026-01-07 23:15:00,230.1,170.68800000000002,10.7,14.0,0.0,328.0
2026-01-07 23:30:00,230.2,170.68800000000002,10.7,14.0,0.0,328.0
2026-01-07 23:45:00,230.4,170.68800000000002,10.7,14.0,0.0,328.0
2026-01-08 00:00:00,230.6,170.68800000000002,10.7,13.0,0.0,196.0
2026-01-08 00:15:00,230.7,167.64,10.7,13.0,0.0,196.0
2026-01-08 00:30:00,230.7,170.68800000000002,10.6,13.0,0.0,196.0
2026-01-08 00:45:00,230.7,170.68800000000002,10.6,13.0,0.0,196.0
2026-01-08 01:00:00,230.8,167.64,10.6,11.1,0.0,58.0
2026-01-08 01:15:00,230.8,167.64,10.6,11.1,0.0,58.0
2026-01-08 01:30:00,230.8,170.68800000000002,10.6,11.1,0.0,58.0
2026-01-08 01:45:00,231.0,167.64,10.6,11.1,0.0,58.0
2026-01-08 02:00:00,231.1,167.64,10.5,9.8,0.0,0.0
2026-01-08 02:15:00,231.1,167.64,10.5,9.8,0.0,0.0
2026-01-08 02:30:00,230.8,167.64,10.4,9.8,0.0,0.0
2026-01-08 02:45:00,231.0,167.64,10.4,9.8,0.0,0.0
2026-01-08 03:00:00,231.3,167.64,10.4,9.3,0.0,0.0
2026-01-08 03:15:00,231.2,167.64,10.4,9.3,0.0,0.0
2026-01-08 03:30:00,231.3,167.64,10.3,9.3,0.0,0.0
2026-01-08 03:45:00,231.2,167.64,10.3,9.3,0.0,0.0
2026-01-08 04:00:00,231.3,167.64,10.3,9.1,0.0,0.0
2026-01-08 04:15:00,231.2,167.64,10.3,9.1,0.0,0.0
2026-01-08 04:30:00,231.4,167.64,10.3,9.1,0.0,0.0
2026-01-08 04:45:00,231.5,167.64,10.2,9.1,0.0,0.0
2026-01-08 05:00:00,231.5,167.64,10.2,8.8,0.0,0.0
2026-01-08 05:15:00,231.6,167.64,10.2,8.8,0.0,0.0
2026-01-08 05:30:00,231.8,167.64,10.2,8.8,0.0,0.0
2026-01-08 05:45:00,231.5,167.64,10.2,8.8,0.0,0.0
2026-01-08 06:00:00,231.6,164.592,10.2,8.8,0.05,0.0
2026-01-08 06:15:00,231.5,164.592,10.2,8.8,0.05,0.0
2026-01-08 06:30:00,231.5,164.592,10.2,8.8,0.05,0.0
2026-01-08 06:45:00,231.5,167.64,10.2,8.8,0.05,0.0
2026-01-08 07:00:00,231.5,164.592,10.2,9.4,0.025,0.0
2026-01-08 07:15:00,231.5,164.592,10.2,9.4,0.025,0.0
2026-01-08 07:30:00,231.5,164.592,10.2,9.4,0.025,0.0
2026-01-08 07:45:00,231.6,173.736,10.2,9.4,0.025,0.0
2026-01-08 08:00:00,232.2,170.68800000000002,10.3,8.7,0.0,0.0
2026-01-08 08:15:00,232.9,182.88,10.3,8.7,0.0,0.0
2026-01-08 08:30:00,233.2,185.928,10.4,8.7,0.0,0.0
2026-01-08 08:45:00,232.8,176.784,10.3,8.7,0.0,0.0
2026-01-08 09:00:00,232.1,173.736,10.2,8.3,0.0,0.0
2026-01-08 09:15:00,231.6,170.68800000000002,10.1,8.3,0.0,0.0
2026-01-08 09:30:00,231.0,167.64,10.0,8.3,0.0,0.0
2026-01-08 09:45:00,230.5,167.64,9.9,8.3,0.0,0.0
2026-01-08 10:00:00,230.3,167.64,9.8,7.9,0.0,0.0
2026-01-08 10:15:00,230.0,164.592,9.8,7.9,0.0,0.0
2026-01-08 10:30:00,230.3,164.592,9.8,7.9,0.0,0.0
2026-01-08 10:45:00,229.9,164.592,9.8,7.9,0.0,0.0
2026-01-08 11:00:00,229.8,164.592,9.8,7.6,0.0,0.0
2026-01-08 11:15:00,229.9,164.592,9.8,7.6,0.0,0.0
2026-01-08 11:30:00,229.9,164.592,9.8,7.6,0.0,0.0
2026-01-08 11:45:00,229.5,161.544,9.7,7.6,0.0,0.0
2026-01-08 12:00:00,229.3,161.544,9.7,7.7,0.0,0.0
2026-01-08 12:15:00,228.9,164.592,9.6,7.7,0.0,0.0
2026-01-08 12:30:00,228.8,161.544,9.6,7.7,0.0,0.0
2026-01-08 12:45:00,228.8,161.544,9.6,7.7,0.0,0.0
2026-01-08 13:00:00,228.5,161.544,9.6,6.9,0.0,0.0
2026-01-08 13:15:00,228.4,161.544,9.5,6.9,0.0,0.0
2026-01-08 13:30:00,228.3,164.592,9.5,6.9,0.0,0.0
2026-01-08 13:45:00,228.2,161.544,9.5,6.9,0.0,0.0
2026-01-08 14:00:00,227.9,161.544,9.4,6.2,0.0,0.0
2026-01-08 14:15:00,227.5,161.544,9.4,6.2,0.0,0.0
2026-01-08 14:30:00,227.5,161.544,9.4,6.2,0.0,0.0
2026-01-08 14:45:00,227.5,161.544,9.4,6.2,0.0,0.0
2026-01-08 15:00:00,227.5,161.544,9.4,5.6,0.0,0.0
2026-01-08 15:15:00,227.3,158.496,9.3,5.6,0.0,0.0
2026-01-08 15:30:00,227.2,161.544,9.3,5.6,0.0,0.0
2026-01-08 15:45:00,226.9,161.544,9.3,5.6,0.0,0.0
2026-01-08 16:00:00,226.8,161.544,9.2,5.6,0.0,13.0
2026-01-08 16:15:00,226.6,158.496,9.2,5.6,0.0,13.0
2026-01-08 16:30:00,226.2,158.496,9.2,5.6,0.0,13.0
2026-01-08 16:45:00,226.1,158.496,9.2,5.6,0.0,13.0
2026-01-08 17:00:00,226.1,161.544,9.2,7.1,0.0,137.0
2026-01-08 17:15:00,226.1,158.496,9.2,7.1,0.0,137.0
2026-01-08 17:30:00,226.0,158.496,9.1,7.1,0.0,137.0
2026-01-08 17:45:00,226.1,158.496,9.1,7.1,0.0,137.0
2026-01-08 18:00:00,226.0,158.496,9.1,8.7,0.0,295.0
2026-01-08 18:15:00,226.1,158.496,9.1,8.7,0.0,295.0
2026-01-08 18:30:00,226.4,158.496,9.2,8.7,0.0,295.0
2026-01-08 18:45:00,226.4,158.496,9.2,8.7,0.0,295.0
2026-01-08 19:00:00,226.5,158.496,9.2,10.1,0.0,422.0
2026-01-08 19:15:00,226.7,158.496,9.2,10.1,0.0,422.0
2026-01-08 19:30:00,226.9,158.496,9.2,10.1,0.0,422.0
2026-01-08 19:45:00,227.5,155.448,9.3,10.1,0.0,422.0
2026-01-08 20:00:00,227.7,155.448,9.3,11.1,0.0,498.0
2026-01-08 20:15:00,227.8,155.448,9.4,11.1,0.0,498.0
2026-01-08 20:30:00,228.3,158.496,9.4,11.1,0.0,498.0
2026-01-08 20:45:00,228.6,158.496,9.5,11.1,0.0,498.0
2026-01-08 21:00:00,229.0,155.448,9.5,11.9,0.0,514.0
2026-01-08 21:15:00,229.1,155.448,9.5,11.9,0.0,514.0
2026-01-08 21:30:00,229.4,155.448,9.5,11.9,0.0,514.0
2026-01-08 21:45:00,229.5,158.496,9.5,11.9,0.0,514.0
2026-01-08 22:00:00,229.9,155.448,9.6,11.9,0.0,469.0
2026-01-08 22:15:00,230.0,155.448,9.6,11.9,0.0,469.0
2026-01-08 22:30:00,230.1,155.448,9.6,11.9,0.0,469.0
2026-01-08 22:45:00,230.0,155.448,9.6,11.9,0.0,469.0
2026-01-08 23:00:00,230.0,155.448,9.6,11.7,0.0,368.0
2026-01-08 23:15:00,230.0,155.448,9.6,11.7,0.0,368.0
2026-01-08 23:30:00,230.1,155.448,9.6,11.7,0.0,368.0
2026-01-08 23:45:00,229.9,152.4,9.5,11.7,0.0,368.0
2026-01-09 00:00:00,229.7,152.4,9.5,11.6,0.0,225.0
2026-01-09 00:15:00,229.5,155.448,9.4,11.6,0.0,225.0
2026-01-09 00:30:00,229.9,152.4,9.4,11.6,0.0,225.0
2026-01-09 00:45:00,229.7,152.4,9.4,11.6,0.0,225.0
2026-01-09 01:00:00,229.6,152.4,9.4,9.4,0.0,67.0
2026-01-09 01:15:00,229.6,152.4,9.4,9.4,0.0,67.0
2026-01-09 01:30:00,229.6,155.448,9.4,9.4,0.0,67.0
2026-01-09 01:45:00,229.6,152.4,9.3,9.4,0.0,67.0
2026-01-09 02:00:00,229.6,152.4,9.3,7.9,0.0,0.0
2026-01-09 02:15:00,229.5,152.4,9.3,7.9,0.0,0.0
2026-01-09 02:30:00,229.5,152.4,9.3,7.9,0.0,0.0
2026-01-09 02:45:00,229.4,152.4,9.2,7.9,0.0,0.0
2026-01-09 03:00:00,229.6,152.4,9.3,7.3,0.0,0.0
2026-01-09 03:15:00,229.6,152.4,9.2,7.3,0.0,0.0
2026-01-09 03:30:00,229.6,152.4,9.2,7.3,0.0,0.0
2026-01-09 03:45:00,229.6,152.4,9.2,7.3,0.0,0.0
2026-01-09 04:00:00,229.5,152.4,9.1,6.9,0.0,0.0
2026-01-09 04:15:00,229.3,152.4,9.1,6.9,0.0,0.0
2026-01-09 04:30:00,229.5,152.4,9.1,6.9,0.0,0.0
2026-01-09 04:45:00,229.6,152.4,9.1,6.9,0.0,0.0
2026-01-09 05:00:00,229.3,152.4,9.1,7.0,0.0,0.0
2026-01-09 05:15:00,229.3,152.4,9.0,7.0,0.0,0.0
2026-01-09 05:30:00,229.1,152.4,9.0,7.0,0.0,0.0
2026-01-09 05:45:00,229.4,152.4,9.0,7.0,0.0,0.0
2026-01-09 06:00:00,229.1,152.4,9.0,7.0,0.0,0.0
2026-01-09 06:15:00,229.0,152.4,8.9,7.0,0.0,0.0
2026-01-09 06:30:00,228.9,152.4,8.9,7.0,0.0,0.0
2026-01-09 06:45:00,228.8,152.4,8.9,7.0,0.0,0.0
2026-01-09 07:00:00,228.9,152.4,8.9,6.6,0.0,0.0
2026-01-09 07:15:00,228.9,152.4,8.9,6.6,0.0,0.0
2026-01-09 07:30:00,228.6,149.352,8.9,6.6,0.0,0.0
2026-01-09 07:45:00,228.8,149.352,8.9,6.6,0.0,0.0
2026-01-09 08:00:00,228.8,152.4,8.9,6.1,0.0,0.0
2026-01-09 08:15:00,228.9,149.352,8.9,6.1,0.0,0.0
2026-01-09 08:30:00,228.9,149.352,8.9,6.1,0.0,0.0
2026-01-09 08:45:00,228.9,149.352,8.8,6.1,0.0,0.0
2026-01-09 09:00:00,228.8,149.352,8.8,5.8,0.0,0.0
2026-01-09 09:15:00,228.6,152.4,8.8,5.8,0.0,0.0
2026-01-09 09:30:00,228.8,152.4,8.8,5.8,0.0,0.0
2026-01-09 09:45:00,228.8,149.352,8.8,5.8,0.0,0.0
2026-01-09 10:00:00,228.5,149.352,8.8,5.7,0.0,0.0
2026-01-09 10:15:00,228.5,149.352,8.7,5.7,0.0,0.0
2026-01-09 10:30:00,228.7,149.352,8.7,5.7,0.0,0.0
2026-01-09 10:45:00,228.5,152.4,8.7,5.7,0.0,0.0
2026-01-09 11:00:00,228.8,149.352,8.7,6.0,0.0,0.0
2026-01-09 11:15:00,229.0,149.352,8.7,6.0,0.0,0.0
2026-01-09 11:30:00,228.8,149.352,8.6,6.0,0.0,0.0
2026-01-09 11:45:00,228.7,149.352,8.6,6.0,0.0,0.0
2026-01-09 12:00:00,228.7,152.4,8.6,5.2,0.0,0.0
2026-01-09 12:15:00,228.6,149.352,8.5,5.2,0.0,0.0
2026-01-09 12:30:00,228.9,149.352,8.5,5.2,0.0,0.0
2026-01-09 12:45:00,228.8,149.352,8.5,5.2,0.0,0.0
2026-01-09 13:00:00,228.9,149.352,8.5,5.2,0.0,0.0
2026-01-09 13:15:00,228.9,149.352,8.4,5.2,0.0,0.0
2026-01-09 13:30:00,229.0,149.352,8.4,5.2,0.0,0.0
2026-01-09 13:45:00,229.3,149.352,8.4,5.2,0.0,0.0
2026-01-09 14:00:00,229.1,149.352,8.4,5.2,0.0,0.0
2026-01-09 14:15:00,229.1,149.352,8.4,5.2,0.0,0.0
2026-01-09 14:30:00,229.2,149.352,8.3,5.2,0.0,0.0
2026-01-09 14:45:00,229.2,149.352,8.3,5.2,0.0,0.0
2026-01-09 15:00:00,229.4,149.352,8.3,5.4,0.0,0.0
2026-01-09 15:15:00,229.3,149.352,8.3,5.4,0.0,0.0
2026-01-09 15:30:00,229.8,149.352,8.3,5.4,0.0,0.0
2026-01-09 15:45:00,229.6,149.352,8.3,5.4,0.0,0.0
2026-01-09 16:00:00,229.8,149.352,8.3,5.6,0.0,13.0
2026-01-09 16:15:00,229.8,149.352,8.3,5.6,0.0,13.0
2026-01-09 16:30:00,230.5,149.352,8.3,5.6,0.0,13.0
2026-01-09 16:45:00,230.5,146.304,8.3,5.6,0.0,13.0
2026-01-09 17:00:00,230.8,146.304,8.3,6.7,0.0,139.0
2026-01-09 17:15:00,230.9,146.304,8.3,6.7,0.0,139.0
2026-01-09 17:30:00,231.3,149.352,8.3,6.7,0.0,139.0
2026-01-09 17:45:00,231.9,146.304,8.4,6.7,0.0,139.0
2026-01-09 18:00:00,232.4,146.304,8.4,8.3,0.0,297.0
2026-01-09 18:15:00,232.8,146.304,8.5,8.3,0.0,297.0
2026-01-09 18:30:00,232.9,146.304,8.5,8.3,0.0,297.0
2026-01-09 18:45:00,233.5,146.304,8.6,8.3,0.0,297.0
2026-01-09 19:00:00,234.3,146.304,8.6,9.3,0.0,422.0
2026-01-09 19:15:00,235.0,146.304,8.7,9.3,0.0,422.0
2026-01-09 19:30:00,235.6,146.304,8.8,9.3,0.0,422.0
2026-01-09 19:45:00,236.1,143.256,8.8,9.3,0.0,422.0
2026-01-09 20:00:00,237.0,143.256,8.9,10.1,0.0,498.0
2026-01-09 20:15:00,237.5,146.304,8.9,10.1,0.0,498.0
2026-01-09 20:30:00,238.0,146.304,8.9,10.1,0.0,498.0
2026-01-09 20:45:00,238.6,143.256,9.0,10.1,0.0,498.0
2026-01-09 21:00:00,239.3,143.256,9.1,10.8,0.0,514.0
2026-01-09 21:15:00,239.9,143.256,9.1,10.8,0.0,514.0
2026-01-09 21:30:00,240.5,143.256,9.1,10.8,0.0,514.0
2026-01-09 21:45:00,241.2,146.304,9.2,10.8,0.0,514.0
2026-01-09 22:00:00,242.0,143.256,9.3,11.2,0.0,470.0
2026-01-09 22:15:00,242.7,143.256,9.3,11.2,0.0,470.0
2026-01-09 22:30:00,243.2,143.256,9.3,11.2,0.0,470.0
2026-01-09 22:45:00,243.6,143.256,9.3,11.2,0.0,470.0
2026-01-09 23:00:00,244.3,143.256,9.3,11.2,0.0,369.0
2026-01-09 23:15:00,245.1,146.304,9.3,11.2,0.0,369.0
2026-01-09 23:30:00,245.9,143.256,9.4,11.2,0.0,369.0
2026-01-09 23:45:00,247.0,143.256,9.4,11.2,0.0,369.0
2026-01-10 00:00:00,247.8,143.256,9.4,11.1,0.0,225.0
2026-01-10 00:15:00,248.6,143.256,9.5,11.1,0.0,225.0
2026-01-10 00:30:00,249.5,143.256,9.4,11.1,0.0,225.0
2026-01-10 00:45:00,250.1,143.256,9.5,11.1,0.0,225.0
2026-01-10 01:00:00,251.5,143.256,9.5,8.9,0.0,68.0
2026-01-10 01:15:00,251.8,143.256,9.5,8.9,0.0,68.0
2026-01-10 01:30:00,253.0,140.208,9.4,8.9,0.0,68.0
2026-01-10 01:45:00,253.5,143.256,9.4,8.9,0.0,68.0
2026-01-10 02:00:00,253.7,146.304,9.4,7.6,0.0,0.0
2026-01-10 02:15:00,253.6,146.304,9.4,7.6,0.0,0.0
2026-01-10 02:30:00,254.7,143.256,9.4,7.6,0.0,0.0
2026-01-10 02:45:00,254.5,143.256,9.3,7.6,0.0,0.0
2026-01-10 03:00:00,255.0,143.256,9.3,6.4,0.0,0.0
2026-01-10 03:15:00,255.5,143.256,9.3,6.4,0.0,0.0
2026-01-10 03:30:00,255.5,143.256,9.3,6.4,0.0,0.0
2026-01-10 03:45:00,256.6,143.256,9.3,6.4,0.0,0.0
2026-01-10 04:00:00,256.6,143.256,9.3,5.2,0.0,0.0
2026-01-10 04:15:00,257.1,143.256,9.3,5.2,0.0,0.0
2026-01-10 04:30:00,257.1,143.256,9.3,5.2,0.0,0.0
2026-01-10 04:45:00,256.3,143.256,9.3,5.2,0.0,0.0
2026-01-10 05:00:00,255.7,143.256,9.2,4.4,0.0,0.0
2026-01-10 05:15:00,254.9,143.256,9.2,4.4,0.0,0.0
2026-01-10 05:30:00,254.3,143.256,9.2,4.4,0.0,0.0
2026-01-10 05:45:00,253.6,143.256,9.2,4.4,0.0,0.0
2026-01-10 06:00:00,252.7,143.256,9.2,4.0,0.0,0.0
2026-01-10 06:15:00,252.1,143.256,9.1,4.0,0.0,0.0
2026-01-10 06:30:00,251.2,146.304,9.1,4.0,0.0,0.0
2026-01-10 06:45:00,250.9,143.256,9.1,4.0,0.0,0.0
2026-01-10 07:00:00,250.6,143.256,9.1,3.9,0.0,0.0
2026-01-10 07:15:00,249.7,143.256,9.1,3.9,0.0,0.0
2026-01-10 07:30:00,248.9,143.256,9.1,3.9,0.0,0.0
2026-01-10 07:45:00,248.5,143.256,9.0,3.9,0.0,0.0
2026-01-10 08:00:00,248.4,143.256,9.0,3.4,0.0,0.0
2026-01-10 08:15:00,248.4,143.256,9.0,3.4,0.0,0.0
2026-01-10 08:30:00,248.3,143.256,9.0,3.4,0.0,0.0
2026-01-10 08:45:00,247.9,143.256,9.0,3.4,0.0,0.0
2026-01-10 09:00:00,247.4,143.256,9.0,3.0,0.0,0.0
2026-01-10 09:15:00,247.2,143.256,8.9,3.0,0.0,0.0
2026-01-10 09:30:00,246.9,143.256,8.9,3.0,0.0,0.0
2026-01-10 09:45:00,246.4,143.256,8.9,3.0,0.0,0.0
2026-01-10 10:00:00,246.2,143.256,8.9,3.0,0.0,0.0
2026-01-10 10:15:00,246.0,143.256,8.8,3.0,0.0,0.0
2026-01-10 10:30:00,245.9,143.256,8.8,3.0,0.0,0.0
2026-01-10 10:45:00,245.7,143.256,8.8,3.0,0.0,0.0
2026-01-10 11:00:00,245.9,146.304,8.8,3.1,0.0,0.0
2026-01-10 11:15:00,245.9,143.256,8.8,3.1,0.0,0.0
2026-01-10 11:30:00,245.9,143.256,8.8,3.1,0.0,0.0
2026-01-10 11:45:00,245.9,143.256,8.8,3.1,0.0,0.0
2026-01-10 12:00:00,245.5,140.208,8.7,2.5,0.0,0.0
2026-01-10 12:15:00,245.5,143.256,8.7,2.5,0.0,0.0
2026-01-10 12:30:00,245.6,143.256,8.7,2.5,0.0,0.0
2026-01-10 12:45:00,245.9,143.256,8.7,2.5,0.0,0.0
2026-01-10 13:00:00,246.0,140.208,8.7,2.0,0.0,0.0
2026-01-10 13:15:00,246.1,140.208,8.7,2.0,0.0,0.0
2026-01-10 13:30:00,246.1,143.256,8.7,2.0,0.0,0.0
2026-01-10 13:45:00,246.1,140.208,8.7,2.0,0.0,0.0
2026-01-10 14:00:00,246.1,143.256,8.6,2.1,0.0,0.0
2026-01-10 14:15:00,246.3,143.256,8.6,2.1,0.0,0.0
2026-01-10 14:30:00,246.3,140.208,8.6,2.1,0.0,0.0
2026-01-10 14:45:00,246.3,143.256,8.6,2.1,0.0,0.0
2026-01-10 15:00:00,246.1,140.208,8.6,2.1,0.0,0.0
2026-01-10 15:15:00,246.2,143.256,8.6,2.1,0.0,0.0
2026-01-10 15:30:00,246.3,143.256,8.6,2.1,0.0,0.0
2026-01-10 15:45:00,246.4,143.256,8.6,2.1,0.0,0.0
2026-01-10 16:00:00,246.9,143.256,8.6,2.7,0.0,12.0
2026-01-10 16:15:00,246.9,140.208,8.6,2.7,0.0,12.0
2026-01-10 16:30:00,246.9,140.208,8.6,2.7,0.0,12.0
2026-01-10 16:45:00,247.2,140.208,8.6,2.7,0.0,12.0
2026-01-10 17:00:00,247.3,143.256,8.6,5.1,0.0,127.0
2026-01-10 17:15:00,247.7,140.208,8.6,5.1,0.0,127.0
2026-01-10 17:30:00,248.4,140.208,8.7,5.1,0.0,127.0
2026-01-10 17:45:00,248.6,140.208,8.7,5.1,0.0,127.0
2026-01-10 18:00:00,249.2,140.208,8.8,7.8,0.0,283.0
2026-01-10 18:15:00,249.5,140.208,8.8,7.8,0.0,283.0
2026-01-10 18:30:00,249.8,140.208,8.8,7.8,0.0,283.0
2026-01-10 18:45:00,250.4,140.208,8.9,7.8,0.0,283.0
2026-01-10 19:00:00,251.5,140.208,9.0,9.1,0.0,415.0
2026-01-10 19:15:00,251.8,137.16,9.0,9.1,0.0,415.0
2026-01-10 19:30:00,252.2,137.16,9.1,9.1,0.0,415.0
2026-01-10 19:45:00,252.8,137.16,9.1,9.1,0.0,415.0
2026-01-10 20:00:00,253.4,140.208,9.2,10.8,0.0,493.0
2026-01-10 20:15:00,254.2,140.208,9.3,10.8,0.0,493.0
2026-01-10 20:30:00,255.3,137.16,9.4,10.8,0.0,493.0
2026-01-10 20:45:00,255.8,137.16,9.5,10.8,0.0,493.0
2026-01-10 21:00:00,256.7,137.16,9.5,12.2,0.0,510.0
2026-01-10 21:15:00,257.3,140.208,9.6,12.2,0.0,510.0
2026-01-10 21:30:00,258.1,140.208,9.7,12.2,0.0,510.0
2026-01-10 21:45:00,258.9,140.208,9.8,12.2,0.0,510.0
2026-01-10 22:00:00,259.6,140.208,9.9,12.8,0.0,460.0
2026-01-10 22:15:00,260.1,140.208,9.9,12.8,0.0,460.0
2026-01-10 22:30:00,260.6,140.208,9.9,12.8,0.0,460.0
2026-01-10 22:45:00,260.9,137.16,10.0,12.8,0.0,460.0
2026-01-10 23:00:00,261.4,137.16,10.0,12.5,0.0,370.0
2026-01-10 23:15:00,262.4,140.208,10.0,12.5,0.0,370.0
2026-01-10 23:30:00,264.5,137.16,10.0,12.5,0.0,370.0
2026-01-10 23:45:00,266.0,137.16,10.0,12.5,0.0,370.0
2026-01-11 00:00:00,267.1,134.112,10.0,11.7,0.0,215.0
2026-01-11 00:15:00,268.6,137.16,10.0,11.7,0.0,215.0
2026-01-11 00:30:00,270.0,137.16,10.0,11.7,0.0,215.0
2026-01-11 00:45:00,271.7,137.16,10.0,11.7,0.0,215.0
2026-01-11 01:00:00,273.1,137.16,10.0,9.4,0.0,66.0
2026-01-11 01:15:00,274.4,137.16,10.0,9.4,0.0,66.0
2026-01-11 01:30:00,275.5,137.16,9.9,9.4,0.0,66.0
2026-01-11 01:45:00,275.4,137.16,9.9,9.4,0.0,66.0
2026-01-11 02:00:00,276.3,137.16,9.9,7.8,0.0,0.0
2026-01-11 02:15:00,277.2,137.16,9.9,7.8,0.0,0.0
2026-01-11 02:30:00,278.0,137.16,9.9,7.8,0.0,0.0
2026-01-11 02:45:00,278.9,137.16,9.9,7.8,0.0,0.0
2026-01-11 03:00:00,280.0,137.16,9.9,7.0,0.0,0.0
2026-01-11 03:15:00,279.5,137.16,9.9,7.0,0.0,0.0
2026-01-11 03:30:00,279.0,137.16,9.8,7.0,0.0,0.0
2026-01-11 03:45:00,279.5,140.208,9.8,7.0,0.0,0.0
2026-01-11 04:00:00,279.0,137.16,9.8,6.2,0.0,0.0
2026-01-11 04:15:00,279.5,137.16,9.8,6.2,0.0,0.0
2026-01-11 04:30:00,279.6,137.16,9.8,6.2,0.0,0.0
2026-01-11 04:45:00,279.4,137.16,9.8,6.2,0.0,0.0
2026-01-11 05:00:00,279.0,137.16,9.8,5.8,0.0,0.0
2026-01-11 05:15:00,278.7,140.208,9.8,5.8,0.0,0.0
2026-01-11 05:30:00,278.3,137.16,9.8,5.8,0.0,0.0
2026-01-11 05:45:00,278.2,137.16,9.8,5.8,0.0,0.0
2026-01-11 06:00:00,277.7,137.16,9.8,5.7,0.0,0.0
2026-01-11 06:15:00,277.0,137.16,9.7,5.7,0.0,0.0
2026-01-11 06:30:00,276.3,137.16,9.7,5.7,0.0,0.0
2026-01-11 06:45:00,276.2,137.16,9.6,5.7,0.0,0.0
2026-01-11 07:00:00,275.8,137.16,9.6,5.8,0.0,0.0
2026-01-11 07:15:00,275.8,137.16,9.6,5.8,0.0,0.0
2026-01-11 07:30:00,275.7,137.16,9.6,5.8,0.0,0.0
2026-01-11 07:45:00,275.3,137.16,9.6,5.8,0.0,0.0
2026-01-11 08:00:00,274.9,137.16,9.6,5.7,0.0,0.0
2026-01-11 08:15:00,274.5,137.16,9.6,5.7,0.0,0.0
2026-01-11 08:30:00,274.1,137.16,9.5,5.7,0.0,0.0
2026-01-11 08:45:00,273.9,137.16,9.5,5.7,0.0,0.0
2026-01-11 09:00:00,273.9,137.16,9.5,5.1,0.0,0.0
2026-01-11 09:15:00,273.3,137.16,9.5,5.1,0.0,0.0
2026-01-11 09:30:00,273.1,137.16,9.5,5.1,0.0,0.0
2026-01-11 09:45:00,272.7,137.16,9.5,5.1,0.0,0.0
2026-01-11 10:00:00,272.3,137.16,9.4,4.6,0.0,0.0
2026-01-11 10:15:00,272.3,137.16,9.4,4.6,0.0,0.0
2026-01-11 10:30:00,272.3,137.16,9.4,4.6,0.0,0.0
2026-01-11 10:45:00,272.0,137.16,9.4,4.6,0.0,0.0
2026-01-11 11:00:00,271.6,137.16,9.4,4.3,0.0,0.0
2026-01-11 11:15:00,271.2,134.112,9.3,4.3,0.0,0.0
2026-01-11 11:30:00,271.0,137.16,9.3,4.3,0.0,0.0
2026-01-11 11:45:00,270.7,137.16,9.3,4.3,0.0,0.0
2026-01-11 12:00:00,270.8,137.16,9.3,3.8,0.0,0.0
2026-01-11 12:15:00,270.7,137.16,9.3,3.8,0.0,0.0
2026-01-11 12:30:00,270.7,137.16,9.3,3.8,0.0,0.0
2026-01-11 12:45:00,270.5,137.16,9.3,3.8,0.0,0.0
2026-01-11 13:00:00,270.1,137.16,9.2,3.2,0.0,0.0
2026-01-11 13:15:00,269.8,137.16,9.2,3.2,0.0,0.0
2026-01-11 13:30:00,269.9,134.112,9.2,3.2,0.0,0.0
2026-01-11 13:45:00,269.9,134.112,9.2,3.2,0.0,0.0
2026-01-11 14:00:00,269.8,134.112,9.1,3.0,0.0,0.0
2026-01-11 14:15:00,269.4,137.16,9.1,3.0,0.0,0.0
2026-01-11 14:30:00,269.3,137.16,9.1,3.0,0.0,0.0
2026-01-11 14:45:00,269.0,137.16,9.1,3.0,0.0,0.0
2026-01-11 15:00:00,269.2,137.16,9.0,3.3,0.0,0.0
2026-01-11 15:15:00,268.9,134.112,9.0,3.3,0.0,0.0
2026-01-11 15:30:00,268.8,137.16,9.0,3.3,0.0,0.0
2026-01-11 15:45:00,268.6,137.16,9.0,3.3,0.0,0.0
2026-01-11 16:00:00,268.5,134.112,9.0,4.1,0.0,13.0
2026-01-11 16:15:00,268.5,137.16,8.9,4.1,0.0,13.0
2026-01-11 16:30:00,268.5,137.16,8.9,4.1,0.0,13.0
2026-01-11 16:45:00,268.8,134.112,9.0,4.1,0.0,13.0
2026-01-11 17:00:00,268.9,134.112,9.0,7.3,0.0,136.0
2026-01-11 17:15:00,269.0,137.16,9.0,7.3,0.0,136.0
2026-01-11 17:30:00,269.0,134.112,9.0,7.3,0.0,136.0
2026-01-11 17:45:00,269.5,137.16,9.0,7.3,0.0,136.0
2026-01-11 18:00:00,269.7,134.112,9.1,10.9,0.0,289.0
2026-01-11 18:15:00,270.5,134.112,9.1,10.9,0.0,289.0
2026-01-11 18:30:00,270.8,134.112,9.2,10.9,0.0,289.0
2026-01-11 18:45:00,271.4,134.112,9.2,10.9,0.0,289.0
2026-01-11 19:00:00,271.9,134.112,9.3,12.6,0.0,410.0
2026-01-11 19:15:00,272.7,134.112,9.3,12.6,0.0,410.0
2026-01-11 19:30:00,273.4,134.112,9.4,12.6,0.0,410.0
2026-01-11 19:45:00,274.9,134.112,9.5,12.6,0.0,410.0
2026-01-11 20:00:00,275.8,134.112,9.5,14.0,0.0,489.0
2026-01-11 20:15:00,276.7,134.112,9.6,14.0,0.0,489.0
2026-01-11 20:30:00,277.9,134.112,9.7,14.0,0.0,489.0
2026-01-11 20:45:00,278.7,134.112,9.7,14.0,0.0,489.0
2026-01-11 21:00:00,279.7,134.112,9.8,14.5,0.0,504.0
2026-01-11 21:15:00,280.8,134.112,9.9,14.5,0.0,504.0
2026-01-11 21:30:00,282.0,134.112,10.0,14.5,0.0,504.0
2026-01-11 21:45:00,282.6,134.112,10.0,14.5,0.0,504.0
2026-01-11 22:00:00,283.6,134.112,10.1,14.3,0.0,454.0
2026-01-11 22:15:00,284.3,134.112,10.1,14.3,0.0,454.0
2026-01-11 22:30:00,286.1,134.112,10.2,14.3,0.0,454.0
2026-01-11 22:45:00,285.4,134.112,10.2,14.3,0.0,454.0
2026-01-11 23:00:00,286.1,134.112,10.3,13.6,0.0,355.0
2026-01-11 23:15:00,287.0,131.064,10.3,13.6,0.0,355.0
2026-01-11 23:30:00,287.4,131.064,10.4,13.6,0.0,355.0
2026-01-11 23:45:00,288.5,131.064,10.4,13.6,0.0,355.0
2026-01-12 00:00:00,288.7,131.064,10.4,13.0,0.0,208.0
2026-01-12 00:15:00,289.6,134.112,10.4,13.0,0.0,208.0
2026-01-12 00:30:00,291.7,131.064,10.4,13.0,0.0,208.0
2026-01-12 00:45:00,293.1,131.064,10.5,13.0,0.0,208.0
2026-01-12 01:00:00,293.4,131.064,10.5,10.6,0.0,53.0
2026-01-12 01:15:00,294.5,131.064,10.4,10.6,0.0,53.0
2026-01-12 01:30:00,294.5,131.064,10.4,10.6,0.0,53.0
2026-01-12 01:45:00,294.0,134.112,10.4,10.6,0.0,53.0
2026-01-12 02:00:00,294.0,134.112,10.4,8.6,0.0,0.0
2026-01-12 02:15:00,293.9,131.064,10.4,8.6,0.0,0.0
2026-01-12 02:30:00,293.9,131.064,10.3,8.6,0.0,0.0
2026-01-12 02:45:00,293.3,134.112,10.3,8.6,0.0,0.0
2026-01-12 03:00:00,293.3,131.064,10.3,7.4,0.0,0.0
2026-01-12 03:15:00,292.8,134.112,10.2,7.4,0.0,0.0
2026-01-12 03:30:00,292.8,134.112,10.2,7.4,0.0,0.0
2026-01-12 03:45:00,292.4,134.112,10.2,7.4,0.0,0.0
2026-01-12 04:00:00,291.9,134.112,10.2,6.7,0.0,0.0
2026-01-12 04:15:00,290.9,134.112,10.1,6.7,0.0,0.0
2026-01-12 04:30:00,290.4,134.112,10.1,6.7,0.0,0.0
2026-01-12 04:45:00,289.9,134.112,10.1,6.7,0.0,0.0
2026-01-12 05:00:00,289.2,134.112,10.0,6.1,0.0,0.0
2026-01-12 05:15:00,293.2,134.112,10.0,6.1,0.0,0.0
2026-01-12 05:30:00,289.0,134.112,10.0,6.1,0.0,0.0
2026-01-12 05:45:00,288.8,134.112,9.9,6.1,0.0,0.0
2026-01-12 06:00:00,288.0,134.112,9.9,5.6,0.0,0.0
2026-01-12 06:15:00,287.5,131.064,9.9,5.6,0.0,0.0
2026-01-12 06:30:00,287.4,134.112,9.8,5.6,0.0,0.0
2026-01-12 06:45:00,286.8,134.112,9.8,5.6,0.0,0.0
2026-01-12 07:00:00,286.4,134.112,9.8,5.5,0.0,0.0
2026-01-12 07:15:00,286.3,131.064,9.8,5.5,0.0,0.0
2026-01-12 07:30:00,285.8,134.112,9.8,5.5,0.0,0.0
2026-01-12 07:45:00,285.4,134.112,9.7,5.5,0.0,0.0
2026-01-12 08:00:00,285.4,134.112,9.7,5.5,0.0,0.0
2026-01-12 08:15:00,284.8,134.112,9.7,5.5,0.0,0.0
2026-01-12 08:30:00,283.8,134.112,9.7,5.5,0.0,0.0
2026-01-12 08:45:00,283.2,131.064,9.7,5.5,0.0,0.0
2026-01-12 09:00:00,282.8,131.064,9.6,5.5,0.0,0.0
2026-01-12 09:15:00,282.2,134.112,9.6,5.5,0.0,0.0
2026-01-12 09:30:00,281.9,134.112,9.6,5.5,0.0,0.0
2026-01-12 09:45:00,281.6,134.112,9.6,5.5,0.0,0.0
2026-01-12 10:00:00,281.6,134.112,9.6,5.3,0.0,0.0
2026-01-12 10:15:00,281.6,134.112,9.6,5.3,0.0,0.0
2026-01-12 10:30:00,281.1,131.064,9.6,5.3,0.0,0.0
2026-01-12 10:45:00,281.1,131.064,9.5,5.3,0.0,0.0
2026-01-12 11:00:00,280.6,131.064,9.5,4.5,0.0,0.0
2026-01-12 11:15:00,280.6,134.112,9.5,4.5,0.0,0.0
2026-01-12 11:30:00,280.3,134.112,9.5,4.5,0.0,0.0
2026-01-12 11:45:00,280.5,134.112,9.5,4.5,0.0,0.0
2026-01-12 12:00:00,280.1,131.064,9.5,4.2,0.0,0.0
2026-01-12 12:15:00,279.9,131.064,9.4,4.2,0.0,0.0
2026-01-12 12:30:00,279.5,131.064,9.4,4.2,0.0,0.0
2026-01-12 12:45:00,279.3,131.064,9.4,4.2,0.0,0.0
2026-01-12 13:00:00,279.3,134.112,9.3,3.2,0.0,0.0
2026-01-12 13:15:00,279.3,134.112,9.3,3.2,0.0,0.0
2026-01-12 13:30:00,279.4,131.064,9.4,3.2,0.0,0.0
2026-01-12 13:45:00,279.0,131.064,9.3,3.2,0.0,0.0
2026-01-12 14:00:00,279.0,131.064,9.3,2.9,0.0,0.0
2026-01-12 14:15:00,279.0,131.064,9.2,2.9,0.0,0.0
2026-01-12 14:30:00,279.0,134.112,9.2,2.9,0.0,0.0
2026-01-12 14:45:00,279.0,134.112,9.2,2.9,0.0,0.0
2026-01-12 15:00:00,279.0,134.112,9.2,2.6,0.0,0.0
2026-01-12 15:15:00,279.3,134.112,9.2,2.6,0.0,0.0
2026-01-12 15:30:00,279.7,134.112,9.2,2.6,0.0,0.0
2026-01-12 15:45:00,279.9,134.112,9.2,2.6,0.0,0.0
2026-01-12 16:00:00,280.3,131.064,9.1,2.9,0.0,13.0
2026-01-12 16:15:00,280.5,134.112,9.2,2.9,0.0,13.0
2026-01-12 16:30:00,281.1,131.064,9.2,2.9,0.0,13.0
2026-01-12 16:45:00,281.5,134.112,9.2,2.9,0.0,13.0
2026-01-12 17:00:00,282.3,134.112,9.2,5.9,0.0,124.0
2026-01-12 17:15:00,282.9,131.064,9.3,5.9,0.0,124.0
2026-01-12 17:30:00,283.2,131.064,9.3,5.9,0.0,124.0
2026-01-12 17:45:00,283.5,134.112,9.3,5.9,0.0,124.0
2026-01-12 18:00:00,284.3,134.112,9.4,9.3,0.0,273.0
2026-01-12 18:15:00,285.1,131.064,9.4,9.3,0.0,273.0
2026-01-12 18:30:00,285.9,131.064,9.5,9.3,0.0,273.0
2026-01-12 18:45:00,286.2,131.064,9.6,9.3,0.0,273.0
2026-01-12 19:00:00,287.0,131.064,9.6,11.2,0.0,402.0
2026-01-12 19:15:00,287.5,128.016,9.7,11.2,0.0,402.0
2026-01-12 19:30:00,288.0,131.064,9.8,11.2,0.0,402.0
2026-01-12 19:45:00,288.8,131.064,9.8,11.2,0.0,402.0
2026-01-12 20:00:00,289.7,128.016,9.9,12.1,0.0,489.0
2026-01-12 20:15:00,290.6,128.016,10.0,12.1,0.0,489.0
2026-01-12 20:30:00,291.4,128.016,10.1,12.1,0.0,489.0
2026-01-12 20:45:00,292.4,128.016,10.2,12.1,0.0,489.0
2026-01-12 21:00:00,293.0,131.064,10.2,12.6,0.0,508.0
2026-01-12 21:15:00,294.1,131.064,10.3,12.6,0.0,508.0
2026-01-12 21:30:00,294.9,128.016,10.3,12.6,0.0,508.0
2026-01-12 21:45:00,295.6,128.016,10.3,12.6,0.0,508.0
2026-01-12 22:00:00,295.4,128.016,10.3,12.7,0.0,458.0
2026-01-12 22:15:00,295.4,128.016,10.4,12.7,0.0,458.0
2026-01-12 22:30:00,295.0,128.016,10.4,12.7,0.0,458.0
2026-01-12 22:45:00,294.9,128.016,10.4,12.7,0.0,458.0
2026-01-12 23:00:00,295.3,128.016,10.4,12.7,0.0,371.0
2026-01-12 23:15:00,295.8,128.016,10.5,12.7,0.0,371.0
2026-01-12 23:30:00,295.7,128.016,10.5,12.7,0.0,371.0
2026-01-12 23:45:00,295.6,128.016,10.5,12.7,0.0,371.0
2026-01-13 00:00:00,295.8,128.016,10.5,13.0,0.0,234.0
2026-01-13 00:15:00,295.8,128.016,10.5,13.0,0.0,234.0
2026-01-13 00:30:00,295.7,128.016,10.4,13.0,0.0,234.0
2026-01-13 00:45:00,295.7,128.016,10.5,13.0,0.0,234.0
2026-01-13 01:00:00,295.1,128.016,10.4,10.7,0.0,76.0
2026-01-13 01:15:00,295.1,128.016,10.4,10.7,0.0,76.0
2026-01-13 01:30:00,294.7,128.016,10.4,10.7,0.0,76.0
2026-01-13 01:45:00,294.8,128.016,10.3,10.7,0.0,76.0
2026-01-13 02:00:00,294.9,128.016,10.3,8.2,0.0,0.0
2026-01-13 02:15:00,294.8,128.016,10.3,8.2,0.0,0.0
2026-01-13 02:30:00,294.8,128.016,10.3,8.2,0.0,0.0
2026-01-13 02:45:00,295.4,128.016,10.3,8.2,0.0,0.0
2026-01-13 03:00:00,296.0,128.016,10.3,6.9,0.0,0.0
2026-01-13 03:15:00,296.6,128.016,10.2,6.9,0.0,0.0
2026-01-13 03:30:00,297.1,128.016,10.2,6.9,0.0,0.0
2026-01-13 03:45:00,297.5,131.064,10.1,6.9,0.0,0.0
2026-01-13 04:00:00,297.9,128.016,10.1,6.6,0.0,0.0
2026-01-13 04:15:00,298.9,128.016,10.1,6.6,0.0,0.0
2026-01-13 04:30:00,299.0,128.016,10.1,6.6,0.0,0.0
2026-01-13 04:45:00,299.0,128.016,10.1,6.6,0.0,0.0
2026-01-13 05:00:00,299.6,128.016,10.1,6.4,0.0,0.0
2026-01-13 05:15:00,299.7,131.064,10.0,6.4,0.0,0.0
2026-01-13 05:30:00,299.3,128.016,10.0,6.4,0.0,0.0
2026-01-13 05:45:00,299.6,128.016,10.0,6.4,0.0,0.0
2026-01-13 06:00:00,299.7,128.016,10.0,5.2,0.0,0.0
2026-01-13 06:15:00,299.6,128.016,10.0,5.2,0.0,0.0
2026-01-13 06:30:00,299.6,128.016,9.9,5.2,0.0,0.0
2026-01-13 06:45:00,299.7,128.016,9.9,5.2,0.0,0.0
2026-01-13 07:00:00,299.2,131.064,9.9,4.6,0.0,0.0
2026-01-13 07:15:00,299.2,128.016,9.9,4.6,0.0,0.0
2026-01-13 07:30:00,299.2,128.016,9.8,4.6,0.0,0.0
2026-01-13 07:45:00,298.8,128.016,9.8,4.6,0.0,0.0
2026-01-13 08:00:00,299.5,128.016,9.8,4.1,0.0,0.0
2026-01-13 08:15:00,299.2,128.016,9.8,4.1,0.0,0.0
2026-01-13 08:30:00,299.3,128.016,9.7,4.1,0.0,0.0
2026-01-13 08:45:00,299.3,131.064,9.7,4.1,0.0,0.0
2026-01-13 09:00:00,299.5,128.016,9.7,4.2,0.0,0.0
2026-01-13 09:15:00,299.9,128.016,9.7,4.2,0.0,0.0
2026-01-13 09:30:00,299.7,128.016,9.7,4.2,0.0,0.0
2026-01-13 09:45:00,299.3,128.016,9.6,4.2,0.0,0.0
2026-01-13 10:00:00,298.8,128.016,9.6,3.7,0.0,0.0
2026-01-13 10:15:00,298.5,131.064,9.6,3.7,0.0,0.0
2026-01-13 10:30:00,298.2,128.016,9.5,3.7,0.0,0.0
2026-01-13 10:45:00,298.2,128.016,9.5,3.7,0.0,0.0
2026-01-13 11:00:00,298.3,128.016,9.5,4.1,0.0,0.0
2026-01-13 11:15:00,298.0,128.016,9.5,4.1,0.0,0.0
2026-01-13 11:30:00,297.8,128.016,9.4,4.1,0.0,0.0
2026-01-13 11:45:00,297.8,128.016,9.4,4.1,0.0,0.0
2026-01-13 12:00:00,297.8,131.064,9.3,4.8,0.0,0.0
2026-01-13 12:15:00,298.0,128.016,9.3,4.8,0.0,0.0
2026-01-13 12:30:00,298.3,128.016,9.4,4.8,0.0,0.0
2026-01-13 12:45:00,298.4,128.016,9.3,4.8,0.0,0.0
2026-01-13 13:00:00,298.2,128.016,9.3,3.6,0.0,0.0
2026-01-13 13:15:00,298.3,128.016,9.3,3.6,0.0,0.0
2026-01-13 13:30:00,298.3,128.016,9.2,3.6,0.0,0.0
2026-01-13 13:45:00,298.1,128.016,9.2,3.6,0.0,0.0
2026-01-13 14:00:00,298.1,128.016,9.2,2.7,0.0,0.0
2026-01-13 14:15:00,298.0,128.016,9.2,2.7,0.0,0.0
2026-01-13 14:30:00,298.1,128.016,9.2,2.7,0.0,0.0
2026-01-13 14:45:00,298.0,128.016,9.2,2.7,0.0,0.0
2026-01-13 15:00:00,298.3,128.016,9.2,2.4,0.0,0.0
2026-01-13 15:15:00,298.5,131.064,9.2,2.4,0.0,0.0
2026-01-13 15:30:00,299.1,128.016,9.2,2.4,0.0,0.0
2026-01-13 15:45:00,299.6,128.016,9.2,2.4,0.0,0.0
2026-01-13 16:00:00,299.6,128.016,9.2,3.0,0.0,15.0
2026-01-13 16:15:00,299.5,128.016,9.2,3.0,0.0,15.0
2026-01-13 16:30:00,299.5,128.016,9.1,3.0,0.0,15.0
2026-01-13 16:45:00,299.9,128.016,9.2,3.0,0.0,15.0
2026-01-13 17:00:00,300.0,128.016,9.2,6.4,0.0,147.0
2026-01-13 17:15:00,300.4,128.016,9.3,6.4,0.0,147.0
2026-01-13 17:30:00,301.0,128.016,9.3,6.4,0.0,147.0
2026-01-13 17:45:00,301.1,128.016,9.3,6.4,0.0,147.0
2026-01-13 18:00:00,301.6,128.016,9.4,9.9,0.0,306.0
2026-01-13 18:15:00,302.0,124.968,9.4,9.9,0.0,306.0
2026-01-13 18:30:00,302.6,128.016,9.5,9.9,0.0,306.0
2026-01-13 18:45:00,303.1,128.016,9.5,9.9,0.0,306.0
2026-01-13 19:00:00,303.9,124.968,9.6,12.5,0.0,429.0
2026-01-13 19:15:00,304.7,124.968,9.7,12.5,0.0,429.0
2026-01-13 19:30:00,305.2,124.968,9.8,12.5,0.0,429.0
2026-01-13 19:45:00,305.5,124.968,9.8,12.5,0.0,429.0
2026-01-13 20:00:00,306.3,124.968,9.9,14.3,0.0,510.0
2026-01-13 20:15:00,306.8,128.016,9.9,14.3,0.0,510.0
2026-01-13 20:30:00,307.6,124.968,10.0,14.3,0.0,510.0
2026-01-13 20:45:00,308.5,124.968,10.1,14.3,0.0,510.0
2026-01-13 21:00:00,309.3,124.968,10.2,15.1,0.0,528.0
2026-01-13 21:15:00,311.2,124.968,10.3,15.1,0.0,528.0
2026-01-13 21:30:00,311.0,121.92000000000002,10.4,15.1,0.0,528.0
2026-01-13 21:45:00,312.0,124.968,10.5,15.1,0.0,528.0
2026-01-13 22:00:00,312.3,124.968,10.5,15.3,0.0,484.0
2026-01-13 22:15:00,312.5,121.92000000000002,10.6,15.3,0.0,484.0
2026-01-13 22:30:00,312.9,121.92000000000002,10.7,15.3,0.0,484.0
2026-01-13 22:45:00,313.1,121.92000000000002,10.7,15.3,0.0,484.0
2026-01-13 23:00:00,313.1,121.92000000000002,10.8,15.2,0.0,386.0
2026-01-13 23:15:00,313.5,124.968,10.8,15.2,0.0,386.0
2026-01-13 23:30:00,313.6,124.968,10.8,15.2,0.0,386.0
2026-01-13 23:45:00,313.5,124.968,10.9,15.2,0.0,386.0
2026-01-14 00:00:00,313.6,121.92000000000002,10.9,15.0,0.0,242.0
2026-01-14 00:15:00,314.0,121.92000000000002,10.9,15.0,0.0,242.0
2026-01-14 00:30:00,314.2,121.92000000000002,10.9,15.0,0.0,242.0
2026-01-14 00:45:00,313.9,121.92000000000002,10.9,15.0,0.0,242.0
2026-01-14 01:00:00,313.9,124.968,10.9,12.1,0.0,79.0
2026-01-14 01:15:00,313.9,124.968,10.9,12.1,0.0,79.0
2026-01-14 01:30:00,314.0,121.92000000000002,10.9,12.1,0.0,79.0
2026-01-14 01:45:00,313.9,121.92000000000002,10.9,12.1,0.0,79.0
2026-01-14 02:00:00,313.6,121.92000000000002,10.9,9.6,0.0,1.0
2026-01-14 02:15:00,313.4,121.92000000000002,10.8,9.6,0.0,1.0
2026-01-14 02:30:00,313.0,121.92000000000002,10.8,9.6,0.0,1.0
2026-01-14 02:45:00,312.7,124.968,10.8,9.6,0.0,1.0
2026-01-14 03:00:00,312.3,124.968,10.7,8.2,0.0,0.0
2026-01-14 03:15:00,312.2,124.968,10.7,8.2,0.0,0.0
2026-01-14 03:30:00,311.8,124.968,10.7,8.2,0.0,0.0
2026-01-14 03:45:00,311.0,124.968,10.7,8.2,0.0,0.0
2026-01-14 04:00:00,310.6,124.968,10.6,7.4,0.0,0.0
2026-01-14 04:15:00,310.2,124.968,10.6,7.4,0.0,0.0
2026-01-14 04:30:00,309.8,128.016,10.5,7.4,0.0,0.0
2026-01-14 04:45:00,309.5,124.968,10.5,7.4,0.0,0.0
2026-01-14 05:00:00,309.3,124.968,10.5,7.2,0.0,0.0
2026-01-14 05:15:00,308.8,124.968,10.4,7.2,0.0,0.0
2026-01-14 05:30:00,308.5,124.968,10.4,7.2,0.0,0.0
2026-01-14 05:45:00,308.5,124.968,10.4,7.2,0.0,0.0
2026-01-14 06:00:00,308.0,124.968,10.3,6.9,0.0,0.0
2026-01-14 06:15:00,307.7,128.016,10.3,6.9,0.0,0.0
2026-01-14 06:30:00,307.4,124.968,10.3,6.9,0.0,0.0
2026-01-14 06:45:00,307.3,124.968,10.3,6.9,0.0,0.0
2026-01-14 07:00:00,306.7,124.968,10.2,6.7,0.0,0.0
2026-01-14 07:15:00,306.5,124.968,10.2,6.7,0.0,0.0
2026-01-14 07:30:00,306.2,124.968,10.2,6.7,0.0,0.0
2026-01-14 07:45:00,305.8,124.968,10.2,6.7,0.0,0.0
2026-01-14 08:00:00,305.4,124.968,10.1,6.4,0.0,0.0
2026-01-14 08:15:00,305.3,124.968,10.1,6.4,0.0,0.0
2026-01-14 08:30:00,304.8,124.968,10.1,6.4,0.0,0.0
2026-01-14 08:45:00,304.4,124.968,10.1,6.4,0.0,0.0
2026-01-14 09:00:00,304.2,124.968,10.0,6.0,0.0,0.0
2026-01-14 09:15:00,303.8,124.968,10.0,6.0,0.0,0.0
2026-01-14 09:30:00,303.4,128.016,9.9,6.0,0.0,0.0
2026-01-14 09:45:00,303.3,124.968,9.9,6.0,0.0,0.0
2026-01-14 10:00:00,303.1,124.968,9.9,5.5,0.0,0.0
2026-01-14 10:15:00,302.8,124.968,9.9,5.5,0.0,0.0
2026-01-14 10:30:00,302.3,124.968,9.9,5.5,0.0,0.0
2026-01-14 10:45:00,302.2,124.968,9.8,5.5,0.0,0.0
2026-01-14 11:00:00,301.8,124.968,9.8,5.2,0.0,0.0
2026-01-14 11:15:00,301.3,124.968,9.8,5.2,0.0,0.0
2026-01-14 11:30:00,301.4,124.968,9.8,5.2,0.0,0.0
2026-01-14 11:45:00,301.2,124.968,9.8,5.2,0.0,0.0
2026-01-14 12:00:00,300.7,124.968,9.7,5.3,0.0,0.0
2026-01-14 12:15:00,300.5,124.968,9.7,5.3,0.0,0.0
2026-01-14 12:30:00,300.1,124.968,9.7,5.3,0.0,0.0
2026-01-14 12:45:00,299.6,128.016,9.6,5.3,0.0,0.0
2026-01-14 13:00:00,299.6,124.968,9.6,5.0,0.0,0.0
2026-01-14 13:15:00,299.5,124.968,9.6,5.0,0.0,0.0
2026-01-14 13:30:00,299.5,124.968,9.6,5.0,0.0,0.0
2026-01-14 13:45:00,299.1,124.968,9.6,5.0,0.0,0.0
2026-01-14 14:00:00,298.9,124.968,9.6,4.7,0.0,0.0
2026-01-14 14:15:00,298.5,124.968,9.6,4.7,0.0,0.0
2026-01-14 14:30:00,298.5,128.016,9.5,4.7,0.0,0.0
2026-01-14 14:45:00,298.5,124.968,9.5,4.7,0.0,0.0
2026-01-14 15:00:00,298.4,124.968,9.5,4.5,0.0,0.0
2026-01-14 15:15:00,298.0,124.968,9.5,4.5,0.0,0.0
2026-01-14 15:30:00,298.0,124.968,9.5,4.5,0.0,0.0
2026-01-14 15:45:00,298.0,124.968,9.4,4.5,0.0,0.0
2026-01-14 16:00:00,297.4,128.016,9.4,4.8,0.0,14.0
2026-01-14 16:15:00,297.4,124.968,9.4,4.8,0.0,14.0
2026-01-14 16:30:00,297.4,124.968,9.4,4.8,0.0,14.0
2026-01-14 16:45:00,297.2,124.968,9.5,4.8,0.0,14.0
2026-01-14 17:00:00,296.9,124.968,9.4,8.0,0.0,133.0
2026-01-14 17:15:00,296.9,124.968,9.5,8.0,0.0,133.0
2026-01-14 17:30:00,296.9,124.968,9.5,8.0,0.0,133.0
2026-01-14 17:45:00,297.0,128.016,9.5,8.0,0.0,133.0
2026-01-14 18:00:00,297.4,124.968,9.6,11.9,0.0,289.0
2026-01-14 18:15:00,298.0,124.968,9.7,11.9,0.0,289.0
2026-01-14 18:30:00,298.6,121.92000000000002,9.7,11.9,0.0,289.0
2026-01-14 18:45:00,299.4,121.92000000000002,9.8,11.9,0.0,289.0
2026-01-14 19:00:00,299.8,121.92000000000002,9.8,13.8,0.0,417.0
2026-01-14 19:15:00,300.3,121.92000000000002,9.9,13.8,0.0,417.0
2026-01-14 19:30:00,300.7,124.968,10.0,13.8,0.0,417.0
2026-01-14 19:45:00,302.7,121.92000000000002,10.1,13.8,0.0,417.0
2026-01-14 20:00:00,304.4,121.92000000000002,10.2,14.9,0.0,488.0
2026-01-14 20:15:00,306.0,121.92000000000002,10.3,14.9,0.0,488.0
2026-01-14 20:30:00,307.9,121.92000000000002,10.3,14.9,0.0,488.0
2026-01-14 20:45:00,309.4,121.92000000000002,10.4,14.9,0.0,488.0
2026-01-14 21:00:00,310.1,121.92000000000002,10.5,15.4,0.0,513.0
2026-01-14 21:15:00,311.4,121.92000000000002,10.6,15.4,0.0,513.0
2026-01-14 21:30:00,312.9,124.968,10.7,15.4,0.0,513.0
2026-01-14 21:45:00,315.0,121.92000000000002,10.8,15.4,0.0,513.0
2026-01-14 22:00:00,316.6,121.92000000000002,10.9,15.3,0.0,473.0
2026-01-14 22:15:00,318.6,121.92000000000002,10.9,15.3,0.0,473.0
2026-01-14 22:30:00,320.2,118.872,11.0,15.3,0.0,473.0
2026-01-14 22:45:00,321.6,121.92000000000002,11.0,15.3,0.0,473.0
2026-01-14 23:00:00,323.1,121.92000000000002,11.0,15.0,0.0,378.0
2026-01-14 23:15:00,324.6,118.872,11.0,15.0,0.0,378.0
2026-01-14 23:30:00,325.9,118.872,11.0,15.0,0.0,378.0
2026-01-14 23:45:00,327.4,118.872,11.1,15.0,0.0,378.0
2026-01-15 00:00:00,328.7,118.872,11.1,15.8,0.0,239.0
2026-01-15 00:15:00,330.1,118.872,11.1,15.8,0.0,239.0
2026-01-15 00:30:00,331.1,121.92000000000002,11.1,15.8,0.0,239.0
2026-01-15 00:45:00,332.3,118.872,11.2,15.8,0.0,239.0
2026-01-15 01:00:00,333.9,118.872,11.2,13.0,0.0,80.0
2026-01-15 01:15:00,334.4,118.872,11.2,13.0,0.0,80.0
2026-01-15 01:30:00,335.6,118.872,11.2,13.0,0.0,80.0
2026-01-15 01:45:00,336.2,118.872,11.2,13.0,0.0,80.0
2026-01-15 02:00:00,336.5,121.92000000000002,11.1,10.4,0.0,1.0
2026-01-15 02:15:00,336.5,121.92000000000002,11.1,10.4,0.0,1.0
2026-01-15 02:30:00,336.9,121.92000000000002,11.1,10.4,0.0,1.0
2026-01-15 02:45:00,337.1,121.92000000000002,11.0,10.4,0.0,1.0
2026-01-15 03:00:00,336.9,121.92000000000002,11.0,9.1,0.0,0.0
2026-01-15 03:15:00,337.0,121.92000000000002,10.9,9.1,0.0,0.0
2026-01-15 03:30:00,336.8,121.92000000000002,10.9,9.1,0.0,0.0
2026-01-15 03:45:00,336.3,124.968,10.9,9.1,0.0,0.0
2026-01-15 04:00:00,335.9,121.92000000000002,10.8,8.1,0.0,0.0
2026-01-15 04:15:00,335.5,121.92000000000002,10.8,8.1,0.0,0.0
2026-01-15 04:30:00,334.8,121.92000000000002,10.8,8.1,0.0,0.0
2026-01-15 04:45:00,334.5,121.92000000000002,10.8,8.1,0.0,0.0
2026-01-15 05:00:00,334.2,121.92000000000002,10.7,7.3,0.0,0.0
2026-01-15 05:15:00,333.1,121.92000000000002,10.7,7.3,0.0,0.0
2026-01-15 05:30:00,332.2,124.968,10.7,7.3,0.0,0.0
2026-01-15 05:45:00,331.8,124.968,10.7,7.3,0.0,0.0
2026-01-15 06:00:00,331.4,121.92000000000002,10.7,6.7,0.0,0.0
2026-01-15 06:15:00,330.8,121.92000000000002,10.6,6.7,0.0,0.0
2026-01-15 06:30:00,330.1,121.92000000000002,10.6,6.7,0.0,0.0
2026-01-15 06:45:00,329.4,121.92000000000002,10.6,6.7,0.0,0.0
2026-01-15 07:00:00,328.5,121.92000000000002,10.5,6.5,0.0,0.0
2026-01-15 07:15:00,327.6,124.968,10.5,6.5,0.0,0.0
2026-01-15 07:30:00,327.6,121.92000000000002,10.5,6.5,0.0,0.0
2026-01-15 07:45:00,327.2,121.92000000000002,10.5,6.5,0.0,0.0
2026-01-15 08:00:00,326.8,121.92000000000002,10.5,5.9,0.0,0.0
2026-01-15 08:15:00,326.2,121.92000000000002,10.4,5.9,0.0,0.0
2026-01-15 08:30:00,325.8,121.92000000000002,10.4,5.9,0.0,0.0
2026-01-15 08:45:00,325.4,124.968,10.4,5.9,0.0,0.0
2026-01-15 09:00:00,325.1,124.968,10.4,5.4,0.0,0.0
2026-01-15 09:15:00,325.1,121.92000000000002,10.4,5.4,0.0,0.0
2026-01-15 09:30:00,325.0,121.92000000000002,10.4,5.4,0.0,0.0
2026-01-15 09:45:00,324.8,121.92000000000002,10.3,5.4,0.0,0.0
2026-01-15 10:00:00,324.4,124.968,10.3,5.2,0.0,0.0
2026-01-15 10:15:00,324.0,121.92000000000002,10.3,5.2,0.0,0.0
2026-01-15 10:30:00,323.7,124.968,10.3,5.2,0.0,0.0
2026-01-15 10:45:00,323.3,124.968,10.2,5.2,0.0,0.0
2026-01-15 11:00:00,323.2,121.92000000000002,10.2,4.9,0.0,0.0
2026-01-15 11:15:00,322.9,121.92000000000002,10.2,4.9,0.0,0.0
2026-01-15 11:30:00,322.5,121.92000000000002,10.2,4.9,0.0,0.0
2026-01-15 11:45:00,322.1,121.92000000000002,10.2,4.9,0.0,0.0
2026-01-15 12:00:00,321.9,121.92000000000002,10.1,4.5,0.0,0.0
2026-01-15 12:15:00,321.8,124.968,10.1,4.5,0.0,0.0
2026-01-15 12:30:00,321.8,121.92000000000002,10.1,4.5,0.0,0.0
2026-01-15 12:45:00,321.9,121.92000000000002,10.1,4.5,0.0,0.0
2026-01-15 13:00:00,321.8,121.92000000000002,10.1,3.7,0.0,0.0
2026-01-15 13:15:00,321.9,121.92000000000002,10.1,3.7,0.0,0.0
2026-01-15 13:30:00,321.6,121.92000000000002,10.0,3.7,0.0,0.0
2026-01-15 13:45:00,321.4,121.92000000000002,10.0,3.7,0.0,0.0
2026-01-15 14:00:00,321.0,124.968,10.0,3.6,0.0,0.0
2026-01-15 14:15:00,320.6,121.92000000000002,10.0,3.6,0.0,0.0
2026-01-15 14:30:00,320.3,121.92000000000002,10.0,3.6,0.0,0.0
2026-01-15 14:45:00,319.7,121.92000000000002,10.0,3.6,0.0,0.0
2026-01-15 15:00:00,319.3,121.92000000000002,9.9,4.0,0.0,0.0
2026-01-15 15:15:00,318.8,121.92000000000002,9.9,4.0,0.0,0.0
2026-01-15 15:30:00,318.4,124.968,9.9,4.0,0.0,0.0
2026-01-15 15:45:00,318.2,124.968,9.9,4.0,0.0,0.0
2026-01-15 16:00:00,317.8,121.92000000000002,9.9,4.7,0.0,15.0
2026-01-15 16:15:00,317.7,121.92000000000002,9.9,4.7,0.0,15.0
2026-01-15 16:30:00,317.5,121.92000000000002,9.8,4.7,0.0,15.0
2026-01-15 16:45:00,317.4,121.92000000000002,9.8,4.7,0.0,15.0
2026-01-15 17:00:00,317.2,121.92000000000002,9.8,7.3,0.0,145.0
2026-01-15 17:15:00,317.4,124.968,9.9,7.3,0.0,145.0
2026-01-15 17:30:00,317.6,121.92000000000002,9.9,7.3,0.0,145.0
2026-01-15 17:45:00,318.1,121.92000000000002,10.0,7.3,0.0,145.0
2026-01-15 18:00:00,318.2,121.92000000000002,10.0,11.2,0.0,303.0
2026-01-15 18:15:00,318.4,121.92000000000002,10.1,11.2,0.0,303.0
2026-01-15 18:30:00,318.8,121.92000000000002,10.1,11.2,0.0,303.0
2026-01-15 18:45:00,319.3,121.92000000000002,10.2,11.2,0.0,303.0
2026-01-15 19:00:00,319.8,121.92000000000002,10.2,13.5,0.0,437.0
2026-01-15 19:15:00,320.4,121.92000000000002,10.3,13.5,0.0,437.0
2026-01-15 19:30:00,320.9,118.872,10.4,13.5,0.0,437.0
2026-01-15 19:45:00,321.3,121.92000000000002,10.4,13.5,0.0,437.0
2026-01-15 20:00:00,321.9,121.92000000000002,10.5,15.2,0.0,509.0
2026-01-15 20:15:00,322.7,121.92000000000002,10.6,15.2,0.0,509.0
2026-01-15 20:30:00,323.4,121.92000000000002,10.7,15.2,0.0,509.0
2026-01-15 20:45:00,324.2,121.92000000000002,10.8,15.2,0.0,509.0
2026-01-15 21:00:00,325.1,118.872,10.9,16.2,0.0,529.0
2026-01-15 21:15:00,326.0,118.872,11.0,16.2,0.0,529.0
2026-01-15 21:30:00,326.4,118.872,11.0,16.2,0.0,529.0
2026-01-15 21:45:00,326.9,118.872,11.1,16.2,0.0,529.0
2026-01-15 22:00:00,327.5,118.872,11.2,16.7,0.0,486.0
2026-01-15 22:15:00,328.1,121.92000000000002,11.2,16.7,0.0,486.0
2026-01-15 22:30:00,328.6,118.872,11.2,16.7,0.0,486.0
2026-01-15 22:45:00,328.9,118.872,11.3,16.7,0.0,486.0
2026-01-15 23:00:00,329.2,118.872,11.3,16.9,0.0,388.0
2026-01-15 23:15:00,329.4,118.872,11.3,16.9,0.0,388.0
2026-01-15 23:30:00,329.7,118.872,11.4,16.9,0.0,388.0
2026-01-15 23:45:00,330.0,121.92000000000002,11.4,16.9,0.0,388.0
2026-01-16 00:00:00,330.3,121.92000000000002,11.4,16.8,0.0,245.0
2026-01-16 00:15:00,330.6,118.872,11.4,16.8,0.0,245.0
2026-01-16 00:30:00,331.1,118.872,11.5,16.8,0.0,245.0
2026-01-16 00:45:00,331.1,118.872,11.5,16.8,0.0,245.0
2026-01-16 01:00:00,331.1,118.872,11.4,14.2,0.0,83.0
2026-01-16 01:15:00,331.4,118.872,11.4,14.2,0.0,83.0
2026-01-16 01:30:00,331.3,121.92000000000002,11.4,14.2,0.0,83.0
2026-01-16 01:45:00,331.3,118.872,11.4,14.2,0.0,83.0
2026-01-16 02:00:00,331.1,118.872,11.3,11.9,0.0,1.0
2026-01-16 02:15:00,331.0,118.872,11.3,11.9,0.0,1.0
2026-01-16 02:30:00,330.9,118.872,11.3,11.9,0.0,1.0
2026-01-16 02:45:00,330.8,118.872,11.3,11.9,0.0,1.0
2026-01-16 03:00:00,330.8,118.872,11.2,10.3,0.0,0.0
2026-01-16 03:15:00,330.6,121.92000000000002,11.2,10.3,0.0,0.0
2026-01-16 03:30:00,330.8,121.92000000000002,11.2,10.3,0.0,0.0
2026-01-16 03:45:00,330.7,118.872,11.2,10.3,0.0,0.0
2026-01-16 04:00:00,330.7,118.872,11.1,9.1,0.0,0.0
2026-01-16 04:15:00,330.6,118.872,11.1,9.1,0.0,0.0
2026-01-16 04:30:00,330.4,118.872,11.1,9.1,0.0,0.0
2026-01-16 04:45:00,330.4,121.92000000000002,11.0,9.1,0.0,0.0
2026-01-16 05:00:00,330.4,121.92000000000002,11.0,8.5,0.0,0.0
2026-01-16 05:15:00,330.3,118.872,11.0,8.5,0.0,0.0
2026-01-16 05:30:00,330.3,118.872,11.0,8.5,0.0,0.0
2026-01-16 05:45:00,330.3,118.872,10.9,8.5,0.0,0.0
2026-01-16 06:00:00,330.3,118.872,10.9,8.6,0.0,0.0
2026-01-16 06:15:00,330.3,118.872,10.9,8.6,0.0,0.0
2026-01-16 06:30:00,330.1,121.92000000000002,10.9,8.6,0.0,0.0
2026-01-16 06:45:00,330.3,121.92000000000002,10.9,8.6,0.0,0.0
2026-01-16 07:00:00,330.3,118.872,10.9,9.1,0.0,0.0
2026-01-16 07:15:00,330.6,118.872,10.9,9.1,0.0,0.0
2026-01-16 07:30:00,330.4,118.872,10.8,9.1,0.0,0.0
2026-01-16 07:45:00,330.4,118.872,10.8,9.1,0.0,0.0
2026-01-16 08:00:00,330.4,118.872,10.8,9.5,0.0,0.0
2026-01-16 08:15:00,330.6,121.92000000000002,10.7,9.5,0.0,0.0
2026-01-16 08:30:00,330.4,121.92000000000002,10.7,9.5,0.0,0.0
2026-01-16 08:45:00,330.8,118.872,10.7,9.5,0.0,0.0
2026-01-16 09:00:00,330.7,118.872,10.7,9.8,0.0,0.0
2026-01-16 09:15:00,330.6,121.92000000000002,10.6,9.8,0.0,0.0
2026-01-16 09:30:00,330.3,121.92000000000002,10.6,9.8,0.0,0.0
2026-01-16 09:45:00,330.1,118.872,10.6,9.8,0.0,0.0
2026-01-16 10:00:00,330.0,121.92000000000002,10.6,9.4,0.0,0.0
2026-01-16 10:15:00,329.6,121.92000000000002,10.6,9.4,0.0,0.0
2026-01-16 10:30:00,329.6,118.872,10.5,9.4,0.0,0.0
2026-01-16 10:45:00,329.0,118.872,10.5,9.4,0.0,0.0
2026-01-16 11:00:00,328.7,118.872,10.4,9.1,0.0,0.0
2026-01-16 11:15:00,328.5,118.872,10.4,9.1,0.0,0.0
2026-01-16 11:30:00,328.2,121.92000000000002,10.4,9.1,0.0,0.0
2026-01-16 11:45:00,327.9,121.92000000000002,10.4,9.1,0.0,0.0
2026-01-16 12:00:00,327.9,121.92000000000002,10.4,10.5,0.0,0.0
2026-01-16 12:15:00,327.8,118.872,10.4,10.5,0.0,0.0
2026-01-16 12:30:00,327.6,118.872,10.3,10.5,0.0,0.0
2026-01-16 12:45:00,329.6,118.872,10.3,10.5,0.0,0.0
2026-01-16 13:00:00,327.1,118.872,10.3,8.4,0.0,0.0
2026-01-16 13:15:00,327.1,121.92000000000002,10.3,8.4,0.0,0.0
2026-01-16 13:30:00,326.8,121.92000000000002,10.2,8.4,0.0,0.0
2026-01-16 13:45:00,326.8,121.92000000000002,10.3,8.4,0.0,0.0
2026-01-16 14:00:00,326.8,121.92000000000002,10.2,7.5,0.0,0.0
2026-01-16 14:15:00,326.8,121.92000000000002,10.2,7.5,0.0,0.0
2026-01-16 14:30:00,326.4,121.92000000000002,10.2,7.5,0.0,0.0
2026-01-16 14:45:00,326.4,118.872,10.2,7.5,0.0,0.0
2026-01-16 15:00:00,326.2,121.92000000000002,10.2,7.0,0.0,0.0
2026-01-16 15:15:00,326.2,121.92000000000002,10.1,7.0,0.0,0.0
2026-01-16 15:30:00,326.4,118.872,10.1,7.0,0.0,0.0
2026-01-16 15:45:00,326.4,118.872,10.1,7.0,0.0,0.0
2026-01-16 16:00:00,326.2,118.872,10.1,7.2,0.0,16.0
2026-01-16 16:15:00,326.4,118.872,10.1,7.2,0.0,16.0
2026-01-16 16:30:00,326.2,118.872,10.1,7.2,0.0,16.0
2026-01-16 16:45:00,326.4,121.92000000000002,10.1,7.2,0.0,16.0
2026-01-16 17:00:00,326.7,118.872,10.2,10.2,0.0,146.0
2026-01-16 17:15:00,327.1,118.872,10.2,10.2,0.0,146.0
2026-01-16 17:30:00,327.4,118.872,10.2,10.2,0.0,146.0
2026-01-16 17:45:00,327.6,118.872,10.3,10.2,0.0,146.0
2026-01-16 18:00:00,327.9,118.872,10.3,14.0,0.0,306.0
2026-01-16 18:15:00,328.6,118.872,10.3,14.0,0.0,306.0
2026-01-16 18:30:00,329.3,121.92000000000002,10.4,14.0,0.0,306.0
2026-01-16 18:45:00,330.1,118.872,10.5,14.0,0.0,306.0
2026-01-16 19:00:00,330.7,118.872,10.5,15.4,0.0,436.0
2026-01-16 19:15:00,331.2,118.872,10.6,15.4,0.0,436.0
2026-01-16 19:30:00,331.8,115.824,10.7,15.4,0.0,436.0
2026-01-16 19:45:00,332.3,115.824,10.7,15.4,0.0,436.0
2026-01-16 20:00:00,332.6,118.872,10.8,16.4,0.0,521.0
2026-01-16 20:15:00,333.1,118.872,10.8,16.4,0.0,521.0
2026-01-16 20:30:00,334.1,115.824,10.9,16.4,0.0,521.0
2026-01-16 20:45:00,334.8,115.824,11.0,16.4,0.0,521.0
2026-01-16 21:00:00,335.4,115.824,11.1,17.2,0.0,539.0
2026-01-16 21:15:00,336.1,115.824,11.2,17.2,0.0,539.0
2026-01-16 21:30:00,336.6,115.824,11.2,17.2,0.0,539.0
2026-01-16 21:45:00,337.2,115.824,11.3,17.2,0.0,539.0
2026-01-16 22:00:00,337.5,115.824,11.3,17.4,0.0,496.0
2026-01-16 22:15:00,338.0,115.824,11.4,17.4,0.0,496.0
2026-01-16 22:30:00,338.4,115.824,11.4,17.4,0.0,496.0
2026-01-16 22:45:00,338.7,115.824,11.5,17.4,0.0,496.0
2026-01-16 23:00:00,339.0,115.824,11.5,16.8,0.0,396.0
2026-01-16 23:15:00,339.0,115.824,11.5,16.8,0.0,396.0
2026-01-16 23:30:00,339.0,115.824,11.5,16.8,0.0,396.0
2026-01-16 23:45:00,339.2,115.824,11.5,16.8,0.0,396.0
2026-01-17 00:00:00,339.5,115.824,11.6,16.8,0.0,251.0
2026-01-17 00:15:00,339.5,115.824,11.6,16.8,0.0,251.0
2026-01-17 00:30:00,339.5,115.824,11.5,16.8,0.0,251.0
2026-01-17 00:45:00,339.6,115.824,11.5,16.8,0.0,251.0
2026-01-17 01:00:00,339.4,118.872,11.6,13.8,0.0,88.0
2026-01-17 01:15:00,339.6,115.824,11.5,13.8,0.0,88.0
2026-01-17 01:30:00,339.5,115.824,11.5,13.8,0.0,88.0
2026-01-17 01:45:00,339.4,115.824,11.6,13.8,0.0,88.0
2026-01-17 02:00:00,339.1,115.824,11.5,11.3,0.0,1.0
2026-01-17 02:15:00,338.9,115.824,11.5,11.3,0.0,1.0
2026-01-17 02:30:00,338.9,115.824,11.4,11.3,0.0,1.0
2026-01-17 02:45:00,339.1,118.872,11.4,11.3,0.0,1.0
2026-01-17 03:00:00,339.5,115.824,11.3,10.1,0.0,0.0
2026-01-17 03:15:00,339.5,115.824,11.3,10.1,0.0,0.0
2026-01-17 03:30:00,339.5,115.824,11.3,10.1,0.0,0.0
2026-01-17 03:45:00,339.5,115.824,11.2,10.1,0.0,0.0
2026-01-17 04:00:00,339.4,118.872,11.2,9.7,0.0,0.0
2026-01-17 04:15:00,339.1,118.872,11.2,9.7,0.0,0.0
2026-01-17 04:30:00,338.8,118.872,11.1,9.7,0.0,0.0
2026-01-17 04:45:00,338.7,118.872,11.1,9.7,0.0,0.0
2026-01-17 05:00:00,338.1,118.872,11.1,9.4,0.0,0.0
2026-01-17 05:15:00,337.8,115.824,11.0,9.4,0.0,0.0
2026-01-17 05:30:00,337.3,115.824,11.0,9.4,0.0,0.0
2026-01-17 05:45:00,337.0,118.872,10.9,9.4,0.0,0.0
2026-01-17 06:00:00,336.8,118.872,10.9,9.0,0.0,0.0
2026-01-17 06:15:00,336.5,115.824,10.9,9.0,0.0,0.0
2026-01-17 06:30:00,336.2,115.824,10.8,9.0,0.0,0.0
2026-01-17 06:45:00,335.8,115.824,10.8,9.0,0.0,0.0
2026-01-17 07:00:00,335.6,118.872,10.8,8.8,0.0,0.0
2026-01-17 07:15:00,335.2,118.872,10.8,8.8,0.0,0.0
2026-01-17 07:30:00,334.9,118.872,10.8,8.8,0.0,0.0
2026-01-17 07:45:00,334.8,118.872,10.8,8.8,0.0,0.0
2026-01-17 08:00:00,334.4,118.872,10.7,8.4,0.0,0.0
2026-01-17 08:15:00,333.8,118.872,10.7,8.4,0.0,0.0
2026-01-17 08:30:00,333.4,118.872,10.6,8.4,0.0,0.0
2026-01-17 08:45:00,333.2,118.872,10.6,8.4,0.0,0.0
2026-01-17 09:00:00,333.0,118.872,10.6,7.4,0.0,0.0
2026-01-17 09:15:00,332.7,115.824,10.5,7.4,0.0,0.0
2026-01-17 09:30:00,332.4,118.872,10.5,7.4,0.0,0.0
2026-01-17 09:45:00,332.0,118.872,10.5,7.4,0.0,0.0
2026-01-17 10:00:00,331.5,121.92000000000002,10.4,6.4,0.0,0.0
2026-01-17 10:15:00,331.3,118.872,10.4,6.4,0.0,0.0
2026-01-17 10:30:00,331.3,115.824,10.4,6.4,0.0,0.0
2026-01-17 10:45:00,331.0,115.824,10.4,6.4,0.0,0.0
2026-01-17 11:00:00,330.7,115.824,10.3,5.7,0.0,0.0
2026-01-17 11:15:00,330.4,121.92000000000002,10.3,5.7,0.0,0.0
2026-01-17 11:30:00,330.1,118.872,10.3,5.7,0.0,0.0
2026-01-17 11:45:00,330.0,118.872,10.3,5.7,0.0,0.0
2026-01-17 12:00:00,330.0,118.872,10.3,5.8,0.0,0.0
2026-01-17 12:15:00,329.7,118.872,10.2,5.8,0.0,0.0
2026-01-17 12:30:00,329.3,118.872,10.2,5.8,0.0,0.0
2026-01-17 12:45:00,329.3,121.92000000000002,10.1,5.8,0.0,0.0
2026-01-17 13:00:00,329.2,118.872,10.1,4.7,0.0,0.0
2026-01-17 13:15:00,329.1,118.872,10.1,4.7,0.0,0.0
2026-01-17 13:30:00,328.9,118.872,10.1,4.7,0.0,0.0
2026-01-17 13:45:00,328.8,118.872,10.1,4.7,0.0,0.0
2026-01-17 14:00:00,328.9,118.872,10.1,4.5,0.0,0.0
2026-01-17 14:15:00,328.6,118.872,10.1,4.5,0.0,0.0
2026-01-17 14:30:00,328.5,118.872,10.1,4.5,0.0,0.0
2026-01-17 14:45:00,328.5,118.872,10.1,4.5,0.0,0.0
2026-01-17 15:00:00,328.5,118.872,10.1,4.7,0.0,0.0
2026-01-17 15:15:00,328.1,118.872,10.0,4.7,0.0,0.0
2026-01-17 15:30:00,327.8,118.872,10.0,4.7,0.0,0.0
2026-01-17 15:45:00,327.5,118.872,10.0,4.7,0.0,0.0
2026-01-17 16:00:00,327.7,118.872,10.0,5.2,0.0,15.0
2026-01-17 16:15:00,327.4,115.824,10.0,5.2,0.0,15.0
2026-01-17 16:30:00,327.4,115.824,10.0,5.2,0.0,15.0
2026-01-17 16:45:00,327.2,115.824,10.0,5.2,0.0,15.0
2026-01-17 17:00:00,327.5,118.872,10.0,7.6,0.0,129.0
2026-01-17 17:15:00,327.8,118.872,10.0,7.6,0.0,129.0
2026-01-17 17:30:00,328.5,115.824,10.1,7.6,0.0,129.0
2026-01-17 17:45:00,328.8,115.824,10.1,7.6,0.0,129.0
2026-01-17 18:00:00,329.3,115.824,10.2,10.9,0.0,294.0
2026-01-17 18:15:00,329.6,118.872,10.2,10.9,0.0,294.0
2026-01-17 18:30:00,330.0,118.872,10.3,10.9,0.0,294.0
2026-01-17 18:45:00,330.6,115.824,10.3,10.9,0.0,294.0
2026-01-17 19:00:00,331.5,115.824,10.4,13.5,0.0,423.0
2026-01-17 19:15:00,332.1,115.824,10.5,13.5,0.0,423.0
2026-01-17 19:30:00,332.3,115.824,10.6,13.5,0.0,423.0
2026-01-17 19:45:00,332.9,115.824,10.6,13.5,0.0,423.0
2026-01-17 20:00:00,333.4,118.872,10.7,15.2,0.0,513.0
2026-01-17 20:15:00,334.1,115.824,10.8,15.2,0.0,513.0
2026-01-17 20:30:00,334.7,115.824,10.8,15.2,0.0,513.0
2026-01-17 20:45:00,335.2,115.824,10.9,15.2,0.0,513.0
2026-01-17 21:00:00,335.8,115.824,11.0,15.8,0.0,503.0
2026-01-17 21:15:00,336.3,115.824,11.0,15.8,0.0,503.0
2026-01-17 21:30:00,337.1,115.824,11.1,15.8,0.0,503.0
2026-01-17 21:45:00,337.8,115.824,11.2,15.8,0.0,503.0
2026-01-17 22:00:00,338.3,115.824,11.3,16.1,0.0,465.0
2026-01-17 22:15:00,338.9,112.776,11.3,16.1,0.0,465.0
2026-01-17 22:30:00,339.3,115.824,11.4,16.1,0.0,465.0
2026-01-17 22:45:00,339.7,115.824,11.4,16.1,0.0,465.0
2026-01-17 23:00:00,340.1,115.824,11.4,15.8,0.0,361.0
2026-01-17 23:15:00,340.7,115.824,11.5,15.8,0.0,361.0
2026-01-17 23:30:00,341.0,115.824,11.5,15.8,0.0,361.0
2026-01-17 23:45:00,341.1,115.824,11.5,15.8,0.0,361.0
2026-01-18 00:00:00,341.4,115.824,11.6,15.0,0.0,219.0
2026-01-18 00:15:00,341.8,115.824,11.6,15.0,0.0,219.0
2026-01-18 00:30:00,342.1,115.824,11.6,15.0,0.0,219.0
2026-01-18 00:45:00,342.3,115.824,11.6,15.0,0.0,219.0
2026-01-18 01:00:00,342.4,115.824,11.6,12.6,0.0,66.0
2026-01-18 01:15:00,342.4,115.824,11.6,12.6,0.0,66.0
2026-01-18 01:30:00,342.4,115.824,11.6,12.6,0.0,66.0
2026-01-18 01:45:00,342.1,115.824,11.5,12.6,0.0,66.0
2026-01-18 02:00:00,342.0,115.824,11.5,10.2,0.0,1.0
2026-01-18 02:15:00,341.8,115.824,11.5,10.2,0.0,1.0
2026-01-18 02:30:00,341.2,115.824,11.4,10.2,0.0,1.0
2026-01-18 02:45:00,341.1,118.872,11.4,10.2,0.0,1.0
2026-01-18 03:00:00,340.9,118.872,11.4,8.8,0.0,0.0
2026-01-18 03:15:00,340.7,115.824,11.3,8.8,0.0,0.0
2026-01-18 03:30:00,340.5,115.824,11.3,8.8,0.0,0.0
2026-01-18 03:45:00,340.0,115.824,11.3,8.8,0.0,0.0
2026-01-18 04:00:00,339.7,115.824,11.2,8.0,0.0,0.0
2026-01-18 04:15:00,339.4,118.872,11.2,8.0,0.0,0.0
2026-01-18 04:30:00,339.3,115.824,11.2,8.0,0.0,0.0
2026-01-18 04:45:00,339.4,115.824,11.1,8.0,0.0,0.0
2026-01-18 05:00:00,339.0,115.824,11.1,7.4,0.0,0.0
2026-01-18 05:15:00,338.9,115.824,11.1,7.4,0.0,0.0
2026-01-18 05:30:00,338.9,115.824,11.1,7.4,0.0,0.0
2026-01-18 05:45:00,338.6,118.872,11.0,7.4,0.0,0.0
2026-01-18 06:00:00,338.5,115.824,11.0,7.4,0.0,0.0
2026-01-18 06:15:00,338.3,115.824,11.0,7.4,0.0,0.0
2026-01-18 06:30:00,338.2,115.824,11.0,7.4,0.0,0.0
2026-01-18 06:45:00,337.9,115.824,10.9,7.4,0.0,0.0
2026-01-18 07:00:00,337.6,118.872,10.9,6.8,0.0,0.0
2026-01-18 07:15:00,337.3,115.824,10.9,6.8,0.0,0.0
2026-01-18 07:30:00,337.2,115.824,10.9,6.8,0.0,0.0
2026-01-18 07:45:00,336.9,115.824,10.8,6.8,0.0,0.0
2026-01-18 08:00:00,336.8,115.824,10.8,6.0,0.0,0.0
2026-01-18 08:15:00,336.3,115.824,10.8,6.0,0.0,0.0
2026-01-18 08:30:00,336.2,118.872,10.8,6.0,0.0,0.0
2026-01-18 08:45:00,336.3,115.824,10.7,6.0,0.0,0.0
2026-01-18 09:00:00,336.3,115.824,10.7,5.3,0.0,0.0
2026-01-18 09:15:00,336.1,115.824,10.7,5.3,0.0,0.0
2026-01-18 09:30:00,335.8,115.824,10.7,5.3,0.0,0.0
2026-01-18 09:45:00,336.2,118.872,10.6,5.3,0.0,0.0
2026-01-18 10:00:00,337.2,115.824,10.6,5.1,0.0,0.0
2026-01-18 10:15:00,337.8,115.824,10.6,5.1,0.0,0.0
2026-01-18 10:30:00,338.0,115.824,10.6,5.1,0.0,0.0
2026-01-18 10:45:00,338.6,115.824,10.6,5.1,0.0,0.0
2026-01-18 11:00:00,339.0,115.824,10.6,4.8,0.0,0.0
2026-01-18 11:15:00,339.5,118.872,10.5,4.8,0.0,0.0
2026-01-18 11:30:00,340.0,115.824,10.5,4.8,0.0,0.0
2026-01-18 11:45:00,340.7,115.824,10.5,4.8,0.0,0.0
2026-01-18 12:00:00,341.2,115.824,10.5,5.4,0.0,0.0
2026-01-18 12:15:00,341.4,115.824,10.4,5.4,0.0,0.0
2026-01-18 12:30:00,341.6,115.824,10.4,5.4,0.0,0.0
2026-01-18 12:45:00,341.9,115.824,10.4,5.4,0.0,0.0
2026-01-18 13:00:00,342.0,115.824,10.4,5.1,0.0,0.0
2026-01-18 13:15:00,342.3,115.824,10.3,5.1,0.0,0.0
2026-01-18 13:30:00,342.3,115.824,10.3,5.1,0.0,0.0
2026-01-18 13:45:00,342.6,115.824,10.3,5.1,0.0,0.0
2026-01-18 14:00:00,342.7,118.872,10.3,5.2,0.0,0.0
2026-01-18 14:15:00,343.3,115.824,10.3,5.2,0.0,0.0
2026-01-18 14:30:00,343.4,115.824,10.3,5.2,0.0,0.0
2026-01-18 14:45:00,343.7,115.824,10.3,5.2,0.0,0.0
2026-01-18 15:00:00,343.7,115.824,10.3,5.2,0.0,0.0
2026-01-18 15:15:00,343.7,118.872,10.2,5.2,0.0,0.0
2026-01-18 15:30:00,343.9,115.824,10.2,5.2,0.0,0.0
2026-01-18 15:45:00,344.3,115.824,10.3,5.2,0.0,0.0
2026-01-18 16:00:00,344.3,115.824,10.2,5.2,0.0,16.0
2026-01-18 16:15:00,344.3,115.824,10.2,5.2,0.0,16.0
2026-01-18 16:30:00,344.3,115.824,10.2,5.2,0.0,16.0
2026-01-18 16:45:00,344.6,118.872,10.2,5.2,0.0,16.0
2026-01-18 17:00:00,345.2,115.824,10.3,8.2,0.0,142.0
2026-01-18 17:15:00,345.4,115.824,10.3,8.2,0.0,142.0
2026-01-18 17:30:00,345.9,115.824,10.3,8.2,0.0,142.0
2026-01-18 17:45:00,346.0,115.824,10.3,8.2,0.0,142.0
2026-01-18 18:00:00,346.6,118.872,10.4,10.9,0.0,304.0
2026-01-18 18:15:00,347.0,115.824,10.4,10.9,0.0,304.0
2026-01-18 18:30:00,347.7,115.824,10.5,10.9,0.0,304.0
2026-01-18 18:45:00,348.5,115.824,10.6,10.9,0.0,304.0
2026-01-18 19:00:00,349.3,115.824,10.7,13.9,0.0,437.0
2026-01-18 19:15:00,349.8,115.824,10.7,13.9,0.0,437.0
2026-01-18 19:30:00,350.3,115.824,10.7,13.9,0.0,437.0
2026-01-18 19:45:00,351.4,115.824,10.8,13.9,0.0,437.0
2026-01-18 20:00:00,352.1,112.776,10.9,15.7,0.0,514.0
2026-01-18 20:15:00,352.8,112.776,11.0,15.7,0.0,514.0
2026-01-18 20:30:00,353.3,112.776,11.1,15.7,0.0,514.0
2026-01-18 20:45:00,354.2,115.824,11.1,15.7,0.0,514.0
2026-01-18 21:00:00,354.9,115.824,11.2,16.6,0.0,505.0
2026-01-18 21:15:00,356.1,112.776,11.3,16.6,0.0,505.0
2026-01-18 21:30:00,356.9,112.776,11.4,16.6,0.0,505.0
2026-01-18 21:45:00,357.7,112.776,11.4,16.6,0.0,505.0
2026-01-18 22:00:00,358.2,112.776,11.5,16.5,0.0,433.0
2026-01-18 22:15:00,358.8,115.824,11.5,16.5,0.0,433.0
2026-01-18 22:30:00,359.5,115.824,11.6,16.5,0.0,433.0
2026-01-18 22:45:00,360.2,112.776,11.7,16.5,0.0,433.0
2026-01-18 23:00:00,360.4,112.776,11.7,16.3,0.0,340.0
2026-01-18 23:15:00,360.8,112.776,11.7,16.3,0.0,340.0
2026-01-18 23:30:00,361.1,115.824,11.8,16.3,0.0,340.0
2026-01-18 23:45:00,361.2,115.824,11.8,16.3,0.0,340.0
2026-01-19 00:00:00,361.4,112.776,11.8,16.1,0.0,235.0
2026-01-19 00:15:00,361.7,112.776,11.8,16.1,0.0,235.0
2026-01-19 00:30:00,361.7,112.776,11.8,16.1,0.0,235.0
2026-01-19 00:45:00,361.7,112.776,11.8,16.1,0.0,235.0
2026-01-19 01:00:00,361.7,115.824,11.8,13.2,0.0,90.0
2026-01-19 01:15:00,361.5,115.824,11.8,13.2,0.0,90.0
2026-01-19 01:30:00,361.5,112.776,11.8,13.2,0.0,90.0
2026-01-19 01:45:00,361.3,112.776,11.8,13.2,0.0,90.0
2026-01-19 02:00:00,361.0,115.824,11.7,10.6,0.0,2.0
2026-01-19 02:15:00,360.3,115.824,11.7,10.6,0.0,2.0
2026-01-19 02:30:00,360.2,115.824,11.7,10.6,0.0,2.0
2026-01-19 02:45:00,359.6,115.824,11.6,10.6,0.0,2.0
2026-01-19 03:00:00,359.2,112.776,11.6,9.1,0.0,0.0
2026-01-19 03:15:00,358.9,112.776,11.5,9.1,0.0,0.0
2026-01-19 03:30:00,358.3,115.824,11.4,9.1,0.0,0.0
2026-01-19 03:45:00,357.7,115.824,11.4,9.1,0.0,0.0
2026-01-19 04:00:00,357.3,115.824,11.3,8.5,0.0,0.0
2026-01-19 04:15:00,356.9,115.824,11.3,8.5,0.0,0.0
2026-01-19 04:30:00,356.8,115.824,11.3,8.5,0.0,0.0
2026-01-19 04:45:00,356.2,115.824,11.2,8.5,0.0,0.0
2026-01-19 05:00:00,355.8,115.824,11.2,8.1,0.0,0.0
2026-01-19 05:15:00,355.5,115.824,11.1,8.1,0.0,0.0
2026-01-19 05:30:00,355.2,115.824,11.1,8.1,0.0,0.0
2026-01-19 05:45:00,355.2,115.824,11.1,8.1,0.0,0.0
2026-01-19 06:00:00,355.0,115.824,11.1,7.1,0.0,0.0
2026-01-19 06:15:00,354.6,115.824,11.0,7.1,0.0,0.0
2026-01-19 06:30:00,354.2,115.824,11.0,7.1,0.0,0.0
2026-01-19 06:45:00,353.6,115.824,10.9,7.1,0.0,0.0
2026-01-19 07:00:00,353.6,115.824,10.9,7.3,0.0,0.0
2026-01-19 07:15:00,353.5,115.824,10.9,7.3,0.0,0.0
2026-01-19 07:30:00,353.0,115.824,10.8,7.3,0.0,0.0
2026-01-19 07:45:00,352.8,115.824,10.8,7.3,0.0,0.0
2026-01-19 08:00:00,352.3,115.824,10.8,7.1,0.0,0.0
2026-01-19 08:15:00,352.0,115.824,10.8,7.1,0.0,0.0
2026-01-19 08:30:00,351.9,115.824,10.8,7.1,0.0,0.0
2026-01-19 08:45:00,351.6,115.824,10.7,7.1,0.0,0.0
2026-01-19 09:00:00,351.3,115.824,10.7,7.0,0.0,0.0
2026-01-19 09:15:00,350.9,115.824,10.6,7.0,0.0,0.0
2026-01-19 09:30:00,350.6,115.824,10.6,7.0,0.0,0.0
2026-01-19 09:45:00,350.3,115.824,10.6,7.0,0.0,0.0
2026-01-19 10:00:00,350.3,115.824,10.6,7.1,0.0,0.0
2026-01-19 10:15:00,350.2,115.824,10.5,7.1,0.0,0.0
2026-01-19 10:30:00,349.7,115.824,10.5,7.1,0.0,0.0
2026-01-19 10:45:00,349.5,115.824,10.5,7.1,0.0,0.0
2026-01-19 11:00:00,349.2,115.824,10.4,7.1,0.0,0.0
2026-01-19 11:15:00,349.2,115.824,10.4,7.1,0.0,0.0
2026-01-19 11:30:00,349.2,115.824,10.4,7.1,0.0,0.0
2026-01-19 11:45:00,348.9,115.824,10.4,7.1,0.0,0.0
2026-01-19 12:00:00,348.6,115.824,10.4,6.7,0.0,0.0
2026-01-19 12:15:00,348.4,115.824,10.3,6.7,0.0,0.0
2026-01-19 12:30:00,348.2,115.824,10.3,6.7,0.0,0.0
2026-01-19 12:45:00,348.0,115.824,10.3,6.7,0.0,0.0
2026-01-19 13:00:00,347.9,115.824,10.3,5.6,0.0,0.0
2026-01-19 13:15:00,347.6,115.824,10.3,5.6,0.0,0.0
2026-01-19 13:30:00,347.3,115.824,10.2,5.6,0.0,0.0
2026-01-19 13:45:00,347.0,115.824,10.2,5.6,0.0,0.0
2026-01-19 14:00:00,346.7,115.824,10.2,4.7,0.0,0.0
2026-01-19 14:15:00,346.6,115.824,10.2,4.7,0.0,0.0
2026-01-19 14:30:00,346.5,115.824,10.1,4.7,0.0,0.0
2026-01-19 14:45:00,346.0,115.824,10.1,4.7,0.0,0.0
2026-01-19 15:00:00,345.9,118.872,10.1,4.5,0.0,0.0
2026-01-19 15:15:00,345.8,115.824,10.0,4.5,0.0,0.0
2026-01-19 15:30:00,345.6,115.824,10.0,4.5,0.0,0.0
2026-01-19 15:45:00,345.5,115.824,10.0,4.5,0.0,0.0
2026-01-19 16:00:00,344.9,115.824,10.0,4.6,0.0,15.0
2026-01-19 16:15:00,344.9,118.872,9.9,4.6,0.0,15.0
2026-01-19 16:30:00,344.9,118.872,9.9,4.6,0.0,15.0
2026-01-19 16:45:00,345.1,121.92000000000002,10.0,4.6,0.0,15.0
2026-01-19 17:00:00,345.2,121.92000000000002,10.0,7.7,0.0,125.0
2026-01-19 17:15:00,344.6,118.872,10.0,7.7,0.0,125.0
2026-01-19 17:30:00,344.9,118.872,10.0,7.7,0.0,125.0
2026-01-19 17:45:00,345.1,118.872,10.0,7.7,0.0,125.0
2026-01-19 18:00:00,345.5,115.824,10.0,10.5,0.0,261.0
2026-01-19 18:15:00,346.2,115.824,10.1,10.5,0.0,261.0
2026-01-19 18:30:00,346.6,115.824,10.1,10.5,0.0,261.0
2026-01-19 18:45:00,347.0,115.824,10.2,10.5,0.0,261.0
2026-01-19 19:00:00,347.6,115.824,10.3,13.3,0.0,406.0
2026-01-19 19:15:00,348.3,115.824,10.3,13.3,0.0,406.0
2026-01-19 19:30:00,349.1,115.824,10.4,13.3,0.0,406.0
2026-01-19 19:45:00,349.6,115.824,10.5,13.3,0.0,406.0
2026-01-19 20:00:00,350.3,112.776,10.6,14.8,0.0,511.0
2026-01-19 20:15:00,351.0,115.824,10.6,14.8,0.0,511.0
2026-01-19 20:30:00,351.8,115.824,10.7,14.8,0.0,511.0
2026-01-19 20:45:00,352.7,112.776,10.8,14.8,0.0,511.0
2026-01-19 21:00:00,353.5,112.776,10.9,15.1,0.0,535.0
2026-01-19 21:15:00,354.4,112.776,11.0,15.1,0.0,535.0
2026-01-19 21:30:00,354.8,112.776,11.1,15.1,0.0,535.0
2026-01-19 21:45:00,355.4,115.824,11.1,15.1,0.0,535.0
2026-01-19 22:00:00,356.1,115.824,11.2,15.0,0.0,499.0
2026-01-19 22:15:00,356.5,115.824,11.3,15.0,0.0,499.0
2026-01-19 22:30:00,357.1,112.776,11.3,15.0,0.0,499.0
2026-01-19 22:45:00,357.4,112.776,11.3,15.0,0.0,499.0
2026-01-19 23:00:00,357.4,115.824,11.3,14.7,0.0,397.0
2026-01-19 23:15:00,357.7,115.824,11.4,14.7,0.0,397.0
2026-01-19 23:30:00,358.2,115.824,11.4,14.7,0.0,397.0
2026-01-19 23:45:00,358.5,112.776,11.4,14.7,0.0,397.0
2026-01-20 00:00:00,358.7,112.776,11.5,15.0,0.0,257.0
2026-01-20 00:15:00,358.7,112.776,11.5,15.0,0.0,257.0
2026-01-20 00:30:00,358.7,115.824,11.4,15.0,0.0,257.0
2026-01-20 00:45:00,358.8,115.824,11.5,15.0,0.0,257.0
2026-01-20 01:00:00,359.0,115.824,11.5,12.0,0.0,95.0
2026-01-20 01:15:00,359.0,115.824,11.5,12.0,0.0,95.0
2026-01-20 01:30:00,358.7,112.776,11.5,12.0,0.0,95.0
2026-01-20 01:45:00,358.3,112.776,11.4,12.0,0.0,95.0
2026-01-20 02:00:00,357.8,115.824,11.4,9.5,0.0,2.0
2026-01-20 02:15:00,357.7,112.776,11.3,9.5,0.0,2.0
2026-01-20 02:30:00,357.5,112.776,11.3,9.5,0.0,2.0
2026-01-20 02:45:00,356.8,112.776,11.3,9.5,0.0,2.0
2026-01-20 03:00:00,356.4,112.776,11.2,8.2,0.0,0.0
2026-01-20 03:15:00,356.2,115.824,11.2,8.2,0.0,0.0
2026-01-20 03:30:00,355.6,115.824,11.1,8.2,0.0,0.0
2026-01-20 03:45:00,355.2,112.776,11.1,8.2,0.0,0.0
2026-01-20 04:00:00,354.9,112.776,11.0,7.4,0.0,0.0
2026-01-20 04:15:00,354.3,112.776,11.0,7.4,0.0,0.0
2026-01-20 04:30:00,353.8,112.776,10.9,7.4,0.0,0.0
2026-01-20 04:45:00,353.5,115.824,10.9,7.4,0.0,0.0
2026-01-20 05:00:00,353.0,115.824,10.9,7.0,0.0,0.0
2026-01-20 05:15:00,352.9,115.824,10.9,7.0,0.0,0.0
2026-01-20 05:30:00,352.5,112.776,10.8,7.0,0.0,0.0
2026-01-20 05:45:00,352.0,112.776,10.8,7.0,0.0,0.0
2026-01-20 06:00:00,351.9,115.824,10.8,7.0,0.0,0.0
2026-01-20 06:15:00,351.3,115.824,10.7,7.0,0.0,0.0
2026-01-20 06:30:00,351.2,115.824,10.7,7.0,0.0,0.0
2026-01-20 06:45:00,351.0,115.824,10.7,7.0,0.0,0.0
2026-01-20 07:00:00,350.7,115.824,10.6,6.7,0.0,0.0
2026-01-20 07:15:00,350.3,115.824,10.6,6.7,0.0,0.0
2026-01-20 07:30:00,350.0,115.824,10.6,6.7,0.0,0.0
2026-01-20 07:45:00,349.4,115.824,10.5,6.7,0.0,0.0
2026-01-20 08:00:00,349.4,115.824,10.5,5.9,0.0,0.0
2026-01-20 08:15:00,349.2,112.776,10.5,5.9,0.0,0.0
2026-01-20 08:30:00,348.7,115.824,10.4,5.9,0.0,0.0
2026-01-20 08:45:00,348.3,115.824,10.4,5.9,0.0,0.0
2026-01-20 09:00:00,347.7,115.824,10.4,5.6,0.0,0.0
2026-01-20 09:15:00,347.6,115.824,10.3,5.6,0.0,0.0
2026-01-20 09:30:00,347.5,115.824,10.3,5.6,0.0,0.0
2026-01-20 09:45:00,347.0,115.824,10.3,5.6,0.0,0.0
2026-01-20 10:00:00,346.9,115.824,10.3,5.4,0.0,0.0
2026-01-20 10:15:00,346.5,115.824,10.2,5.4,0.0,0.0
2026-01-20 10:30:00,346.3,115.824,10.2,5.4,0.0,0.0
2026-01-20 10:45:00,346.0,115.824,10.2,5.4,0.0,0.0
2026-01-20 11:00:00,346.0,115.824,10.2,5.5,0.0,0.0
2026-01-20 11:15:00,345.6,115.824,10.2,5.5,0.0,0.0
2026-01-20 11:30:00,345.5,115.824,10.1,5.5,0.0,0.0
2026-01-20 11:45:00,345.2,115.824,10.1,5.5,0.0,0.0
2026-01-20 12:00:00,345.2,115.824,10.1,5.6,0.0,0.0
2026-01-20 12:15:00,345.2,115.824,10.1,5.6,0.0,0.0
2026-01-20 12:30:00,345.2,115.824,10.1,5.6,0.0,0.0
2026-01-20 12:45:00,344.9,115.824,10.1,5.6,0.0,0.0
2026-01-20 13:00:00,344.6,115.824,10.1,5.2,0.0,0.0
2026-01-20 13:15:00,344.6,115.824,10.0,5.2,0.0,0.0
2026-01-20 13:30:00,344.5,115.824,10.0,5.2,0.0,0.0
2026-01-20 13:45:00,344.6,115.824,10.0,5.2,0.0,0.0
2026-01-20 14:00:00,344.3,115.824,10.0,4.9,0.0,0.0
2026-01-20 14:15:00,344.2,115.824,10.0,4.9,0.0,0.0
2026-01-20 14:30:00,343.9,118.872,10.0,4.9,0.0,0.0
2026-01-20 14:45:00,344.0,115.824,10.0,4.9,0.0,0.0
2026-01-20 15:00:00,344.0,115.824,10.0,5.1,0.0,0.0
2026-01-20 15:15:00,344.3,115.824,10.0,5.1,0.0,0.0
2026-01-20 15:30:00,344.3,115.824,10.0,5.1,0.0,0.0
2026-01-20 15:45:00,344.1,115.824,9.9,5.1,0.0,0.0
2026-01-20 16:00:00,344.2,115.824,9.9,5.1,0.0,14.0
2026-01-20 16:15:00,344.2,115.824,9.9,5.1,0.0,14.0
2026-01-20 16:30:00,344.3,115.824,9.9,5.1,0.0,14.0
2026-01-20 16:45:00,344.2,115.824,9.9,5.1,0.0,14.0
2026-01-20 17:00:00,344.0,112.776,9.9,7.2,0.0,106.0
2026-01-20 17:15:00,344.2,118.872,9.9,7.2,0.0,106.0
2026-01-20 17:30:00,344.6,115.824,10.0,7.2,0.0,106.0
2026-01-20 17:45:00,345.0,115.824,10.0,7.2,0.0,106.0
2026-01-20 18:00:00,345.2,115.824,10.1,9.2,0.0,251.0
2026-01-20 18:15:00,345.3,115.824,10.1,9.2,0.0,251.0
2026-01-20 18:30:00,345.5,115.824,10.1,9.2,0.0,251.0
2026-01-20 18:45:00,346.0,115.824,10.2,9.2,0.0,251.0
2026-01-20 19:00:00,346.6,115.824,10.3,11.3,0.0,378.0
2026-01-20 19:15:00,347.4,115.824,10.3,11.3,0.0,378.0
2026-01-20 19:30:00,348.3,115.824,10.4,11.3,0.0,378.0
2026-01-20 19:45:00,348.9,112.776,10.5,11.3,0.0,378.0
2026-01-20 20:00:00,349.1,115.824,10.6,12.6,0.0,442.0
2026-01-20 20:15:00,349.8,115.824,10.6,12.6,0.0,442.0
2026-01-20 20:30:00,350.4,115.824,10.7,12.6,0.0,442.0
2026-01-20 20:45:00,351.1,112.776,10.7,12.6,0.0,442.0
2026-01-20 21:00:00,351.7,112.776,10.8,13.8,0.0,457.0
2026-01-20 21:15:00,352.1,112.776,10.8,13.8,0.0,457.0
2026-01-20 21:30:00,352.7,115.824,10.9,13.8,0.0,457.0
2026-01-20 21:45:00,353.3,115.824,10.9,13.8,0.0,457.0
2026-01-20 22:00:00,354.1,112.776,11.0,14.1,0.0,384.0
2026-01-20 22:15:00,354.5,112.776,11.0,14.1,0.0,384.0
2026-01-20 22:30:00,355.0,112.776,11.0,14.1,0.0,384.0
2026-01-20 22:45:00,355.4,112.776,11.1,14.1,0.0,384.0
2026-01-20 23:00:00,355.4,115.824,11.1,13.7,0.0,245.0
2026-01-20 23:15:00,356.0,115.824,11.2,13.7,0.0,245.0
2026-01-20 23:30:00,356.7,115.824,11.2,13.7,0.0,245.0
2026-01-20 23:45:00,356.8,112.776,11.2,13.7,0.0,245.0
2026-01-21 00:00:00,357.4,112.776,11.2,12.8,0.0,94.0
2026-01-21 00:15:00,357.5,115.824,11.2,12.8,0.0,94.0
2026-01-21 00:30:00,357.7,115.824,11.2,12.8,0.0,94.0
2026-01-21 00:45:00,358.0,112.776,11.2,12.8,0.0,94.0
2026-01-21 01:00:00,358.0,112.776,11.2,11.0,0.0,50.0
2026-01-21 01:15:00,358.0,112.776,11.2,11.0,0.0,50.0
2026-01-21 01:30:00,358.1,112.776,11.2,11.0,0.0,50.0
2026-01-21 01:45:00,358.1,115.824,11.1,11.0,0.0,50.0
2026-01-21 02:00:00,358.9,115.824,11.1,9.2,0.0,2.0
2026-01-21 02:15:00,359.1,112.776,11.1,9.2,0.0,2.0
2026-01-21 02:30:00,359.2,115.824,11.1,9.2,0.0,2.0
2026-01-21 02:45:00,359.4,112.776,11.1,9.2,0.0,2.0
2026-01-21 03:00:00,359.4,112.776,11.0,8.4,0.0,0.0
2026-01-21 03:15:00,359.7,115.824,11.0,8.4,0.0,0.0
2026-01-21 03:30:00,359.7,112.776,11.0,8.4,0.0,0.0
2026-01-21 03:45:00,360.1,112.776,11.0,8.4,0.0,0.0
2026-01-21 04:00:00,360.1,112.776,10.9,7.7,0.0,0.0
2026-01-21 04:15:00,359.8,112.776,10.9,7.7,0.0,0.0
2026-01-21 04:30:00,359.8,115.824,10.9,7.7,0.0,0.0
2026-01-21 04:45:00,359.7,115.824,10.9,7.7,0.0,0.0
2026-01-21 05:00:00,359.7,112.776,10.9,7.2,0.0,0.0
2026-01-21 05:15:00,359.7,112.776,10.9,7.2,0.0,0.0
2026-01-21 05:30:00,359.4,112.776,10.8,7.2,0.0,0.0
2026-01-21 05:45:00,359.3,112.776,10.8,7.2,0.0,0.0
2026-01-21 06:00:00,359.0,115.824,10.8,7.0,0.0,0.0
2026-01-21 06:15:00,359.0,115.824,10.8,7.0,0.0,0.0
2026-01-21 06:30:00,359.0,115.824,10.8,7.0,0.0,0.0
2026-01-21 06:45:00,358.8,112.776,10.8,7.0,0.0,0.0
2026-01-21 07:00:00,358.7,112.776,10.8,7.4,0.0,0.0
2026-01-21 07:15:00,358.5,115.824,10.7,7.4,0.0,0.0
2026-01-21 07:30:00,358.5,115.824,10.7,7.4,0.0,0.0
2026-01-21 07:45:00,358.7,112.776,10.7,7.4,0.0,0.0
2026-01-21 08:00:00,358.7,112.776,10.7,7.1,0.0,0.0
2026-01-21 08:15:00,358.5,112.776,10.7,7.1,0.0,0.0
2026-01-21 08:30:00,358.2,112.776,10.7,7.1,0.0,0.0
2026-01-21 08:45:00,358.2,115.824,10.7,7.1,0.0,0.0
2026-01-21 09:00:00,358.2,112.776,10.6,6.7,0.0,0.0
2026-01-21 09:15:00,358.2,112.776,10.7,6.7,0.0,0.0
2026-01-21 09:30:00,358.1,112.776,10.6,6.7,0.0,0.0
2026-01-21 09:45:00,358.2,112.776,10.6,6.7,0.0,0.0
2026-01-21 10:00:00,357.8,115.824,10.6,6.5,0.0,0.0
2026-01-21 10:15:00,357.7,115.824,10.6,6.5,0.0,0.0
2026-01-21 10:30:00,357.8,115.824,10.6,6.5,0.0,0.0
2026-01-21 10:45:00,357.5,112.776,10.6,6.5,0.0,0.0
2026-01-21 11:00:00,357.5,112.776,10.6,6.2,0.0,0.0
2026-01-21 11:15:00,357.2,115.824,10.6,6.2,0.0,0.0
2026-01-21 11:30:00,356.9,115.824,10.5,6.2,0.0,0.0
2026-01-21 11:45:00,356.9,115.824,10.5,6.2,0.0,0.0
2026-01-21 12:00:00,356.8,112.776,10.5,6.4,0.0,0.0
2026-01-21 12:15:00,356.7,112.776,10.5,6.4,0.0,0.0
2026-01-21 12:30:00,356.2,112.776,10.4,6.4,0.0,0.0
2026-01-21 12:45:00,356.1,115.824,10.4,6.4,0.0,0.0
2026-01-21 13:00:00,355.8,115.824,10.4,5.9,0.0,0.0
2026-01-21 13:15:00,355.8,112.776,10.4,5.9,0.0,0.0
2026-01-21 13:30:00,355.8,112.776,10.4,5.9,0.0,0.0
2026-01-21 13:45:00,355.5,112.776,10.4,5.9,0.0,0.0
2026-01-21 14:00:00,355.2,112.776,10.3,5.6,0.0,0.0
2026-01-21 14:15:00,355.0,115.824,10.3,5.6,0.0,0.0
2026-01-21 14:30:00,355.0,115.824,10.3,5.6,0.0,0.0
2026-01-21 14:45:00,355.0,115.824,10.3,5.6,0.0,0.0
2026-01-21 15:00:00,354.8,112.776,10.3,5.1,0.0,0.0
2026-01-21 15:15:00,354.6,112.776,10.2,5.1,0.0,0.0
2026-01-21 15:30:00,354.3,112.776,10.2,5.1,0.0,0.0
2026-01-21 15:45:00,354.1,115.824,10.2,5.1,0.0,0.0
2026-01-21 16:00:00,353.7,115.824,10.2,5.4,0.0,14.0
2026-01-21 16:15:00,353.8,115.824,10.2,5.4,0.0,14.0
2026-01-21 16:30:00,353.6,112.776,10.1,5.4,0.0,14.0
2026-01-21 16:45:00,353.4,112.776,10.1,5.4,0.0,14.0
2026-01-21 17:00:00,353.5,115.824,10.1,8.4,0.0,106.0
2026-01-21 17:15:00,353.5,115.824,10.2,8.4,0.0,106.0
2026-01-21 17:30:00,353.9,112.776,10.2,8.4,0.0,106.0
2026-01-21 17:45:00,354.1,112.776,10.2,8.4,0.0,106.0
2026-01-21 18:00:00,354.2,112.776,10.2,9.7,0.0,179.0
2026-01-21 18:15:00,354.5,112.776,10.2,9.7,0.0,179.0
2026-01-21 18:30:00,354.5,115.824,10.3,9.7,0.0,179.0
2026-01-21 18:45:00,355.1,115.824,10.3,9.7,0.0,179.0
2026-01-21 19:00:00,355.5,112.776,10.4,11.2,0.0,251.0
2026-01-21 19:15:00,355.8,112.776,10.4,11.2,0.0,251.0
2026-01-21 19:30:00,356.1,112.776,10.4,11.2,0.0,251.0
2026-01-21 19:45:00,356.2,115.824,10.4,11.2,0.0,251.0
2026-01-21 20:00:00,356.5,115.824,10.5,12.3,0.0,300.0
2026-01-21 20:15:00,357.2,115.824,10.6,12.3,0.0,300.0
2026-01-21 20:30:00,357.7,112.776,10.6,12.3,0.0,300.0
2026-01-21 20:45:00,358.1,112.776,10.6,12.3,0.0,300.0
2026-01-21 21:00:00,358.2,112.776,10.7,12.9,0.0,288.0
2026-01-21 21:15:00,358.7,115.824,10.7,12.9,0.0,288.0
2026-01-21 21:30:00,359.4,115.824,10.8,12.9,0.0,288.0
2026-01-21 21:45:00,360.0,112.776,10.8,12.9,0.0,288.0
2026-01-21 22:00:00,360.4,112.776,10.9,13.3,0.0,291.0
2026-01-21 22:15:00,360.5,112.776,10.9,13.3,0.0,291.0
2026-01-21 22:30:00,360.8,112.776,10.9,13.3,0.0,291.0
2026-01-21 22:45:00,361.3,115.824,11.0,13.3,0.0,291.0
2026-01-21 23:00:00,361.6,112.776,11.0,13.4,0.0,212.0
2026-01-21 23:15:00,362.0,112.776,11.1,13.4,0.0,212.0
2026-01-21 23:30:00,362.3,112.776,11.1,13.4,0.0,212.0
2026-01-21 23:45:00,362.4,112.776,11.1,13.4,0.0,212.0
2026-01-22 00:00:00,362.2,115.824,11.1,11.9,0.0,84.0
2026-01-22 00:15:00,362.6,112.776,11.1,11.9,0.0,84.0
2026-01-22 00:30:00,362.5,112.776,11.1,11.9,0.0,84.0
2026-01-22 00:45:00,362.7,112.776,11.1,11.9,0.0,84.0
2026-01-22 01:00:00,362.4,112.776,11.1,10.4,0.0,32.0
2026-01-22 01:15:00,362.1,115.824,11.1,10.4,0.0,32.0
2026-01-22 01:30:00,362.1,115.824,11.1,10.4,0.0,32.0
2026-01-22 01:45:00,362.0,112.776,11.1,10.4,0.0,32.0
2026-01-22 02:00:00,362.3,112.776,11.1,9.3,0.0,1.0
2026-01-22 02:15:00,362.1,112.776,11.1,9.3,0.0,1.0
2026-01-22 02:30:00,361.9,112.776,11.0,9.3,0.0,1.0
2026-01-22 02:45:00,361.9,115.824,11.0,9.3,0.0,1.0
2026-01-22 03:00:00,361.6,115.824,11.0,9.1,0.0,0.0
2026-01-22 03:15:00,361.5,112.776,11.0,9.1,0.0,0.0
2026-01-22 03:30:00,361.1,112.776,11.0,9.1,0.0,0.0
2026-01-22 03:45:00,360.8,112.776,11.0,9.1,0.0,0.0
2026-01-22 04:00:00,360.6,112.776,10.9,8.5,0.0,0.0
2026-01-22 04:15:00,360.4,115.824,10.9,8.5,0.0,0.0
2026-01-22 04:30:00,360.1,112.776,10.9,8.5,0.0,0.0
2026-01-22 04:45:00,360.3,112.776,11.0,8.5,0.0,0.0
2026-01-22 05:00:00,360.3,112.776,10.9,8.2,0.0,0.0
2026-01-22 05:15:00,360.1,112.776,10.9,8.2,0.0,0.0
2026-01-22 05:30:00,359.8,115.824,10.9,8.2,0.0,0.0
2026-01-22 05:45:00,359.8,112.776,10.9,8.2,0.0,0.0
2026-01-22 06:00:00,359.7,112.776,10.9,8.0,0.0,0.0
2026-01-22 06:15:00,359.7,112.776,10.9,8.0,0.0,0.0
2026-01-22 06:30:00,359.7,112.776,10.9,8.0,0.0,0.0
2026-01-22 06:45:00,359.6,112.776,10.9,8.0,0.0,0.0
2026-01-22 07:00:00,359.3,115.824,10.9,8.2,0.0,0.0
2026-01-22 07:15:00,359.3,112.776,10.9,8.2,0.0,0.0
2026-01-22 07:30:00,359.2,112.776,10.9,8.2,0.0,0.0
2026-01-22 07:45:00,359.2,112.776,10.9,8.2,0.0,0.0
2026-01-22 08:00:00,359.0,112.776,10.9,8.3,0.0,0.0
2026-01-22 08:15:00,358.5,115.824,10.9,8.3,0.0,0.0
2026-01-22 08:30:00,358.4,115.824,10.8,8.3,0.0,0.0
2026-01-22 08:45:00,358.4,112.776,10.8,8.3,0.0,0.0
2026-01-22 09:00:00,358.4,112.776,10.8,8.2,0.0,0.0
2026-01-22 09:15:00,358.1,112.776,10.8,8.2,0.0,0.0
2026-01-22 09:30:00,358.1,112.776,10.8,8.2,0.0,0.0
2026-01-22 09:45:00,357.8,115.824,10.8,8.2,0.0,0.0
2026-01-22 10:00:00,357.8,112.776,10.8,7.9,0.0,0.0
2026-01-22 10:15:00,358.0,112.776,10.8,7.9,0.0,0.0
2026-01-22 10:30:00,358.0,112.776,10.8,7.9,0.0,0.0
2026-01-22 10:45:00,358.0,112.776,10.8,7.9,0.0,0.0
2026-01-22 11:00:00,357.7,115.824,10.8,7.4,0.0,0.0
2026-01-22 11:15:00,357.5,115.824,10.8,7.4,0.0,0.0
2026-01-22 11:30:00,357.4,112.776,10.8,7.4,0.0,0.0
2026-01-22 11:45:00,357.4,112.776,10.8,7.4,0.0,0.0
2026-01-22 12:00:00,357.2,112.776,10.7,7.2,0.0,0.0
2026-01-22 12:15:00,356.8,112.776,10.7,7.2,0.0,0.0
2026-01-22 12:30:00,356.4,115.824,10.6,7.2,0.0,0.0
2026-01-22 12:45:00,356.4,112.776,10.6,7.2,0.0,0.0
2026-01-22 13:00:00,356.1,112.776,10.6,6.1,0.0,0.0
2026-01-22 13:15:00,356.0,112.776,10.6,6.1,0.0,0.0
2026-01-22 13:30:00,355.6,112.776,10.6,6.1,0.0,0.0
2026-01-22 13:45:00,355.5,115.824,10.6,6.1,0.0,0.0
2026-01-22 14:00:00,355.2,115.824,10.5,6.2,0.0,0.0
2026-01-22 14:15:00,355.2,112.776,10.5,6.2,0.0,0.0
2026-01-22 14:30:00,354.9,112.776,10.5,6.2,0.0,0.0
2026-01-22 14:45:00,354.7,112.776,10.5,6.2,0.0,0.0
2026-01-22 15:00:00,354.1,115.824,10.4,6.1,0.0,0.0
2026-01-22 15:15:00,353.8,115.824,10.4,6.1,0.0,0.0
2026-01-22 15:30:00,353.8,112.776,10.4,6.1,0.0,0.0
2026-01-22 15:45:00,353.6,112.776,10.4,6.1,0.0,0.0
2026-01-22 16:00:00,353.5,112.776,10.3,7.1,0.0,17.0
2026-01-22 16:15:00,353.2,112.776,10.3,7.1,0.0,17.0
2026-01-22 16:30:00,353.1,115.824,10.3,7.1,0.0,17.0
2026-01-22 16:45:00,353.1,112.776,10.3,7.1,0.0,17.0
2026-01-22 17:00:00,353.1,112.776,10.3,9.6,0.0,143.0
2026-01-22 17:15:00,353.4,112.776,10.3,9.6,0.0,143.0
2026-01-22 17:30:00,353.5,112.776,10.4,9.6,0.0,143.0
2026-01-22 17:45:00,353.5,115.824,10.4,9.6,0.0,143.0
2026-01-22 18:00:00,353.9,112.776,10.4,11.4,0.0,261.0
2026-01-22 18:15:00,354.5,112.776,10.5,11.4,0.0,261.0
2026-01-22 18:30:00,354.7,112.776,10.5,11.4,0.0,261.0
2026-01-22 18:45:00,355.2,112.776,10.6,11.4,0.0,261.0
2026-01-22 19:00:00,355.6,112.776,10.6,13.3,0.0,401.0
2026-01-22 19:15:00,356.2,112.776,10.7,13.3,0.0,401.0
2026-01-22 19:30:00,356.7,112.776,10.7,13.3,0.0,401.0
2026-01-22 19:45:00,357.4,109.728,10.8,13.3,0.0,401.0
2026-01-22 20:00:00,358.0,112.776,10.9,14.5,0.0,478.0
2026-01-22 20:15:00,358.6,112.776,10.9,14.5,0.0,478.0
2026-01-22 20:30:00,359.0,115.824,11.0,14.5,0.0,478.0
2026-01-22 20:45:00,359.4,112.776,11.1,14.5,0.0,478.0
2026-01-22 21:00:00,360.0,109.728,11.1,14.9,0.0,523.0
2026-01-22 21:15:00,360.9,109.728,11.2,14.9,0.0,523.0
2026-01-22 21:30:00,361.3,109.728,11.2,14.9,0.0,523.0
2026-01-22 21:45:00,361.9,115.824,11.3,14.9,0.0,523.0
2026-01-22 22:00:00,362.3,112.776,11.3,15.6,0.0,496.0
2026-01-22 22:15:00,362.9,112.776,11.4,15.6,0.0,496.0
2026-01-22 22:30:00,363.3,112.776,11.4,15.6,0.0,496.0
2026-01-22 22:45:00,363.5,109.728,11.5,15.6,0.0,496.0
2026-01-22 23:00:00,363.8,109.728,11.5,15.7,0.0,400.0
2026-01-22 23:15:00,363.6,115.824,11.5,15.7,0.0,400.0
2026-01-22 23:30:00,363.6,112.776,11.5,15.7,0.0,400.0
2026-01-22 23:45:00,364.1,109.728,11.5,15.7,0.0,400.0
2026-01-23 00:00:00,363.9,109.728,11.5,16.1,0.0,261.0
2026-01-23 00:15:00,364.1,109.728,11.5,16.1,0.0,261.0
2026-01-23 00:30:00,363.8,112.776,11.5,16.1,0.0,261.0
2026-01-23 00:45:00,363.7,112.776,11.5,16.1,0.0,261.0
2026-01-23 01:00:00,363.7,112.776,11.5,13.4,0.0,100.0
2026-01-23 01:15:00,363.8,109.728,11.5,13.4,0.0,100.0
2026-01-23 01:30:00,363.6,109.728,11.5,13.4,0.0,100.0
2026-01-23 01:45:00,363.2,109.728,11.5,13.4,0.0,100.0
2026-01-23 02:00:00,363.2,115.824,11.4,10.8,0.0,3.0
2026-01-23 02:15:00,362.8,112.776,11.4,10.8,0.0,3.0
2026-01-23 02:30:00,362.5,112.776,11.4,10.8,0.0,3.0
2026-01-23 02:45:00,362.4,112.776,11.3,10.8,0.0,3.0
2026-01-23 03:00:00,361.8,112.776,11.3,9.7,0.0,0.0
2026-01-23 03:15:00,361.4,115.824,11.3,9.7,0.0,0.0
2026-01-23 03:30:00,361.1,115.824,11.2,9.7,0.0,0.0
2026-01-23 03:45:00,361.0,112.776,11.2,9.7,0.0,0.0
2026-01-23 04:00:00,360.8,112.776,11.2,9.6,0.0,0.0
2026-01-23 04:15:00,360.3,112.776,11.2,9.6,0.0,0.0
2026-01-23 04:30:00,359.8,112.776,11.1,9.6,0.0,0.0
2026-01-23 04:45:00,359.6,115.824,11.1,9.6,0.0,0.0
2026-01-23 05:00:00,359.1,112.776,11.0,9.1,0.0,0.0
2026-01-23 05:15:00,359.1,112.776,11.0,9.1,0.0,0.0
2026-01-23 05:30:00,358.8,112.776,11.0,9.1,0.0,0.0
2026-01-23 05:45:00,358.5,112.776,11.0,9.1,0.0,0.0
2026-01-23 06:00:00,358.2,115.824,10.9,8.3,0.0,0.0
2026-01-23 06:15:00,358.2,112.776,10.9,8.3,0.0,0.0
2026-01-23 06:30:00,358.2,112.776,10.9,8.3,0.0,0.0
2026-01-23 06:45:00,358.2,112.776,10.9,8.3,0.0,0.0
2026-01-23 07:00:00,357.8,112.776,10.9,8.3,0.0,0.0
2026-01-23 07:15:00,357.7,115.824,10.9,8.3,0.0,0.0
2026-01-23 07:30:00,357.5,115.824,10.9,8.3,0.0,0.0
2026-01-23 07:45:00,357.5,115.824,10.9,8.3,0.0,0.0
2026-01-23 08:00:00,357.5,112.776,10.9,8.5,0.0,0.0
2026-01-23 08:15:00,357.4,112.776,10.9,8.5,0.0,0.0
2026-01-23 08:30:00,357.4,112.776,10.8,8.5,0.0,0.0
2026-01-23 08:45:00,357.2,115.824,10.8,8.5,0.0,0.0
2026-01-23 09:00:00,357.2,112.776,10.8,8.4,0.0,0.0
2026-01-23 09:15:00,357.2,112.776,10.9,8.4,0.0,0.0
2026-01-23 09:30:00,357.2,112.776,10.8,8.4,0.0,0.0
2026-01-23 09:45:00,356.9,112.776,10.8,8.4,0.0,0.0
2026-01-23 10:00:00,357.1,115.824,10.8,8.3,0.0,0.0
2026-01-23 10:15:00,356.9,112.776,10.8,8.3,0.0,0.0
2026-01-23 10:30:00,356.9,112.776,10.8,8.3,0.0,0.0
2026-01-23 10:45:00,357.1,112.776,10.8,8.3,0.0,0.0
2026-01-23 11:00:00,356.5,112.776,10.8,8.7,0.0,0.0
2026-01-23 11:15:00,356.5,115.824,10.8,8.7,0.0,0.0
2026-01-23 11:30:00,356.4,112.776,10.8,8.7,0.0,0.0
2026-01-23 11:45:00,356.5,112.776,10.8,8.7,0.0,0.0
2026-01-23 12:00:00,356.4,112.776,10.8,8.8,0.0,0.0
2026-01-23 12:15:00,356.2,112.776,10.8,8.8,0.0,0.0
2026-01-23 12:30:00,356.1,115.824,10.8,8.8,0.0,0.0
2026-01-23 12:45:00,355.9,112.776,10.7,8.8,0.0,0.0
2026-01-23 13:00:00,355.9,112.776,10.7,9.0,0.0,0.0
2026-01-23 13:15:00,355.9,112.776,10.7,9.0,0.0,0.0
2026-01-23 13:30:00,355.8,112.776,10.7,9.0,0.0,0.0
2026-01-23 13:45:00,355.6,115.824,10.7,9.0,0.0,0.0
2026-01-23 14:00:00,355.5,112.776,10.7,8.8,0.0,0.0
2026-01-23 14:15:00,355.5,112.776,10.7,8.8,0.0,0.0
2026-01-23 14:30:00,355.4,112.776,10.7,8.8,0.0,0.0
2026-01-23 14:45:00,355.2,112.776,10.7,8.8,0.0,0.0
2026-01-23 15:00:00,354.9,115.824,10.7,8.9,0.0,0.0
2026-01-23 15:15:00,354.9,115.824,10.6,8.9,0.0,0.0
2026-01-23 15:30:00,354.9,112.776,10.6,8.9,0.0,0.0
2026-01-23 15:45:00,354.8,112.776,10.6,8.9,0.0,0.0
2026-01-23 16:00:00,354.8,112.776,10.6,8.8,0.0,9.0
2026-01-23 16:15:00,354.6,115.824,10.6,8.8,0.0,9.0
2026-01-23 16:30:00,354.6,115.824,10.6,8.8,0.0,9.0
2026-01-23 16:45:00,354.6,112.776,10.6,8.8,0.0,9.0
2026-01-23 17:00:00,354.8,112.776,10.6,9.1,0.0,87.0
2026-01-23 17:15:00,354.9,112.776,10.6,9.1,0.0,87.0
2026-01-23 17:30:00,354.8,115.824,10.6,9.1,0.0,87.0
2026-01-23 17:45:00,354.6,115.824,10.6,9.1,0.0,87.0
2026-01-23 18:00:00,354.8,112.776,10.6,9.8,0.0,201.0
2026-01-23 18:15:00,354.9,112.776,10.7,9.8,0.0,201.0
2026-01-23 18:30:00,355.1,112.776,10.7,9.8,0.0,201.0
2026-01-23 18:45:00,355.3,112.776,10.7,9.8,0.0,201.0
2026-01-23 19:00:00,355.3,115.824,10.7,11.2,0.0,293.0
2026-01-23 19:15:00,356.1,112.776,10.8,11.2,0.0,293.0
2026-01-23 19:30:00,356.2,112.776,10.8,11.2,0.0,293.0
2026-01-23 19:45:00,356.8,112.776,10.8,11.2,0.0,293.0
2026-01-23 20:00:00,356.8,112.776,10.8,11.9,0.0,317.0
2026-01-23 20:15:00,357.1,115.824,10.9,11.9,0.0,317.0
2026-01-23 20:30:00,357.5,112.776,10.9,11.9,0.0,317.0
2026-01-23 20:45:00,357.8,112.776,11.0,11.9,0.0,317.0
2026-01-23 21:00:00,358.1,112.776,11.0,12.5,0.0,346.0
2026-01-23 21:15:00,358.4,112.776,11.0,12.5,0.0,346.0
2026-01-23 21:30:00,358.4,115.824,11.0,12.5,0.0,346.0
2026-01-23 21:45:00,358.4,112.776,11.0,12.5,0.0,346.0
2026-01-23 22:00:00,358.5,112.776,11.0,13.0,0.0,388.0
2026-01-23 22:15:00,358.5,112.776,11.0,13.0,0.0,388.0
2026-01-23 22:30:00,358.5,112.776,11.0,13.0,0.0,388.0
2026-01-23 22:45:00,358.5,115.824,11.0,13.0,0.0,388.0
2026-01-23 23:00:00,358.4,112.776,11.0,12.7,0.0,351.0
2026-01-23 23:15:00,358.7,112.776,11.1,12.7,0.0,351.0
2026-01-23 23:30:00,359.0,112.776,11.1,12.7,0.0,351.0
2026-01-23 23:45:00,359.0,112.776,11.1,12.7,0.0,351.0
2026-01-24 00:00:00,358.7,112.776,11.1,12.0,0.0,265.0
2026-01-24 00:15:00,358.7,112.776,11.1,12.0,0.0,265.0
2026-01-24 00:30:00,358.5,112.776,11.1,12.0,0.0,265.0
2026-01-24 00:45:00,358.7,112.776,11.1,12.0,0.0,265.0
2026-01-24 01:00:00,358.5,112.776,11.1,10.7,0.0,101.0
2026-01-24 01:15:00,358.2,115.824,11.0,10.7,0.0,101.0
2026-01-24 01:30:00,357.8,115.824,11.0,10.7,0.0,101.0
2026-01-24 01:45:00,357.8,112.776,11.0,10.7,0.0,101.0
2026-01-24 02:00:00,357.5,112.776,11.0,8.9,0.0,4.0
2026-01-24 02:15:00,357.4,112.776,10.9,8.9,0.0,4.0
2026-01-24 02:30:00,357.1,112.776,10.9,8.9,0.0,4.0
2026-01-24 02:45:00,356.7,115.824,10.8,8.9,0.0,4.0
2026-01-24 03:00:00,356.5,112.776,10.8,8.3,0.0,0.0
2026-01-24 03:15:00,356.2,112.776,10.8,8.3,0.0,0.0
2026-01-24 03:30:00,356.1,112.776,10.8,8.3,0.0,0.0
2026-01-24 03:45:00,355.7,112.776,10.8,8.3,0.0,0.0
2026-01-24 04:00:00,355.5,115.824,10.7,7.6,0.0,0.0
2026-01-24 04:15:00,355.2,112.776,10.7,7.6,0.0,0.0
2026-01-24 04:30:00,355.5,112.776,10.7,7.6,0.0,0.0
2026-01-24 04:45:00,355.5,112.776,10.7,7.6,0.0,0.0
2026-01-24 05:00:00,355.5,112.776,10.7,7.1,0.0,0.0
2026-01-24 05:15:00,355.2,115.824,10.7,7.1,0.0,0.0
2026-01-24 05:30:00,355.1,112.776,10.7,7.1,0.0,0.0
2026-01-24 05:45:00,355.1,112.776,10.7,7.1,0.0,0.0
2026-01-24 06:00:00,355.2,112.776,10.7,8.2,0.0,0.0
2026-01-24 06:15:00,355.2,112.776,10.6,8.2,0.0,0.0
2026-01-24 06:30:00,355.2,115.824,10.6,8.2,0.0,0.0
2026-01-24 06:45:00,354.9,115.824,10.6,8.2,0.0,0.0
2026-01-24 07:00:00,355.2,112.776,10.6,8.2,0.0,0.0
2026-01-24 07:15:00,355.1,112.776,10.6,8.2,0.0,0.0
2026-01-24 07:30:00,355.2,112.776,10.6,8.2,0.0,0.0
2026-01-24 07:45:00,355.2,115.824,10.6,8.2,0.0,0.0
2026-01-24 08:00:00,355.1,112.776,10.6,8.7,0.0,0.0
2026-01-24 08:15:00,355.4,112.776,10.6,8.7,0.0,0.0
2026-01-24 08:30:00,355.2,112.776,10.6,8.7,0.0,0.0
2026-01-24 08:45:00,355.2,112.776,10.6,8.7,0.0,0.0
2026-01-24 09:00:00,355.1,115.824,10.6,8.8,0.0,0.0
2026-01-24 09:15:00,355.2,112.776,10.6,8.8,0.0,0.0
2026-01-24 09:30:00,355.5,112.776,10.6,8.8,0.0,0.0
2026-01-24 09:45:00,355.7,112.776,10.6,8.8,0.0,0.0
2026-01-24 10:00:00,355.8,112.776,10.6,8.9,0.0,0.0
2026-01-24 10:15:00,355.8,115.824,10.6,8.9,0.0,0.0
2026-01-24 10:30:00,355.5,112.776,10.6,8.9,0.0,0.0
2026-01-24 10:45:00,355.4,112.776,10.6,8.9,0.0,0.0
2026-01-24 11:00:00,355.5,112.776,10.5,8.8,0.0,0.0
2026-01-24 11:15:00,355.1,112.776,10.5,8.8,0.0,0.0
2026-01-24 11:30:00,354.9,115.824,10.4,8.8,0.0,0.0
2026-01-24 11:45:00,354.6,112.776,10.4,8.8,0.0,0.0
2026-01-24 12:00:00,354.4,112.776,10.4,6.8,0.0,0.0
2026-01-24 12:15:00,354.2,112.776,10.4,6.8,0.0,0.0
2026-01-24 12:30:00,353.9,112.776,10.3,6.8,0.0,0.0
2026-01-24 12:45:00,353.6,115.824,10.3,6.8,0.0,0.0
2026-01-24 13:00:00,353.3,115.824,10.2,6.6,0.0,0.0
2026-01-24 13:15:00,353.2,112.776,10.2,6.6,0.0,0.0
2026-01-24 13:30:00,353.1,112.776,10.2,6.6,0.0,0.0
2026-01-24 13:45:00,352.9,112.776,10.2,6.6,0.0,0.0
2026-01-24 14:00:00,352.5,115.824,10.1,6.3,0.0,0.0
2026-01-24 14:15:00,352.1,115.824,10.1,6.3,0.0,0.0
2026-01-24 14:30:00,352.1,112.776,10.1,6.3,0.0,0.0
2026-01-24 14:45:00,351.8,112.776,10.0,6.3,0.0,0.0
2026-01-24 15:00:00,351.4,112.776,10.0,5.8,0.0,0.0
2026-01-24 15:15:00,350.8,115.824,9.9,5.8,0.0,0.0
2026-01-24 15:30:00,350.7,115.824,9.9,5.8,0.0,0.0
2026-01-24 15:45:00,350.4,112.776,9.9,5.8,0.0,0.0
2026-01-24 16:00:00,350.2,112.776,9.8,6.5,0.0,18.0
2026-01-24 16:15:00,350.1,112.776,9.8,6.5,0.0,18.0
2026-01-24 16:30:00,349.8,112.776,9.8,6.5,0.0,18.0
2026-01-24 16:45:00,349.8,115.824,9.8,6.5,0.0,18.0
2026-01-24 17:00:00,349.8,112.776,9.8,9.0,0.0,137.0
2026-01-24 17:15:00,350.1,112.776,9.8,9.0,0.0,137.0
2026-01-24 17:30:00,350.1,112.776,9.8,9.0,0.0,137.0
2026-01-24 17:45:00,350.2,112.776,9.8,9.0,0.0,137.0
2026-01-24 18:00:00,350.7,112.776,9.9,11.3,0.0,312.0
2026-01-24 18:15:00,350.9,112.776,9.9,11.3,0.0,312.0
2026-01-24 18:30:00,351.7,112.776,10.0,11.3,0.0,312.0
2026-01-24 18:45:00,352.1,112.776,10.0,11.3,0.0,312.0
2026-01-24 19:00:00,352.4,112.776,10.1,13.0,0.0,455.0
2026-01-24 19:15:00,352.8,115.824,10.1,13.0,0.0,455.0
2026-01-24 19:30:00,353.5,112.776,10.1,13.0,0.0,455.0
2026-01-24 19:45:00,354.1,109.728,10.2,13.0,0.0,455.0
2026-01-24 20:00:00,354.2,109.728,10.2,14.5,0.0,552.0
2026-01-24 20:15:00,354.6,109.728,10.3,14.5,0.0,552.0
2026-01-24 20:30:00,354.9,112.776,10.3,14.5,0.0,552.0
2026-01-24 20:45:00,355.3,109.728,10.3,14.5,0.0,552.0
2026-01-24 21:00:00,355.9,109.728,10.4,15.7,0.0,579.0
2026-01-24 21:15:00,356.3,109.728,10.4,15.7,0.0,579.0
2026-01-24 21:30:00,356.4,109.728,10.4,15.7,0.0,579.0
2026-01-24 21:45:00,356.6,109.728,10.5,15.7,0.0,579.0
2026-01-24 22:00:00,356.7,109.728,10.5,16.2,0.0,541.0
2026-01-24 22:15:00,356.9,109.728,10.5,16.2,0.0,541.0
2026-01-24 22:30:00,357.3,109.728,10.5,16.2,0.0,541.0
2026-01-24 22:45:00,357.4,109.728,10.6,16.2,0.0,541.0
2026-01-24 23:00:00,357.7,109.728,10.6,16.0,0.0,441.0
2026-01-24 23:15:00,357.7,109.728,10.6,16.0,0.0,441.0
2026-01-24 23:30:00,358.0,109.728,10.6,16.0,0.0,441.0
2026-01-24 23:45:00,358.1,109.728,10.6,16.0,0.0,441.0
2026-01-25 00:00:00,358.2,106.68,10.6,16.2,0.0,291.0
2026-01-25 00:15:00,358.2,109.728,10.6,16.2,0.0,291.0
2026-01-25 00:30:00,358.0,109.728,10.6,16.2,0.0,291.0
2026-01-25 00:45:00,358.1,109.728,10.6,16.2,0.0,291.0
2026-01-25 01:00:00,358.1,109.728,10.6,13.5,0.0,118.0
2026-01-25 01:15:00,358.1,109.728,10.6,13.5,0.0,118.0
2026-01-25 01:30:00,358.0,109.728,10.6,13.5,0.0,118.0
2026-01-25 01:45:00,357.8,109.728,10.6,13.5,0.0,118.0
2026-01-25 02:00:00,357.8,109.728,10.6,10.7,0.0,5.0
2026-01-25 02:15:00,357.7,109.728,10.5,10.7,0.0,5.0
2026-01-25 02:30:00,357.4,109.728,10.5,10.7,0.0,5.0
2026-01-25 02:45:00,357.0,109.728,10.5,10.7,0.0,5.0
2026-01-25 03:00:00,356.6,112.776,10.4,9.5,0.0,0.0
2026-01-25 03:15:00,355.9,112.776,10.3,9.5,0.0,0.0
2026-01-25 03:30:00,355.6,109.728,10.3,9.5,0.0,0.0
2026-01-25 03:45:00,355.3,109.728,10.3,9.5,0.0,0.0
2026-01-25 04:00:00,354.6,109.728,10.2,8.9,0.0,0.0
2026-01-25 04:15:00,354.3,112.776,10.2,8.9,0.0,0.0
2026-01-25 04:30:00,353.9,112.776,10.1,8.9,0.0,0.0
2026-01-25 04:45:00,353.5,109.728,10.1,8.9,0.0,0.0
2026-01-25 05:00:00,353.2,112.776,10.0,8.2,0.0,0.0
2026-01-25 05:15:00,352.6,112.776,10.0,8.2,0.0,0.0
2026-01-25 05:30:00,352.3,109.728,9.9,8.2,0.0,0.0
2026-01-25 05:45:00,351.9,112.776,9.9,8.2,0.0,0.0
2026-01-25 06:00:00,351.5,112.776,9.9,7.3,0.0,0.0
2026-01-25 06:15:00,351.4,109.728,9.8,7.3,0.0,0.0
2026-01-25 06:30:00,350.9,109.728,9.8,7.3,0.0,0.0
2026-01-25 06:45:00,350.5,112.776,9.7,7.3,0.0,0.0
2026-01-25 07:00:00,350.1,112.776,9.7,7.8,0.0,0.0
2026-01-25 07:15:00,349.8,112.776,9.7,7.8,0.0,0.0
2026-01-25 07:30:00,349.8,112.776,9.6,7.8,0.0,0.0
2026-01-25 07:45:00,349.5,109.728,9.6,7.8,0.0,0.0
2026-01-25 08:00:00,349.2,109.728,9.6,8.3,0.0,0.0
2026-01-25 08:15:00,348.9,112.776,9.6,8.3,0.0,0.0
2026-01-25 08:30:00,348.8,112.776,9.6,8.3,0.0,0.0
2026-01-25 08:45:00,348.8,112.776,9.6,8.3,0.0,0.0
2026-01-25 09:00:00,348.9,109.728,9.6,7.0,0.0,0.0
2026-01-25 09:15:00,348.6,109.728,9.5,7.0,0.0,0.0
2026-01-25 09:30:00,348.2,112.776,9.5,7.0,0.0,0.0
2026-01-25 09:45:00,348.2,112.776,9.5,7.0,0.0,0.0
2026-01-25 10:00:00,347.9,109.728,9.5,5.2,0.0,0.0
2026-01-25 10:15:00,347.8,109.728,9.4,5.2,0.0,0.0
2026-01-25 10:30:00,347.6,109.728,9.4,5.2,0.0,0.0
2026-01-25 10:45:00,347.3,109.728,9.4,5.2,0.0,0.0
2026-01-25 11:00:00,347.2,112.776,9.4,3.6,0.0,0.0
2026-01-25 11:15:00,347.2,112.776,9.4,3.6,0.0,0.0
2026-01-25 11:30:00,347.2,109.728,9.4,3.6,0.0,0.0
2026-01-25 11:45:00,346.9,109.728,9.4,3.6,0.0,0.0
2026-01-25 12:00:00,346.9,112.776,9.3,3.5,0.0,0.0
2026-01-25 12:15:00,346.6,112.776,9.3,3.5,0.0,0.0
2026-01-25 12:30:00,346.5,109.728,9.3,3.5,0.0,0.0
2026-01-25 12:45:00,346.6,109.728,9.3,3.5,0.0,0.0
2026-01-25 13:00:00,346.5,109.728,9.3,3.3,0.0,0.0
2026-01-25 13:15:00,346.2,112.776,9.3,3.3,0.0,0.0
2026-01-25 13:30:00,345.9,112.776,9.2,3.3,0.0,0.0
2026-01-25 13:45:00,345.8,112.776,9.2,3.3,0.0,0.0
2026-01-25 14:00:00,346.1,109.728,9.2,3.1,0.0,0.0
2026-01-25 14:15:00,346.0,109.728,9.2,3.1,0.0,0.0
2026-01-25 14:30:00,345.8,109.728,9.2,3.1,0.0,0.0
2026-01-25 14:45:00,345.6,112.776,9.2,3.1,0.0,0.0
2026-01-25 15:00:00,345.6,112.776,9.2,3.0,0.0,0.0
2026-01-25 15:15:00,345.5,112.776,9.2,3.0,0.0,0.0
2026-01-25 15:30:00,345.5,112.776,9.2,3.0,0.0,0.0
2026-01-25 15:45:00,345.4,112.776,9.2,3.0,0.0,0.0
2026-01-25 16:00:00,345.3,112.776,9.1,3.5,0.0,14.0
2026-01-25 16:15:00,345.5,112.776,9.2,3.5,0.0,14.0
2026-01-25 16:30:00,345.6,109.728,9.2,3.5,0.0,14.0
2026-01-25 16:45:00,345.8,109.728,9.2,3.5,0.0,14.0
2026-01-25 17:00:00,345.8,109.728,9.2,5.2,0.0,85.0
2026-01-25 17:15:00,345.8,112.776,9.2,5.2,0.0,85.0
2026-01-25 17:30:00,345.8,112.776,9.2,5.2,0.0,85.0
2026-01-25 17:45:00,346.2,109.728,9.3,5.2,0.0,85.0
2026-01-25 18:00:00,346.6,109.728,9.3,6.9,0.0,150.0
2026-01-25 18:15:00,346.8,109.728,9.3,6.9,0.0,150.0
2026-01-25 18:30:00,346.8,112.776,9.3,6.9,0.0,150.0
2026-01-25 18:45:00,347.0,112.776,9.4,6.9,0.0,150.0
2026-01-25 19:00:00,347.5,112.776,9.4,8.3,0.0,230.0
2026-01-25 19:15:00,347.8,109.728,9.4,8.3,0.0,230.0
2026-01-25 19:30:00,348.2,109.728,9.5,8.3,0.0,230.0
2026-01-25 19:45:00,348.6,112.776,9.5,8.3,0.0,230.0
2026-01-25 20:00:00,349.0,112.776,9.6,9.6,0.0,322.0
2026-01-25 20:15:00,349.7,109.728,9.6,9.6,0.0,322.0
2026-01-25 20:30:00,350.3,109.728,9.7,9.6,0.0,322.0
2026-01-25 20:45:00,350.9,109.728,9.8,9.6,0.0,322.0
2026-01-25 21:00:00,351.3,109.728,9.8,10.5,0.0,376.0
2026-01-25 21:15:00,351.7,112.776,9.9,10.5,0.0,376.0
2026-01-25 21:30:00,352.0,109.728,9.9,10.5,0.0,376.0
2026-01-25 21:45:00,352.8,109.728,10.0,10.5,0.0,376.0
2026-01-25 22:00:00,353.0,109.728,10.0,10.9,0.0,361.0
2026-01-25 22:15:00,353.2,109.728,10.0,10.9,0.0,361.0
2026-01-25 22:30:00,353.5,112.776,10.0,10.9,0.0,361.0
2026-01-25 22:45:00,353.6,112.776,10.0,10.9,0.0,361.0
2026-01-25 23:00:00,354.0,109.728,10.1,11.1,0.0,300.0
2026-01-25 23:15:00,354.5,109.728,10.1,11.1,0.0,300.0
2026-01-25 23:30:00,354.6,109.728,10.1,11.1,0.0,300.0
2026-01-25 23:45:00,354.6,112.776,10.2,11.1,0.0,300.0
2026-01-26 00:00:00,354.9,109.728,10.2,9.8,0.0,141.0
2026-01-26 00:15:00,355.0,109.728,10.2,9.8,0.0,141.0
2026-01-26 00:30:00,355.3,109.728,10.2,9.8,0.0,141.0
2026-01-26 00:45:00,355.2,109.728,10.2,9.8,0.0,141.0
2026-01-26 01:00:00,355.1,112.776,10.2,8.4,0.0,66.0
2026-01-26 01:15:00,355.1,112.776,10.2,8.4,0.0,66.0
2026-01-26 01:30:00,354.8,109.728,10.2,8.4,0.0,66.0
2026-01-26 01:45:00,354.8,109.728,10.2,8.4,0.0,66.0
2026-01-26 02:00:00,354.6,109.728,10.2,6.7,0.0,4.0
2026-01-26 02:15:00,354.2,109.728,10.1,6.7,0.0,4.0
2026-01-26 02:30:00,354.0,112.776,10.1,6.7,0.0,4.0
2026-01-26 02:45:00,354.1,112.776,10.1,6.7,0.0,4.0
2026-01-26 03:00:00,354.1,109.728,10.1,6.1,0.0,0.0
2026-01-26 03:15:00,354.1,109.728,10.1,6.1,0.0,0.0
2026-01-26 03:30:00,353.9,109.728,10.1,6.1,0.0,0.0
2026-01-26 03:45:00,353.5,112.776,10.0,6.1,0.0,0.0
2026-01-26 04:00:00,353.5,112.776,10.0,5.7,0.0,0.0
2026-01-26 04:15:00,353.4,109.728,10.0,5.7,0.0,0.0
2026-01-26 04:30:00,353.2,109.728,10.0,5.7,0.0,0.0
2026-01-26 04:45:00,353.1,109.728,10.0,5.7,0.0,0.0
2026-01-26 05:00:00,352.5,112.776,9.9,5.4,0.0,0.0
2026-01-26 05:15:00,352.4,112.776,9.9,5.4,0.0,0.0
2026-01-26 05:30:00,352.1,109.728,9.9,5.4,0.0,0.0
2026-01-26 05:45:00,351.8,109.728,9.9,5.4,0.0,0.0
2026-01-26 06:00:00,351.6,109.728,9.8,5.3,0.0,0.0
2026-01-26 06:15:00,351.2,112.776,9.8,5.3,0.0,0.0
2026-01-26 06:30:00,350.9,112.776,9.8,5.3,0.0,0.0
2026-01-26 06:45:00,350.9,109.728,9.8,5.3,0.0,0.0
2026-01-26 07:00:00,350.9,109.728,9.8,5.4,0.0,0.0
2026-01-26 07:15:00,350.6,109.728,9.8,5.4,0.0,0.0
2026-01-26 07:30:00,350.6,112.776,9.7,5.4,0.0,0.0
2026-01-26 07:45:00,350.2,112.776,9.7,5.4,0.0,0.0
2026-01-26 08:00:00,350.2,109.728,9.7,5.4,0.0,0.0
2026-01-26 08:15:00,350.0,109.728,9.7,5.4,0.0,0.0
2026-01-26 08:30:00,349.9,109.728,9.7,5.4,0.0,0.0
2026-01-26 08:45:00,349.6,109.728,9.6,5.4,0.0,0.0
2026-01-26 09:00:00,349.3,112.776,9.6,5.1,0.0,0.0
2026-01-26 09:15:00,349.5,109.728,9.6,5.1,0.0,0.0
2026-01-26 09:30:00,349.5,109.728,9.6,5.1,0.0,0.0
2026-01-26 09:45:00,349.5,109.728,9.6,5.1,0.0,0.0
2026-01-26 10:00:00,349.1,109.728,9.6,4.9,0.0,0.0
2026-01-26 10:15:00,349.0,112.776,9.6,4.9,0.0,0.0
2026-01-26 10:30:00,348.9,112.776,9.6,4.9,0.0,0.0
2026-01-26 10:45:00,349.1,109.728,9.6,4.9,0.0,0.0
2026-01-26 11:00:00,349.2,109.728,9.6,4.8,0.0,0.0
2026-01-26 11:15:00,349.2,109.728,9.6,4.8,0.0,0.0
2026-01-26 11:30:00,348.9,112.776,9.6,4.8,0.0,0.0
2026-01-26 11:45:00,348.8,112.776,9.6,4.8,0.0,0.0
2026-01-26 12:00:00,348.9,109.728,9.6,5.2,0.0,0.0
2026-01-26 12:15:00,348.9,109.728,9.6,5.2,0.0,0.0
2026-01-26 12:30:00,348.9,109.728,9.6,5.2,0.0,0.0
2026-01-26 12:45:00,348.6,112.776,9.6,5.2,0.0,0.0
2026-01-26 13:00:00,348.5,112.776,9.6,5.0,0.0,0.0
2026-01-26 13:15:00,348.5,109.728,9.6,5.0,0.0,0.0
2026-01-26 13:30:00,348.6,109.728,9.6,5.0,0.0,0.0
2026-01-26 13:45:00,348.3,112.776,9.6,5.0,0.0,0.0
2026-01-26 14:00:00,348.2,112.776,9.6,4.5,0.0,0.0
2026-01-26 14:15:00,347.9,112.776,9.5,4.5,0.0,0.0
2026-01-26 14:30:00,347.8,112.776,9.6,4.5,0.0,0.0
2026-01-26 14:45:00,347.9,109.728,9.6,4.5,0.0,0.0
2026-01-26 15:00:00,347.8,109.728,9.6,4.2,0.0,0.0
2026-01-26 15:15:00,347.6,112.776,9.5,4.2,0.0,0.0
2026-01-26 15:30:00,347.4,115.824,9.5,4.2,0.0,0.0
2026-01-26 15:45:00,347.2,112.776,9.5,4.2,0.0,0.0
2026-01-26 16:00:00,347.2,109.728,9.5,4.0,0.0,18.0
2026-01-26 16:15:00,346.9,109.728,9.5,4.0,0.0,18.0
2026-01-26 16:30:00,346.8,109.728,9.4,4.0,0.0,18.0
2026-01-26 16:45:00,346.5,112.776,9.4,4.0,0.0,18.0
2026-01-26 17:00:00,346.5,112.776,9.4,5.6,0.0,127.0
2026-01-26 17:15:00,346.9,109.728,9.5,5.6,0.0,127.0
2026-01-26 17:30:00,347.2,109.728,9.5,5.6,0.0,127.0
2026-01-26 17:45:00,347.3,109.728,9.5,5.6,0.0,127.0
2026-01-26 18:00:00,347.8,112.776,9.6,7.7,0.0,279.0
2026-01-26 18:15:00,348.0,112.776,9.6,7.7,0.0,279.0
2026-01-26 18:30:00,348.6,112.776,9.7,7.7,0.0,279.0
2026-01-26 18:45:00,349.2,109.728,9.7,7.7,0.0,279.0
2026-01-26 19:00:00,349.5,109.728,9.8,10.6,0.0,426.0
2026-01-26 19:15:00,349.7,112.776,9.8,10.6,0.0,426.0
2026-01-26 19:30:00,350.3,112.776,9.9,10.6,0.0,426.0
2026-01-26 19:45:00,350.9,109.728,9.9,10.6,0.0,426.0
2026-01-26 20:00:00,351.3,109.728,10.0,12.7,0.0,553.0
2026-01-26 20:15:00,352.0,109.728,10.1,12.7,0.0,553.0
2026-01-26 20:30:00,352.5,109.728,10.1,12.7,0.0,553.0
2026-01-26 20:45:00,353.0,112.776,10.2,12.7,0.0,553.0
2026-01-26 21:00:00,353.6,109.728,10.3,14.1,0.0,573.0
2026-01-26 21:15:00,354.6,109.728,10.3,14.1,0.0,573.0
2026-01-26 21:30:00,354.9,109.728,10.4,14.1,0.0,573.0
2026-01-26 21:45:00,355.5,109.728,10.4,14.1,0.0,573.0
2026-01-26 22:00:00,355.8,112.776,10.5,14.7,0.0,531.0
2026-01-26 22:15:00,356.5,109.728,10.6,14.7,0.0,531.0
2026-01-26 22:30:00,357.2,109.728,10.6,14.7,0.0,531.0
2026-01-26 22:45:00,357.6,109.728,10.7,14.7,0.0,531.0
2026-01-26 23:00:00,357.7,109.728,10.7,14.6,0.0,425.0
2026-01-26 23:15:00,358.2,112.776,10.7,14.6,0.0,425.0
2026-01-26 23:30:00,358.2,109.728,10.8,14.6,0.0,425.0
2026-01-26 23:45:00,358.7,109.728,10.8,14.6,0.0,425.0
2026-01-27 00:00:00,358.9,109.728,10.8,13.8,0.0,284.0
2026-01-27 00:15:00,358.9,109.728,10.9,13.8,0.0,284.0
2026-01-27 00:30:00,358.8,106.68,10.9,13.8,0.0,284.0
2026-01-27 00:45:00,359.0,109.728,10.9,13.8,0.0,284.0
2026-01-27 01:00:00,359.0,109.728,10.9,11.5,0.0,114.0
2026-01-27 01:15:00,358.9,109.728,10.9,11.5,0.0,114.0
2026-01-27 01:30:00,359.1,106.68,10.9,11.5,0.0,114.0
2026-01-27 01:45:00,359.2,109.728,10.9,11.5,0.0,114.0
2026-01-27 02:00:00,358.7,112.776,10.9,8.9,0.0,6.0
2026-01-27 02:15:00,358.2,109.728,10.8,8.9,0.0,6.0
2026-01-27 02:30:00,357.9,109.728,10.8,8.9,0.0,6.0
2026-01-27 02:45:00,357.5,109.728,10.7,8.9,0.0,6.0
2026-01-27 03:00:00,356.9,109.728,10.7,7.3,0.0,0.0
2026-01-27 03:15:00,356.5,112.776,10.6,7.3,0.0,0.0
2026-01-27 03:30:00,356.1,112.776,10.6,7.3,0.0,0.0
2026-01-27 03:45:00,355.9,109.728,10.6,7.3,0.0,0.0
2026-01-27 04:00:00,355.6,109.728,10.5,6.3,0.0,0.0
2026-01-27 04:15:00,355.1,109.728,10.5,6.3,0.0,0.0
2026-01-27 04:30:00,354.6,109.728,10.4,6.3,0.0,0.0
2026-01-27 04:45:00,353.9,112.776,10.4,6.3,0.0,0.0
2026-01-27 05:00:00,353.6,109.728,10.3,5.8,0.0,0.0
2026-01-27 05:15:00,353.3,109.728,10.3,5.8,0.0,0.0
2026-01-27 05:30:00,353.0,109.728,10.3,5.8,0.0,0.0
2026-01-27 05:45:00,352.5,109.728,10.2,5.8,0.0,0.0
2026-01-27 06:00:00,352.2,112.776,10.2,5.5,0.0,0.0
2026-01-27 06:15:00,351.6,109.728,10.1,5.5,0.0,0.0
2026-01-27 06:30:00,351.6,109.728,10.1,5.5,0.0,0.0
2026-01-27 06:45:00,351.2,109.728,10.1,5.5,0.0,0.0
2026-01-27 07:00:00,351.1,109.728,10.1,5.1,0.0,0.0
2026-01-27 07:15:00,350.6,112.776,10.0,5.1,0.0,0.0
2026-01-27 07:30:00,350.5,109.728,10.0,5.1,0.0,0.0
2026-01-27 07:45:00,350.3,109.728,10.0,5.1,0.0,0.0
2026-01-27 08:00:00,350.0,109.728,10.0,4.8,0.0,0.0
2026-01-27 08:15:00,350.1,109.728,9.9,4.8,0.0,0.0
2026-01-27 08:30:00,349.6,112.776,9.9,4.8,0.0,0.0
2026-01-27 08:45:00,349.3,112.776,9.9,4.8,0.0,0.0
2026-01-27 09:00:00,349.2,109.728,9.9,4.7,0.0,0.0
2026-01-27 09:15:00,349.2,109.728,9.9,4.7,0.0,0.0
2026-01-27 09:30:00,349.0,109.728,9.9,4.7,0.0,0.0
2026-01-27 09:45:00,348.8,112.776,9.9,4.7,0.0,0.0
2026-01-27 10:00:00,348.6,112.776,9.8,4.5,0.0,0.0
2026-01-27 10:15:00,348.6,109.728,9.9,4.5,0.0,0.0
2026-01-27 10:30:00,348.6,109.728,9.9,4.5,0.0,0.0
2026-01-27 10:45:00,348.2,109.728,9.8,4.5,0.0,0.0
2026-01-27 11:00:00,347.9,109.728,9.8,4.7,0.0,0.0
2026-01-27 11:15:00,347.5,112.776,9.8,4.7,0.0,0.0
2026-01-27 11:30:00,347.2,109.728,9.7,4.7,0.0,0.0
2026-01-27 11:45:00,347.1,109.728,9.7,4.7,0.0,0.0
2026-01-27 12:00:00,346.8,109.728,9.7,4.4,0.0,0.0
2026-01-27 12:15:00,346.3,109.728,9.7,4.4,0.0,0.0
2026-01-27 12:30:00,345.9,112.776,9.6,4.4,0.0,0.0
2026-01-27 12:45:00,345.6,112.776,9.6,4.4,0.0,0.0
2026-01-27 13:00:00,345.3,109.728,9.6,3.8,0.0,0.0
2026-01-27 13:15:00,345.1,109.728,9.6,3.8,0.0,0.0
2026-01-27 13:30:00,344.8,109.728,9.6,3.8,0.0,0.0
2026-01-27 13:45:00,344.4,112.776,9.5,3.8,0.0,0.0
2026-01-27 14:00:00,343.9,112.776,9.5,3.7,0.0,0.0
2026-01-27 14:15:00,343.5,109.728,9.5,3.7,0.0,0.0
2026-01-27 14:30:00,343.5,109.728,9.5,3.7,0.0,0.0
2026-01-27 14:45:00,343.1,109.728,9.4,3.7,0.0,0.0
2026-01-27 15:00:00,342.7,112.776,9.4,3.9,0.0,0.0
2026-01-27 15:15:00,342.4,112.776,9.4,3.9,0.0,0.0
2026-01-27 15:30:00,342.4,109.728,9.4,3.9,0.0,0.0
2026-01-27 15:45:00,342.1,109.728,9.4,3.9,0.0,0.0
2026-01-27 16:00:00,342.1,109.728,9.4,4.6,0.0,15.0
2026-01-27 16:15:00,341.7,112.776,9.3,4.6,0.0,15.0
2026-01-27 16:30:00,341.2,112.776,9.3,4.6,0.0,15.0
2026-01-27 16:45:00,341.4,109.728,9.4,4.6,0.0,15.0
2026-01-27 17:00:00,341.5,109.728,9.4,7.1,0.0,114.0
2026-01-27 17:15:00,341.7,109.728,9.4,7.1,0.0,114.0
2026-01-27 17:30:00,342.1,112.776,9.5,7.1,0.0,114.0
2026-01-27 17:45:00,342.1,112.776,9.5,7.1,0.0,114.0
2026-01-27 18:00:00,342.5,109.728,9.6,9.5,0.0,273.0
2026-01-27 18:15:00,343.1,109.728,9.7,9.5,0.0,273.0
2026-01-27 18:30:00,343.3,109.728,9.7,9.5,0.0,273.0
2026-01-27 18:45:00,343.7,112.776,9.8,9.5,0.0,273.0
2026-01-27 19:00:00,344.2,112.776,9.8,12.8,0.0,423.0
2026-01-27 19:15:00,344.6,109.728,9.9,12.8,0.0,423.0
2026-01-27 19:30:00,345.0,109.728,10.0,12.8,0.0,423.0
2026-01-27 19:45:00,345.4,109.728,10.0,12.8,0.0,423.0
2026-01-27 20:00:00,345.8,109.728,10.1,15.1,0.0,541.0
2026-01-27 20:15:00,346.2,112.776,10.1,15.1,0.0,541.0
2026-01-27 20:30:00,346.5,109.728,10.2,15.1,0.0,541.0
2026-01-27 20:45:00,347.1,109.728,10.3,15.1,0.0,541.0
2026-01-27 21:00:00,347.7,109.728,10.3,16.1,0.0,501.0
2026-01-27 21:15:00,348.0,109.728,10.4,16.1,0.0,501.0
2026-01-27 21:30:00,348.1,109.728,10.4,16.1,0.0,501.0
2026-01-27 21:45:00,348.1,109.728,10.4,16.1,0.0,501.0
2026-01-27 22:00:00,348.5,109.728,10.5,15.2,0.0,386.0
2026-01-27 22:15:00,348.7,106.68,10.5,15.2,0.0,386.0
2026-01-27 22:30:00,348.8,106.68,10.6,15.2,0.0,386.0
2026-01-27 22:45:00,349.1,109.728,10.6,15.2,0.0,386.0
2026-01-27 23:00:00,349.4,109.728,10.6,15.2,0.0,269.0
2026-01-27 23:15:00,349.9,109.728,10.7,15.2,0.0,269.0
2026-01-27 23:30:00,350.1,106.68,10.7,15.2,0.0,269.0
2026-01-27 23:45:00,350.4,106.68,10.7,15.2,0.0,269.0
2026-01-28 00:00:00,350.5,106.68,10.7,15.3,0.0,163.0
2026-01-28 00:15:00,350.4,109.728,10.7,15.3,0.0,163.0
2026-01-28 00:30:00,350.5,109.728,10.8,15.3,0.0,163.0
2026-01-28 00:45:00,350.6,106.68,10.8,15.3,0.0,163.0
2026-01-28 01:00:00,350.8,106.68,10.8,14.5,0.0,39.0
2026-01-28 01:15:00,350.8,106.68,10.8,14.5,0.0,39.0
2026-01-28 01:30:00,350.5,109.728,10.8,14.5,0.0,39.0
2026-01-28 01:45:00,350.6,109.728,10.8,14.5,0.0,39.0
2026-01-28 02:00:00,350.8,106.68,10.8,13.5,0.0,4.0
2026-01-28 02:15:00,350.8,106.68,10.8,13.5,0.0,4.0
2026-01-28 02:30:00,350.9,106.68,10.8,13.5,0.0,4.0
2026-01-28 02:45:00,350.8,109.728,10.8,13.5,0.0,4.0
2026-01-28 03:00:00,350.8,109.728,10.8,12.5,0.0,0.0
2026-01-28 03:15:00,350.9,109.728,10.8,12.5,0.0,0.0
2026-01-28 03:30:00,351.2,109.728,10.8,12.5,0.0,0.0
2026-01-28 03:45:00,351.2,112.776,10.8,12.5,0.0,0.0
2026-01-28 04:00:00,351.4,115.824,10.8,12.2,0.175,0.0
2026-01-28 04:15:00,351.3,115.824,10.8,12.2,0.175,0.0
2026-01-28 04:30:00,351.3,112.776,10.8,12.2,0.175,0.0
2026-01-28 04:45:00,351.3,115.824,10.8,12.2,0.175,0.0
2026-01-28 05:00:00,351.1,118.872,10.9,11.7,0.0,0.0
2026-01-28 05:15:00,351.4,118.872,10.9,11.7,0.0,0.0
2026-01-28 05:30:00,351.4,118.872,10.9,11.7,0.0,0.0
2026-01-28 05:45:00,351.4,121.92000000000002,10.9,11.7,0.0,0.0
2026-01-28 06:00:00,351.4,121.92000000000002,10.9,11.8,0.025,0.0
2026-01-28 06:15:00,351.2,118.872,10.9,11.8,0.025,0.0
2026-01-28 06:30:00,351.2,118.872,10.9,11.8,0.025,0.0
2026-01-28 06:45:00,351.1,118.872,10.9,11.8,0.025,0.0
2026-01-28 07:00:00,351.4,115.824,10.9,11.4,0.0,0.0
2026-01-28 07:15:00,351.4,115.824,10.9,11.4,0.0,0.0
2026-01-28 07:30:00,351.4,112.776,10.9,11.4,0.0,0.0
2026-01-28 07:45:00,351.6,112.776,10.9,11.4,0.0,0.0
2026-01-28 08:00:00,351.5,115.824,10.9,11.7,0.0,0.0
2026-01-28 08:15:00,351.7,112.776,11.0,11.7,0.0,0.0
2026-01-28 08:30:00,351.9,109.728,11.0,11.7,0.0,0.0
2026-01-28 08:45:00,352.3,109.728,11.0,11.7,0.0,0.0
2026-01-28 09:00:00,352.3,109.728,11.0,11.8,0.0,0.0
2026-01-28 09:15:00,352.4,112.776,11.0,11.8,0.0,0.0
2026-01-28 09:30:00,352.3,112.776,11.0,11.8,0.0,0.0
2026-01-28 09:45:00,352.4,112.776,11.0,11.8,0.0,0.0
2026-01-28 10:00:00,352.6,112.776,11.0,11.5,0.075,0.0
2026-01-28 10:15:00,352.8,112.776,11.0,11.5,0.075,0.0
2026-01-28 10:30:00,352.9,118.872,11.0,11.5,0.075,0.0
2026-01-28 10:45:00,353.2,115.824,11.1,11.5,0.075,0.0
2026-01-28 11:00:00,353.2,115.824,11.1,11.1,0.1,0.0
2026-01-28 11:15:00,353.5,115.824,11.1,11.1,0.1,0.0
2026-01-28 11:30:00,353.4,115.824,11.1,11.1,0.1,0.0
2026-01-28 11:45:00,353.4,118.872,11.1,11.1,0.1,0.0
2026-01-28 12:00:00,353.5,118.872,11.1,10.7,0.075,0.0
2026-01-28 12:15:00,353.5,115.824,11.1,10.7,0.075,0.0
2026-01-28 12:30:00,353.6,115.824,11.1,10.7,0.075,0.0
2026-01-28 12:45:00,353.3,115.824,11.1,10.7,0.075,0.0
2026-01-28 13:00:00,353.0,115.824,11.0,10.1,0.0,0.0
2026-01-28 13:15:00,352.7,118.872,11.0,10.1,0.0,0.0
2026-01-28 13:30:00,352.7,115.824,11.0,10.1,0.0,0.0
2026-01-28 13:45:00,352.7,115.824,11.0,10.1,0.0,0.0
2026-01-28 14:00:00,352.5,112.776,10.9,9.7,0.0,0.0
2026-01-28 14:15:00,352.2,112.776,10.9,9.7,0.0,0.0
2026-01-28 14:30:00,351.7,115.824,10.8,9.7,0.0,0.0
2026-01-28 14:45:00,351.7,112.776,10.8,9.7,0.0,0.0
2026-01-28 15:00:00,351.5,112.776,10.8,9.2,0.0,0.0
2026-01-28 15:15:00,351.5,109.728,10.8,9.2,0.0,0.0
2026-01-28 15:30:00,351.0,112.776,10.8,9.2,0.0,0.0
2026-01-28 15:45:00,350.6,115.824,10.7,9.2,0.0,0.0
2026-01-28 16:00:00,350.6,112.776,10.7,8.8,0.0,16.0
2026-01-28 16:15:00,350.5,112.776,10.7,8.8,0.0,16.0
2026-01-28 16:30:00,350.5,112.776,10.7,8.8,0.0,16.0
2026-01-28 16:45:00,350.5,109.728,10.7,8.8,0.0,16.0
2026-01-28 17:00:00,350.3,112.776,10.7,11.1,0.0,136.0
2026-01-28 17:15:00,350.9,112.776,10.7,11.1,0.0,136.0
2026-01-28 17:30:00,351.2,109.728,10.8,11.1,0.0,136.0
2026-01-28 17:45:00,351.6,109.728,10.8,11.1,0.0,136.0
2026-01-28 18:00:00,351.7,109.728,10.9,13.4,0.0,298.0
2026-01-28 18:15:00,352.2,112.776,10.9,13.4,0.0,298.0
2026-01-28 18:30:00,352.7,109.728,10.9,13.4,0.0,298.0
2026-01-28 18:45:00,353.1,109.728,11.0,13.4,0.0,298.0
2026-01-28 19:00:00,353.4,109.728,11.0,14.4,0.0,432.0
2026-01-28 19:15:00,353.7,109.728,11.0,14.4,0.0,432.0
2026-01-28 19:30:00,354.0,112.776,11.1,14.4,0.0,432.0
2026-01-28 19:45:00,354.6,112.776,11.1,14.4,0.0,432.0
2026-01-28 20:00:00,355.4,109.728,11.2,14.8,0.0,493.0
2026-01-28 20:15:00,356.1,109.728,11.3,14.8,0.0,493.0
2026-01-28 20:30:00,356.9,109.728,11.3,14.8,0.0,493.0
2026-01-28 20:45:00,357.1,109.728,11.4,14.8,0.0,493.0
2026-01-28 21:00:00,357.4,109.728,11.4,15.3,0.0,515.0
2026-01-28 21:15:00,357.9,109.728,11.4,15.3,0.0,515.0
2026-01-28 21:30:00,358.1,109.728,11.5,15.3,0.0,515.0
2026-01-28 21:45:00,358.6,106.68,11.5,15.3,0.0,515.0
2026-01-28 22:00:00,358.6,109.728,11.5,15.6,0.0,480.0
2026-01-28 22:15:00,359.0,109.728,11.6,15.6,0.0,480.0
2026-01-28 22:30:00,359.4,109.728,11.6,15.6,0.0,480.0
2026-01-28 22:45:00,359.6,109.728,11.6,15.6,0.0,480.0
2026-01-28 23:00:00,359.7,109.728,11.6,15.8,0.0,413.0
2026-01-28 23:15:00,359.4,106.68,11.6,15.8,0.0,413.0
2026-01-28 23:30:00,359.6,109.728,11.6,15.8,0.0,413.0
2026-01-28 23:45:00,359.6,109.728,11.6,15.8,0.0,413.0
2026-01-29 00:00:00,359.9,106.68,11.6,15.7,0.0,284.0
2026-01-29 00:15:00,359.9,106.68,11.7,15.7,0.0,284.0
2026-01-29 00:30:00,359.7,106.68,11.7,15.7,0.0,284.0
2026-01-29 00:45:00,359.6,109.728,11.6,15.7,0.0,284.0
2026-01-29 01:00:00,359.4,109.728,11.6,14.2,0.0,121.0
2026-01-29 01:15:00,359.3,109.728,11.6,14.2,0.0,121.0
2026-01-29 01:30:00,359.3,106.68,11.6,14.2,0.0,121.0
2026-01-29 01:45:00,359.1,106.68,11.6,14.2,0.0,121.0
2026-01-29 02:00:00,358.7,106.68,11.5,12.3,0.0,7.0
2026-01-29 02:15:00,358.4,109.728,11.5,12.3,0.0,7.0
2026-01-29 02:30:00,358.0,109.728,11.5,12.3,0.0,7.0
2026-01-29 02:45:00,358.0,106.68,11.4,12.3,0.0,7.0
2026-01-29 03:00:00,357.7,106.68,11.4,11.2,0.0,0.0
2026-01-29 03:15:00,357.3,109.728,11.3,11.2,0.0,0.0
2026-01-29 03:30:00,356.9,109.728,11.3,11.2,0.0,0.0
2026-01-29 03:45:00,356.6,109.728,11.3,11.2,0.0,0.0
2026-01-29 04:00:00,356.6,109.728,11.3,10.3,0.0,0.0
2026-01-29 04:15:00,356.5,106.68,11.2,10.3,0.0,0.0
2026-01-29 04:30:00,356.3,106.68,11.2,10.3,0.0,0.0
2026-01-29 04:45:00,355.6,109.728,11.2,10.3,0.0,0.0
2026-01-29 05:00:00,354.9,112.776,11.1,9.3,0.0,0.0
2026-01-29 05:15:00,354.5,109.728,11.1,9.3,0.0,0.0
2026-01-29 05:30:00,354.3,109.728,11.1,9.3,0.0,0.0
2026-01-29 05:45:00,353.9,106.68,11.0,9.3,0.0,0.0
2026-01-29 06:00:00,353.5,109.728,11.0,8.4,0.0,0.0
2026-01-29 06:15:00,353.0,112.776,11.0,8.4,0.0,0.0
2026-01-29 06:30:00,352.8,109.728,10.9,8.4,0.0,0.0
2026-01-29 06:45:00,352.5,109.728,10.9,8.4,0.0,0.0
2026-01-29 07:00:00,352.2,109.728,10.9,8.2,0.0,0.0
2026-01-29 07:15:00,351.9,109.728,10.9,8.2,0.0,0.0
2026-01-29 07:30:00,351.3,109.728,10.8,8.2,0.0,0.0
2026-01-29 07:45:00,351.0,109.728,10.8,8.2,0.0,0.0
2026-01-29 08:00:00,350.7,109.728,10.8,7.5,0.0,0.0
2026-01-29 08:15:00,350.4,109.728,10.8,7.5,0.0,0.0
2026-01-29 08:30:00,350.3,106.68,10.8,7.5,0.0,0.0
2026-01-29 08:45:00,349.7,109.728,10.7,7.5,0.0,0.0
2026-01-29 09:00:00,349.6,112.776,10.7,6.9,0.0,0.0
2026-01-29 09:15:00,349.2,109.728,10.7,6.9,0.0,0.0
2026-01-29 09:30:00,349.2,109.728,10.7,6.9,0.0,0.0
2026-01-29 09:45:00,349.2,109.728,10.7,6.9,0.0,0.0
2026-01-29 10:00:00,348.7,109.728,10.7,6.5,0.0,0.0
2026-01-29 10:15:00,348.6,109.728,10.6,6.5,0.0,0.0
2026-01-29 10:30:00,348.2,109.728,10.6,6.5,0.0,0.0
2026-01-29 10:45:00,348.2,109.728,10.6,6.5,0.0,0.0
2026-01-29 11:00:00,347.7,109.728,10.6,6.2,0.0,0.0
2026-01-29 11:15:00,347.7,109.728,10.6,6.2,0.0,0.0
2026-01-29 11:30:00,347.2,109.728,10.5,6.2,0.0,0.0
2026-01-29 11:45:00,346.7,109.728,10.5,6.2,0.0,0.0
2026-01-29 12:00:00,346.5,109.728,10.4,5.8,0.0,0.0
2026-01-29 12:15:00,346.3,109.728,10.4,5.8,0.0,0.0
2026-01-29 12:30:00,346.3,109.728,10.4,5.8,0.0,0.0
2026-01-29 12:45:00,345.9,109.728,10.4,5.8,0.0,0.0
2026-01-29 13:00:00,345.5,109.728,10.3,5.4,0.0,0.0
2026-01-29 13:15:00,345.0,112.776,10.3,5.4,0.0,0.0
2026-01-29 13:30:00,344.9,109.728,10.3,5.4,0.0,0.0
2026-01-29 13:45:00,344.7,109.728,10.3,5.4,0.0,0.0
2026-01-29 14:00:00,344.6,109.728,10.2,5.0,0.0,0.0
2026-01-29 14:15:00,344.2,109.728,10.2,5.0,0.0,0.0
2026-01-29 14:30:00,343.9,112.776,10.2,5.0,0.0,0.0
2026-01-29 14:45:00,343.9,109.728,10.2,5.0,0.0,0.0
2026-01-29 15:00:00,343.9,109.728,10.2,4.6,0.0,0.0
2026-01-29 15:15:00,343.9,109.728,10.1,4.6,0.0,0.0
2026-01-29 15:30:00,343.8,109.728,10.1,4.6,0.0,0.0
2026-01-29 15:45:00,343.4,109.728,10.1,4.6,0.0,0.0
2026-01-29 16:00:00,343.1,112.776,10.1,5.4,0.0,23.0
2026-01-29 16:15:00,342.9,109.728,10.0,5.4,0.0,23.0
2026-01-29 16:30:00,343.1,109.728,10.0,5.4,0.0,23.0
2026-01-29 16:45:00,343.1,109.728,10.1,5.4,0.0,23.0
2026-01-29 17:00:00,343.0,109.728,10.1,9.1,0.0,155.0
2026-01-29 17:15:00,343.1,112.776,10.1,9.1,0.0,155.0
2026-01-29 17:30:00,343.3,109.728,10.1,9.1,0.0,155.0
2026-01-29 17:45:00,343.9,109.728,10.2,9.1,0.0,155.0
2026-01-29 18:00:00,344.6,109.728,10.2,12.8,0.0,331.0
2026-01-29 18:15:00,344.9,109.728,10.3,12.8,0.0,331.0
2026-01-29 18:30:00,345.4,109.728,10.3,12.8,0.0,331.0
2026-01-29 18:45:00,345.7,109.728,10.4,12.8,0.0,331.0
2026-01-29 19:00:00,346.6,109.728,10.4,14.8,0.0,463.0
2026-01-29 19:15:00,347.0,106.68,10.5,14.8,0.0,463.0
2026-01-29 19:30:00,347.1,106.68,10.5,14.8,0.0,463.0
2026-01-29 19:45:00,347.7,106.68,10.6,14.8,0.0,463.0
2026-01-29 20:00:00,348.3,109.728,10.6,15.8,0.0,549.0
2026-01-29 20:15:00,348.8,109.728,10.7,15.8,0.0,549.0
2026-01-29 20:30:00,349.5,106.68,10.8,15.8,0.0,549.0
2026-01-29 20:45:00,350.2,106.68,10.9,15.8,0.0,549.0
2026-01-29 21:00:00,350.9,106.68,11.0,16.1,0.0,579.0
2026-01-29 21:15:00,351.6,106.68,11.0,16.1,0.0,579.0
2026-01-29 21:30:00,352.3,109.728,11.1,16.1,0.0,579.0
2026-01-29 21:45:00,353.0,106.68,11.2,16.1,0.0,579.0
2026-01-29 22:00:00,353.9,106.68,11.3,16.2,0.0,539.0
2026-01-29 22:15:00,354.3,106.68,11.3,16.2,0.0,539.0
2026-01-29 22:30:00,354.5,106.68,11.3,16.2,0.0,539.0
2026-01-29 22:45:00,354.5,109.728,11.4,16.2,0.0,539.0
2026-01-29 23:00:00,354.5,109.728,11.3,16.2,0.0,442.0
2026-01-29 23:15:00,354.5,106.68,11.4,16.2,0.0,442.0
2026-01-29 23:30:00,354.5,106.68,11.4,16.2,0.0,442.0
2026-01-29 23:45:00,354.5,106.68,11.4,16.2,0.0,442.0
2026-01-30 00:00:00,354.5,103.632,11.4,16.0,0.0,298.0
2026-01-30 00:15:00,354.5,106.68,11.4,16.0,0.0,298.0
2026-01-30 00:30:00,354.2,109.728,11.4,16.0,0.0,298.0
2026-01-30 00:45:00,354.0,106.68,11.3,16.0,0.0,298.0
2026-01-30 01:00:00,353.9,106.68,11.3,14.0,0.0,129.0
2026-01-30 01:15:00,353.8,106.68,11.3,14.0,0.0,129.0
2026-01-30 01:30:00,353.8,106.68,11.3,14.0,0.0,129.0
2026-01-30 01:45:00,353.5,109.728,11.3,14.0,0.0,129.0
2026-01-30 02:00:00,353.3,109.728,11.3,11.4,0.0,9.0
2026-01-30 02:15:00,353.1,106.68,11.3,11.4,0.0,9.0
2026-01-30 02:30:00,352.8,106.68,11.2,11.4,0.0,9.0
2026-01-30 02:45:00,352.5,106.68,11.2,11.4,0.0,9.0
2026-01-30 03:00:00,351.9,109.728,11.1,9.7,0.0,0.0
2026-01-30 03:15:00,351.4,109.728,11.1,9.7,0.0,0.0
2026-01-30 03:30:00,351.0,106.68,11.0,9.7,0.0,0.0
2026-01-30 03:45:00,350.7,106.68,11.0,9.7,0.0,0.0
2026-01-30 04:00:00,350.3,106.68,10.9,8.6,0.0,0.0
2026-01-30 04:15:00,350.0,106.68,10.9,8.6,0.0,0.0
2026-01-30 04:30:00,349.7,109.728,10.9,8.6,0.0,0.0
2026-01-30 04:45:00,349.4,109.728,10.8,8.6,0.0,0.0
2026-01-30 05:00:00,349.3,106.68,10.9,7.9,0.0,0.0
2026-01-30 05:15:00,349.0,106.68,10.8,7.9,0.0,0.0
2026-01-30 05:30:00,349.0,106.68,10.8,7.9,0.0,0.0
2026-01-30 05:45:00,348.4,106.68,10.8,7.9,0.0,0.0
2026-01-30 06:00:00,348.3,109.728,10.7,7.4,0.0,0.0
2026-01-30 06:15:00,347.7,109.728,10.7,7.4,0.0,0.0
2026-01-30 06:30:00,347.6,109.728,10.7,7.4,0.0,0.0
2026-01-30 06:45:00,347.3,109.728,10.6,7.4,0.0,0.0
2026-01-30 07:00:00,347.0,109.728,10.6,7.2,0.0,0.0
2026-01-30 07:15:00,346.6,109.728,10.6,7.2,0.0,0.0
2026-01-30 07:30:00,346.3,109.728,10.5,7.2,0.0,0.0
2026-01-30 07:45:00,346.0,106.68,10.5,7.2,0.0,0.0
2026-01-30 08:00:00,345.9,106.68,10.5,6.4,0.0,0.0
2026-01-30 08:15:00,345.9,106.68,10.4,6.4,0.0,0.0
2026-01-30 08:30:00,345.4,106.68,10.4,6.4,0.0,0.0
2026-01-30 08:45:00,345.2,109.728,10.4,6.4,0.0,0.0
2026-01-30 09:00:00,344.7,109.728,10.4,6.1,0.0,0.0
2026-01-30 09:15:00,344.7,109.728,10.4,6.1,0.0,0.0
2026-01-30 09:30:00,344.4,106.68,10.3,6.1,0.0,0.0
2026-01-30 09:45:00,344.3,109.728,10.3,6.1,0.0,0.0
2026-01-30 10:00:00,344.0,106.68,10.3,6.1,0.0,0.0
2026-01-30 10:15:00,343.4,109.728,10.2,6.1,0.0,0.0
2026-01-30 10:30:00,343.3,109.728,10.2,6.1,0.0,0.0
2026-01-30 10:45:00,343.2,109.728,10.2,6.1,0.0,0.0
2026-01-30 11:00:00,342.7,106.68,10.2,5.9,0.0,0.0
2026-01-30 11:15:00,342.4,106.68,10.1,5.9,0.0,0.0
2026-01-30 11:30:00,341.9,112.776,10.1,5.9,0.0,0.0
2026-01-30 11:45:00,341.6,109.728,10.0,5.9,0.0,0.0
2026-01-30 12:00:00,341.5,109.728,10.0,5.3,0.0,0.0
2026-01-30 12:15:00,341.2,109.728,10.0,5.3,0.0,0.0
2026-01-30 12:30:00,340.9,109.728,9.9,5.3,0.0,0.0
2026-01-30 12:45:00,340.8,109.728,9.9,5.3,0.0,0.0
2026-01-30 13:00:00,340.5,112.776,9.9,5.1,0.0,0.0
2026-01-30 13:15:00,340.2,109.728,9.9,5.1,0.0,0.0
2026-01-30 13:30:00,340.1,109.728,9.9,5.1,0.0,0.0
2026-01-30 13:45:00,339.9,109.728,9.9,5.1,0.0,0.0
2026-01-30 14:00:00,339.7,109.728,9.8,4.7,0.0,0.0
2026-01-30 14:15:00,339.2,109.728,9.8,4.7,0.0,0.0
2026-01-30 14:30:00,338.8,109.728,9.7,4.7,0.0,0.0
2026-01-30 14:45:00,338.8,109.728,9.7,4.7,0.0,0.0
2026-01-30 15:00:00,338.8,109.728,9.7,4.2,0.0,0.0
2026-01-30 15:15:00,338.6,109.728,9.7,4.2,0.0,0.0
2026-01-30 15:30:00,338.2,109.728,9.7,4.2,0.0,0.0
2026-01-30 15:45:00,338.2,112.776,9.7,4.2,0.0,0.0
2026-01-30 16:00:00,338.1,109.728,9.7,4.9,0.0,26.0
2026-01-30 16:15:00,338.4,109.728,9.7,4.9,0.0,26.0
2026-01-30 16:30:00,338.7,109.728,9.7,4.9,0.0,26.0
2026-01-30 16:45:00,338.8,109.728,9.8,4.9,0.0,26.0
2026-01-30 17:00:00,339.2,109.728,9.8,8.4,0.0,171.0
2026-01-30 17:15:00,339.6,109.728,9.9,8.4,0.0,171.0
2026-01-30 17:30:00,340.2,109.728,9.9,8.4,0.0,171.0
2026-01-30 17:45:00,340.7,109.728,10.0,8.4,0.0,171.0
2026-01-30 18:00:00,341.2,109.728,10.0,11.5,0.0,320.0
2026-01-30 18:15:00,341.4,109.728,10.1,11.5,0.0,320.0
2026-01-30 18:30:00,342.2,109.728,10.2,11.5,0.0,320.0
2026-01-30 18:45:00,342.9,109.728,10.2,11.5,0.0,320.0
2026-01-30 19:00:00,343.4,109.728,10.3,13.6,0.0,469.0
2026-01-30 19:15:00,344.0,106.68,10.4,13.6,0.0,469.0
2026-01-30 19:30:00,344.5,106.68,10.4,13.6,0.0,469.0
2026-01-30 19:45:00,344.8,106.68,10.5,13.6,0.0,469.0
2026-01-30 20:00:00,345.5,109.728,10.6,14.1,0.0,521.0
2026-01-30 20:15:00,346.5,109.728,10.7,14.1,0.0,521.0
2026-01-30 20:30:00,347.5,106.68,10.8,14.1,0.0,521.0
2026-01-30 20:45:00,348.2,106.68,10.8,14.1,0.0,521.0
2026-01-30 21:00:00,349.0,106.68,10.9,13.8,0.0,526.0
2026-01-30 21:15:00,349.9,109.728,11.0,13.8,0.0,526.0
2026-01-30 21:30:00,350.7,109.728,11.1,13.8,0.0,526.0
2026-01-30 21:45:00,351.5,106.68,11.2,13.8,0.0,526.0
2026-01-30 22:00:00,352.3,106.68,11.3,14.4,0.0,495.0
2026-01-30 22:15:00,352.7,106.68,11.3,14.4,0.0,495.0
2026-01-30 22:30:00,353.3,106.68,11.4,14.4,0.0,495.0
2026-01-30 22:45:00,353.6,106.68,11.4,14.4,0.0,495.0
2026-01-30 23:00:00,353.9,106.68,11.5,14.6,0.0,409.0
2026-01-30 23:15:00,354.4,106.68,11.5,14.6,0.0,409.0
2026-01-30 23:30:00,354.9,106.68,11.6,14.6,0.0,409.0
2026-01-30 23:45:00,355.1,106.68,11.6,14.6,0.0,409.0
2026-01-31 00:00:00,355.3,106.68,11.6,14.6,0.0,282.0
2026-01-31 00:15:00,355.4,109.728,11.6,14.6,0.0,282.0
2026-01-31 00:30:00,355.4,106.68,11.6,14.6,0.0,282.0
2026-01-31 00:45:00,355.6,106.68,11.7,14.6,0.0,282.0
2026-01-31 01:00:00,355.6,106.68,11.7,12.9,0.0,122.0
2026-01-31 01:15:00,355.4,103.632,11.7,12.9,0.0,122.0
2026-01-31 01:30:00,354.9,106.68,11.6,12.9,0.0,122.0
2026-01-31 01:45:00,354.6,109.728,11.6,12.9,0.0,122.0
2026-01-31 02:00:00,354.3,106.68,11.5,10.6,0.0,9.0
2026-01-31 02:15:00,354.0,106.68,11.5,10.6,0.0,9.0
2026-01-31 02:30:00,353.9,106.68,11.5,10.6,0.0,9.0
2026-01-31 02:45:00,353.1,106.68,11.4,10.6,0.0,9.0
2026-01-31 03:00:00,353.1,106.68,11.4,9.7,0.0,0.0
2026-01-31 03:15:00,352.3,109.728,11.3,9.7,0.0,0.0
2026-01-31 03:30:00,352.2,109.728,11.3,9.7,0.0,0.0
2026-01-31 03:45:00,352.2,106.68,11.3,9.7,0.0,0.0
2026-01-31 04:00:00,351.8,106.68,11.3,9.3,0.0,0.0
2026-01-31 04:15:00,351.5,106.68,11.3,9.3,0.0,0.0
2026-01-31 04:30:00,351.1,109.728,11.2,9.3,0.0,0.0
2026-01-31 04:45:00,350.8,109.728,11.2,9.3,0.0,0.0
2026-01-31 05:00:00,350.7,109.728,11.2,8.6,0.0,0.0
2026-01-31 05:15:00,350.4,106.68,11.1,8.6,0.0,0.0
2026-01-31 05:30:00,350.3,106.68,11.1,8.6,0.0,0.0
2026-01-31 05:45:00,349.8,106.68,11.1,8.6,0.0,0.0
2026-01-31 06:00:00,349.4,109.728,11.0,8.5,0.0,0.0
2026-01-31 06:15:00,349.1,109.728,11.0,8.5,0.0,0.0
2026-01-31 06:30:00,348.9,106.68,11.0,8.5,0.0,0.0
2026-01-31 06:45:00,348.9,106.68,11.0,8.5,0.0,0.0
2026-01-31 07:00:00,348.6,106.68,10.9,8.2,0.0,0.0
2026-01-31 07:15:00,348.1,106.68,10.9,8.2,0.0,0.0
2026-01-31 07:30:00,347.9,109.728,10.9,8.2,0.0,0.0
2026-01-31 07:45:00,347.7,109.728,10.8,8.2,0.0,0.0
2026-01-31 08:00:00,347.6,106.68,10.8,7.7,0.0,0.0
2026-01-31 08:15:00,347.4,106.68,10.8,7.7,0.0,0.0
2026-01-31 08:30:00,347.2,106.68,10.8,7.7,0.0,0.0
2026-01-31 08:45:00,346.9,106.68,10.8,7.7,0.0,0.0
2026-01-31 09:00:00,346.6,109.728,10.7,7.4,0.0,0.0
2026-01-31 09:15:00,346.3,109.728,10.7,7.4,0.0,0.0
2026-01-31 09:30:00,346.2,106.68,10.7,7.4,0.0,0.0
2026-01-31 09:45:00,346.2,106.68,10.7,7.4,0.0,0.0
2026-01-31 10:00:00,345.9,106.68,10.6,7.0,0.0,0.0
2026-01-31 10:15:00,345.6,109.728,10.6,7.0,0.0,0.0
2026-01-31 10:30:00,345.2,109.728,10.6,7.0,0.0,0.0
2026-01-31 10:45:00,344.9,109.728,10.6,7.0,0.0,0.0
2026-01-31 11:00:00,344.9,109.728,10.6,6.3,0.0,0.0
2026-01-31 11:15:00,344.9,106.68,10.6,6.3,0.0,0.0
2026-01-31 11:30:00,344.6,106.68,10.5,6.3,0.0,0.0
2026-01-31 11:45:00,344.3,109.728,10.5,6.3,0.0,0.0
2026-01-31 12:00:00,344.0,109.728,10.4,6.3,0.0,0.0
2026-01-31 12:15:00,343.7,109.728,10.4,6.3,0.0,0.0
2026-01-31 12:30:00,343.7,106.68,10.4,6.3,0.0,0.0
2026-01-31 12:45:00,343.3,106.68,10.4,6.3,0.0,0.0
2026-01-31 13:00:00,343.0,106.68,10.4,5.3,0.0,0.0
2026-01-31 13:15:00,342.9,109.728,10.3,5.3,0.0,0.0
2026-01-31 13:30:00,342.6,109.728,10.3,5.3,0.0,0.0
2026-01-31 13:45:00,342.6,106.68,10.3,5.3,0.0,0.0
2026-01-31 14:00:00,342.5,106.68,10.3,5.0,0.0,0.0
2026-01-31 14:15:00,342.3,106.68,10.3,5.0,0.0,0.0
2026-01-31 14:30:00,342.2,106.68,10.3,5.0,0.0,0.0
2026-01-31 14:45:00,341.9,109.728,10.2,5.0,0.0,0.0
2026-01-31 15:00:00,341.8,109.728,10.2,4.7,0.0,0.0
2026-01-31 15:15:00,341.7,106.68,10.2,4.7,0.0,0.0
2026-01-31 15:30:00,341.6,106.68,10.2,4.7,0.0,0.0
2026-01-31 15:45:00,341.3,106.68,10.2,4.7,0.0,0.0
2026-01-31 16:00:00,341.2,109.728,10.2,5.4,0.0,25.0
2026-01-31 16:15:00,341.0,109.728,10.2,5.4,0.0,25.0
2026-01-31 16:30:00,341.2,109.728,10.2,5.4,0.0,25.0
2026-01-31 16:45:00,341.5,106.68,10.2,5.4,0.0,25.0
2026-01-31 17:00:00,341.6,106.68,10.3,8.0,0.0,138.0
2026-01-31 17:15:00,342.0,106.68,10.3,8.0,0.0,138.0
2026-01-31 17:30:00,342.3,106.68,10.3,8.0,0.0,138.0
2026-01-31 17:45:00,342.6,109.728,10.3,8.0,0.0,138.0
2026-01-31 18:00:00,343.0,106.68,10.4,10.2,0.0,266.0
2026-01-31 18:15:00,343.7,106.68,10.5,10.2,0.0,266.0
2026-01-31 18:30:00,344.1,106.68,10.5,10.2,0.0,266.0
2026-01-31 18:45:00,344.7,106.68,10.6,10.2,0.0,266.0
2026-01-31 19:00:00,344.9,106.68,10.6,12.5,0.0,376.0
2026-01-31 19:15:00,345.4,109.728,10.7,12.5,0.0,376.0
2026-01-31 19:30:00,346.0,106.68,10.8,12.5,0.0,376.0
2026-01-31 19:45:00,346.6,103.632,10.8,12.5,0.0,376.0
2026-01-31 20:00:00,347.2,103.632,10.9,14.2,0.0,486.0
2026-01-31 20:15:00,347.9,103.632,10.9,14.2,0.0,486.0
2026-01-31 20:30:00,348.5,106.68,11.0,14.2,0.0,486.0
2026-01-31 20:45:00,349.1,106.68,11.1,14.2,0.0,486.0
2026-01-31 21:00:00,349.8,106.68,11.2,15.6,0.0,542.0
2026-01-31 21:15:00,350.6,103.632,11.3,15.6,0.0,542.0
2026-01-31 21:30:00,351.0,103.632,11.3,15.6,0.0,542.0
2026-01-31 21:45:00,351.9,103.632,11.4,15.6,0.0,542.0
2026-01-31 22:00:00,352.5,106.68,11.4,15.6,0.0,478.0
2026-01-31 22:15:00,353.0,103.632,11.5,15.6,0.0,478.0
2026-01-31 22:30:00,353.7,103.632,11.6,15.6,0.0,478.0
2026-01-31 22:45:00,353.9,103.632,11.6,15.6,0.0,478.0
2026-01-31 23:00:00,354.1,103.632,11.7,15.3,0.0,408.0
2026-01-31 23:15:00,354.4,103.632,11.7,15.3,0.0,408.0
2026-01-31 23:30:00,354.7,106.68,11.7,15.3,0.0,408.0
2026-01-31 23:45:00,354.7,103.632,11.7,15.3,0.0,408.0
2026-02-01 00:00:00,355.3,103.632,11.8,14.8,0.0,286.0
2026-02-01 00:15:00,355.6,103.632,11.8,14.8,0.0,286.0
2026-02-01 00:30:00,355.6,103.632,11.8,14.8,0.0,286.0
2026-02-01 00:45:00,362.5,103.632,11.8,14.8,0.0,286.0
2026-02-01 01:00:00,389.8,106.68,11.8,13.0,0.0,136.0
2026-02-01 01:15:00,411.5,106.68,11.8,13.0,0.0,136.0
2026-02-01 01:30:00,416.3,103.632,11.8,13.0,0.0,136.0
2026-02-01 01:45:00,393.4,103.632,11.8,13.0,0.0,136.0
2026-02-01 02:00:00,389.5,103.632,11.8,10.4,0.0,10.0
2026-02-01 02:15:00,394.7,103.632,11.7,10.4,0.0,10.0
2026-02-01 02:30:00,393.4,106.68,11.7,10.4,0.0,10.0
2026-02-01 02:45:00,385.6,106.68,11.7,10.4,0.0,10.0
2026-02-01 03:00:00,358.0,106.68,11.6,9.1,0.0,0.0
2026-02-01 03:15:00,359.3,106.68,11.6,9.1,0.0,0.0
2026-02-01 03:30:00,365.0,103.632,11.5,9.1,0.0,0.0
2026-02-01 03:45:00,399.9,103.632,11.5,9.1,0.0,0.0
2026-02-01 04:00:00,362.1,109.728,11.4,8.2,0.0,0.0
2026-02-01 04:15:00,427.3,106.68,11.4,8.2,0.0,0.0
2026-02-01 04:30:00,418.9,103.632,11.3,8.2,0.0,0.0
2026-02-01 04:45:00,422.7,103.632,11.3,8.2,0.0,0.0
2026-02-01 05:00:00,419.7,103.632,11.3,7.8,0.0,0.0
2026-02-01 05:15:00,415.4,103.632,11.2,7.8,0.0,0.0
2026-02-01 05:30:00,412.9,109.728,11.2,7.8,0.0,0.0
2026-02-01 05:45:00,419.3,106.68,11.2,7.8,0.0,0.0
2026-02-01 06:00:00,423.4,106.68,11.2,7.2,0.0,0.0
2026-02-01 06:15:00,417.6,103.632,11.1,7.2,0.0,0.0
2026-02-01 06:30:00,419.4,103.632,11.1,7.2,0.0,0.0
2026-02-01 06:45:00,419.3,106.68,11.1,7.2,0.0,0.0
2026-02-01 07:00:00,414.5,109.728,11.1,7.5,0.0,0.0
2026-02-01 07:15:00,411.4,106.68,11.0,7.5,0.0,0.0
2026-02-01 07:30:00,408.5,106.68,11.0,7.5,0.0,0.0
2026-02-01 07:45:00,412.4,103.632,11.0,7.5,0.0,0.0
2026-02-01 08:00:00,412.1,103.632,10.9,7.3,0.0,0.0
2026-02-01 08:15:00,413.0,106.68,10.9,7.3,0.0,0.0
2026-02-01 08:30:00,410.1,109.728,10.9,7.3,0.0,0.0
2026-02-01 08:45:00,406.5,106.68,10.8,7.3,0.0,0.0
2026-02-01 09:00:00,406.5,106.68,10.8,7.6,0.0,0.0
2026-02-01 09:15:00,406.5,103.632,10.8,7.6,0.0,0.0
2026-02-01 09:30:00,410.7,103.632,10.8,7.6,0.0,0.0
2026-02-01 09:45:00,407.3,106.68,10.8,7.6,0.0,0.0
2026-02-01 10:00:00,406.8,109.728,10.7,7.9,0.0,0.0
2026-02-01 10:15:00,415.2,106.68,10.7,7.9,0.0,0.0
2026-02-01 10:30:00,408.2,106.68,10.7,7.9,0.0,0.0
2026-02-01 10:45:00,405.5,106.68,10.7,7.9,0.0,0.0
2026-02-01 11:00:00,407.2,106.68,10.7,7.6,0.0,0.0
2026-02-01 11:15:00,410.1,106.68,10.6,7.6,0.0,0.0
2026-02-01 11:30:00,410.8,109.728,10.6,7.6,0.0,0.0
2026-02-01 11:45:00,409.8,106.68,10.6,7.6,0.0,0.0
2026-02-01 12:00:00,407.5,106.68,10.6,6.3,0.0,0.0
2026-02-01 12:15:00,407.6,106.68,10.5,6.3,0.0,0.0
2026-02-01 12:30:00,404.1,106.68,10.5,6.3,0.0,0.0
2026-02-01 12:45:00,402.3,109.728,10.4,6.3,0.0,0.0
2026-02-01 13:00:00,405.5,109.728,10.4,5.3,0.0,0.0
2026-02-01 13:15:00,405.0,106.68,10.4,5.3,0.0,0.0
2026-02-01 13:30:00,407.9,106.68,10.4,5.3,0.0,0.0
2026-02-01 13:45:00,408.4,106.68,10.3,5.3,0.0,0.0
2026-02-01 14:00:00,408.4,106.68,10.3,5.6,0.0,0.0
2026-02-01 14:15:00,406.5,109.728,10.3,5.6,0.0,0.0
2026-02-01 14:30:00,406.3,109.728,10.3,5.6,0.0,0.0
2026-02-01 14:45:00,406.4,106.68,10.3,5.6,0.0,0.0
2026-02-01 15:00:00,406.1,106.68,10.3,5.4,0.0,0.0
2026-02-01 15:15:00,403.7,106.68,10.2,5.4,0.0,0.0
2026-02-01 15:30:00,403.8,106.68,10.2,5.4,0.0,0.0
2026-02-01 15:45:00,404.5,109.728,10.2,5.4,0.0,0.0
2026-02-01 16:00:00,403.0,106.68,10.2,6.5,0.0,25.0
2026-02-01 16:15:00,404.1,106.68,10.2,6.5,0.0,25.0
2026-02-01 16:30:00,402.4,103.632,10.2,6.5,0.0,25.0
2026-02-01 16:45:00,408.8,106.68,10.2,6.5,0.0,25.0
2026-02-01 17:00:00,405.9,106.68,10.2,8.8,0.0,132.0
2026-02-01 17:15:00,404.9,109.728,10.3,8.8,0.0,132.0
2026-02-01 17:30:00,406.1,106.68,10.3,8.8,0.0,132.0
2026-02-01 17:45:00,406.2,106.68,10.4,8.8,0.0,132.0
2026-02-01 18:00:00,406.2,103.632,10.4,10.9,0.0,248.0
2026-02-01 18:15:00,407.1,103.632,10.5,10.9,0.0,248.0
2026-02-01 18:30:00,410.2,106.68,10.5,10.9,0.0,248.0
2026-02-01 18:45:00,408.4,109.728,10.6,10.9,0.0,248.0
2026-02-01 19:00:00,410.2,106.68,10.6,13.0,0.0,367.0
2026-02-01 19:15:00,407.3,106.68,10.7,13.0,0.0,367.0
2026-02-01 19:30:00,412.5,103.632,10.8,13.0,0.0,367.0
2026-02-01 19:45:00,415.7,103.632,10.9,13.0,0.0,367.0
2026-02-01 20:00:00,414.9,106.68,10.9,15.3,0.0,504.0
2026-02-01 20:15:00,417.1,106.68,11.0,15.3,0.0,504.0
2026-02-01 20:30:00,416.9,103.632,11.1,15.3,0.0,504.0
2026-02-01 20:45:00,420.0,103.632,11.2,15.3,0.0,504.0
2026-02-01 21:00:00,418.1,103.632,11.3,17.0,0.0,547.0
2026-02-01 21:15:00,417.3,103.632,11.3,17.0,0.0,547.0
2026-02-01 21:30:00,414.7,103.632,11.4,17.0,0.0,547.0
2026-02-01 21:45:00,411.9,106.68,11.5,17.0,0.0,547.0
2026-02-01 22:00:00,421.0,103.632,11.5,17.7,0.0,539.0
2026-02-01 22:15:00,418.1,103.632,11.6,17.7,0.0,539.0
2026-02-01 22:30:00,417.7,103.632,11.6,17.7,0.0,539.0
2026-02-01 22:45:00,418.7,103.632,11.6,17.7,0.0,539.0
2026-02-01 23:00:00,420.0,103.632,11.6,17.4,0.0,418.0
2026-02-01 23:15:00,421.1,103.632,11.6,17.4,0.0,418.0
2026-02-01 23:30:00,419.6,103.632,11.7,17.4,0.0,418.0
2026-02-01 23:45:00,418.8,103.632,11.7,17.4,0.0,418.0
2026-02-02 00:00:00,418.8,103.632,11.7,16.9,0.0,253.0
2026-02-02 00:15:00,420.7,103.632,11.7,16.9,0.0,253.0
2026-02-02 00:30:00,417.6,103.632,11.7,16.9,0.0,253.0
2026-02-02 00:45:00,420.1,106.68,11.7,16.9,0.0,253.0
2026-02-02 01:00:00,417.9,103.632,11.7,14.6,0.0,104.0
2026-02-02 01:15:00,423.5,103.632,11.8,14.6,0.0,104.0
2026-02-02 01:30:00,424.7,103.632,11.8,14.6,0.0,104.0
2026-02-02 01:45:00,420.4,103.632,11.7,14.6,0.0,104.0
2026-02-02 02:00:00,419.6,103.632,11.7,12.8,0.0,9.0
2026-02-02 02:15:00,421.8,106.68,11.7,12.8,0.0,9.0
2026-02-02 02:30:00,417.8,103.632,11.7,12.8,0.0,9.0
2026-02-02 02:45:00,423.2,103.632,11.6,12.8,0.0,9.0
2026-02-02 03:00:00,431.5,103.632,11.6,11.9,0.0,0.0
2026-02-02 03:15:00,433.3,103.632,11.5,11.9,0.0,0.0
2026-02-02 03:30:00,422.0,103.632,11.5,11.9,0.0,0.0
2026-02-02 03:45:00,424.1,106.68,11.4,11.9,0.0,0.0
2026-02-02 04:00:00,431.1,106.68,11.3,11.3,0.0,0.0
2026-02-02 04:15:00,426.0,106.68,11.3,11.3,0.0,0.0
2026-02-02 04:30:00,419.4,103.632,11.3,11.3,0.0,0.0
2026-02-02 04:45:00,422.6,103.632,11.2,11.3,0.0,0.0
2026-02-02 05:00:00,419.3,106.68,11.1,10.3,0.0,0.0
2026-02-02 05:15:00,417.6,106.68,11.1,10.3,0.0,0.0
2026-02-02 05:30:00,418.1,103.632,11.1,10.3,0.0,0.0
2026-02-02 05:45:00,419.8,103.632,11.0,10.3,0.0,0.0
2026-02-02 06:00:00,419.3,103.632,11.0,9.2,0.0,0.0
2026-02-02 06:15:00,417.3,103.632,10.9,9.2,0.0,0.0
2026-02-02 06:30:00,418.9,106.68,10.9,9.2,0.0,0.0
2026-02-02 06:45:00,418.3,106.68,10.8,9.2,0.0,0.0
2026-02-02 07:00:00,417.9,103.632,10.8,9.2,0.0,0.0
2026-02-02 07:15:00,418.1,103.632,10.8,9.2,0.0,0.0
2026-02-02 07:30:00,421.0,103.632,10.7,9.2,0.0,0.0
2026-02-02 07:45:00,419.6,106.68,10.7,9.2,0.0,0.0
2026-02-02 08:00:00,418.1,106.68,10.7,9.3,0.0,0.0
2026-02-02 08:15:00,417.3,109.728,10.6,9.3,0.0,0.0
2026-02-02 08:30:00,414.7,106.68,10.6,9.3,0.0,0.0
2026-02-02 08:45:00,411.8,103.632,10.6,9.3,0.0,0.0
2026-02-02 09:00:00,407.3,103.632,10.6,8.9,0.0,0.0
2026-02-02 09:15:00,414.4,103.632,10.5,8.9,0.0,0.0
2026-02-02 09:30:00,412.7,106.68,10.5,8.9,0.0,0.0
2026-02-02 09:45:00,413.2,109.728,10.4,8.9,0.0,0.0
2026-02-02 10:00:00,414.5,106.68,10.4,8.2,0.0,0.0
2026-02-02 10:15:00,415.2,103.632,10.4,8.2,0.0,0.0
2026-02-02 10:30:00,415.5,103.632,10.4,8.2,0.0,0.0
2026-02-02 10:45:00,417.0,103.632,10.4,8.2,0.0,0.0
2026-02-02 11:00:00,413.5,106.68,10.3,7.9,0.0,0.0
2026-02-02 11:15:00,411.9,106.68,10.3,7.9,0.0,0.0
2026-02-02 11:30:00,416.1,106.68,10.3,7.9,0.0,0.0
2026-02-02 11:45:00,414.2,103.632,10.3,7.9,0.0,0.0
2026-02-02 12:00:00,414.7,106.68,10.3,6.1,0.0,0.0
2026-02-02 12:15:00,416.2,103.632,10.2,6.1,0.0,0.0
2026-02-02 12:30:00,416.2,106.68,10.2,6.1,0.0,0.0
2026-02-02 12:45:00,417.0,109.728,10.2,6.1,0.0,0.0
2026-02-02 13:00:00,417.5,106.68,10.2,5.2,0.0,0.0
2026-02-02 13:15:00,415.6,106.68,10.1,5.2,0.0,0.0
2026-02-02 13:30:00,416.4,106.68,10.1,5.2,0.0,0.0
2026-02-02 13:45:00,415.7,106.68,10.1,5.2,0.0,0.0
2026-02-02 14:00:00,415.5,106.68,10.0,5.6,0.0,0.0
2026-02-02 14:15:00,417.8,109.728,10.0,5.6,0.0,0.0
2026-02-02 14:30:00,412.7,106.68,10.0,5.6,0.0,0.0
2026-02-02 14:45:00,418.3,106.68,10.0,5.6,0.0,0.0
2026-02-02 15:00:00,414.6,106.68,9.9,5.8,0.0,0.0
2026-02-02 15:15:00,414.0,106.68,9.9,5.8,0.0,0.0
2026-02-02 15:30:00,414.1,106.68,9.9,5.8,0.0,0.0
2026-02-02 15:45:00,413.7,109.728,9.9,5.8,0.0,0.0
2026-02-02 16:00:00,414.6,106.68,9.9,6.7,0.0,27.0
2026-02-02 16:15:00,415.5,106.68,9.9,6.7,0.0,27.0
2026-02-02 16:30:00,413.6,106.68,9.9,6.7,0.0,27.0
2026-02-02 16:45:00,414.1,106.68,9.9,6.7,0.0,27.0
2026-02-02 17:00:00,413.9,109.728,9.9,10.2,0.0,161.0
2026-02-02 17:15:00,415.2,109.728,10.0,10.2,0.0,161.0
2026-02-02 17:30:00,415.8,106.68,10.1,10.2,0.0,161.0
2026-02-02 17:45:00,416.3,103.632,10.1,10.2,0.0,161.0
2026-02-02 18:00:00,415.5,103.632,10.2,13.2,0.0,302.0
2026-02-02 18:15:00,417.5,103.632,10.3,13.2,0.0,302.0
2026-02-02 18:30:00,417.6,103.632,10.3,13.2,0.0,302.0
2026-02-02 18:45:00,416.5,109.728,10.4,13.2,0.0,302.0
2026-02-02 19:00:00,418.4,106.68,10.5,15.6,0.0,454.0
2026-02-02 19:15:00,423.6,103.632,10.6,15.6,0.0,454.0
2026-02-02 19:30:00,425.3,103.632,10.7,15.6,0.0,454.0
2026-02-02 19:45:00,426.4,103.632,10.8,15.6,0.0,454.0
2026-02-02 20:00:00,422.9,106.68,10.8,16.8,0.0,544.0
2026-02-02 20:15:00,430.7,106.68,10.9,16.8,0.0,544.0
2026-02-02 20:30:00,429.6,103.632,11.0,16.8,0.0,544.0
2026-02-02 20:45:00,429.9,103.632,11.1,16.8,0.0,544.0
2026-02-02 21:00:00,430.7,103.632,11.2,17.5,0.0,583.0
2026-02-02 21:15:00,428.7,103.632,11.3,17.5,0.0,583.0
2026-02-02 21:30:00,436.1,103.632,11.3,17.5,0.0,583.0
2026-02-02 21:45:00,431.2,106.68,11.4,17.5,0.0,583.0
2026-02-02 22:00:00,439.1,103.632,11.5,18.0,0.0,561.0
2026-02-02 22:15:00,435.6,103.632,11.5,18.0,0.0,561.0
2026-02-02 22:30:00,431.8,103.632,11.6,18.0,0.0,561.0
2026-02-02 22:45:00,431.7,103.632,11.6,18.0,0.0,561.0
2026-02-02 23:00:00,434.5,103.632,11.7,17.8,0.0,459.0
2026-02-02 23:15:00,436.6,106.68,11.7,17.8,0.0,459.0
2026-02-02 23:30:00,433.8,103.632,11.7,17.8,0.0,459.0
2026-02-02 23:45:00,434.0,103.632,11.8,17.8,0.0,459.0
2026-02-03 00:00:00,437.8,103.632,11.8,17.7,0.0,311.0
2026-02-03 00:15:00,436.4,103.632,11.8,17.7,0.0,311.0
2026-02-03 00:30:00,440.8,103.632,11.8,17.7,0.0,311.0
2026-02-03 00:45:00,437.4,106.68,11.8,17.7,0.0,311.0
2026-02-03 01:00:00,434.4,103.632,11.8,15.2,0.0,143.0
2026-02-03 01:15:00,438.3,103.632,11.7,15.2,0.0,143.0
2026-02-03 01:30:00,436.4,103.632,11.7,15.2,0.0,143.0
2026-02-03 01:45:00,436.7,103.632,11.7,15.2,0.0,143.0
2026-02-03 02:00:00,439.6,103.632,11.6,12.8,0.0,13.0
2026-02-03 02:15:00,436.0,106.68,11.6,12.8,0.0,13.0
2026-02-03 02:30:00,437.1,103.632,11.5,12.8,0.0,13.0
2026-02-03 02:45:00,442.7,103.632,11.5,12.8,0.0,13.0
2026-02-03 03:00:00,438.2,103.632,11.5,11.7,0.0,0.0
2026-02-03 03:15:00,432.4,103.632,11.4,11.7,0.0,0.0
2026-02-03 03:30:00,438.9,103.632,11.4,11.7,0.0,0.0
2026-02-03 03:45:00,434.7,106.68,11.3,11.7,0.0,0.0
2026-02-03 04:00:00,436.8,106.68,11.3,11.7,0.0,0.0
2026-02-03 04:15:00,431.0,103.632,11.2,11.7,0.0,0.0
2026-02-03 04:30:00,435.9,103.632,11.2,11.7,0.0,0.0
2026-02-03 04:45:00,438.0,103.632,11.2,11.7,0.0,0.0
2026-02-03 05:00:00,436.1,103.632,11.1,11.6,0.0,0.0
2026-02-03 05:15:00,432.3,106.68,11.1,11.6,0.0,0.0
2026-02-03 05:30:00,379.0,106.68,11.1,11.6,0.0,0.0
2026-02-03 05:45:00,378.6,103.632,11.0,11.6,0.0,0.0
2026-02-03 06:00:00,378.5,103.632,11.0,10.6,0.0,0.0
2026-02-03 06:15:00,380.3,103.632,11.0,10.6,0.0,0.0
2026-02-03 06:30:00,380.9,106.68,10.9,10.6,0.0,0.0
2026-02-03 06:45:00,380.9,106.68,10.9,10.6,0.0,0.0
2026-02-03 07:00:00,380.9,106.68,10.9,10.5,0.0,0.0
2026-02-03 07:15:00,379.8,106.68,10.9,10.5,0.0,0.0
2026-02-03 07:30:00,378.2,103.632,10.9,10.5,0.0,0.0
2026-02-03 07:45:00,377.9,103.632,10.8,10.5,0.0,0.0
2026-02-03 08:00:00,377.3,103.632,10.8,9.6,0.0,0.0
2026-02-03 08:15:00,377.0,106.68,10.8,9.6,0.0,0.0
2026-02-03 08:30:00,376.7,106.68,10.8,9.6,0.0,0.0
2026-02-03 08:45:00,376.4,103.632,10.7,9.6,0.0,0.0
2026-02-03 09:00:00,376.1,103.632,10.7,9.0,0.0,0.0
2026-02-03 09:15:00,376.0,103.632,10.7,9.0,0.0,0.0
2026-02-03 09:30:00,375.2,103.632,10.7,9.0,0.0,0.0
2026-02-03 09:45:00,375.1,109.728,10.6,9.0,0.0,0.0
2026-02-03 10:00:00,374.9,106.68,10.6,8.5,0.0,0.0
2026-02-03 10:15:00,374.6,103.632,10.6,8.5,0.0,0.0
2026-02-03 10:30:00,374.5,103.632,10.6,8.5,0.0,0.0
2026-02-03 10:45:00,374.3,103.632,10.5,8.5,0.0,0.0
2026-02-03 11:00:00,373.8,103.632,10.5,7.8,0.0,0.0
2026-02-03 11:15:00,373.8,106.68,10.4,7.8,0.0,0.0
2026-02-03 11:30:00,373.2,106.68,10.4,7.8,0.0,0.0
2026-02-03 11:45:00,373.2,106.68,10.4,7.8,0.0,0.0
2026-02-03 12:00:00,373.2,103.632,10.4,6.5,0.0,0.0
2026-02-03 12:15:00,372.7,103.632,10.3,6.5,0.0,0.0
2026-02-03 12:30:00,372.4,103.632,10.3,6.5,0.0,0.0
2026-02-03 12:45:00,372.4,109.728,10.3,6.5,0.0,0.0
2026-02-03 13:00:00,372.1,106.68,10.3,5.7,0.0,0.0
2026-02-03 13:15:00,372.1,103.632,10.2,5.7,0.0,0.0
2026-02-03 13:30:00,371.8,103.632,10.2,5.7,0.0,0.0
2026-02-03 13:45:00,371.8,103.632,10.2,5.7,0.0,0.0
2026-02-03 14:00:00,371.5,106.68,10.2,5.3,0.0,0.0
2026-02-03 14:15:00,371.4,109.728,10.2,5.3,0.0,0.0
2026-02-03 14:30:00,371.3,106.68,10.1,5.3,0.0,0.0
2026-02-03 14:45:00,371.0,103.632,10.1,5.3,0.0,0.0
2026-02-03 15:00:00,370.8,103.632,10.1,4.8,0.0,0.0
2026-02-03 15:15:00,370.7,106.68,10.1,4.8,0.0,0.0
2026-02-03 15:30:00,370.6,106.68,10.0,4.8,0.0,0.0
2026-02-03 15:45:00,370.1,109.728,10.0,4.8,0.0,0.0
2026-02-03 16:00:00,370.1,106.68,10.0,5.8,0.0,29.0
2026-02-03 16:15:00,370.3,106.68,10.0,5.8,0.0,29.0
2026-02-03 16:30:00,370.1,106.68,10.0,5.8,0.0,29.0
2026-02-03 16:45:00,370.5,106.68,10.0,5.8,0.0,29.0
2026-02-03 17:00:00,370.7,106.68,10.1,9.2,0.0,169.0
2026-02-03 17:15:00,371.0,109.728,10.1,9.2,0.0,169.0
2026-02-03 17:30:00,371.9,109.728,10.2,9.2,0.0,169.0
2026-02-03 17:45:00,372.6,106.68,10.3,9.2,0.0,169.0
2026-02-03 18:00:00,373.2,106.68,10.3,11.7,0.0,333.0
2026-02-03 18:15:00,373.9,106.68,10.4,11.7,0.0,333.0
2026-02-03 18:30:00,374.8,106.68,10.5,11.7,0.0,333.0
2026-02-03 18:45:00,375.2,109.728,10.6,11.7,0.0,333.0
2026-02-03 19:00:00,376.1,106.68,10.6,14.2,0.0,481.0
2026-02-03 19:15:00,377.0,103.632,10.7,14.2,0.0,481.0
2026-02-03 19:30:00,377.6,103.632,10.8,14.2,0.0,481.0
2026-02-03 19:45:00,378.4,103.632,10.9,14.2,0.0,481.0
2026-02-03 20:00:00,379.4,103.632,11.0,15.6,0.0,583.0
2026-02-03 20:15:00,380.4,106.68,11.1,15.6,0.0,583.0
2026-02-03 20:30:00,381.3,103.632,11.2,15.6,0.0,583.0
2026-02-03 20:45:00,382.3,103.632,11.3,15.6,0.0,583.0
2026-02-03 21:00:00,383.5,103.632,11.4,16.3,0.0,605.0
2026-02-03 21:15:00,384.4,103.632,11.5,16.3,0.0,605.0
2026-02-03 21:30:00,385.3,103.632,11.6,16.3,0.0,605.0
2026-02-03 21:45:00,386.0,106.68,11.7,16.3,0.0,605.0
2026-02-03 22:00:00,386.9,103.632,11.8,16.8,0.0,567.0
2026-02-03 22:15:00,387.5,103.632,11.8,16.8,0.0,567.0
2026-02-03 22:30:00,388.1,103.632,11.9,16.8,0.0,567.0
2026-02-03 22:45:00,388.5,103.632,12.0,16.8,0.0,567.0
2026-02-03 23:00:00,388.7,100.584,12.0,17.1,0.0,474.0
2026-02-03 23:15:00,389.1,106.68,12.0,17.1,0.0,474.0
2026-02-03 23:30:00,389.1,103.632,12.1,17.1,0.0,474.0
2026-02-03 23:45:00,389.4,103.632,12.1,17.1,0.0,474.0
2026-02-04 00:00:00,389.6,103.632,12.1,17.4,0.0,329.0
2026-02-04 00:15:00,389.6,103.632,12.2,17.4,0.0,329.0
2026-02-04 00:30:00,389.4,103.632,12.2,17.4,0.0,329.0
2026-02-04 00:45:00,389.3,103.632,12.2,17.4,0.0,329.0
2026-02-04 01:00:00,389.1,106.68,12.2,15.5,0.0,151.0
2026-02-04 01:15:00,389.1,103.632,12.2,15.5,0.0,151.0
2026-02-04 01:30:00,389.3,100.584,12.2,15.5,0.0,151.0
2026-02-04 01:45:00,389.4,103.632,12.2,15.5,0.0,151.0
2026-02-04 02:00:00,388.7,103.632,12.2,12.7,0.0,14.0
2026-02-04 02:15:00,388.3,106.68,12.2,12.7,0.0,14.0
2026-02-04 02:30:00,388.3,106.68,12.2,12.7,0.0,14.0
2026-02-04 02:45:00,387.7,103.632,12.2,12.7,0.0,14.0
2026-02-04 03:00:00,387.5,103.632,12.1,10.8,0.0,0.0
2026-02-04 03:15:00,387.1,103.632,12.1,10.8,0.0,0.0
2026-02-04 03:30:00,386.4,103.632,12.0,10.8,0.0,0.0
2026-02-04 03:45:00,385.8,103.632,12.0,10.8,0.0,0.0
2026-02-04 04:00:00,385.0,106.68,11.9,9.7,0.0,0.0
2026-02-04 04:15:00,384.5,103.632,11.9,9.7,0.0,0.0
2026-02-04 04:30:00,383.9,103.632,11.8,9.7,0.0,0.0
2026-02-04 04:45:00,383.3,103.632,11.8,9.7,0.0,0.0
2026-02-04 05:00:00,382.7,103.632,11.7,9.2,0.0,0.0
2026-02-04 05:15:00,382.1,103.632,11.7,9.2,0.0,0.0
2026-02-04 05:30:00,381.4,106.68,11.6,9.2,0.0,0.0
2026-02-04 05:45:00,381.1,103.632,11.6,9.2,0.0,0.0
2026-02-04 06:00:00,380.6,103.632,11.5,8.4,0.0,0.0
2026-02-04 06:15:00,380.3,103.632,11.5,8.4,0.0,0.0
2026-02-04 06:30:00,379.8,103.632,11.5,8.4,0.0,0.0
2026-02-04 06:45:00,379.2,103.632,11.4,8.4,0.0,0.0
2026-02-04 07:00:00,378.7,109.728,11.4,7.9,0.0,0.0
2026-02-04 07:15:00,378.6,106.68,11.4,7.9,0.0,0.0
2026-02-04 07:30:00,378.2,103.632,11.3,7.9,0.0,0.0
2026-02-04 07:45:00,377.7,103.632,11.3,7.9,0.0,0.0
2026-02-04 08:00:00,377.4,103.632,11.2,7.0,0.0,0.0
2026-02-04 08:15:00,376.9,103.632,11.2,7.0,0.0,0.0
2026-02-04 08:30:00,376.4,109.728,11.1,7.0,0.0,0.0
2026-02-04 08:45:00,376.1,106.68,11.1,7.0,0.0,0.0
2026-02-04 09:00:00,375.5,106.68,11.1,6.4,0.0,0.0
2026-02-04 09:15:00,375.2,106.68,11.1,6.4,0.0,0.0
2026-02-04 09:30:00,374.8,103.632,11.0,6.4,0.0,0.0
2026-02-04 09:45:00,374.2,103.632,11.0,6.4,0.0,0.0
2026-02-04 10:00:00,373.7,109.728,10.9,5.8,0.0,0.0
2026-02-04 10:15:00,373.2,106.68,10.9,5.8,0.0,0.0
2026-02-04 10:30:00,373.2,103.632,10.9,5.8,0.0,0.0
2026-02-04 10:45:00,372.9,106.68,10.8,5.8,0.0,0.0
2026-02-04 11:00:00,372.6,109.728,10.8,5.4,0.0,0.0
2026-02-04 11:15:00,372.3,106.68,10.8,5.4,0.0,0.0
2026-02-04 11:30:00,371.8,109.728,10.8,5.4,0.0,0.0
2026-02-04 11:45:00,371.4,106.68,10.7,5.4,0.0,0.0
2026-02-04 12:00:00,371.3,112.776,10.7,4.9,0.0,0.0
2026-02-04 12:15:00,371.1,106.68,10.7,4.9,0.0,0.0
2026-02-04 12:30:00,370.7,106.68,10.6,4.9,0.0,0.0
2026-02-04 12:45:00,370.1,106.68,10.6,4.9,0.0,0.0
2026-02-04 13:00:00,369.6,109.728,10.6,4.1,0.0,0.0
2026-02-04 13:15:00,369.2,106.68,10.5,4.1,0.0,0.0
2026-02-04 13:30:00,369.2,106.68,10.5,4.1,0.0,0.0
2026-02-04 13:45:00,369.0,106.68,10.5,4.1,0.0,0.0
2026-02-04 14:00:00,368.6,103.632,10.5,3.7,0.0,0.0
2026-02-04 14:15:00,368.5,103.632,10.4,3.7,0.0,0.0
2026-02-04 14:30:00,368.0,109.728,10.4,3.7,0.0,0.0
2026-02-04 14:45:00,368.0,109.728,10.4,3.7,0.0,0.0
2026-02-04 15:00:00,367.9,106.68,10.4,4.0,0.0,0.0
2026-02-04 15:15:00,367.7,106.68,10.4,4.0,0.0,0.0
2026-02-04 15:30:00,367.5,106.68,10.4,4.0,0.0,0.0
2026-02-04 15:45:00,367.8,103.632,10.3,4.0,0.0,0.0
2026-02-04 16:00:00,367.7,109.728,10.3,5.3,0.0,34.0
2026-02-04 16:15:00,367.7,109.728,10.3,5.3,0.0,34.0
2026-02-04 16:30:00,368.2,106.68,10.4,5.3,0.0,34.0
2026-02-04 16:45:00,368.3,106.68,10.4,5.3,0.0,34.0
2026-02-04 17:00:00,368.7,106.68,10.4,8.8,0.0,178.0
2026-02-04 17:15:00,368.9,106.68,10.4,8.8,0.0,178.0
2026-02-04 17:30:00,369.5,109.728,10.5,8.8,0.0,178.0
2026-02-04 17:45:00,370.1,106.68,10.6,8.8,0.0,178.0
2026-02-04 18:00:00,370.7,106.68,10.6,12.0,0.0,345.0
2026-02-04 18:15:00,371.4,103.632,10.7,12.0,0.0,345.0
2026-02-04 18:30:00,371.8,103.632,10.8,12.0,0.0,345.0
2026-02-04 18:45:00,372.4,103.632,10.8,12.0,0.0,345.0
2026-02-04 19:00:00,373.0,106.68,10.9,14.3,0.0,502.0
2026-02-04 19:15:00,373.6,106.68,11.0,14.3,0.0,502.0
2026-02-04 19:30:00,374.6,103.632,11.1,14.3,0.0,502.0
2026-02-04 19:45:00,375.7,106.68,11.2,14.3,0.0,502.0
2026-02-04 20:00:00,376.6,103.632,11.3,15.5,0.0,582.0
2026-02-04 20:15:00,377.7,103.632,11.4,15.5,0.0,582.0
2026-02-04 20:30:00,378.5,106.68,11.5,15.5,0.0,582.0
2026-02-04 20:45:00,379.2,106.68,11.6,15.5,0.0,582.0
2026-02-04 21:00:00,380.1,103.632,11.7,16.6,0.0,607.0
2026-02-04 21:15:00,381.1,103.632,11.8,16.6,0.0,607.0
2026-02-04 21:30:00,382.0,103.632,11.8,16.6,0.0,607.0
2026-02-04 21:45:00,382.6,103.632,11.9,16.6,0.0,607.0
2026-02-04 22:00:00,383.3,103.632,12.0,17.4,0.0,581.0
2026-02-04 22:15:00,384.1,106.68,12.1,17.4,0.0,581.0
2026-02-04 22:30:00,385.0,103.632,12.2,17.4,0.0,581.0
2026-02-04 22:45:00,385.7,100.584,12.3,17.4,0.0,581.0
2026-02-04 23:00:00,386.3,100.584,12.3,17.7,0.0,482.0
2026-02-04 23:15:00,387.0,100.584,12.4,17.7,0.0,482.0
2026-02-04 23:30:00,387.5,100.584,12.4,17.7,0.0,482.0
2026-02-04 23:45:00,387.9,103.632,12.5,17.7,0.0,482.0
2026-02-05 00:00:00,388.2,103.632,12.6,17.9,0.0,335.0
2026-02-05 00:15:00,388.8,103.632,12.6,17.9,0.0,335.0
2026-02-05 00:30:00,389.1,103.632,12.6,17.9,0.0,335.0
2026-02-05 00:45:00,389.1,100.584,12.7,17.9,0.0,335.0
2026-02-05 01:00:00,389.4,100.584,12.7,15.8,0.0,157.0
2026-02-05 01:15:00,389.1,103.632,12.7,15.8,0.0,157.0
2026-02-05 01:30:00,389.1,103.632,12.7,15.8,0.0,157.0
2026-02-05 01:45:00,389.0,103.632,12.7,15.8,0.0,157.0
2026-02-05 02:00:00,388.7,103.632,12.7,12.4,0.0,16.0
2026-02-05 02:15:00,388.3,103.632,12.6,12.4,0.0,16.0
2026-02-05 02:30:00,387.8,103.632,12.6,12.4,0.0,16.0
2026-02-05 02:45:00,387.4,103.632,12.5,12.4,0.0,16.0
2026-02-05 03:00:00,386.8,106.68,12.5,10.3,0.0,0.0
2026-02-05 03:15:00,386.5,106.68,12.5,10.3,0.0,0.0
2026-02-05 03:30:00,386.2,103.632,12.4,10.3,0.0,0.0
2026-02-05 03:45:00,386.1,103.632,12.4,10.3,0.0,0.0
2026-02-05 04:00:00,385.3,103.632,12.3,8.9,0.0,0.0
2026-02-05 04:15:00,384.8,103.632,12.3,8.9,0.0,0.0
2026-02-05 04:30:00,384.3,106.68,12.2,8.9,0.0,0.0
2026-02-05 04:45:00,383.9,106.68,12.2,8.9,0.0,0.0
2026-02-05 05:00:00,383.6,103.632,12.1,7.8,0.0,0.0
2026-02-05 05:15:00,383.3,103.632,12.1,7.8,0.0,0.0
2026-02-05 05:30:00,383.0,103.632,12.1,7.8,0.0,0.0
2026-02-05 05:45:00,382.4,103.632,12.0,7.8,0.0,0.0
2026-02-05 06:00:00,381.8,109.728,11.9,7.9,0.0,0.0
2026-02-05 06:15:00,381.2,106.68,11.9,7.9,0.0,0.0
2026-02-05 06:30:00,381.3,106.68,11.9,7.9,0.0,0.0
2026-02-05 06:45:00,381.0,103.632,11.9,7.9,0.0,0.0
2026-02-05 07:00:00,380.7,103.632,11.8,7.3,0.0,0.0
2026-02-05 07:15:00,380.2,103.632,11.8,7.3,0.0,0.0
2026-02-05 07:30:00,379.8,109.728,11.7,7.3,0.0,0.0
2026-02-05 07:45:00,379.3,106.68,11.7,7.3,0.0,0.0
2026-02-05 08:00:00,379.2,103.632,11.7,6.6,0.0,0.0
2026-02-05 08:15:00,379.2,106.68,11.7,6.6,0.0,0.0
2026-02-05 08:30:00,378.9,106.68,11.7,6.6,0.0,0.0
2026-02-05 08:45:00,378.5,103.632,11.6,6.6,0.0,0.0
2026-02-05 09:00:00,378.0,106.68,11.6,6.1,0.0,0.0
2026-02-05 09:15:00,377.4,109.728,11.6,6.1,0.0,0.0
2026-02-05 09:30:00,377.6,106.68,11.6,6.1,0.0,0.0
2026-02-05 09:45:00,377.6,103.632,11.6,6.1,0.0,0.0
2026-02-05 10:00:00,377.2,106.68,11.5,6.4,0.0,0.0
2026-02-05 10:15:00,376.6,106.68,11.5,6.4,0.0,0.0
2026-02-05 10:30:00,376.3,109.728,11.5,6.4,0.0,0.0
2026-02-05 10:45:00,376.0,109.728,11.5,6.4,0.0,0.0
2026-02-05 11:00:00,375.8,106.68,11.4,6.2,0.0,0.0
2026-02-05 11:15:00,375.7,106.68,11.4,6.2,0.0,0.0
2026-02-05 11:30:00,375.2,106.68,11.4,6.2,0.0,0.0
2026-02-05 11:45:00,374.8,106.68,11.4,6.2,0.0,0.0
2026-02-05 12:00:00,374.5,109.728,11.3,6.5,0.0,0.0
2026-02-05 12:15:00,374.1,109.728,11.3,6.5,0.0,0.0
2026-02-05 12:30:00,374.1,106.68,11.3,6.5,0.0,0.0
2026-02-05 12:45:00,373.9,106.68,11.3,6.5,0.0,0.0
2026-02-05 13:00:00,373.6,106.68,11.3,5.5,0.0,0.0
2026-02-05 13:15:00,373.2,106.68,11.3,5.5,0.0,0.0
2026-02-05 13:30:00,372.6,109.728,11.2,5.5,0.0,0.0
2026-02-05 13:45:00,372.1,109.728,11.2,5.5,0.0,0.0
2026-02-05 14:00:00,372.3,106.68,11.2,4.9,0.0,0.0
2026-02-05 14:15:00,372.4,106.68,11.2,4.9,0.0,0.0
2026-02-05 14:30:00,372.3,106.68,11.2,4.9,0.0,0.0
2026-02-05 14:45:00,371.7,106.68,11.2,4.9,0.0,0.0
2026-02-05 15:00:00,371.1,109.728,11.2,5.0,0.0,0.0
2026-02-05 15:15:00,371.0,109.728,11.1,5.0,0.0,0.0
2026-02-05 15:30:00,371.0,106.68,11.2,5.0,0.0,0.0
2026-02-05 15:45:00,371.1,106.68,11.2,5.0,0.0,0.0
2026-02-05 16:00:00,371.1,106.68,11.2,6.1,0.0,28.0
2026-02-05 16:15:00,371.0,106.68,11.2,6.1,0.0,28.0
2026-02-05 16:30:00,371.0,106.68,11.2,6.1,0.0,28.0
2026-02-05 16:45:00,371.1,109.728,11.2,6.1,0.0,28.0
2026-02-05 17:00:00,371.5,106.68,11.3,9.2,0.0,154.0
2026-02-05 17:15:00,372.3,106.68,11.3,9.2,0.0,154.0
2026-02-05 17:30:00,372.9,106.68,11.4,9.2,0.0,154.0
2026-02-05 17:45:00,373.2,106.68,11.4,9.2,0.0,154.0
2026-02-05 18:00:00,373.6,106.68,11.5,12.5,0.0,320.0
2026-02-05 18:15:00,374.0,109.728,11.5,12.5,0.0,320.0
2026-02-05 18:30:00,374.9,106.68,11.6,12.5,0.0,320.0
2026-02-05 18:45:00,375.9,103.632,11.7,12.5,0.0,320.0
2026-02-05 19:00:00,376.8,103.632,11.8,14.7,0.0,424.0
2026-02-05 19:15:00,377.4,103.632,11.9,14.7,0.0,424.0
2026-02-05 19:30:00,378.1,103.632,11.9,14.7,0.0,424.0
2026-02-05 19:45:00,378.7,106.68,12.0,14.7,0.0,424.0
2026-02-05 20:00:00,379.7,106.68,12.1,16.9,0.0,552.0
2026-02-05 20:15:00,381.0,103.632,12.3,16.9,0.0,552.0
2026-02-05 20:30:00,382.1,103.632,12.3,16.9,0.0,552.0
2026-02-05 20:45:00,382.5,103.632,12.4,16.9,0.0,552.0
2026-02-05 21:00:00,383.2,103.632,12.5,18.6,0.0,597.0
2026-02-05 21:15:00,384.3,106.68,12.6,18.6,0.0,597.0
2026-02-05 21:30:00,385.1,103.632,12.7,18.6,0.0,597.0
2026-02-05 21:45:00,386.2,103.632,12.8,18.6,0.0,597.0
2026-02-05 22:00:00,387.2,103.632,12.9,19.5,0.0,562.0
2026-02-05 22:15:00,387.8,103.632,13.0,19.5,0.0,562.0
2026-02-05 22:30:00,388.6,103.632,13.0,19.5,0.0,562.0
2026-02-05 22:45:00,389.0,103.632,13.1,19.5,0.0,562.0
2026-02-05 23:00:00,389.4,103.632,13.1,19.9,0.0,474.0
2026-02-05 23:15:00,389.9,103.632,13.2,19.9,0.0,474.0
2026-02-05 23:30:00,390.5,103.632,13.2,19.9,0.0,474.0
2026-02-05 23:45:00,390.6,103.632,13.3,19.9,0.0,474.0
2026-02-06 00:00:00,390.6,100.584,13.3,19.3,0.0,329.0
2026-02-06 00:15:00,390.6,103.632,13.3,19.3,0.0,329.0
2026-02-06 00:30:00,390.3,106.68,13.3,19.3,0.0,329.0
2026-02-06 00:45:00,390.3,103.632,13.3,19.3,0.0,329.0
2026-02-06 01:00:00,390.6,100.584,13.3,17.0,0.0,138.0
2026-02-06 01:15:00,390.6,100.584,13.3,17.0,0.0,138.0
2026-02-06 01:30:00,390.3,103.632,13.3,17.0,0.0,138.0
2026-02-06 01:45:00,390.0,103.632,13.3,17.0,0.0,138.0
2026-02-06 02:00:00,389.6,106.68,13.2,14.4,0.0,13.0
2026-02-06 02:15:00,389.0,106.68,13.2,14.4,0.0,13.0
2026-02-06 02:30:00,388.9,103.632,13.2,14.4,0.0,13.0
2026-02-06 02:45:00,388.6,103.632,13.1,14.4,0.0,13.0
2026-02-06 03:00:00,388.1,103.632,13.1,12.8,0.0,0.0
2026-02-06 03:15:00,387.7,103.632,13.0,12.8,0.0,0.0
2026-02-06 03:30:00,386.8,106.68,13.0,12.8,0.0,0.0
2026-02-06 03:45:00,386.5,106.68,12.9,12.8,0.0,0.0
2026-02-06 04:00:00,386.2,103.632,12.9,12.0,0.0,0.0
2026-02-06 04:15:00,385.9,103.632,12.9,12.0,0.0,0.0
2026-02-06 04:30:00,385.6,103.632,12.9,12.0,0.0,0.0
2026-02-06 04:45:00,385.0,103.632,12.8,12.0,0.0,0.0
2026-02-06 05:00:00,384.7,106.68,12.8,11.4,0.0,0.0
2026-02-06 05:15:00,384.2,106.68,12.7,11.4,0.0,0.0
2026-02-06 05:30:00,384.1,103.632,12.7,11.4,0.0,0.0
2026-02-06 05:45:00,384.2,103.632,12.7,11.4,0.0,0.0
2026-02-06 06:00:00,383.7,103.632,12.7,10.8,0.0,0.0
2026-02-06 06:15:00,383.4,103.632,12.6,10.8,0.0,0.0
2026-02-06 06:30:00,383.1,103.632,12.6,10.8,0.0,0.0
2026-02-06 06:45:00,382.7,106.68,12.6,10.8,0.0,0.0
2026-02-06 07:00:00,382.5,103.632,12.6,10.1,0.0,0.0
2026-02-06 07:15:00,382.6,103.632,12.6,10.1,0.0,0.0
2026-02-06 07:30:00,382.3,103.632,12.5,10.1,0.0,0.0
2026-02-06 07:45:00,381.7,103.632,12.5,10.1,0.0,0.0
2026-02-06 08:00:00,381.4,103.632,12.5,10.4,0.0,0.0
2026-02-06 08:15:00,380.9,106.68,12.4,10.4,0.0,0.0
2026-02-06 08:30:00,380.9,106.68,12.4,10.4,0.0,0.0
2026-02-06 08:45:00,380.9,103.632,12.4,10.4,0.0,0.0
2026-02-06 09:00:00,380.8,103.632,12.4,11.1,0.0,0.0
2026-02-06 09:15:00,380.5,103.632,12.4,11.1,0.0,0.0
2026-02-06 09:30:00,380.5,106.68,12.4,11.1,0.0,0.0
2026-02-06 09:45:00,380.3,109.728,12.4,11.1,0.0,0.0
2026-02-06 10:00:00,380.3,103.632,12.4,11.4,0.05,0.0
2026-02-06 10:15:00,380.5,103.632,12.4,11.4,0.05,0.0
2026-02-06 10:30:00,380.3,103.632,12.4,11.4,0.05,0.0
2026-02-06 10:45:00,380.2,103.632,12.4,11.4,0.05,0.0
2026-02-06 11:00:00,379.7,103.632,12.4,11.0,0.0,0.0
2026-02-06 11:15:00,379.4,109.728,12.3,11.0,0.0,0.0
2026-02-06 11:30:00,379.1,106.68,12.3,11.0,0.0,0.0
2026-02-06 11:45:00,379.1,103.632,12.3,11.0,0.0,0.0
2026-02-06 12:00:00,379.0,103.632,12.3,10.0,0.0,0.0
2026-02-06 12:15:00,378.6,103.632,12.2,10.0,0.0,0.0
2026-02-06 12:30:00,378.1,103.632,12.2,10.0,0.0,0.0
2026-02-06 12:45:00,377.7,109.728,12.1,10.0,0.0,0.0
2026-02-06 13:00:00,377.4,106.68,12.1,10.1,0.0,0.0
2026-02-06 13:15:00,377.4,106.68,12.1,10.1,0.0,0.0
2026-02-06 13:30:00,377.3,103.632,12.1,10.1,0.0,0.0
2026-02-06 13:45:00,377.0,103.632,12.1,10.1,0.0,0.0
2026-02-06 14:00:00,376.4,103.632,12.0,9.9,0.0,0.0
2026-02-06 14:15:00,376.0,109.728,12.0,9.9,0.0,0.0
2026-02-06 14:30:00,375.7,106.68,12.0,9.9,0.0,0.0
2026-02-06 14:45:00,375.7,103.632,11.9,9.9,0.0,0.0
2026-02-06 15:00:00,375.4,106.68,11.9,8.3,0.0,0.0
2026-02-06 15:15:00,374.9,103.632,11.9,8.3,0.0,0.0
2026-02-06 15:30:00,374.8,103.632,11.9,8.3,0.0,0.0
2026-02-06 15:45:00,374.2,109.728,11.8,8.3,0.0,0.0
2026-02-06 16:00:00,373.9,106.68,11.8,9.4,0.0,36.0
2026-02-06 16:15:00,374.2,106.68,11.8,9.4,0.0,36.0
2026-02-06 16:30:00,374.2,106.68,11.9,9.4,0.0,36.0
2026-02-06 16:45:00,374.2,106.68,11.9,9.4,0.0,36.0
2026-02-06 17:00:00,374.2,106.68,11.9,12.8,0.0,191.0
2026-02-06 17:15:00,374.5,109.728,11.9,12.8,0.0,191.0
2026-02-06 17:30:00,374.8,106.68,12.0,12.8,0.0,191.0
2026-02-06 17:45:00,375.5,106.68,12.1,12.8,0.0,191.0
2026-02-06 18:00:00,376.1,103.632,12.1,15.1,0.0,365.0
2026-02-06 18:15:00,376.5,103.632,12.2,15.1,0.0,365.0
2026-02-06 18:30:00,377.0,103.632,12.2,15.1,0.0,365.0
2026-02-06 18:45:00,377.1,109.728,12.3,15.1,0.0,365.0
2026-02-06 19:00:00,377.7,106.68,12.3,16.7,0.0,493.0
2026-02-06 19:15:00,378.5,103.632,12.4,16.7,0.0,493.0
2026-02-06 19:30:00,379.4,103.632,12.5,16.7,0.0,493.0
2026-02-06 19:45:00,380.0,103.632,12.6,16.7,0.0,493.0
2026-02-06 20:00:00,380.8,103.632,12.7,17.6,0.0,537.0
2026-02-06 20:15:00,381.6,103.632,12.7,17.6,0.0,537.0
2026-02-06 20:30:00,382.1,106.68,12.8,17.6,0.0,537.0
2026-02-06 20:45:00,382.6,103.632,12.9,17.6,0.0,537.0
2026-02-06 21:00:00,383.5,103.632,13.0,18.5,0.0,603.0
2026-02-06 21:15:00,384.1,103.632,13.1,18.5,0.0,603.0
2026-02-06 21:30:00,384.4,103.632,13.1,18.5,0.0,603.0
2026-02-06 21:45:00,384.4,103.632,13.1,18.5,0.0,603.0
2026-02-06 22:00:00,384.8,106.68,13.2,18.5,0.0,567.0
2026-02-06 22:15:00,385.0,103.632,13.2,18.5,0.0,567.0
2026-02-06 22:30:00,385.7,103.632,13.3,18.5,0.0,567.0
2026-02-06 22:45:00,385.9,103.632,13.3,18.5,0.0,567.0
2026-02-06 23:00:00,385.9,100.584,13.3,18.3,0.0,469.0
2026-02-06 23:15:00,385.6,103.632,13.3,18.3,0.0,469.0
2026-02-06 23:30:00,385.6,106.68,13.3,18.3,0.0,469.0
2026-02-06 23:45:00,385.4,103.632,13.3,18.3,0.0,469.0
2026-02-07 00:00:00,385.4,103.632,13.3,19.0,0.0,326.0
2026-02-07 00:15:00,385.4,103.632,13.3,19.0,0.0,326.0
2026-02-07 00:30:00,385.1,103.632,13.3,19.0,0.0,326.0
2026-02-07 00:45:00,384.9,100.584,13.3,19.0,0.0,326.0
2026-02-07 01:00:00,384.4,106.68,13.3,16.8,0.0,155.0
2026-02-07 01:15:00,384.0,106.68,13.2,16.8,0.0,155.0
2026-02-07 01:30:00,383.5,103.632,13.2,16.8,0.0,155.0
2026-02-07 01:45:00,383.4,103.632,13.2,16.8,0.0,155.0
2026-02-07 02:00:00,383.0,103.632,13.1,13.7,0.0,17.0
2026-02-07 02:15:00,382.4,103.632,13.1,13.7,0.0,17.0
2026-02-07 02:30:00,381.6,103.632,13.0,13.7,0.0,17.0
2026-02-07 02:45:00,381.2,106.68,12.9,13.7,0.0,17.0
2026-02-07 03:00:00,380.6,103.632,12.9,12.1,0.0,0.0
2026-02-07 03:15:00,380.3,103.632,12.8,12.1,0.0,0.0
2026-02-07 03:30:00,379.9,103.632,12.8,12.1,0.0,0.0
2026-02-07 03:45:00,379.1,103.632,12.8,12.1,0.0,0.0
2026-02-07 04:00:00,378.5,103.632,12.7,11.2,0.0,0.0
2026-02-07 04:15:00,378.0,106.68,12.7,11.2,0.0,0.0
2026-02-07 04:30:00,377.8,103.632,12.6,11.2,0.0,0.0
2026-02-07 04:45:00,377.7,103.632,12.6,11.2,0.0,0.0
2026-02-07 05:00:00,377.4,103.632,12.6,10.9,0.0,0.0
2026-02-07 05:15:00,376.8,103.632,12.5,10.9,0.0,0.0
2026-02-07 05:30:00,376.3,103.632,12.5,10.9,0.0,0.0
2026-02-07 05:45:00,375.9,109.728,12.4,10.9,0.0,0.0
2026-02-07 06:00:00,375.8,106.68,12.4,10.0,0.0,0.0
2026-02-07 06:15:00,375.7,103.632,12.4,10.0,0.0,0.0
2026-02-07 06:30:00,375.7,103.632,12.4,10.0,0.0,0.0
2026-02-07 06:45:00,375.5,106.68,12.4,10.0,0.0,0.0
2026-02-07 07:00:00,375.2,106.68,12.4,10.2,0.0,0.0
2026-02-07 07:15:00,375.1,109.728,12.3,10.2,0.0,0.0
2026-02-07 07:30:00,374.9,106.68,12.3,10.2,0.0,0.0
2026-02-07 07:45:00,374.9,106.68,12.3,10.2,0.0,0.0
2026-02-07 08:00:00,375.1,103.632,12.3,10.1,0.0,0.0
2026-02-07 08:15:00,374.6,103.632,12.3,10.1,0.0,0.0
2026-02-07 08:30:00,374.5,106.68,12.3,10.1,0.0,0.0
2026-02-07 08:45:00,374.1,109.728,12.3,10.1,0.0,0.0
2026-02-07 09:00:00,373.9,106.68,12.3,9.7,0.0,0.0
2026-02-07 09:15:00,373.9,106.68,12.3,9.7,0.0,0.0
2026-02-07 09:30:00,373.9,106.68,12.2,9.7,0.0,0.0
2026-02-07 09:45:00,373.6,106.68,12.2,9.7,0.0,0.0
2026-02-07 10:00:00,373.3,103.632,12.2,9.7,0.0,0.0
2026-02-07 10:15:00,373.2,109.728,12.2,9.7,0.0,0.0
2026-02-07 10:30:00,372.7,106.68,12.1,9.7,0.0,0.0
2026-02-07 10:45:00,373.0,106.68,12.2,9.7,0.0,0.0
2026-02-07 11:00:00,373.3,103.632,12.2,9.5,0.0,0.0
2026-02-07 11:15:00,373.0,106.68,12.2,9.5,0.0,0.0
2026-02-07 11:30:00,372.7,106.68,12.1,9.5,0.0,0.0
2026-02-07 11:45:00,372.6,109.728,12.1,9.5,0.0,0.0
2026-02-07 12:00:00,372.6,109.728,12.1,8.3,0.0,0.0
2026-02-07 12:15:00,372.7,106.68,12.1,8.3,0.0,0.0
2026-02-07 12:30:00,372.7,106.68,12.1,8.3,0.0,0.0
2026-02-07 12:45:00,372.4,106.68,12.1,8.3,0.0,0.0
2026-02-07 13:00:00,372.3,106.68,12.1,8.6,0.0,0.0
2026-02-07 13:15:00,372.0,109.728,12.1,8.6,0.0,0.0
2026-02-07 13:30:00,371.7,109.728,12.0,8.6,0.0,0.0
2026-02-07 13:45:00,371.8,106.68,12.0,8.6,0.0,0.0
2026-02-07 14:00:00,371.7,106.68,12.1,8.1,0.0,0.0
2026-02-07 14:15:00,371.5,106.68,12.0,8.1,0.0,0.0
2026-02-07 14:30:00,371.1,106.68,12.0,8.1,0.0,0.0
2026-02-07 14:45:00,371.0,109.728,12.0,8.1,0.0,0.0
2026-02-07 15:00:00,370.5,109.728,11.9,7.9,0.0,0.0
2026-02-07 15:15:00,370.7,106.68,11.9,7.9,0.0,0.0
2026-02-07 15:30:00,371.0,106.68,12.0,7.9,0.0,0.0
2026-02-07 15:45:00,371.0,106.68,12.0,7.9,0.0,0.0
2026-02-07 16:00:00,370.7,106.68,11.9,8.3,0.0,20.0
2026-02-07 16:15:00,370.5,109.728,11.9,8.3,0.0,20.0
2026-02-07 16:30:00,370.4,109.728,11.9,8.3,0.0,20.0
2026-02-07 16:45:00,370.7,109.728,11.9,8.3,0.0,20.0
2026-02-07 17:00:00,371.0,109.728,12.0,9.9,0.0,113.0
2026-02-07 17:15:00,371.0,106.68,12.0,9.9,0.0,113.0
2026-02-07 17:30:00,371.0,106.68,12.0,9.9,0.0,113.0
2026-02-07 17:45:00,371.0,112.776,12.0,9.9,0.0,113.0
2026-02-07 18:00:00,371.1,109.728,12.0,11.2,0.0,236.0
2026-02-07 18:15:00,371.8,106.68,12.1,11.2,0.0,236.0
2026-02-07 18:30:00,372.4,106.68,12.2,11.2,0.0,236.0
2026-02-07 18:45:00,372.7,106.68,12.2,11.2,0.0,236.0
2026-02-07 19:00:00,373.0,106.68,12.2,13.1,0.0,412.0
2026-02-07 19:15:00,373.3,109.728,12.2,13.1,0.0,412.0
2026-02-07 19:30:00,374.1,109.728,12.3,13.1,0.0,412.0
2026-02-07 19:45:00,374.9,106.68,12.4,13.1,0.0,412.0
2026-02-07 20:00:00,376.2,103.632,12.5,14.8,0.0,544.0
2026-02-07 20:15:00,377.4,103.632,12.6,14.8,0.0,544.0
2026-02-07 20:30:00,377.7,103.632,12.7,14.8,0.0,544.0
2026-02-07 20:45:00,378.1,106.68,12.8,14.8,0.0,544.0
2026-02-07 21:00:00,378.8,106.68,12.8,16.6,0.0,585.0
2026-02-07 21:15:00,379.8,103.632,12.9,16.6,0.0,585.0
2026-02-07 21:30:00,381.0,103.632,13.1,16.6,0.0,585.0
2026-02-07 21:45:00,381.6,103.632,13.1,16.6,0.0,585.0
2026-02-07 22:00:00,381.9,103.632,13.2,16.3,0.0,490.0
2026-02-07 22:15:00,381.9,106.68,13.2,16.3,0.0,490.0
2026-02-07 22:30:00,381.8,106.68,13.2,16.3,0.0,490.0
2026-02-07 22:45:00,382.1,103.632,13.2,16.3,0.0,490.0
2026-02-07 23:00:00,382.4,103.632,13.2,16.0,0.0,400.0
2026-02-07 23:15:00,382.2,103.632,13.2,16.0,0.0,400.0
2026-02-07 23:30:00,382.1,103.632,13.2,16.0,0.0,400.0
2026-02-07 23:45:00,381.8,103.632,13.2,16.0,0.0,400.0
2026-02-08 00:00:00,381.6,106.68,13.2,16.3,0.0,312.0
2026-02-08 00:15:00,381.6,106.68,13.2,16.3,0.0,312.0
2026-02-08 00:30:00,381.8,103.632,13.2,16.3,0.0,312.0
2026-02-08 00:45:00,381.8,103.632,13.2,16.3,0.0,312.0
2026-02-08 01:00:00,381.5,103.632,13.2,15.4,0.0,134.0
2026-02-08 01:15:00,380.9,103.632,13.1,15.4,0.0,134.0
2026-02-08 01:30:00,380.3,109.728,13.1,15.4,0.0,134.0
2026-02-08 01:45:00,379.8,103.632,13.1,15.4,0.0,134.0
2026-02-08 02:00:00,380.0,103.632,13.0,13.1,0.0,18.0
2026-02-08 02:15:00,379.4,103.632,13.0,13.1,0.0,18.0
2026-02-08 02:30:00,379.0,103.632,12.9,13.1,0.0,18.0
2026-02-08 02:45:00,378.2,103.632,12.9,13.1,0.0,18.0
2026-02-08 03:00:00,377.8,109.728,12.8,11.8,0.0,0.0
2026-02-08 03:15:00,377.3,106.68,12.8,11.8,0.0,0.0
2026-02-08 03:30:00,377.2,103.632,12.7,11.8,0.0,0.0
2026-02-08 03:45:00,376.9,103.632,12.7,11.8,0.0,0.0
2026-02-08 04:00:00,376.0,103.632,12.6,10.4,0.0,0.0
2026-02-08 04:15:00,375.5,106.68,12.6,10.4,0.0,0.0
2026-02-08 04:30:00,374.7,109.728,12.5,10.4,0.0,0.0
2026-02-08 04:45:00,374.7,106.68,12.5,10.4,0.0,0.0
2026-02-08 05:00:00,374.8,103.632,12.5,10.4,0.0,0.0
2026-02-08 05:15:00,374.3,103.632,12.4,10.4,0.0,0.0
2026-02-08 05:30:00,373.9,103.632,12.4,10.4,0.0,0.0
2026-02-08 05:45:00,373.5,103.632,12.3,10.4,0.0,0.0
2026-02-08 06:00:00,372.7,109.728,12.3,9.9,0.0,0.0
2026-02-08 06:15:00,372.4,106.68,12.2,9.9,0.0,0.0
2026-02-08 06:30:00,372.3,103.632,12.2,9.9,0.0,0.0
2026-02-08 06:45:00,372.1,103.632,12.2,9.9,0.0,0.0
2026-02-08 07:00:00,371.8,106.68,12.2,9.9,0.0,0.0
2026-02-08 07:15:00,371.0,103.632,12.1,9.9,0.0,0.0
2026-02-08 07:30:00,370.7,109.728,12.1,9.9,0.0,0.0
2026-02-08 07:45:00,370.7,106.68,12.1,9.9,0.0,0.0
2026-02-08 08:00:00,370.8,106.68,12.1,8.5,0.0,0.0
2026-02-08 08:15:00,370.8,103.632,12.1,8.5,0.0,0.0
2026-02-08 08:30:00,370.5,103.632,12.1,8.5,0.0,0.0
2026-02-08 08:45:00,370.4,106.68,12.0,8.5,0.0,0.0
2026-02-08 09:00:00,369.9,109.728,12.0,9.2,0.0,0.0
2026-02-08 09:15:00,369.5,106.68,12.0,9.2,0.0,0.0
2026-02-08 09:30:00,369.3,106.68,12.0,9.2,0.0,0.0
2026-02-08 09:45:00,369.3,106.68,11.9,9.2,0.0,0.0
2026-02-08 10:00:00,368.9,106.68,11.9,9.2,0.0,0.0
2026-02-08 10:15:00,368.3,106.68,11.8,9.2,0.0,0.0
2026-02-08 10:30:00,368.0,109.728,11.8,9.2,0.0,0.0
2026-02-08 10:45:00,367.9,109.728,11.8,9.2,0.0,0.0
2026-02-08 11:00:00,368.0,106.68,11.8,8.0,0.0,0.0
2026-02-08 11:15:00,368.2,103.632,11.8,8.0,0.0,0.0
2026-02-08 11:30:00,368.0,106.68,11.8,8.0,0.0,0.0
2026-02-08 11:45:00,367.6,106.68,11.8,8.0,0.0,0.0
2026-02-08 12:00:00,367.3,109.728,11.8,8.3,0.0,0.0
2026-02-08 12:15:00,367.0,106.68,11.7,8.3,0.0,0.0
2026-02-08 12:30:00,367.3,106.68,11.7,8.3,0.0,0.0
2026-02-08 12:45:00,367.3,106.68,11.8,8.3,0.0,0.0
2026-02-08 13:00:00,367.0,106.68,11.7,8.2,0.0,0.0
2026-02-08 13:15:00,366.6,106.68,11.7,8.2,0.0,0.0
2026-02-08 13:30:00,366.1,109.728,11.7,8.2,0.0,0.0
2026-02-08 13:45:00,366.1,109.728,11.7,8.2,0.0,0.0
2026-02-08 14:00:00,366.6,106.68,11.7,8.2,0.0,0.0
2026-02-08 14:15:00,366.8,106.68,11.7,8.2,0.0,0.0
2026-02-08 14:30:00,366.7,106.68,11.7,8.2,0.0,0.0
2026-02-08 14:45:00,366.6,103.632,11.7,8.2,0.0,0.0
2026-02-08 15:00:00,366.3,109.728,11.7,8.3,0.0,0.0
2026-02-08 15:15:00,366.3,109.728,11.7,8.3,0.0,0.0
2026-02-08 15:30:00,366.3,106.68,11.7,8.3,0.0,0.0
2026-02-08 15:45:00,366.7,106.68,11.7,8.3,0.0,0.0
2026-02-08 16:00:00,366.4,106.68,11.7,9.0,0.0,28.0
2026-02-08 16:15:00,366.3,106.68,11.7,9.0,0.0,28.0
2026-02-08 16:30:00,366.3,109.728,11.7,9.0,0.0,28.0
2026-02-08 16:45:00,366.6,109.728,11.7,9.0,0.0,28.0
2026-02-08 17:00:00,366.8,106.68,11.8,10.5,0.0,133.0
2026-02-08 17:15:00,367.1,106.68,11.8,10.5,0.0,133.0
2026-02-08 17:30:00,367.1,106.68,11.8,10.5,0.0,133.0
2026-02-08 17:45:00,367.1,106.68,11.8,10.5,0.0,133.0
2026-02-08 18:00:00,367.1,112.776,11.8,12.2,0.0,301.0
2026-02-08 18:15:00,367.7,106.68,11.9,12.2,0.0,301.0
2026-02-08 18:30:00,368.6,106.68,12.0,12.2,0.0,301.0
2026-02-08 18:45:00,369.8,103.632,12.1,12.2,0.0,301.0
2026-02-08 19:00:00,369.9,106.68,12.1,13.9,0.0,451.0
2026-02-08 19:15:00,370.4,103.632,12.1,13.9,0.0,451.0
2026-02-08 19:30:00,370.9,109.728,12.2,13.9,0.0,451.0
2026-02-08 19:45:00,371.3,106.68,12.3,13.9,0.0,451.0
2026-02-08 20:00:00,372.8,103.632,12.4,15.3,0.0,548.0
2026-02-08 20:15:00,373.8,103.632,12.5,15.3,0.0,548.0
2026-02-08 20:30:00,374.5,103.632,12.6,15.3,0.0,548.0
2026-02-08 20:45:00,375.1,103.632,12.7,15.3,0.0,548.0
2026-02-08 21:00:00,375.8,109.728,12.8,16.5,0.0,602.0
2026-02-08 21:15:00,376.9,103.632,12.9,16.5,0.0,602.0
2026-02-08 21:30:00,378.2,103.632,13.0,16.5,0.0,602.0
2026-02-08 21:45:00,378.8,103.632,13.1,16.5,0.0,602.0
2026-02-08 22:00:00,379.7,103.632,13.1,16.9,0.0,566.0
2026-02-08 22:15:00,380.0,103.632,13.2,16.9,0.0,566.0
2026-02-08 22:30:00,380.2,106.68,13.2,16.9,0.0,566.0
2026-02-08 22:45:00,380.5,106.68,13.3,16.9,0.0,566.0
2026-02-08 23:00:00,380.7,103.632,13.3,15.1,0.0,450.0
2026-02-08 23:15:00,380.7,103.632,13.3,15.1,0.0,450.0
2026-02-08 23:30:00,380.6,106.68,13.3,15.1,0.0,450.0
2026-02-08 23:45:00,380.0,106.68,13.2,15.1,0.0,450.0
2026-02-09 00:00:00,379.4,109.728,13.2,14.3,0.0,274.0
2026-02-09 00:15:00,379.1,106.68,13.1,14.3,0.0,274.0
2026-02-09 00:30:00,378.8,106.68,13.1,14.3,0.0,274.0
2026-02-09 00:45:00,378.7,106.68,13.1,14.3,0.0,274.0
2026-02-09 01:00:00,378.5,106.68,13.1,14.1,0.0,148.0
2026-02-09 01:15:00,378.2,106.68,13.1,14.1,0.0,148.0
2026-02-09 01:30:00,377.8,109.728,13.0,14.1,0.0,148.0
2026-02-09 01:45:00,377.2,106.68,13.0,14.1,0.0,148.0
2026-02-09 02:00:00,377.0,103.632,13.0,12.9,0.0,15.0
2026-02-09 02:15:00,376.9,103.632,12.9,12.9,0.0,15.0
2026-02-09 02:30:00,376.3,106.68,12.9,12.9,0.0,15.0
2026-02-09 02:45:00,376.0,103.632,12.8,12.9,0.0,15.0
2026-02-09 03:00:00,375.6,109.728,12.8,12.9,0.0,0.0
2026-02-09 03:15:00,375.5,106.68,12.8,12.9,0.0,0.0
2026-02-09 03:30:00,375.6,106.68,12.8,12.9,0.0,0.0
2026-02-09 03:45:00,375.4,103.632,12.8,12.9,0.0,0.0
2026-02-09 04:00:00,375.1,103.632,12.8,13.1,0.0,0.0
2026-02-09 04:15:00,374.6,103.632,12.8,13.1,0.0,0.0
2026-02-09 04:30:00,374.4,109.728,12.7,13.1,0.0,0.0
2026-02-09 04:45:00,374.4,106.68,12.7,13.1,0.0,0.0
2026-02-09 05:00:00,374.5,103.632,12.7,13.1,0.0,0.0
2026-02-09 05:15:00,374.4,106.68,12.7,13.1,0.0,0.0
2026-02-09 05:30:00,374.4,103.632,12.7,13.1,0.0,0.0
2026-02-09 05:45:00,374.0,103.632,12.7,13.1,0.0,0.0
2026-02-09 06:00:00,373.8,109.728,12.6,12.9,0.0,0.0
2026-02-09 06:15:00,373.7,106.68,12.7,12.9,0.0,0.0
2026-02-09 06:30:00,374.0,103.632,12.7,12.9,0.0,0.0
2026-02-09 06:45:00,374.3,103.632,12.7,12.9,0.0,0.0
2026-02-09 07:00:00,374.0,103.632,12.7,12.9,0.0,0.0
2026-02-09 07:15:00,373.9,103.632,12.7,12.9,0.0,0.0
2026-02-09 07:30:00,373.7,109.728,12.6,12.9,0.0,0.0
2026-02-09 07:45:00,373.9,106.68,12.6,12.9,0.0,0.0
2026-02-09 08:00:00,373.8,103.632,12.7,12.7,0.0,0.0
2026-02-09 08:15:00,373.9,103.632,12.7,12.7,0.0,0.0
2026-02-09 08:30:00,373.9,103.632,12.7,12.7,0.0,0.0
2026-02-09 08:45:00,373.6,103.632,12.6,12.7,0.0,0.0
2026-02-09 09:00:00,373.0,109.728,12.6,11.8,0.0,0.0
2026-02-09 09:15:00,372.7,106.68,12.6,11.8,0.0,0.0
2026-02-09 09:30:00,372.6,103.632,12.6,11.8,0.0,0.0
2026-02-09 09:45:00,372.1,103.632,12.5,11.8,0.0,0.0
2026-02-09 10:00:00,371.3,103.632,12.4,10.8,0.0,0.0
2026-02-09 10:15:00,370.5,103.632,12.3,10.8,0.0,0.0
2026-02-09 10:30:00,369.8,106.68,12.3,10.8,0.0,0.0
2026-02-09 10:45:00,369.5,106.68,12.2,10.8,0.0,0.0
2026-02-09 11:00:00,369.5,106.68,12.2,10.2,0.0,0.0
2026-02-09 11:15:00,369.3,103.632,12.2,10.2,0.0,0.0
2026-02-09 11:30:00,369.0,103.632,12.2,10.2,0.0,0.0
2026-02-09 11:45:00,368.5,106.68,12.1,10.2,0.0,0.0
2026-02-09 12:00:00,367.9,109.728,12.1,10.0,0.0,0.0
2026-02-09 12:15:00,367.7,106.68,12.1,10.0,0.0,0.0
2026-02-09 12:30:00,367.6,106.68,12.0,10.0,0.0,0.0
2026-02-09 12:45:00,367.2,106.68,12.0,10.0,0.0,0.0
2026-02-09 13:00:00,366.7,106.68,11.9,9.3,0.0,0.0
2026-02-09 13:15:00,366.4,106.68,11.9,9.3,0.0,0.0
2026-02-09 13:30:00,366.1,109.728,11.9,9.3,0.0,0.0
2026-02-09 13:45:00,365.7,106.68,11.9,9.3,0.0,0.0
2026-02-09 14:00:00,365.9,106.68,11.9,9.1,0.0,0.0
2026-02-09 14:15:00,365.6,106.68,11.8,9.1,0.0,0.0
2026-02-09 14:30:00,365.4,106.68,11.8,9.1,0.0,0.0
2026-02-09 14:45:00,365.1,109.728,11.8,9.1,0.0,0.0
2026-02-09 15:00:00,365.1,109.728,11.8,9.2,0.0,0.0
2026-02-09 15:15:00,365.4,106.68,11.8,9.2,0.0,0.0
2026-02-09 15:30:00,365.5,106.68,11.8,9.2,0.0,0.0
2026-02-09 15:45:00,365.5,106.68,11.8,9.2,0.0,0.0
2026-02-09 16:00:00,365.5,106.68,11.8,9.5,0.0,30.0
2026-02-09 16:15:00,365.6,112.776,11.8,9.5,0.0,30.0
2026-02-09 16:30:00,365.4,109.728,11.8,9.5,0.0,30.0
2026-02-09 16:45:00,365.8,106.68,11.9,9.5,0.0,30.0
2026-02-09 17:00:00,366.4,106.68,11.9,11.0,0.0,137.0
2026-02-09 17:15:00,366.9,106.68,11.9,11.0,0.0,137.0
2026-02-09 17:30:00,366.8,106.68,11.9,11.0,0.0,137.0
2026-02-09 17:45:00,366.8,109.728,12.0,11.0,0.0,137.0
2026-02-09 18:00:00,366.8,106.68,12.0,13.2,0.0,346.0
2026-02-09 18:15:00,367.4,109.728,12.0,13.2,0.0,346.0
2026-02-09 18:30:00,367.9,106.68,12.1,13.2,0.0,346.0
2026-02-09 18:45:00,368.3,103.632,12.1,13.2,0.0,346.0
2026-02-09 19:00:00,368.9,103.632,12.2,14.3,0.0,361.0
2026-02-09 19:15:00,369.0,109.728,12.2,14.3,0.0,361.0
2026-02-09 19:30:00,369.6,106.68,12.3,14.3,0.0,361.0
2026-02-09 19:45:00,370.3,103.632,12.3,14.3,0.0,361.0
2026-02-09 20:00:00,370.5,103.632,12.3,15.6,0.0,493.0
2026-02-09 20:15:00,370.5,103.632,12.3,15.6,0.0,493.0
2026-02-09 20:30:00,370.4,103.632,12.4,15.6,0.0,493.0
2026-02-09 20:45:00,371.0,109.728,12.4,15.6,0.0,493.0
2026-02-09 21:00:00,371.2,106.68,12.4,15.7,0.0,415.0
2026-02-09 21:15:00,371.6,103.632,12.5,15.7,0.0,415.0
2026-02-09 21:30:00,372.0,103.632,12.5,15.7,0.0,415.0
2026-02-09 21:45:00,372.0,103.632,12.5,15.7,0.0,415.0
2026-02-09 22:00:00,371.7,106.68,12.5,16.4,0.0,488.0
2026-02-09 22:15:00,371.6,109.728,12.5,16.4,0.0,488.0
2026-02-09 22:30:00,371.9,106.68,12.5,16.4,0.0,488.0
2026-02-09 22:45:00,372.6,106.68,12.6,16.4,0.0,488.0
2026-02-09 23:00:00,372.9,103.632,12.6,17.0,0.0,443.0
2026-02-09 23:15:00,373.2,103.632,12.7,17.0,0.0,443.0
2026-02-09 23:30:00,373.0,103.632,12.7,17.0,0.0,443.0
2026-02-09 23:45:00,372.9,109.728,12.7,17.0,0.0,443.0
2026-02-10 00:00:00,373.2,106.68,12.7,16.7,0.0,345.0
2026-02-10 00:15:00,373.2,103.632,12.7,16.7,0.0,345.0
2026-02-10 00:30:00,373.4,103.632,12.7,16.7,0.0,345.0
2026-02-10 00:45:00,373.2,103.632,12.7,16.7,0.0,345.0
2026-02-10 01:00:00,373.0,103.632,12.7,15.2,0.0,84.0
2026-02-10 01:15:00,372.6,109.728,12.7,15.2,0.0,84.0
2026-02-10 01:30:00,372.1,106.68,12.6,15.2,0.0,84.0
2026-02-10 01:45:00,372.1,106.68,12.6,15.2,0.0,84.0
2026-02-10 02:00:00,371.8,103.632,12.6,13.2,0.0,10.0
2026-02-10 02:15:00,371.3,103.632,12.5,13.2,0.0,10.0
2026-02-10 02:30:00,371.1,106.68,12.5,13.2,0.0,10.0
2026-02-10 02:45:00,370.4,109.728,12.4,13.2,0.0,10.0
2026-02-10 03:00:00,370.6,106.68,12.4,12.5,0.0,0.0
2026-02-10 03:15:00,370.1,106.68,12.4,12.5,0.0,0.0
2026-02-10 03:30:00,370.1,106.68,12.4,12.5,0.0,0.0
2026-02-10 03:45:00,369.6,103.632,12.3,12.5,0.0,0.0
2026-02-10 04:00:00,369.0,103.632,12.3,11.9,0.0,0.0
2026-02-10 04:15:00,368.4,109.728,12.2,11.9,0.0,0.0
2026-02-10 04:30:00,368.1,106.68,12.2,11.9,0.0,0.0
2026-02-10 04:45:00,368.1,106.68,12.2,11.9,0.0,0.0
2026-02-10 05:00:00,368.1,106.68,12.2,11.1,0.0,0.0
2026-02-10 05:15:00,367.6,106.68,12.2,11.1,0.0,0.0
2026-02-10 05:30:00,367.2,106.68,12.1,11.1,0.0,0.0
2026-02-10 05:45:00,366.8,109.728,12.1,11.1,0.0,0.0
2026-02-10 06:00:00,366.6,106.68,12.0,10.0,0.0,0.0
2026-02-10 06:15:00,366.4,106.68,12.0,10.0,0.0,0.0
2026-02-10 06:30:00,366.2,103.632,12.0,10.0,0.0,0.0
2026-02-10 06:45:00,365.8,103.632,12.0,10.0,0.0,0.0
2026-02-10 07:00:00,365.2,103.632,11.9,9.4,0.0,0.0
2026-02-10 07:15:00,364.6,109.728,11.8,9.4,0.0,0.0
2026-02-10 07:30:00,364.3,106.68,11.8,9.4,0.0,0.0
2026-02-10 07:45:00,364.2,103.632,11.8,9.4,0.0,0.0
2026-02-10 08:00:00,364.1,106.68,11.8,9.9,0.0,0.0
2026-02-10 08:15:00,363.6,103.632,11.8,9.9,0.0,0.0
2026-02-10 08:30:00,363.2,103.632,11.7,9.9,0.0,0.0
2026-02-10 08:45:00,362.6,109.728,11.6,9.9,0.0,0.0
2026-02-10 09:00:00,362.3,106.68,11.6,9.8,0.0,0.0
2026-02-10 09:15:00,362.2,103.632,11.6,9.8,0.0,0.0
2026-02-10 09:30:00,362.2,103.632,11.6,9.8,0.0,0.0
2026-02-10 09:45:00,361.9,103.632,11.6,9.8,0.0,0.0
2026-02-10 10:00:00,360.8,103.632,11.5,9.2,0.0,0.0
2026-02-10 10:15:00,359.8,106.68,11.4,9.2,0.0,0.0
2026-02-10 10:30:00,358.9,106.68,11.3,9.2,0.0,0.0
2026-02-10 10:45:00,358.2,103.632,11.2,9.2,0.0,0.0
2026-02-10 11:00:00,357.8,103.632,11.2,7.9,0.0,0.0
2026-02-10 11:15:00,357.2,103.632,11.1,7.9,0.0,0.0
2026-02-10 11:30:00,357.1,103.632,11.1,7.9,0.0,0.0
2026-02-10 11:45:00,356.9,109.728,11.1,7.9,0.0,0.0
2026-02-10 12:00:00,357.1,106.68,11.1,7.2,0.0,0.0
2026-02-10 12:15:00,357.5,103.632,11.2,7.2,0.0,0.0
2026-02-10 12:30:00,357.9,103.632,11.2,7.2,0.0,0.0
2026-02-10 12:45:00,357.8,103.632,11.2,7.2,0.0,0.0
2026-02-10 13:00:00,357.5,103.632,11.2,6.6,0.0,0.0
2026-02-10 13:15:00,357.1,109.728,11.1,6.6,0.0,0.0
2026-02-10 13:30:00,356.9,106.68,11.1,6.6,0.0,0.0
2026-02-10 13:45:00,357.2,103.632,11.1,6.6,0.0,0.0
2026-02-10 14:00:00,357.7,103.632,11.2,6.2,0.0,0.0
2026-02-10 14:15:00,357.2,103.632,11.1,6.2,0.0,0.0
2026-02-10 14:30:00,357.1,106.68,11.1,6.2,0.0,0.0
2026-02-10 14:45:00,356.8,109.728,11.1,6.2,0.0,0.0
2026-02-10 15:00:00,356.8,106.68,11.1,5.6,0.0,0.0
2026-02-10 15:15:00,357.1,106.68,11.2,5.6,0.0,0.0
2026-02-10 15:30:00,357.2,106.68,11.2,5.6,0.0,0.0
2026-02-10 15:45:00,357.4,103.632,11.2,5.6,0.0,0.0
2026-02-10 16:00:00,357.4,103.632,11.2,6.9,0.0,22.0
2026-02-10 16:15:00,357.1,109.728,11.2,6.9,0.0,22.0
2026-02-10 16:30:00,357.4,106.68,11.2,6.9,0.0,22.0
2026-02-10 16:45:00,357.8,103.632,11.3,6.9,0.0,22.0
2026-02-10 17:00:00,358.4,106.68,11.3,9.9,0.0,188.0
2026-02-10 17:15:00,358.2,106.68,11.3,9.9,0.0,188.0
2026-02-10 17:30:00,358.4,106.68,11.3,9.9,0.0,188.0
2026-02-10 17:45:00,358.5,109.728,11.4,9.9,0.0,188.0
2026-02-10 18:00:00,358.8,109.728,11.4,10.8,0.0,193.0
2026-02-10 18:15:00,359.6,106.68,11.5,10.8,0.0,193.0
2026-02-10 18:30:00,360.1,106.68,11.6,10.8,0.0,193.0
2026-02-10 18:45:00,360.3,103.632,11.6,10.8,0.0,193.0
2026-02-10 19:00:00,360.3,106.68,11.6,12.4,0.05,356.0
2026-02-10 19:15:00,360.7,109.728,11.7,12.4,0.05,356.0
2026-02-10 19:30:00,361.3,106.68,11.7,12.4,0.05,356.0
2026-02-10 19:45:00,361.7,103.632,11.8,12.4,0.05,356.0
2026-02-10 20:00:00,361.8,103.632,11.8,14.1,0.0,516.0
2026-02-10 20:15:00,362.1,103.632,11.9,14.1,0.0,516.0
2026-02-10 20:30:00,362.3,103.632,11.9,14.1,0.0,516.0
2026-02-10 20:45:00,362.3,109.728,11.9,14.1,0.0,516.0
2026-02-10 21:00:00,362.2,106.68,11.9,14.3,0.0,341.0
2026-02-10 21:15:00,362.8,106.68,12.0,14.3,0.0,341.0
2026-02-10 21:30:00,363.1,103.632,12.0,14.3,0.0,341.0
2026-02-10 21:45:00,363.1,106.68,12.0,14.3,0.0,341.0
2026-02-10 22:00:00,362.8,103.632,12.0,13.4,0.1,268.0
2026-02-10 22:15:00,362.4,109.728,12.0,13.4,0.1,268.0
2026-02-10 22:30:00,362.4,106.68,12.0,13.4,0.1,268.0
2026-02-10 22:45:00,362.8,106.68,12.0,13.4,0.1,268.0
2026-02-10 23:00:00,363.0,103.632,12.1,13.0,0.1,114.0
2026-02-10 23:15:00,363.0,103.632,12.1,13.0,0.1,114.0
2026-02-10 23:30:00,362.9,106.68,12.1,13.0,0.1,114.0
2026-02-10 23:45:00,362.4,109.728,12.0,13.0,0.1,114.0
2026-02-11 00:00:00,362.0,106.68,12.0,11.4,0.1,81.0
2026-02-11 00:15:00,362.0,115.824,12.0,11.4,0.1,81.0
2026-02-11 00:30:00,362.0,118.872,12.0,11.4,0.1,81.0
2026-02-11 00:45:00,361.9,128.016,12.0,11.4,0.1,81.0
2026-02-11 01:00:00,362.6,121.92000000000002,12.1,11.0,0.425,32.0
2026-02-11 01:15:00,362.9,124.968,12.2,11.0,0.425,32.0
2026-02-11 01:30:00,363.5,128.016,12.2,11.0,0.425,32.0
2026-02-11 01:45:00,363.9,134.112,12.3,11.0,0.425,32.0
2026-02-11 02:00:00,364.4,164.592,12.4,10.6,0.15,11.0
2026-02-11 02:15:00,365.7,213.36,12.5,10.6,0.15,11.0
2026-02-11 02:30:00,365.8,213.36,12.6,10.6,0.15,11.0
2026-02-11 02:45:00,360.1,195.072,12.0,10.6,0.15,11.0
2026-02-11 03:00:00,354.5,195.072,11.5,10.0,0.05,0.0
2026-02-11 03:15:00,351.0,201.168,11.1,10.0,0.05,0.0
2026-02-11 03:30:00,350.2,207.264,11.0,10.0,0.05,0.0
2026-02-11 03:45:00,351.5,198.12,11.2,10.0,0.05,0.0
2026-02-11 04:00:00,351.2,192.024,11.1,9.8,0.15,0.0
2026-02-11 04:15:00,350.2,179.832,11.0,9.8,0.15,0.0
2026-02-11 04:30:00,349.4,170.68800000000002,11.0,9.8,0.15,0.0
2026-02-11 04:45:00,348.9,161.544,10.9,9.8,0.15,0.0
2026-02-11 05:00:00,348.7,152.4,10.9,9.9,0.75,0.0
2026-02-11 05:15:00,348.6,143.256,10.9,9.9,0.75,0.0
2026-02-11 05:30:00,348.2,137.16,10.8,9.9,0.75,0.0
2026-02-11 05:45:00,348.2,131.064,10.8,9.9,0.75,0.0
2026-02-11 06:00:00,348.0,131.064,10.8,10.2,0.3,0.0
2026-02-11 06:15:00,348.4,124.968,10.9,10.2,0.3,0.0
2026-02-11 06:30:00,348.7,121.92000000000002,10.9,10.2,0.3,0.0
2026-02-11 06:45:00,349.2,121.92000000000002,10.9,10.2,0.3,0.0
2026-02-11 07:00:00,349.3,118.872,10.9,10.1,0.175,0.0
2026-02-11 07:15:00,349.7,121.92000000000002,11.0,10.1,0.175,0.0
2026-02-11 07:30:00,350.3,118.872,11.1,10.1,0.175,0.0
2026-02-11 07:45:00,351.0,118.872,11.1,10.1,0.175,0.0
2026-02-11 08:00:00,351.6,118.872,11.2,10.4,0.1,0.0
2026-02-11 08:15:00,352.0,124.968,11.2,10.4,0.1,0.0
2026-02-11 08:30:00,352.9,155.448,11.3,10.4,0.1,0.0
2026-02-11 08:45:00,355.5,192.024,11.6,10.4,0.1,0.0
2026-02-11 09:00:00,361.3,207.264,12.3,11.2,0.1,0.0
2026-02-11 09:15:00,359.1,198.12,12.1,11.2,0.1,0.0
2026-02-11 09:30:00,354.1,195.072,11.5,11.2,0.1,0.0
2026-02-11 09:45:00,350.5,185.928,11.1,11.2,0.1,0.0
2026-02-11 10:00:00,348.2,176.784,10.9,11.3,0.025,0.0
2026-02-11 10:15:00,347.3,167.64,10.8,11.3,0.025,0.0
2026-02-11 10:30:00,347.3,161.544,10.8,11.3,0.025,0.0
2026-02-11 10:45:00,347.4,155.448,10.8,11.3,0.025,0.0
2026-02-11 11:00:00,347.6,146.304,10.9,10.8,0.05,0.0
2026-02-11 11:15:00,347.9,140.208,10.9,10.8,0.05,0.0
2026-02-11 11:30:00,347.9,137.16,10.9,10.8,0.05,0.0
2026-02-11 11:45:00,348.3,137.16,10.9,10.8,0.05,0.0
2026-02-11 12:00:00,348.6,131.064,10.9,11.0,0.0,0.0
2026-02-11 12:15:00,349.2,128.016,11.0,11.0,0.0,0.0
2026-02-11 12:30:00,349.3,128.016,11.0,11.0,0.0,0.0
2026-02-11 12:45:00,349.6,124.968,11.0,11.0,0.0,0.0
2026-02-11 13:00:00,350.0,124.968,11.1,10.4,0.025,0.0
2026-02-11 13:15:00,350.7,121.92000000000002,11.2,10.4,0.025,0.0
2026-02-11 13:30:00,351.2,121.92000000000002,11.2,10.4,0.025,0.0
2026-02-11 13:45:00,351.2,118.872,11.2,10.4,0.025,0.0
2026-02-11 14:00:00,351.0,115.824,11.2,10.0,0.05,0.0
2026-02-11 14:15:00,350.9,118.872,11.2,10.0,0.05,0.0
2026-02-11 14:30:00,351.0,115.824,11.2,10.0,0.05,0.0
2026-02-11 14:45:00,351.2,112.776,11.2,10.0,0.05,0.0
2026-02-11 15:00:00,351.2,112.776,11.2,10.1,0.025,0.0
2026-02-11 15:15:00,350.9,112.776,11.1,10.1,0.025,0.0
2026-02-11 15:30:00,350.6,115.824,11.1,10.1,0.025,0.0
2026-02-11 15:45:00,350.6,112.776,11.1,10.1,0.025,0.0
2026-02-11 16:00:00,351.2,115.824,11.2,10.4,0.025,36.0
2026-02-11 16:15:00,351.2,115.824,11.2,10.4,0.025,36.0
2026-02-11 16:30:00,350.6,109.728,11.2,10.4,0.025,36.0
2026-02-11 16:45:00,350.9,112.776,11.2,10.4,0.025,36.0
2026-02-11 17:00:00,351.3,109.728,11.2,11.9,0.0,193.0
2026-02-11 17:15:00,352.3,109.728,11.3,11.9,0.0,193.0
2026-02-11 17:30:00,352.9,109.728,11.4,11.9,0.0,193.0
2026-02-11 17:45:00,353.3,106.68,11.4,11.9,0.0,193.0
2026-02-11 18:00:00,353.6,106.68,11.4,12.9,0.0,336.0
2026-02-11 18:15:00,353.9,112.776,11.5,12.9,0.0,336.0
2026-02-11 18:30:00,354.5,106.68,11.6,12.9,0.0,336.0
2026-02-11 18:45:00,355.3,106.68,11.7,12.9,0.0,336.0
2026-02-11 19:00:00,355.9,103.632,11.7,13.4,0.05,322.0
2026-02-11 19:15:00,356.1,106.68,11.8,13.4,0.05,322.0
2026-02-11 19:30:00,356.5,106.68,11.8,13.4,0.05,322.0
2026-02-11 19:45:00,356.6,109.728,11.8,13.4,0.05,322.0
2026-02-11 20:00:00,357.2,106.68,11.9,12.9,0.25,427.0
2026-02-11 20:15:00,357.6,106.68,11.9,12.9,0.25,427.0
2026-02-11 20:30:00,357.8,106.68,11.9,12.9,0.25,427.0
2026-02-11 20:45:00,357.8,115.824,11.9,12.9,0.25,427.0
2026-02-11 21:00:00,358.1,137.16,12.0,12.2,0.125,261.0
2026-02-11 21:15:00,359.8,161.544,12.2,12.2,0.125,261.0
2026-02-11 21:30:00,363.9,210.312,12.6,12.2,0.125,261.0
2026-02-11 21:45:00,368.3,207.264,13.2,12.2,0.125,261.0
2026-02-11 22:00:00,362.8,207.264,12.5,12.0,0.075,165.0
2026-02-11 22:15:00,356.9,188.976,11.9,12.0,0.075,165.0
2026-02-11 22:30:00,353.3,173.736,11.6,12.0,0.075,165.0
2026-02-11 22:45:00,352.3,161.544,11.4,12.0,0.075,165.0
2026-02-11 23:00:00,351.9,152.4,11.4,12.1,0.025,135.0
2026-02-11 23:15:00,352.0,146.304,11.4,12.1,0.025,135.0
2026-02-11 23:30:00,352.2,185.928,11.4,12.1,0.025,135.0
2026-02-11 23:45:00,352.8,332.232,11.5,12.1,0.025,135.0
2026-02-12 00:00:00,349.6,347.472,11.2,11.6,0.025,143.0
2026-02-12 00:15:00,346.4,323.088,10.8,11.6,0.025,143.0
2026-02-12 00:30:00,344.0,265.176,10.6,11.6,0.025,143.0
2026-02-12 00:45:00,342.4,225.552,10.4,11.6,0.025,143.0
2026-02-12 01:00:00,341.9,198.12,10.3,11.2,0.075,50.0
2026-02-12 01:15:00,342.2,182.88,10.3,11.2,0.075,50.0
2026-02-12 01:30:00,342.7,176.784,10.4,11.2,0.075,50.0
2026-02-12 01:45:00,343.6,176.784,10.5,11.2,0.075,50.0
2026-02-12 02:00:00,345.4,170.68800000000002,10.7,10.5,0.075,12.0
2026-02-12 02:15:00,347.0,173.736,10.9,10.5,0.075,12.0
2026-02-12 02:30:00,348.9,170.68800000000002,11.1,10.5,0.075,12.0
2026-02-12 02:45:00,349.2,167.64,11.1,10.5,0.075,12.0
2026-02-12 03:00:00,348.4,158.496,11.0,10.1,0.025,0.0
2026-02-12 03:15:00,347.7,152.4,11.0,10.1,0.025,0.0
2026-02-12 03:30:00,347.6,143.256,10.9,10.1,0.025,0.0
2026-02-12 03:45:00,347.2,140.208,10.9,10.1,0.025,0.0
2026-02-12 04:00:00,347.0,137.16,10.9,9.6,0.0,0.0
2026-02-12 04:15:00,347.0,134.112,10.9,9.6,0.0,0.0
2026-02-12 04:30:00,347.2,131.064,10.9,9.6,0.0,0.0
2026-02-12 04:45:00,347.2,128.016,11.0,9.6,0.0,0.0
2026-02-12 05:00:00,347.4,128.016,11.0,9.4,0.0,0.0
2026-02-12 05:15:00,347.2,128.016,11.0,9.4,0.0,0.0
2026-02-12 05:30:00,347.0,124.968,11.1,9.4,0.0,0.0
2026-02-12 05:45:00,346.3,121.92000000000002,11.1,9.4,0.0,0.0
2026-02-12 06:00:00,345.4,121.92000000000002,11.1,9.9,0.0,0.0
2026-02-12 06:15:00,344.6,121.92000000000002,11.2,9.9,0.0,0.0
2026-02-12 06:30:00,343.7,121.92000000000002,11.2,9.9,0.0,0.0
2026-02-12 06:45:00,343.7,118.872,11.2,9.9,0.0,0.0
2026-02-12 07:00:00,343.7,115.824,11.3,9.9,0.0,0.0
2026-02-12 07:15:00,343.7,115.824,11.3,9.9,0.0,0.0
2026-02-12 07:30:00,343.7,115.824,11.3,9.9,0.0,0.0
2026-02-12 07:45:00,344.0,118.872,11.3,9.9,0.0,0.0
2026-02-12 08:00:00,344.4,115.824,11.3,9.3,0.0,0.0
2026-02-12 08:15:00,344.6,115.824,11.3,9.3,0.0,0.0
2026-02-12 08:30:00,344.6,115.824,11.3,9.3,0.0,0.0
2026-02-12 08:45:00,344.4,115.824,11.3,9.3,0.0,0.0
2026-02-12 09:00:00,344.4,115.824,11.3,9.1,0.0,0.0
2026-02-12 09:15:00,344.7,115.824,11.3,9.1,0.0,0.0
2026-02-12 09:30:00,345.0,112.776,11.4,9.1,0.0,0.0
2026-02-12 09:45:00,344.9,112.776,11.4,9.1,0.0,0.0
2026-02-12 10:00:00,344.6,112.776,11.4,8.7,0.0,0.0
2026-02-12 10:15:00,344.6,115.824,11.3,8.7,0.0,0.0
2026-02-12 10:30:00,344.9,112.776,11.4,8.7,0.0,0.0
2026-02-12 10:45:00,345.4,109.728,11.4,8.7,0.0,0.0
2026-02-12 11:00:00,345.2,109.728,11.4,8.0,0.0,0.0
2026-02-12 11:15:00,344.9,109.728,11.4,8.0,0.0,0.0
2026-02-12 11:30:00,344.6,112.776,11.4,8.0,0.0,0.0
2026-02-12 11:45:00,344.6,109.728,11.4,8.0,0.0,0.0
2026-02-12 12:00:00,344.6,109.728,11.5,8.2,0.0,0.0
2026-02-12 12:15:00,344.8,109.728,11.5,8.2,0.0,0.0
2026-02-12 12:30:00,344.7,109.728,11.5,8.2,0.0,0.0
2026-02-12 12:45:00,344.7,109.728,11.5,8.2,0.0,0.0
2026-02-12 13:00:00,344.8,109.728,11.5,7.8,0.0,0.0
2026-02-12 13:15:00,345.1,109.728,11.5,7.8,0.0,0.0
2026-02-12 13:30:00,344.9,106.68,11.5,7.8,0.0,0.0
2026-02-12 13:45:00,344.9,106.68,11.5,7.8,0.0,0.0
2026-02-12 14:00:00,344.3,109.728,11.5,7.2,0.0,0.0
2026-02-12 14:15:00,344.0,109.728,11.5,7.2,0.0,0.0
2026-02-12 14:30:00,344.0,106.68,11.5,7.2,0.0,0.0
2026-02-12 14:45:00,343.9,106.68,11.5,7.2,0.0,0.0
2026-02-12 15:00:00,343.4,106.68,11.5,6.9,0.0,0.0
2026-02-12 15:15:00,343.0,106.68,11.4,6.9,0.0,0.0
2026-02-12 15:30:00,342.4,112.776,11.4,6.9,0.0,0.0
2026-02-12 15:45:00,342.3,112.776,11.4,6.9,0.0,0.0
2026-02-12 16:00:00,342.2,112.776,11.4,8.0,0.0,35.0
2026-02-12 16:15:00,341.9,109.728,11.4,8.0,0.0,35.0
2026-02-12 16:30:00,341.4,106.68,11.3,8.0,0.0,35.0
2026-02-12 16:45:00,341.3,109.728,11.3,8.0,0.0,35.0
2026-02-12 17:00:00,341.7,109.728,11.3,9.9,0.0,148.0
2026-02-12 17:15:00,342.3,109.728,11.4,9.9,0.0,148.0
2026-02-12 17:30:00,342.6,106.68,11.4,9.9,0.0,148.0
2026-02-12 17:45:00,342.9,106.68,11.4,9.9,0.0,148.0
2026-02-12 18:00:00,343.3,106.68,11.4,11.6,0.0,295.0
2026-02-12 18:15:00,344.0,109.728,11.5,11.6,0.0,295.0
2026-02-12 18:30:00,344.7,106.68,11.6,11.6,0.0,295.0
2026-02-12 18:45:00,345.7,106.68,11.7,11.6,0.0,295.0
2026-02-12 19:00:00,346.1,106.68,11.8,13.3,0.0,409.0
2026-02-12 19:15:00,346.8,103.632,11.8,13.3,0.0,409.0
2026-02-12 19:30:00,347.4,106.68,11.9,13.3,0.0,409.0
2026-02-12 19:45:00,348.1,106.68,12.0,13.3,0.0,409.0
2026-02-12 20:00:00,349.1,106.68,12.1,14.2,0.0,464.0
2026-02-12 20:15:00,349.7,103.632,12.2,14.2,0.0,464.0
2026-02-12 20:30:00,349.8,103.632,12.2,14.2,0.0,464.0
2026-02-12 20:45:00,349.9,103.632,12.2,14.2,0.0,464.0
2026-02-12 21:00:00,350.6,106.68,12.2,15.1,0.0,530.0
2026-02-12 21:15:00,351.1,103.632,12.3,15.1,0.0,530.0
2026-02-12 21:30:00,351.6,103.632,12.4,15.1,0.0,530.0
2026-02-12 21:45:00,352.2,103.632,12.4,15.1,0.0,530.0
2026-02-12 22:00:00,352.3,103.632,12.4,15.8,0.0,571.0
2026-02-12 22:15:00,352.8,103.632,12.4,15.8,0.0,571.0
2026-02-12 22:30:00,352.8,103.632,12.4,15.8,0.0,571.0
2026-02-12 22:45:00,352.9,103.632,12.4,15.8,0.0,571.0
2026-02-12 23:00:00,352.8,103.632,12.4,16.0,0.0,494.0
2026-02-12 23:15:00,352.9,103.632,12.4,16.0,0.0,494.0
2026-02-12 23:30:00,353.1,103.632,12.4,16.0,0.0,494.0
2026-02-12 23:45:00,353.1,103.632,12.4,16.0,0.0,494.0
2026-02-13 00:00:00,353.4,103.632,12.4,15.9,0.0,353.0
2026-02-13 00:15:00,353.2,103.632,12.4,15.9,0.0,353.0
2026-02-13 00:30:00,353.1,103.632,12.4,15.9,0.0,353.0
2026-02-13 00:45:00,352.8,103.632,12.4,15.9,0.0,353.0
2026-02-13 01:00:00,352.5,103.632,12.3,14.5,0.0,173.0
2026-02-13 01:15:00,352.2,103.632,12.3,14.5,0.0,173.0
2026-02-13 01:30:00,352.1,103.632,12.3,14.5,0.0,173.0
2026-02-13 01:45:00,351.9,103.632,12.3,14.5,0.0,173.0
2026-02-13 02:00:00,351.8,103.632,12.3,11.8,0.0,26.0
2026-02-13 02:15:00,351.5,103.632,12.2,11.8,0.0,26.0
2026-02-13 02:30:00,350.9,103.632,12.2,11.8,0.0,26.0
2026-02-13 02:45:00,350.5,103.632,12.1,11.8,0.0,26.0
2026-02-13 03:00:00,350.2,103.632,12.1,10.9,0.0,0.0
2026-02-13 03:15:00,350.0,103.632,12.1,10.9,0.0,0.0
2026-02-13 03:30:00,349.5,103.632,12.0,10.9,0.0,0.0
2026-02-13 03:45:00,349.1,103.632,11.9,10.9,0.0,0.0
2026-02-13 04:00:00,348.5,103.632,11.9,10.2,0.0,0.0
2026-02-13 04:15:00,348.0,103.632,11.8,10.2,0.0,0.0
2026-02-13 04:30:00,347.6,103.632,11.8,10.2,0.0,0.0
2026-02-13 04:45:00,347.1,103.632,11.8,10.2,0.0,0.0
2026-02-13 05:00:00,346.7,103.632,11.7,9.7,0.0,0.0
2026-02-13 05:15:00,346.1,103.632,11.6,9.7,0.0,0.0
2026-02-13 05:30:00,345.9,103.632,11.6,9.7,0.0,0.0
2026-02-13 05:45:00,345.3,103.632,11.6,9.7,0.0,0.0
2026-02-13 06:00:00,345.1,103.632,11.5,9.2,0.0,0.0
2026-02-13 06:15:00,345.0,103.632,11.5,9.2,0.0,0.0
2026-02-13 06:30:00,344.7,103.632,11.5,9.2,0.0,0.0
2026-02-13 06:45:00,344.0,103.632,11.5,9.2,0.0,0.0
2026-02-13 07:00:00,343.7,103.632,11.4,9.0,0.0,0.0
2026-02-13 07:15:00,343.4,103.632,11.4,9.0,0.0,0.0
2026-02-13 07:30:00,343.4,103.632,11.4,9.0,0.0,0.0
2026-02-13 07:45:00,343.3,103.632,11.4,9.0,0.0,0.0
2026-02-13 08:00:00,343.3,103.632,11.4,8.6,0.0,0.0
2026-02-13 08:15:00,343.2,103.632,11.4,8.6,0.0,0.0
2026-02-13 08:30:00,342.6,103.632,11.3,8.6,0.0,0.0
2026-02-13 08:45:00,342.6,103.632,11.3,8.6,0.0,0.0
2026-02-13 09:00:00,342.6,103.632,11.3,8.4,0.0,0.0
2026-02-13 09:15:00,342.4,103.632,11.3,8.4,0.0,0.0
2026-02-13 09:30:00,342.3,103.632,11.3,8.4,0.0,0.0
2026-02-13 09:45:00,342.0,103.632,11.3,8.4,0.0,0.0
2026-02-13 10:00:00,341.7,103.632,11.3,8.4,0.0,0.0
2026-02-13 10:15:00,341.7,103.632,11.3,8.4,0.0,0.0
2026-02-13 10:30:00,341.6,103.632,11.3,8.4,0.0,0.0
2026-02-13 10:45:00,341.5,103.632,11.2,8.4,0.0,0.0
2026-02-13 11:00:00,341.2,103.632,11.2,8.5,0.0,0.0
2026-02-13 11:15:00,340.8,103.632,11.2,8.5,0.0,0.0
2026-02-13 11:30:00,340.6,103.632,11.2,8.5,0.0,0.0
2026-02-13 11:45:00,340.5,103.632,11.2,8.5,0.0,0.0
2026-02-13 12:00:00,340.3,103.632,11.2,7.7,0.0,0.0
2026-02-13 12:15:00,340.1,103.632,11.1,7.7,0.0,0.0
2026-02-13 12:30:00,339.6,103.632,11.1,7.7,0.0,0.0
2026-02-13 12:45:00,339.5,103.632,11.1,7.7,0.0,0.0
2026-02-13 13:00:00,339.5,103.632,11.2,8.0,0.0,0.0
2026-02-13 13:15:00,339.6,103.632,11.2,8.0,0.0,0.0
2026-02-13 13:30:00,339.6,103.632,11.2,8.0,0.0,0.0
2026-02-13 13:45:00,339.5,103.632,11.2,8.0,0.0,0.0
2026-02-13 14:00:00,338.9,103.632,11.2,8.0,0.0,0.0
2026-02-13 14:15:00,338.5,103.632,11.2,8.0,0.0,0.0
2026-02-13 14:30:00,338.2,103.632,11.3,8.0,0.0,0.0
2026-02-13 14:45:00,337.9,103.632,11.3,8.0,0.0,0.0
2026-02-13 15:00:00,337.5,103.632,11.3,8.4,0.0,0.0
2026-02-13 15:15:00,336.9,103.632,11.3,8.4,0.0,0.0
2026-02-13 15:30:00,336.2,103.632,11.3,8.4,0.0,0.0
2026-02-13 15:45:00,335.5,103.632,11.3,8.4,0.0,0.0
2026-02-13 16:00:00,335.1,103.632,11.3,9.0,0.0,30.0
2026-02-13 16:15:00,334.8,103.632,11.3,9.0,0.0,30.0
2026-02-13 16:30:00,334.5,103.632,11.3,9.0,0.0,30.0
2026-02-13 16:45:00,334.1,103.632,11.4,9.0,0.0,30.0
2026-02-13 17:00:00,333.8,103.632,11.4,10.0,0.0,130.0
2026-02-13 17:15:00,333.9,103.632,11.4,10.0,0.0,130.0
2026-02-13 17:30:00,333.9,103.632,11.5,10.0,0.0,130.0
2026-02-13 17:45:00,333.9,103.632,11.5,10.0,0.0,130.0
2026-02-13 18:00:00,334.1,103.632,11.6,11.1,0.0,261.0
2026-02-13 18:15:00,334.1,103.632,11.6,11.1,0.0,261.0
2026-02-13 18:30:00,334.1,103.632,11.7,11.1,0.0,261.0
2026-02-13 18:45:00,334.4,103.632,11.7,11.1,0.0,261.0
2026-02-13 19:00:00,334.6,100.584,11.8,12.6,0.0,374.0
2026-02-13 19:15:00,334.6,100.584,11.8,12.6,0.0,374.0
2026-02-13 19:30:00,334.6,103.632,11.8,12.6,0.0,374.0
2026-02-13 19:45:00,335.1,103.632,11.9,12.6,0.0,374.0
2026-02-13 20:00:00,335.9,103.632,12.0,14.3,0.0,520.0
2026-02-13 20:15:00,336.4,103.632,12.1,14.3,0.0,520.0
2026-02-13 20:30:00,336.9,103.632,12.2,14.3,0.0,520.0
2026-02-13 20:45:00,337.1,103.632,12.2,14.3,0.0,520.0
2026-02-13 21:00:00,337.4,103.632,12.2,14.9,0.0,583.0
2026-02-13 21:15:00,337.6,103.632,12.3,14.9,0.0,583.0
2026-02-13 21:30:00,337.7,103.632,12.3,14.9,0.0,583.0
2026-02-13 21:45:00,338.1,100.584,12.4,14.9,0.0,583.0
2026-02-13 22:00:00,338.5,100.584,12.4,14.9,0.0,585.0
2026-02-13 22:15:00,338.5,100.584,12.4,14.9,0.0,585.0
2026-02-13 22:30:00,338.5,103.632,12.4,14.9,0.0,585.0
2026-02-13 22:45:00,337.9,103.632,12.4,14.9,0.0,585.0
2026-02-13 23:00:00,338.0,103.632,12.4,14.1,0.0,492.0
2026-02-13 23:15:00,338.1,103.632,12.4,14.1,0.0,492.0
2026-02-13 23:30:00,338.2,100.584,12.4,14.1,0.0,492.0
2026-02-13 23:45:00,338.1,100.584,12.4,14.1,0.0,492.0
2026-02-14 00:00:00,338.0,103.632,12.4,13.2,0.0,348.0
2026-02-14 00:15:00,337.8,103.632,12.4,13.2,0.0,348.0
2026-02-14 00:30:00,337.5,100.584,12.4,13.2,0.0,348.0
2026-02-14 00:45:00,337.4,103.632,12.3,13.2,0.0,348.0
2026-02-14 01:00:00,337.1,100.584,12.3,12.0,0.0,164.0
2026-02-14 01:15:00,336.6,100.584,12.2,12.0,0.0,164.0
2026-02-14 01:30:00,336.3,103.632,12.2,12.0,0.0,164.0
2026-02-14 01:45:00,335.9,103.632,12.1,12.0,0.0,164.0
2026-02-14 02:00:00,335.7,103.632,12.1,10.4,0.0,23.0
2026-02-14 02:15:00,335.6,100.584,12.0,10.4,0.0,23.0
2026-02-14 02:30:00,335.2,100.584,12.0,10.4,0.0,23.0
2026-02-14 02:45:00,334.9,103.632,12.0,10.4,0.0,23.0
2026-02-14 03:00:00,334.5,103.632,11.9,9.6,0.0,0.0
2026-02-14 03:15:00,334.2,103.632,11.8,9.6,0.0,0.0
2026-02-14 03:30:00,333.9,103.632,11.8,9.6,0.0,0.0
2026-02-14 03:45:00,333.7,103.632,11.8,9.6,0.0,0.0
2026-02-14 04:00:00,333.5,103.632,11.7,9.1,0.0,0.0
2026-02-14 04:15:00,333.2,103.632,11.7,9.1,0.0,0.0
2026-02-14 04:30:00,332.9,103.632,11.6,9.1,0.0,0.0
2026-02-14 04:45:00,333.0,103.632,11.6,9.1,0.0,0.0
2026-02-14 05:00:00,333.0,103.632,11.6,9.1,0.0,0.0
2026-02-14 05:15:00,333.0,103.632,11.6,9.1,0.0,0.0
2026-02-14 05:30:00,332.8,103.632,11.5,9.1,0.0,0.0
2026-02-14 05:45:00,332.5,103.632,11.5,9.1,0.0,0.0
2026-02-14 06:00:00,332.7,103.632,11.4,9.1,0.0,0.0
2026-02-14 06:15:00,332.7,103.632,11.4,9.1,0.0,0.0
2026-02-14 06:30:00,332.8,103.632,11.4,9.1,0.0,0.0
2026-02-14 06:45:00,333.0,103.632,11.4,9.1,0.0,0.0
2026-02-14 07:00:00,333.0,103.632,11.4,9.3,0.0,0.0
2026-02-14 07:15:00,333.0,103.632,11.4,9.3,0.0,0.0
2026-02-14 07:30:00,333.0,103.632,11.4,9.3,0.0,0.0
2026-02-14 07:45:00,333.2,103.632,11.4,9.3,0.0,0.0
2026-02-14 08:00:00,333.4,100.584,11.4,9.3,0.0,0.0
2026-02-14 08:15:00,333.4,103.632,11.3,9.3,0.0,0.0
2026-02-14 08:30:00,333.7,103.632,11.3,9.3,0.0,0.0
2026-02-14 08:45:00,333.7,103.632,11.3,9.3,0.0,0.0
2026-02-14 09:00:00,333.8,103.632,11.4,9.1,0.0,0.0
2026-02-14 09:15:00,334.2,103.632,11.4,9.1,0.0,0.0
2026-02-14 09:30:00,334.5,103.632,11.4,9.1,0.0,0.0
2026-02-14 09:45:00,334.7,100.584,11.4,9.1,0.0,0.0
2026-02-14 10:00:00,334.6,103.632,11.4,8.8,0.0,0.0
2026-02-14 10:15:00,334.7,103.632,11.4,8.8,0.0,0.0
2026-02-14 10:30:00,334.8,103.632,11.4,8.8,0.0,0.0
2026-02-14 10:45:00,335.0,103.632,11.4,8.8,0.0,0.0
2026-02-14 11:00:00,335.1,100.584,11.4,8.2,0.0,0.0
2026-02-14 11:15:00,335.1,103.632,11.4,8.2,0.0,0.0
2026-02-14 11:30:00,334.9,103.632,11.4,8.2,0.0,0.0
2026-02-14 11:45:00,334.8,103.632,11.4,8.2,0.0,0.0
2026-02-14 12:00:00,334.8,103.632,11.4,7.7,0.0,0.0
2026-02-14 12:15:00,334.9,100.584,11.4,7.7,0.0,0.0
2026-02-14 12:30:00,334.8,100.584,11.3,7.7,0.0,0.0
2026-02-14 12:45:00,334.4,100.584,11.3,7.7,0.0,0.0
2026-02-14 13:00:00,334.4,103.632,11.3,6.8,0.0,0.0
2026-02-14 13:15:00,334.4,103.632,11.3,6.8,0.0,0.0
2026-02-14 13:30:00,334.5,103.632,11.3,6.8,0.0,0.0
2026-02-14 13:45:00,334.7,103.632,11.3,6.8,0.0,0.0
2026-02-14 14:00:00,334.8,103.632,11.3,6.1,0.0,0.0
2026-02-14 14:15:00,334.9,103.632,11.3,6.1,0.0,0.0
2026-02-14 14:30:00,334.9,103.632,11.4,6.1,0.0,0.0
2026-02-14 14:45:00,335.1,103.632,11.4,6.1,0.0,0.0
2026-02-14 15:00:00,335.2,103.632,11.4,5.9,0.0,0.0
2026-02-14 15:15:00,335.4,100.584,11.4,5.9,0.0,0.0
2026-02-14 15:30:00,335.4,100.584,11.4,5.9,0.0,0.0
2026-02-14 15:45:00,335.4,103.632,11.4,5.9,0.0,0.0
2026-02-14 16:00:00,335.4,103.632,11.4,6.9,0.0,37.0
2026-02-14 16:15:00,335.7,103.632,11.4,6.9,0.0,37.0
2026-02-14 16:30:00,335.8,103.632,11.5,6.9,0.0,37.0
2026-02-14 16:45:00,335.8,103.632,11.5,6.9,0.0,37.0
2026-02-14 17:00:00,335.8,100.584,11.5,9.7,0.0,157.0
2026-02-14 17:15:00,335.9,103.632,11.5,9.7,0.0,157.0
2026-02-14 17:30:00,336.0,103.632,11.5,9.7,0.0,157.0
2026-02-14 17:45:00,336.3,100.584,11.6,9.7,0.0,157.0
2026-02-14 18:00:00,336.6,100.584,11.6,11.5,0.0,285.0
2026-02-14 18:15:00,336.9,100.584,11.6,11.5,0.0,285.0
2026-02-14 18:30:00,337.0,100.584,11.6,11.5,0.0,285.0
2026-02-14 18:45:00,337.5,103.632,11.6,11.5,0.0,285.0
2026-02-14 19:00:00,337.6,100.584,11.7,12.6,0.0,413.0
2026-02-14 19:15:00,338.3,100.584,11.7,12.6,0.0,413.0
2026-02-14 19:30:00,338.9,100.584,11.8,12.6,0.0,413.0
2026-02-14 19:45:00,339.4,100.584,11.8,12.6,0.0,413.0
2026-02-14 20:00:00,339.6,100.584,11.9,12.7,0.0,436.0
2026-02-14 20:15:00,339.8,103.632,11.9,12.7,0.0,436.0
2026-02-14 20:30:00,340.0,103.632,11.9,12.7,0.0,436.0
2026-02-14 20:45:00,340.1,103.632,12.0,12.7,0.0,436.0
2026-02-14 21:00:00,340.4,100.584,12.0,13.3,0.0,381.0
2026-02-14 21:15:00,340.3,100.584,12.0,13.3,0.0,381.0
2026-02-14 21:30:00,340.3,100.584,12.0,13.3,0.0,381.0
2026-02-14 21:45:00,340.3,103.632,12.0,13.3,0.0,381.0
2026-02-14 22:00:00,340.4,100.584,12.0,13.2,0.0,220.0
2026-02-14 22:15:00,340.7,100.584,12.0,13.2,0.0,220.0
2026-02-14 22:30:00,340.6,100.584,12.0,13.2,0.0,220.0
2026-02-14 22:45:00,340.3,100.584,12.0,13.2,0.0,220.0
2026-02-14 23:00:00,340.1,100.584,11.9,13.5,0.0,283.0
2026-02-14 23:15:00,339.8,103.632,11.9,13.5,0.0,283.0
2026-02-14 23:30:00,339.8,103.632,11.9,13.5,0.0,283.0
2026-02-14 23:45:00,340.3,100.584,11.9,13.5,0.0,283.0
2026-02-15 00:00:00,340.4,100.584,11.9,13.4,0.0,165.0
2026-02-15 00:15:00,340.4,100.584,11.9,13.4,0.0,165.0
2026-02-15 00:30:00,340.3,103.632,11.9,13.4,0.0,165.0
2026-02-15 00:45:00,340.1,103.632,11.9,13.4,0.0,165.0
2026-02-15 01:00:00,340.1,103.632,11.9,12.7,0.0,74.0
2026-02-15 01:15:00,340.1,100.584,11.9,12.7,0.0,74.0
2026-02-15 01:30:00,340.0,100.584,11.8,12.7,0.0,74.0
2026-02-15 01:45:00,339.7,100.584,11.8,12.7,0.0,74.0
2026-02-15 02:00:00,339.1,103.632,11.7,11.7,0.0,14.0
2026-02-15 02:15:00,338.6,103.632,11.7,11.7,0.0,14.0
2026-02-15 02:30:00,338.4,103.632,11.7,11.7,0.0,14.0
2026-02-15 02:45:00,338.4,100.584,11.7,11.7,0.0,14.0
2026-02-15 03:00:00,338.6,100.584,11.7,11.4,0.0,0.0
2026-02-15 03:15:00,338.4,100.584,11.7,11.4,0.0,0.0
2026-02-15 03:30:00,338.6,103.632,11.7,11.4,0.0,0.0
2026-02-15 03:45:00,338.6,103.632,11.7,11.4,0.0,0.0
2026-02-15 04:00:00,338.7,103.632,11.7,11.1,0.0,0.0
2026-02-15 04:15:00,338.7,100.584,11.7,11.1,0.0,0.0
2026-02-15 04:30:00,339.0,100.584,11.7,11.1,0.0,0.0
2026-02-15 04:45:00,339.1,100.584,11.7,11.1,0.0,0.0
2026-02-15 05:00:00,339.1,103.632,11.6,11.1,0.0,0.0
2026-02-15 05:15:00,338.8,103.632,11.7,11.1,0.0,0.0
2026-02-15 05:30:00,339.0,100.584,11.6,11.1,0.0,0.0
2026-02-15 05:45:00,339.1,100.584,11.7,11.1,0.0,0.0
2026-02-15 06:00:00,339.1,100.584,11.6,11.1,0.0,0.0
2026-02-15 06:15:00,339.0,100.584,11.6,11.1,0.0,0.0
2026-02-15 06:30:00,338.9,100.584,11.6,11.1,0.0,0.0
2026-02-15 06:45:00,339.0,103.632,11.6,11.1,0.0,0.0
2026-02-15 07:00:00,339.0,100.584,11.6,11.2,0.0,0.0
2026-02-15 07:15:00,339.1,100.584,11.6,11.2,0.0,0.0
2026-02-15 07:30:00,339.1,100.584,11.6,11.2,0.0,0.0
2026-02-15 07:45:00,339.2,100.584,11.5,11.2,0.0,0.0
2026-02-15 08:00:00,339.0,100.584,11.5,10.7,0.0,0.0
2026-02-15 08:15:00,339.0,103.632,11.5,10.7,0.0,0.0
2026-02-15 08:30:00,339.2,100.584,11.5,10.7,0.0,0.0
2026-02-15 08:45:00,339.2,100.584,11.5,10.7,0.0,0.0
2026-02-15 09:00:00,339.2,100.584,11.4,10.3,0.0,0.0
2026-02-15 09:15:00,338.9,100.584,11.4,10.3,0.0,0.0
2026-02-15 09:30:00,338.9,100.584,11.4,10.3,0.0,0.0
2026-02-15 09:45:00,338.9,100.584,11.4,10.3,0.0,0.0
2026-02-15 10:00:00,339.2,100.584,11.4,10.5,0.0,0.0
2026-02-15 10:15:00,339.5,100.584,11.4,10.5,0.0,0.0
2026-02-15 10:30:00,339.6,100.584,11.4,10.5,0.0,0.0
2026-02-15 10:45:00,339.6,100.584,11.4,10.5,0.0,0.0
2026-02-15 11:00:00,339.6,103.632,11.4,10.8,0.0,0.0
2026-02-15 11:15:00,339.7,103.632,11.4,10.8,0.0,0.0
2026-02-15 11:30:00,339.7,100.584,11.4,10.8,0.0,0.0
2026-02-15 11:45:00,339.7,100.584,11.4,10.8,0.0,0.0
2026-02-15 12:00:00,339.6,100.584,11.3,10.8,0.05,0.0
2026-02-15 12:15:00,339.2,100.584,11.3,10.8,0.05,0.0
2026-02-15 12:30:00,338.9,103.632,11.2,10.8,0.05,0.0
2026-02-15 12:45:00,338.7,103.632,11.2,10.8,0.05,0.0
2026-02-15 13:00:00,338.6,103.632,11.2,10.7,0.025,0.0
2026-02-15 13:15:00,338.9,100.584,11.2,10.7,0.025,0.0
2026-02-15 13:30:00,338.7,100.584,11.2,10.7,0.025,0.0
2026-02-15 13:45:00,338.3,100.584,11.2,10.7,0.025,0.0
2026-02-15 14:00:00,338.2,103.632,11.1,11.0,0.025,0.0
2026-02-15 14:15:00,338.3,103.632,11.2,11.0,0.025,0.0
2026-02-15 14:30:00,338.2,103.632,11.1,11.0,0.025,0.0
2026-02-15 14:45:00,338.3,100.584,11.2,11.0,0.025,0.0
2026-02-15 15:00:00,338.3,100.584,11.1,10.9,0.0,0.0
2026-02-15 15:15:00,338.2,100.584,11.1,10.9,0.0,0.0
2026-02-15 15:30:00,338.2,103.632,11.1,10.9,0.0,0.0
2026-02-15 15:45:00,338.2,103.632,11.1,10.9,0.0,0.0
2026-02-15 16:00:00,338.5,103.632,11.2,11.2,0.0,21.0
2026-02-15 16:15:00,338.7,100.584,11.2,11.2,0.0,21.0
2026-02-15 16:30:00,338.9,100.584,11.2,11.2,0.0,21.0
2026-02-15 16:45:00,338.9,100.584,11.2,11.2,0.0,21.0
2026-02-15 17:00:00,338.9,103.632,11.2,11.7,0.05,113.0
2026-02-15 17:15:00,339.3,103.632,11.2,11.7,0.05,113.0
2026-02-15 17:30:00,339.4,103.632,11.3,11.7,0.05,113.0
2026-02-15 17:45:00,339.7,100.584,11.3,11.7,0.05,113.0
2026-02-15 18:00:00,339.6,103.632,11.3,13.0,0.0,205.0
2026-02-15 18:15:00,339.7,103.632,11.3,13.0,0.0,205.0
2026-02-15 18:30:00,340.2,106.68,11.3,13.0,0.0,205.0
2026-02-15 18:45:00,340.7,103.632,11.4,13.0,0.0,205.0
2026-02-15 19:00:00,341.3,103.632,11.5,13.5,0.125,416.0
2026-02-15 19:15:00,341.9,103.632,11.5,13.5,0.125,416.0
2026-02-15 19:30:00,342.1,103.632,11.6,13.5,0.125,416.0
2026-02-15 19:45:00,342.3,103.632,11.6,13.5,0.125,416.0
2026-02-15 20:00:00,342.4,106.68,11.6,12.2,0.225,180.0
2026-02-15 20:15:00,343.0,103.632,11.7,12.2,0.225,180.0
2026-02-15 20:30:00,343.3,106.68,11.7,12.2,0.225,180.0
2026-02-15 20:45:00,343.6,106.68,11.8,12.2,0.225,180.0
2026-02-15 21:00:00,344.1,106.68,11.8,12.5,0.75,229.0
2026-02-15 21:15:00,344.6,109.728,11.9,12.5,0.75,229.0
2026-02-15 21:30:00,345.0,109.728,11.9,12.5,0.75,229.0
2026-02-15 21:45:00,345.5,106.68,12.0,12.5,0.75,229.0
2026-02-15 22:00:00,346.2,106.68,12.1,13.8,0.075,363.0
2026-02-15 22:15:00,346.6,106.68,12.1,13.8,0.075,363.0
2026-02-15 22:30:00,346.6,106.68,12.2,13.8,0.075,363.0
2026-02-15 22:45:00,346.6,106.68,12.1,13.8,0.075,363.0
2026-02-15 23:00:00,346.2,109.728,12.1,14.3,0.025,255.0
2026-02-15 23:15:00,346.2,112.776,12.1,14.3,0.025,255.0
2026-02-15 23:30:00,346.4,112.776,12.1,14.3,0.025,255.0
2026-02-15 23:45:00,345.9,112.776,12.1,14.3,0.025,255.0
2026-02-16 00:00:00,345.7,118.872,12.1,12.4,0.8,196.0
2026-02-16 00:15:00,345.7,134.112,12.1,12.4,0.8,196.0
2026-02-16 00:30:00,346.0,131.064,12.1,12.4,0.8,196.0
2026-02-16 00:45:00,347.3,134.112,12.3,12.4,0.8,196.0
2026-02-16 01:00:00,348.3,128.016,12.4,11.5,0.1,44.0
2026-02-16 01:15:00,349.4,137.16,12.5,11.5,0.1,44.0
2026-02-16 01:30:00,350.3,143.256,12.6,11.5,0.1,44.0
2026-02-16 01:45:00,350.0,143.256,12.6,11.5,0.1,44.0
2026-02-16 02:00:00,348.3,152.4,12.5,11.1,0.15,8.0
2026-02-16 02:15:00,345.6,176.784,12.2,11.1,0.15,8.0
2026-02-16 02:30:00,345.4,167.64,12.2,11.1,0.15,8.0
2026-02-16 02:45:00,346.4,161.544,12.3,11.1,0.15,8.0
2026-02-16 03:00:00,346.0,152.4,12.3,10.9,0.625,0.0
2026-02-16 03:15:00,343.3,149.352,12.0,10.9,0.625,0.0
2026-02-16 03:30:00,340.9,146.304,11.7,10.9,0.625,0.0
2026-02-16 03:45:00,338.9,158.496,11.5,10.9,0.625,0.0
2026-02-16 04:00:00,337.0,228.6,11.3,10.7,0.8,0.0
2026-02-16 04:15:00,339.6,259.08,11.6,10.7,0.8,0.0
2026-02-16 04:30:00,335.6,277.368,11.2,10.7,0.8,0.0
2026-02-16 04:45:00,332.4,259.08,10.8,10.7,0.8,0.0
2026-02-16 05:00:00,330.4,240.79200000000003,10.6,10.6,0.375,0.0
2026-02-16 05:15:00,329.9,225.552,10.5,10.6,0.375,0.0
2026-02-16 05:30:00,329.3,207.264,10.5,10.6,0.375,0.0
2026-02-16 05:45:00,329.0,192.024,10.4,10.6,0.375,0.0
2026-02-16 06:00:00,329.0,188.976,10.4,10.5,0.575,0.0
2026-02-16 06:15:00,329.0,182.88,10.4,10.5,0.575,0.0
2026-02-16 06:30:00,329.9,170.68800000000002,10.5,10.5,0.575,0.0
2026-02-16 06:45:00,330.4,164.592,10.6,10.5,0.575,0.0
2026-02-16 07:00:00,331.2,158.496,10.6,10.5,0.625,0.0
2026-02-16 07:15:00,331.4,152.4,10.7,10.5,0.625,0.0
2026-02-16 07:30:00,331.6,146.304,10.7,10.5,0.625,0.0
2026-02-16 07:45:00,331.4,140.208,10.6,10.5,0.625,0.0
2026-02-16 08:00:00,331.4,137.16,10.6,9.9,0.45,0.0
2026-02-16 08:15:00,331.3,134.112,10.6,9.9,0.45,0.0
2026-02-16 08:30:00,331.3,131.064,10.7,9.9,0.45,0.0
2026-02-16 08:45:00,331.6,131.064,10.7,9.9,0.45,0.0
2026-02-16 09:00:00,331.9,143.256,10.7,9.7,0.5,0.0
2026-02-16 09:15:00,332.6,161.544,10.8,9.7,0.5,0.0
2026-02-16 09:30:00,334.2,188.976,10.9,9.7,0.5,0.0
2026-02-16 09:45:00,338.1,237.74400000000003,11.4,9.7,0.5,0.0
2026-02-16 10:00:00,336.7,249.936,11.3,9.4,0.7,0.0
2026-02-16 10:15:00,331.3,252.984,10.7,9.4,0.7,0.0
2026-02-16 10:30:00,327.5,249.936,10.3,9.4,0.7,0.0
2026-02-16 10:45:00,325.8,249.936,10.1,9.4,0.7,0.0
2026-02-16 11:00:00,324.9,286.512,10.0,9.2,0.6,0.0
2026-02-16 11:15:00,323.3,298.704,9.8,9.2,0.6,0.0
2026-02-16 11:30:00,320.4,292.608,9.5,9.2,0.6,0.0
2026-02-16 11:45:00,318.8,265.176,9.3,9.2,0.6,0.0
2026-02-16 12:00:00,317.8,256.032,9.2,9.3,0.625,0.0
2026-02-16 12:15:00,317.5,252.984,9.2,9.3,0.625,0.0
2026-02-16 12:30:00,317.8,249.936,9.2,9.3,0.625,0.0
2026-02-16 12:45:00,317.7,256.032,9.2,9.3,0.625,0.0
2026-02-16 13:00:00,317.2,277.368,9.2,9.2,0.85,0.0
2026-02-16 13:15:00,316.8,283.464,9.2,9.2,0.85,0.0
2026-02-16 13:30:00,315.4,274.32,9.0,9.2,0.85,0.0
2026-02-16 13:45:00,314.6,301.752,8.9,9.2,0.85,0.0
2026-02-16 14:00:00,314.1,298.704,8.8,9.5,0.625,0.0
2026-02-16 14:15:00,312.7,271.272,8.7,9.5,0.625,0.0
2026-02-16 14:30:00,312.3,252.984,8.6,9.5,0.625,0.0
2026-02-16 14:45:00,312.4,246.88800000000003,8.7,9.5,0.625,0.0
2026-02-16 15:00:00,313.5,240.79200000000003,8.8,9.5,0.6,0.0
2026-02-16 15:15:00,314.3,231.648,8.9,9.5,0.6,0.0
2026-02-16 15:30:00,314.3,228.6,8.9,9.5,0.6,0.0
2026-02-16 15:45:00,315.5,231.648,9.1,9.5,0.6,0.0
2026-02-16 16:00:00,316.7,228.6,9.2,9.1,0.425,7.0
2026-02-16 16:15:00,316.8,225.552,9.2,9.1,0.425,7.0
2026-02-16 16:30:00,316.4,222.504,9.2,9.1,0.425,7.0
2026-02-16 16:45:00,316.3,210.312,9.2,9.1,0.425,7.0
2026-02-16 17:00:00,316.3,207.264,9.3,9.1,0.325,33.0
2026-02-16 17:15:00,350.2,201.168,9.3,9.1,0.325,33.0
2026-02-16 17:30:00,347.5,201.168,9.4,9.1,0.325,33.0
2026-02-16 17:45:00,342.5,195.072,9.5,9.1,0.325,33.0
2026-02-16 18:00:00,285.8,195.072,9.6,10.0,0.275,58.0
2026-02-16 18:15:00,281.2,195.072,9.7,10.0,0.275,58.0
2026-02-16 18:30:00,279.0,195.072,9.8,10.0,0.275,58.0
2026-02-16 18:45:00,277.0,195.072,9.8,10.0,0.275,58.0
2026-02-16 19:00:00,274.5,188.976,9.8,9.6,0.4,85.0
2026-02-16 19:15:00,271.4,185.928,9.8,9.6,0.4,85.0
2026-02-16 19:30:00,268.0,176.784,9.8,9.6,0.4,85.0
2026-02-16 19:45:00,265.6,173.736,9.8,9.6,0.4,85.0
2026-02-16 20:00:00,263.8,167.64,9.8,9.2,0.225,74.0
2026-02-16 20:15:00,262.1,164.592,9.8,9.2,0.225,74.0
2026-02-16 20:30:00,260.2,167.64,9.8,9.2,0.225,74.0
2026-02-16 20:45:00,258.6,173.736,9.9,9.2,0.225,74.0
2026-02-16 21:00:00,257.9,188.976,10.0,9.0,0.325,128.0
2026-02-16 21:15:00,258.2,222.504,10.3,9.0,0.325,128.0
2026-02-16 21:30:00,258.1,249.936,10.6,9.0,0.325,128.0
2026-02-16 21:45:00,252.2,274.32,10.3,9.0,0.325,128.0
2026-02-16 22:00:00,248.3,271.272,10.0,9.0,0.425,46.0
2026-02-16 22:15:00,247.1,259.08,9.7,9.0,0.425,46.0
2026-02-16 22:30:00,295.9,237.74400000000003,9.7,9.0,0.425,46.0
2026-02-16 22:45:00,278.5,225.552,9.6,9.0,0.425,46.0
2026-02-16 23:00:00,227.0,216.408,9.6,8.9,0.3,85.0
2026-02-16 23:15:00,220.6,204.216,9.6,8.9,0.3,85.0
2026-02-16 23:30:00,220.2,201.168,9.8,8.9,0.3,85.0
2026-02-16 23:45:00,221.7,192.024,9.9,8.9,0.3,85.0
2026-02-17 00:00:00,222.8,185.928,9.9,8.5,0.25,155.0
2026-02-17 00:15:00,221.3,179.832,9.8,8.5,0.25,155.0
2026-02-17 00:30:00,216.8,179.832,9.8,8.5,0.25,155.0
2026-02-17 00:45:00,214.8,173.736,9.9,8.5,0.25,155.0
2026-02-17 01:00:00,214.0,170.68800000000002,9.9,8.2,0.125,40.0
2026-02-17 01:15:00,213.5,170.68800000000002,10.0,8.2,0.125,40.0
2026-02-17 01:30:00,212.6,167.64,10.1,8.2,0.125,40.0
2026-02-17 01:45:00,213.6,167.64,10.1,8.2,0.125,40.0
2026-02-17 02:00:00,213.5,164.592,10.1,7.8,0.175,16.0
2026-02-17 02:15:00,215.9,161.544,10.1,7.8,0.175,16.0
2026-02-17 02:30:00,216.1,161.544,10.1,7.8,0.175,16.0
2026-02-17 02:45:00,214.5,155.448,10.0,7.8,0.175,16.0
2026-02-17 03:00:00,212.8,161.544,10.0,8.1,0.075,0.0
2026-02-17 03:15:00,211.8,243.84000000000003,10.0,8.1,0.075,0.0
2026-02-17 03:30:00,275.2,365.76,10.1,8.1,0.075,0.0
2026-02-17 03:45:00,266.0,426.72,9.2,8.1,0.075,0.0
2026-02-17 04:00:00,265.1,365.76,8.6,7.9,0.225,0.0
2026-02-17 04:15:00,266.3,304.8,8.3,7.9,0.225,0.0
2026-02-17 04:30:00,266.2,268.224,8.2,7.9,0.225,0.0
2026-02-17 04:45:00,259.4,252.984,8.3,7.9,0.225,0.0
2026-02-17 05:00:00,261.4,234.69600000000003,8.3,8.0,0.025,0.0
2026-02-17 05:15:00,262.0,222.504,8.4,8.0,0.025,0.0
2026-02-17 05:30:00,262.1,216.408,8.4,8.0,0.025,0.0
2026-02-17 05:45:00,263.8,210.312,8.5,8.0,0.025,0.0
2026-02-17 06:00:00,262.7,207.264,8.6,7.3,0.0,0.0
2026-02-17 06:15:00,263.3,201.168,8.6,7.3,0.0,0.0
2026-02-17 06:30:00,263.1,198.12,8.6,7.3,0.0,0.0
2026-02-17 06:45:00,263.9,192.024,8.7,7.3,0.0,0.0
2026-02-17 07:00:00,265.5,188.976,8.7,7.1,0.0,0.0
2026-02-17 07:15:00,265.3,185.928,8.7,7.1,0.0,0.0
2026-02-17 07:30:00,268.9,185.928,8.8,7.1,0.0,0.0
2026-02-17 07:45:00,268.3,182.88,8.8,7.1,0.0,0.0
2026-02-17 08:00:00,271.2,179.832,8.8,7.1,0.0,0.0
2026-02-17 08:15:00,270.5,176.784,8.9,7.1,0.0,0.0
2026-02-17 08:30:00,273.9,176.784,8.9,7.1,0.0,0.0
2026-02-17 08:45:00,278.5,173.736,8.9,7.1,0.0,0.0
2026-02-17 09:00:00,279.6,173.736,8.9,7.0,0.0,0.0
2026-02-17 09:15:00,282.1,170.68800000000002,8.9,7.0,0.0,0.0
2026-02-17 09:30:00,280.1,170.68800000000002,8.9,7.0,0.0,0.0
2026-02-17 09:45:00,279.9,167.64,9.0,7.0,0.0,0.0
2026-02-17 10:00:00,278.7,167.64,9.0,7.3,0.0,0.0
2026-02-17 10:15:00,281.8,167.64,9.0,7.3,0.0,0.0
2026-02-17 10:30:00,282.8,164.592,9.0,7.3,0.0,0.0
2026-02-17 10:45:00,283.8,164.592,9.0,7.3,0.0,0.0
2026-02-17 11:00:00,284.6,161.544,9.0,8.0,0.0,0.0
2026-02-17 11:15:00,282.2,161.544,9.1,8.0,0.0,0.0
2026-02-17 11:30:00,287.0,161.544,9.1,8.0,0.0,0.0
2026-02-17 11:45:00,285.2,158.496,9.1,8.0,0.0,0.0
2026-02-17 12:00:00,286.0,161.544,9.1,8.3,0.0,0.0
2026-02-17 12:15:00,286.0,158.496,9.1,8.3,0.0,0.0
2026-02-17 12:30:00,289.5,155.448,9.2,8.3,0.0,0.0
2026-02-17 12:45:00,293.0,155.448,9.1,8.3,0.0,0.0
2026-02-17 13:00:00,291.6,155.448,9.1,8.0,0.025,0.0
2026-02-17 13:15:00,300.5,155.448,9.2,8.0,0.025,0.0
2026-02-17 13:30:00,293.8,152.4,9.2,8.0,0.025,0.0
2026-02-17 13:45:00,295.1,155.448,9.2,8.0,0.025,0.0
2026-02-17 14:00:00,293.3,152.4,9.2,8.3,0.025,0.0
2026-02-17 14:15:00,297.3,152.4,9.2,8.3,0.025,0.0
2026-02-17 14:30:00,296.5,152.4,9.2,8.3,0.025,0.0
2026-02-17 14:45:00,297.3,152.4,9.2,8.3,0.025,0.0
2026-02-17 15:00:00,299.1,152.4,9.3,7.2,0.35,0.0
2026-02-17 15:15:00,296.1,152.4,9.3,7.2,0.35,0.0
2026-02-17 15:30:00,300.0,152.4,9.2,7.2,0.35,0.0
2026-02-17 15:45:00,301.1,216.408,9.3,7.2,0.35,0.0
2026-02-17 16:00:00,240.8,417.576,8.7,7.2,0.125,10.0
2026-02-17 16:15:00,227.2,335.28000000000003,6.9,7.2,0.125,10.0
2026-02-17 16:30:00,224.1,274.32,6.6,7.2,0.125,10.0
2026-02-17 16:45:00,222.3,414.528,6.4,7.2,0.125,10.0
2026-02-17 17:00:00,220.4,387.096,6.3,7.5,0.35,26.0
2026-02-17 17:15:00,222.5,316.992,6.4,7.5,0.35,26.0
2026-02-17 17:30:00,224.1,271.272,6.4,7.5,0.35,26.0
2026-02-17 17:45:00,223.8,252.984,6.6,7.5,0.35,26.0
2026-02-17 18:00:00,223.6,259.08,6.8,7.6,0.4,29.0
2026-02-17 18:15:00,225.7,365.76,7.2,7.6,0.4,29.0
2026-02-17 18:30:00,225.3,350.52,7.2,7.6,0.4,29.0
2026-02-17 18:45:00,224.5,310.896,7.1,7.6,0.4,29.0
2026-02-17 19:00:00,224.3,277.368,7.1,8.0,0.3,94.0
2026-02-17 19:15:00,225.1,271.272,7.2,8.0,0.3,94.0
2026-02-17 19:30:00,226.3,274.32,7.5,8.0,0.3,94.0
2026-02-17 19:45:00,227.3,307.848,7.6,8.0,0.3,94.0
2026-02-17 20:00:00,227.9,323.088,7.7,8.0,0.675,90.0
2026-02-17 20:15:00,226.9,320.04,7.6,8.0,0.675,90.0
2026-02-17 20:30:00,226.6,292.608,7.6,8.0,0.675,90.0
2026-02-17 20:45:00,226.4,271.272,7.5,8.0,0.675,90.0
2026-02-17 21:00:00,226.6,259.08,7.6,7.9,0.25,78.0
2026-02-17 21:15:00,227.2,249.936,7.7,7.9,0.25,78.0
2026-02-17 21:30:00,227.8,243.84000000000003,7.8,7.9,0.25,78.0
2026-02-17 21:45:00,228.4,237.74400000000003,7.9,7.9,0.25,78.0
2026-02-17 22:00:00,228.6,231.648,8.0,8.4,0.175,130.0
2026-02-17 22:15:00,228.8,225.552,8.1,8.4,0.175,130.0
2026-02-17 22:30:00,229.1,219.456,8.1,8.4,0.175,130.0
2026-02-17 22:45:00,229.3,219.456,8.2,8.4,0.175,130.0
2026-02-17 23:00:00,229.7,216.408,8.3,8.1,0.25,171.0
2026-02-17 23:15:00,229.9,216.408,8.3,8.1,0.25,171.0
2026-02-17 23:30:00,230.5,216.408,8.5,8.1,0.25,171.0
2026-02-17 23:45:00,231.0,231.648,8.6,8.1,0.25,171.0
2026-02-18 00:00:00,232.0,231.648,8.7,6.9,0.45,121.0
2026-02-18 00:15:00,232.5,252.984,8.8,6.9,0.45,121.0
2026-02-18 00:30:00,233.0,344.424,8.9,6.9,0.45,121.0
2026-02-18 00:45:00,228.4,396.24,8.3,6.9,0.45,121.0
2026-02-18 01:00:00,224.2,353.568,7.6,6.9,0.1,28.0
2026-02-18 01:15:00,223.2,304.8,7.5,6.9,0.1,28.0
2026-02-18 01:30:00,223.5,286.512,7.6,6.9,0.1,28.0
2026-02-18 01:45:00,224.7,277.368,7.8,6.9,0.1,28.0
2026-02-18 02:00:00,226.0,274.32,8.0,6.8,0.0,12.0
2026-02-18 02:15:00,226.6,249.936,8.2,6.8,0.0,12.0
2026-02-18 02:30:00,226.1,240.79200000000003,8.1,6.8,0.0,12.0
2026-02-18 02:45:00,225.6,237.74400000000003,8.0,6.8,0.0,12.0
2026-02-18 03:00:00,225.6,228.6,8.1,5.6,0.125,0.0
2026-02-18 03:15:00,225.2,286.512,8.1,5.6,0.125,0.0
2026-02-18 03:30:00,226.5,304.8,8.3,5.6,0.125,0.0
2026-02-18 03:45:00,222.9,286.512,7.8,5.6,0.125,0.0
2026-02-18 04:00:00,220.6,256.032,7.4,4.7,0.25,0.0
2026-02-18 04:15:00,220.4,240.79200000000003,7.4,4.7,0.25,0.0
2026-02-18 04:30:00,220.8,252.984,7.5,4.7,0.25,0.0
2026-02-18 04:45:00,222.7,268.224,7.8,4.7,0.25,0.0
2026-02-18 05:00:00,223.4,265.176,7.9,4.4,0.225,0.0
2026-02-18 05:15:00,222.0,252.984,7.7,4.4,0.225,0.0
2026-02-18 05:30:00,220.9,237.74400000000003,7.5,4.4,0.225,0.0
2026-02-18 05:45:00,220.8,237.74400000000003,7.5,4.4,0.225,0.0
2026-02-18 06:00:00,220.9,231.648,7.6,4.8,0.025,0.0
2026-02-18 06:15:00,221.4,225.552,7.5,4.8,0.025,0.0
2026-02-18 06:30:00,220.1,222.504,7.5,4.8,0.025,0.0
2026-02-18 06:45:00,219.3,222.504,7.5,4.8,0.025,0.0
2026-02-18 07:00:00,219.1,216.408,7.5,3.9,0.05,0.0
2026-02-18 07:15:00,218.8,213.36,7.5,3.9,0.05,0.0
2026-02-18 07:30:00,218.8,210.312,7.5,3.9,0.05,0.0
2026-02-18 07:45:00,218.7,210.312,7.5,3.9,0.05,0.0
2026-02-18 08:00:00,218.6,207.264,7.5,4.2,0.0,0.0
2026-02-18 08:15:00,218.5,204.216,7.5,4.2,0.0,0.0
2026-02-18 08:30:00,218.5,201.168,7.5,4.2,0.0,0.0
2026-02-18 08:45:00,218.2,201.168,7.5,4.2,0.0,0.0
2026-02-18 09:00:00,218.1,207.264,7.5,3.4,0.0,0.0
2026-02-18 09:15:00,218.0,210.312,7.5,3.4,0.0,0.0
2026-02-18 09:30:00,218.6,204.216,7.7,3.4,0.0,0.0
2026-02-18 09:45:00,218.9,204.216,7.7,3.4,0.0,0.0
2026-02-18 10:00:00,218.9,204.216,7.8,2.3,0.0,0.0
2026-02-18 10:15:00,218.5,201.168,7.7,2.3,0.0,0.0
2026-02-18 10:30:00,218.4,198.12,7.7,2.3,0.0,0.0
2026-02-18 10:45:00,218.1,195.072,7.7,2.3,0.0,0.0
2026-02-18 11:00:00,217.9,195.072,7.6,2.2,0.0,0.0
2026-02-18 11:15:00,217.7,192.024,7.6,2.2,0.0,0.0
2026-02-18 11:30:00,217.4,192.024,7.6,2.2,0.0,0.0
2026-02-18 11:45:00,217.5,188.976,7.6,2.2,0.0,0.0
2026-02-18 12:00:00,217.3,188.976,7.6,3.2,0.0,0.0
2026-02-18 12:15:00,217.0,188.976,7.6,3.2,0.0,0.0
2026-02-18 12:30:00,217.1,185.928,7.6,3.2,0.0,0.0
2026-02-18 12:45:00,216.8,185.928,7.6,3.2,0.0,0.0
2026-02-18 13:00:00,216.8,182.88,7.6,2.3,0.0,0.0
2026-02-18 13:15:00,216.6,182.88,7.6,2.3,0.0,0.0
2026-02-18 13:30:00,216.4,182.88,7.6,2.3,0.0,0.0
2026-02-18 13:45:00,216.4,182.88,7.6,2.3,0.0,0.0
2026-02-18 14:00:00,216.1,179.832,7.5,1.7,0.0,0.0
2026-02-18 14:15:00,215.9,182.88,7.5,1.7,0.0,0.0
2026-02-18 14:30:00,215.9,179.832,7.6,1.7,0.0,0.0
2026-02-18 14:45:00,215.5,176.784,7.5,1.7,0.0,0.0
2026-02-18 15:00:00,215.5,179.832,7.5,2.0,0.0,0.0
2026-02-18 15:15:00,215.5,176.784,7.5,2.0,0.0,0.0
2026-02-18 15:30:00,215.3,176.784,7.5,2.0,0.0,0.0
2026-02-18 15:45:00,215.5,176.784,7.5,2.0,0.0,0.0
2026-02-18 16:00:00,215.5,176.784,7.6,4.5,0.0,59.0
2026-02-18 16:15:00,215.3,173.736,7.5,4.5,0.0,59.0
2026-02-18 16:30:00,215.3,176.784,7.6,4.5,0.0,59.0
2026-02-18 16:45:00,215.5,173.736,7.6,4.5,0.0,59.0
2026-02-18 17:00:00,215.9,176.784,7.7,6.2,0.0,192.0
2026-02-18 17:15:00,216.5,179.832,7.8,6.2,0.0,192.0
2026-02-18 17:30:00,217.3,176.784,8.0,6.2,0.0,192.0
2026-02-18 17:45:00,218.4,182.88,8.1,6.2,0.0,192.0
2026-02-18 18:00:00,221.0,185.928,8.6,6.4,0.025,290.0
2026-02-18 18:15:00,224.7,182.88,9.2,6.4,0.025,290.0
2026-02-18 18:30:00,226.3,182.88,9.4,6.4,0.025,290.0
2026-02-18 18:45:00,227.1,185.928,9.5,6.4,0.025,290.0
2026-02-18 19:00:00,225.6,182.88,9.3,7.1,0.05,342.0
2026-02-18 19:15:00,223.0,179.832,8.9,7.1,0.05,342.0
2026-02-18 19:30:00,221.6,185.928,8.6,7.1,0.05,342.0
2026-02-18 19:45:00,222.1,188.976,8.7,7.1,0.05,342.0
2026-02-18 20:00:00,222.5,192.024,8.8,8.1,0.05,429.0
2026-02-18 20:15:00,223.4,213.36,8.9,8.1,0.05,429.0
2026-02-18 20:30:00,223.1,249.936,8.8,8.1,0.05,429.0
2026-02-18 20:45:00,225.0,243.84000000000003,9.1,8.1,0.05,429.0
2026-02-18 21:00:00,223.0,237.74400000000003,8.8,8.8,0.05,489.0
2026-02-18 21:15:00,220.5,216.408,8.4,8.8,0.05,489.0
2026-02-18 21:30:00,220.3,204.216,8.3,8.8,0.05,489.0
2026-02-18 21:45:00,220.6,192.024,8.4,8.8,0.05,489.0
2026-02-18 22:00:00,220.8,185.928,8.4,8.3,0.3,463.0
2026-02-18 22:15:00,221.2,182.88,8.4,8.3,0.3,463.0
2026-02-18 22:30:00,221.6,176.784,8.5,8.3,0.3,463.0
2026-02-18 22:45:00,222.1,176.784,8.5,8.3,0.3,463.0
2026-02-18 23:00:00,222.6,173.736,8.6,9.4,0.025,405.0
2026-02-18 23:15:00,223.0,173.736,8.7,9.4,0.025,405.0
2026-02-18 23:30:00,223.1,170.68800000000002,8.7,9.4,0.025,405.0
2026-02-18 23:45:00,223.5,167.64,8.7,9.4,0.025,405.0
2026-02-19 00:00:00,223.8,167.64,8.7,8.6,0.075,307.0
2026-02-19 00:15:00,223.8,167.64,8.7,8.6,0.075,307.0
2026-02-19 00:30:00,224.3,167.64,8.8,8.6,0.075,307.0
2026-02-19 00:45:00,224.3,167.64,8.7,8.6,0.075,307.0
2026-02-19 01:00:00,224.2,164.592,8.8,7.9,0.075,117.0
2026-02-19 01:15:00,224.6,164.592,8.8,7.9,0.075,117.0
2026-02-19 01:30:00,224.6,164.592,8.8,7.9,0.075,117.0
2026-02-19 01:45:00,224.6,164.592,8.7,7.9,0.075,117.0
2026-02-19 02:00:00,224.7,161.544,8.8,6.8,0.025,8.0
2026-02-19 02:15:00,224.6,161.544,8.8,6.8,0.025,8.0
2026-02-19 02:30:00,224.7,164.592,8.8,6.8,0.025,8.0
2026-02-19 02:45:00,225.1,161.544,8.8,6.8,0.025,8.0
2026-02-19 03:00:00,225.1,161.544,8.8,6.5,0.025,0.0
2026-02-19 03:15:00,225.1,161.544,8.8,6.5,0.025,0.0
2026-02-19 03:30:00,225.6,161.544,8.8,6.5,0.025,0.0
2026-02-19 03:45:00,225.9,158.496,8.8,6.5,0.025,0.0
2026-02-19 04:00:00,225.9,161.544,8.8,6.1,0.05,0.0
2026-02-19 04:15:00,226.4,161.544,8.8,6.1,0.05,0.0
2026-02-19 04:30:00,226.8,213.36,8.8,6.1,0.05,0.0
2026-02-19 04:45:00,229.5,256.032,9.2,6.1,0.05,0.0
2026-02-19 05:00:00,229.4,246.88800000000003,9.1,6.1,0.225,0.0
2026-02-19 05:15:00,226.2,219.456,8.5,6.1,0.225,0.0
2026-02-19 05:30:00,224.2,201.168,8.1,6.1,0.225,0.0
2026-02-19 05:45:00,223.3,192.024,8.0,6.1,0.225,0.0
2026-02-19 06:00:00,223.2,182.88,7.9,6.2,0.05,0.0
2026-02-19 06:15:00,223.4,179.832,7.9,6.2,0.05,0.0
2026-02-19 06:30:00,223.8,176.784,7.9,6.2,0.05,0.0
2026-02-19 06:45:00,224.3,173.736,8.0,6.2,0.05,0.0
2026-02-19 07:00:00,224.8,173.736,8.0,6.4,0.1,0.0
2026-02-19 07:15:00,225.2,170.68800000000002,8.0,6.4,0.1,0.0
2026-02-19 07:30:00,225.6,167.64,8.1,6.4,0.1,0.0
2026-02-19 07:45:00,225.7,167.64,8.1,6.4,0.1,0.0
2026-02-19 08:00:00,225.8,167.64,8.1,6.0,0.025,0.0
2026-02-19 08:15:00,226.3,164.592,8.2,6.0,0.025,0.0
2026-02-19 08:30:00,226.4,164.592,8.2,6.0,0.025,0.0
2026-02-19 08:45:00,226.6,167.64,8.3,6.0,0.025,0.0
2026-02-19 09:00:00,227.1,170.68800000000002,8.3,6.2,0.075,0.0
2026-02-19 09:15:00,227.4,173.736,8.4,6.2,0.075,0.0
2026-02-19 09:30:00,228.3,179.832,8.6,6.2,0.075,0.0
2026-02-19 09:45:00,229.6,185.928,8.8,6.2,0.075,0.0
2026-02-19 10:00:00,230.3,219.456,9.0,6.2,0.525,0.0
2026-02-19 10:15:00,231.2,301.752,9.1,6.2,0.525,0.0
2026-02-19 10:30:00,225.2,414.528,8.2,6.2,0.525,0.0
2026-02-19 10:45:00,216.5,518.16,6.8,6.2,0.525,0.0
2026-02-19 11:00:00,211.6,536.448,5.9,5.5,1.35,0.0
2026-02-19 11:15:00,208.0,435.864,5.3,5.5,1.35,0.0
2026-02-19 11:30:00,203.3,356.616,5.2,5.5,1.35,0.0
2026-02-19 11:45:00,203.9,310.896,5.3,5.5,1.35,0.0
2026-02-19 12:00:00,205.3,286.512,5.5,4.4,0.375,0.0
2026-02-19 12:15:00,207.0,274.32,5.8,4.4,0.375,0.0
2026-02-19 12:30:00,208.7,265.176,6.1,4.4,0.375,0.0
2026-02-19 12:45:00,209.8,256.032,6.3,4.4,0.375,0.0
2026-02-19 13:00:00,210.8,249.936,6.5,5.3,0.075,0.0
2026-02-19 13:15:00,211.8,246.88800000000003,6.6,5.3,0.075,0.0
2026-02-19 13:30:00,212.4,243.84000000000003,6.8,5.3,0.075,0.0
2026-02-19 13:45:00,212.9,259.08,6.9,5.3,0.075,0.0
2026-02-19 14:00:00,213.9,332.232,7.1,5.9,0.0,0.0
2026-02-19 14:15:00,212.1,323.088,6.8,5.9,0.0,0.0
2026-02-19 14:30:00,209.7,292.608,6.4,5.9,0.0,0.0
2026-02-19 14:45:00,209.3,268.224,6.4,5.9,0.0,0.0
2026-02-19 15:00:00,209.3,256.032,6.4,5.1,0.075,0.0
2026-02-19 15:15:00,209.8,246.88800000000003,6.5,5.1,0.075,0.0
2026-02-19 15:30:00,210.2,243.84000000000003,6.6,5.1,0.075,0.0
2026-02-19 15:45:00,210.9,237.74400000000003,6.7,5.1,0.075,0.0
2026-02-19 16:00:00,211.3,234.69600000000003,6.8,5.5,0.0,65.0
2026-02-19 16:15:00,211.7,231.648,6.9,5.5,0.0,65.0
2026-02-19 16:30:00,212.2,231.648,7.0,5.5,0.0,65.0
2026-02-19 16:45:00,212.8,228.6,7.2,5.5,0.0,65.0
2026-02-19 17:00:00,213.0,228.6,7.3,6.9,0.0,158.0
2026-02-19 17:15:00,213.5,228.6,7.4,6.9,0.0,158.0
2026-02-19 17:30:00,213.6,225.552,7.5,6.9,0.0,158.0
2026-02-19 17:45:00,213.7,225.552,7.6,6.9,0.0,158.0
2026-02-19 18:00:00,213.8,219.456,7.6,7.7,0.0,373.0
2026-02-19 18:15:00,213.7,219.456,7.7,7.7,0.0,373.0
2026-02-19 18:30:00,213.7,216.408,7.7,7.7,0.0,373.0
2026-02-19 18:45:00,213.7,213.36,7.8,7.7,0.0,373.0
2026-02-19 19:00:00,214.1,213.36,7.8,8.9,0.0,537.0
2026-02-19 19:15:00,214.3,210.312,7.8,8.9,0.0,537.0
2026-02-19 19:30:00,214.3,213.36,7.9,8.9,0.0,537.0
2026-02-19 19:45:00,214.8,204.216,8.0,8.9,0.0,537.0
2026-02-19 20:00:00,214.8,207.264,8.0,9.8,0.0,648.0
2026-02-19 20:15:00,215.2,204.216,8.1,9.8,0.0,648.0
2026-02-19 20:30:00,215.5,204.216,8.1,9.8,0.0,648.0
2026-02-19 20:45:00,215.8,201.168,8.2,9.8,0.0,648.0
2026-02-19 21:00:00,216.0,201.168,8.2,10.1,0.025,676.0
2026-02-19 21:15:00,216.2,198.12,8.3,10.1,0.025,676.0
2026-02-19 21:30:00,216.5,198.12,8.3,10.1,0.025,676.0
2026-02-19 21:45:00,216.6,198.12,8.3,10.1,0.025,676.0
2026-02-19 22:00:00,216.9,195.072,8.4,10.2,0.0,620.0
2026-02-19 22:15:00,216.9,198.12,8.4,10.2,0.0,620.0
2026-02-19 22:30:00,217.4,195.072,8.5,10.2,0.0,620.0
2026-02-19 22:45:00,217.5,195.072,8.5,10.2,0.0,620.0
2026-02-19 23:00:00,217.8,195.072,8.5,10.2,0.0,528.0
2026-02-19 23:15:00,217.8,192.024,8.5,10.2,0.0,528.0
2026-02-19 23:30:00,217.5,192.024,8.5,10.2,0.0,528.0
2026-02-19 23:45:00,217.9,192.024,8.5,10.2,0.0,528.0
2026-02-20 00:00:00,217.9,188.976,8.5,9.7,0.0,389.0
2026-02-20 00:15:00,218.0,188.976,8.5,9.7,0.0,389.0
2026-02-20 00:30:00,218.0,188.976,8.6,9.7,0.0,389.0
2026-02-20 00:45:00,217.9,188.976,8.5,9.7,0.0,389.0
2026-02-20 01:00:00,217.9,188.976,8.5,9.1,0.0,195.0
2026-02-20 01:15:00,217.9,188.976,8.5,9.1,0.0,195.0
2026-02-20 01:30:00,217.9,185.928,8.4,9.1,0.0,195.0
2026-02-20 01:45:00,218.2,185.928,8.5,9.1,0.0,195.0
2026-02-20 02:00:00,217.8,185.928,8.4,7.7,0.0,40.0
2026-02-20 02:15:00,217.8,185.928,8.4,7.7,0.0,40.0
2026-02-20 02:30:00,217.9,182.88,8.4,7.7,0.0,40.0
2026-02-20 02:45:00,217.7,182.88,8.4,7.7,0.0,40.0
2026-02-20 03:00:00,218.0,182.88,8.4,7.0,0.0,0.0
2026-02-20 03:15:00,218.0,182.88,8.4,7.0,0.0,0.0
2026-02-20 03:30:00,217.9,182.88,8.4,7.0,0.0,0.0
2026-02-20 03:45:00,217.9,182.88,8.4,7.0,0.0,0.0
2026-02-20 04:00:00,217.9,182.88,8.3,6.3,0.0,0.0
2026-02-20 04:15:00,217.7,182.88,8.3,6.3,0.0,0.0
2026-02-20 04:30:00,218.1,179.832,8.4,6.3,0.0,0.0
2026-02-20 04:45:00,218.2,179.832,8.4,6.3,0.0,0.0
2026-02-20 05:00:00,218.2,179.832,8.3,5.8,0.0,0.0
2026-02-20 05:15:00,218.6,179.832,8.3,5.8,0.0,0.0
2026-02-20 05:30:00,218.4,179.832,8.3,5.8,0.0,0.0
2026-02-20 05:45:00,218.2,179.832,8.3,5.8,0.0,0.0
2026-02-20 06:00:00,218.2,176.784,8.3,5.8,0.0,0.0
2026-02-20 06:15:00,218.2,176.784,8.3,5.8,0.0,0.0
2026-02-20 06:30:00,218.1,176.784,8.2,5.8,0.0,0.0
2026-02-20 06:45:00,218.1,176.784,8.2,5.8,0.0,0.0
2026-02-20 07:00:00,217.8,176.784,8.2,5.5,0.0,0.0
2026-02-20 07:15:00,217.5,176.784,8.1,5.5,0.0,0.0
2026-02-20 07:30:00,217.4,176.784,8.1,5.5,0.0,0.0
2026-02-20 07:45:00,217.5,176.784,8.1,5.5,0.0,0.0
2026-02-20 08:00:00,217.2,173.736,8.1,4.8,0.0,0.0
2026-02-20 08:15:00,217.3,173.736,8.0,4.8,0.0,0.0
2026-02-20 08:30:00,217.3,173.736,8.0,4.8,0.0,0.0
2026-02-20 08:45:00,217.2,173.736,8.0,4.8,0.0,0.0
2026-02-20 09:00:00,217.0,173.736,8.0,4.3,0.0,0.0
2026-02-20 09:15:00,217.2,173.736,8.0,4.3,0.0,0.0
2026-02-20 09:30:00,217.0,170.68800000000002,7.9,4.3,0.0,0.0
2026-02-20 09:45:00,216.8,173.736,7.9,4.3,0.0,0.0
2026-02-20 10:00:00,217.1,173.736,7.9,3.7,0.0,0.0
2026-02-20 10:15:00,217.0,170.68800000000002,7.8,3.7,0.0,0.0
2026-02-20 10:30:00,216.7,170.68800000000002,7.8,3.7,0.0,0.0
2026-02-20 10:45:00,216.8,170.68800000000002,7.8,3.7,0.0,0.0
2026-02-20 11:00:00,216.8,170.68800000000002,7.8,3.4,0.0,0.0
2026-02-20 11:15:00,216.6,170.68800000000002,7.8,3.4,0.0,0.0
2026-02-20 11:30:00,216.5,170.68800000000002,7.7,3.4,0.0,0.0
2026-02-20 11:45:00,216.9,170.68800000000002,7.8,3.4,0.0,0.0
2026-02-20 12:00:00,216.7,170.68800000000002,7.7,2.1,0.0,0.0
2026-02-20 12:15:00,216.7,170.68800000000002,7.7,2.1,0.0,0.0
2026-02-20 12:30:00,216.9,170.68800000000002,7.7,2.1,0.0,0.0
2026-02-20 12:45:00,217.0,167.64,7.7,2.1,0.0,0.0
2026-02-20 13:00:00,216.9,167.64,7.7,1.2,0.0,0.0
2026-02-20 13:15:00,217.0,170.68800000000002,7.7,1.2,0.0,0.0
2026-02-20 13:30:00,217.0,167.64,7.7,1.2,0.0,0.0
2026-02-20 13:45:00,216.6,167.64,7.6,1.2,0.0,0.0
2026-02-20 14:00:00,216.6,167.64,7.5,0.6,0.0,0.0
2026-02-20 14:15:00,217.1,167.64,7.6,0.6,0.0,0.0
2026-02-20 14:30:00,217.0,167.64,7.6,0.6,0.0,0.0
2026-02-20 14:45:00,216.7,167.64,7.5,0.6,0.0,0.0
2026-02-20 15:00:00,216.9,167.64,7.5,0.6,0.0,0.0
2026-02-20 15:15:00,217.2,167.64,7.6,0.6,0.0,0.0
2026-02-20 15:30:00,217.0,167.64,7.5,0.6,0.0,0.0
2026-02-20 15:45:00,217.0,167.64,7.5,0.6,0.0,0.0
2026-02-20 16:00:00,217.0,167.64,7.5,2.7,0.0,58.0
2026-02-20 16:15:00,217.3,167.64,7.5,2.7,0.0,58.0
2026-02-20 16:30:00,217.2,164.592,7.5,2.7,0.0,58.0
2026-02-20 16:45:00,217.2,167.64,7.5,2.7,0.0,58.0
2026-02-20 17:00:00,218.1,164.592,7.5,5.7,0.0,173.0
2026-02-20 17:15:00,218.3,164.592,7.6,5.7,0.0,173.0
2026-02-20 17:30:00,218.4,164.592,7.6,5.7,0.0,173.0
2026-02-20 17:45:00,218.7,164.592,7.6,5.7,0.0,173.0
2026-02-20 18:00:00,219.4,164.592,7.7,7.6,0.0,287.0
2026-02-20 18:15:00,219.5,164.592,7.7,7.6,0.0,287.0
2026-02-20 18:30:00,219.8,164.592,7.7,7.6,0.0,287.0
2026-02-20 18:45:00,220.4,164.592,7.8,7.6,0.0,287.0
2026-02-20 19:00:00,220.8,161.544,7.8,8.9,0.0,367.0
2026-02-20 19:15:00,220.9,161.544,7.8,8.9,0.0,367.0
2026-02-20 19:30:00,221.4,161.544,7.9,8.9,0.0,367.0
2026-02-20 19:45:00,222.2,161.544,8.0,8.9,0.0,367.0
2026-02-20 20:00:00,222.6,161.544,8.1,10.1,0.0,464.0
2026-02-20 20:15:00,223.3,161.544,8.1,10.1,0.0,464.0
2026-02-20 20:30:00,223.8,161.544,8.2,10.1,0.0,464.0
2026-02-20 20:45:00,224.4,158.496,8.3,10.1,0.0,464.0
2026-02-20 21:00:00,224.5,158.496,8.3,11.1,0.0,570.0
2026-02-20 21:15:00,224.9,161.544,8.3,11.1,0.0,570.0
2026-02-20 21:30:00,225.5,158.496,8.4,11.1,0.0,570.0
2026-02-20 21:45:00,225.8,158.496,8.4,11.1,0.0,570.0
2026-02-20 22:00:00,225.9,158.496,8.4,11.2,0.0,458.0
2026-02-20 22:15:00,226.0,158.496,8.4,11.2,0.0,458.0
2026-02-20 22:30:00,226.4,158.496,8.5,11.2,0.0,458.0
2026-02-20 22:45:00,227.2,158.496,8.6,11.2,0.0,458.0
2026-02-20 23:00:00,227.3,158.496,8.6,11.2,0.0,360.0
2026-02-20 23:15:00,227.3,158.496,8.6,11.2,0.0,360.0
2026-02-20 23:30:00,227.8,158.496,8.6,11.2,0.0,360.0
2026-02-20 23:45:00,228.0,158.496,8.6,11.2,0.0,360.0
2026-02-21 00:00:00,228.1,158.496,8.7,11.0,0.0,295.0
2026-02-21 00:15:00,228.3,158.496,8.6,11.0,0.0,295.0
2026-02-21 00:30:00,228.9,158.496,8.7,11.0,0.0,295.0
2026-02-21 00:45:00,229.0,155.448,8.7,11.0,0.0,295.0
2026-02-21 01:00:00,229.0,155.448,8.7,10.1,0.0,176.0
2026-02-21 01:15:00,229.0,158.496,8.7,10.1,0.0,176.0
2026-02-21 01:30:00,229.1,155.448,8.7,10.1,0.0,176.0
2026-02-21 01:45:00,229.3,155.448,8.7,10.1,0.0,176.0
2026-02-21 02:00:00,229.1,155.448,8.6,7.9,0.0,41.0
2026-02-21 02:15:00,229.1,158.496,8.6,7.9,0.0,41.0
2026-02-21 02:30:00,229.5,155.448,8.7,7.9,0.0,41.0
2026-02-21 02:45:00,229.5,155.448,8.6,7.9,0.0,41.0
2026-02-21 03:00:00,229.4,155.448,8.6,6.5,0.0,0.0
2026-02-21 03:15:00,230.3,155.448,8.6,6.5,0.0,0.0
2026-02-21 03:30:00,230.3,155.448,8.6,6.5,0.0,0.0
2026-02-21 03:45:00,229.8,155.448,8.6,6.5,0.0,0.0
2026-02-21 04:00:00,229.5,155.448,8.6,5.7,0.0,0.0
2026-02-21 04:15:00,229.5,155.448,8.6,5.7,0.0,0.0
2026-02-21 04:30:00,230.0,152.4,8.6,5.7,0.0,0.0
2026-02-21 04:45:00,230.0,152.4,8.6,5.7,0.0,0.0
2026-02-21 05:00:00,229.5,152.4,8.5,4.8,0.0,0.0
2026-02-21 05:15:00,229.1,155.448,8.5,4.8,0.0,0.0
2026-02-21 05:30:00,229.4,152.4,8.5,4.8,0.0,0.0
2026-02-21 05:45:00,229.3,152.4,8.4,4.8,0.0,0.0
2026-02-21 06:00:00,229.2,152.4,8.4,3.7,0.0,0.0
2026-02-21 06:15:00,228.8,152.4,8.3,3.7,0.0,0.0
2026-02-21 06:30:00,228.8,152.4,8.3,3.7,0.0,0.0
2026-02-21 06:45:00,228.1,152.4,8.2,3.7,0.0,0.0
2026-02-21 07:00:00,227.6,152.4,8.1,4.4,0.0,0.0
2026-02-21 07:15:00,227.2,152.4,8.0,4.4,0.0,0.0
2026-02-21 07:30:00,227.1,152.4,8.0,4.4,0.0,0.0
2026-02-21 07:45:00,226.6,152.4,7.9,4.4,0.0,0.0
2026-02-21 08:00:00,226.1,152.4,7.8,4.7,0.0,0.0
2026-02-21 08:15:00,226.0,155.448,7.8,4.7,0.0,0.0
2026-02-21 08:30:00,226.1,152.4,7.8,4.7,0.0,0.0
2026-02-21 08:45:00,225.9,152.4,7.8,4.7,0.0,0.0
2026-02-21 09:00:00,225.7,152.4,7.7,4.8,0.0,0.0
2026-02-21 09:15:00,225.6,152.4,7.7,4.8,0.0,0.0
2026-02-21 09:30:00,225.6,152.4,7.7,4.8,0.0,0.0
2026-02-21 09:45:00,225.7,152.4,7.7,4.8,0.0,0.0
2026-02-21 10:00:00,226.1,152.4,7.7,4.9,0.0,0.0
2026-02-21 10:15:00,226.6,152.4,7.8,4.9,0.0,0.0
2026-02-21 10:30:00,227.2,152.4,7.8,4.9,0.0,0.0
2026-02-21 10:45:00,227.3,152.4,7.9,4.9,0.0,0.0
2026-02-21 11:00:00,227.1,149.352,7.8,5.0,0.0,0.0
2026-02-21 11:15:00,226.6,152.4,7.7,5.0,0.0,0.0
2026-02-21 11:30:00,227.2,152.4,7.7,5.0,0.0,0.0
2026-02-21 11:45:00,227.2,152.4,7.7,5.0,0.0,0.0
2026-02-21 12:00:00,227.2,149.352,7.6,3.9,0.0,0.0
2026-02-21 12:15:00,227.2,152.4,7.5,3.9,0.0,0.0
2026-02-21 12:30:00,227.3,149.352,7.5,3.9,0.0,0.0
2026-02-21 12:45:00,227.7,149.352,7.5,3.9,0.0,0.0
2026-02-21 13:00:00,227.8,149.352,7.5,4.4,0.0,0.0
2026-02-21 13:15:00,227.9,149.352,7.5,4.4,0.0,0.0
2026-02-21 13:30:00,228.2,149.352,7.5,4.4,0.0,0.0
2026-02-21 13:45:00,228.7,149.352,7.5,4.4,0.0,0.0
2026-02-21 14:00:00,228.4,149.352,7.5,4.4,0.0,0.0
2026-02-21 14:15:00,228.5,149.352,7.5,4.4,0.0,0.0
2026-02-21 14:30:00,228.8,149.352,7.5,4.4,0.0,0.0
2026-02-21 14:45:00,229.5,149.352,7.5,4.4,0.0,0.0
2026-02-21 15:00:00,229.7,149.352,7.5,4.6,0.0,0.0
2026-02-21 15:15:00,229.7,149.352,7.5,4.6,0.0,0.0
2026-02-21 15:30:00,229.9,149.352,7.5,4.6,0.0,0.0
2026-02-21 15:45:00,230.7,149.352,7.6,4.6,0.0,0.0
2026-02-21 16:00:00,231.0,146.304,7.6,6.6,0.0,59.0
2026-02-21 16:15:00,231.0,146.304,7.7,6.6,0.0,59.0
2026-02-21 16:30:00,231.5,149.352,7.7,6.6,0.0,59.0
2026-02-21 16:45:00,232.3,149.352,7.8,6.6,0.0,59.0
2026-02-21 17:00:00,232.6,146.304,7.8,9.3,0.0,221.0
2026-02-21 17:15:00,232.9,146.304,7.8,9.3,0.0,221.0
2026-02-21 17:30:00,233.3,149.352,7.9,9.3,0.0,221.0
2026-02-21 17:45:00,234.0,146.304,7.9,9.3,0.0,221.0
2026-02-21 18:00:00,234.5,149.352,8.0,11.0,0.0,365.0
2026-02-21 18:15:00,235.4,146.304,8.1,11.0,0.0,365.0
2026-02-21 18:30:00,236.5,149.352,8.2,11.0,0.0,365.0
2026-02-21 18:45:00,237.9,146.304,8.4,11.0,0.0,365.0
2026-02-21 19:00:00,238.9,146.304,8.5,12.7,0.0,564.0
2026-02-21 19:15:00,235.4,146.304,8.1,12.7,0.0,564.0
2026-02-21 19:30:00,236.5,149.352,8.2,12.7,0.0,564.0
2026-02-21 19:45:00,237.9,146.304,8.4,12.7,0.0,564.0
2026-02-21 20:00:00,238.9,146.304,8.5,13.3,0.0,665.0
2026-02-21 20:15:00,239.4,146.304,8.5,13.3,0.0,665.0
2026-02-21 20:30:00,239.7,146.304,8.6,13.3,0.0,665.0
2026-02-21 20:45:00,241.1,149.352,8.7,13.3,0.0,665.0
2026-02-21 21:00:00,243.0,146.304,8.9,13.5,0.0,657.0
2026-02-21 21:15:00,244.3,146.304,9.1,13.5,0.0,657.0
2026-02-21 21:30:00,245.3,146.304,9.2,13.5,0.0,657.0
2026-02-21 21:45:00,245.9,146.304,9.2,13.5,0.0,657.0
2026-02-21 22:00:00,246.5,146.304,9.3,14.1,0.0,615.0
2026-02-21 22:15:00,246.9,146.304,9.3,14.1,0.0,615.0
2026-02-21 22:30:00,247.8,146.304,9.3,14.1,0.0,615.0
2026-02-21 22:45:00,248.8,146.304,9.5,14.1,0.0,615.0
2026-02-21 23:00:00,250.2,143.256,9.6,14.5,0.0,446.0
2026-02-21 23:15:00,251.6,143.256,9.7,14.5,0.0,446.0
2026-02-21 23:30:00,252.1,143.256,9.8,14.5,0.0,446.0
2026-02-21 23:45:00,252.9,143.256,9.8,14.5,0.0,446.0
2026-02-22 00:00:00,253.5,146.304,9.9,13.9,0.0,343.0
2026-02-22 00:15:00,254.7,143.256,10.0,13.9,0.0,343.0
2026-02-22 00:30:00,254.6,143.256,9.9,13.9,0.0,343.0
2026-02-22 00:45:00,254.3,143.256,9.8,13.9,0.0,343.0
2026-02-22 01:00:00,253.9,143.256,9.8,12.6,0.0,210.0
2026-02-22 01:15:00,253.5,143.256,9.7,12.6,0.0,210.0
2026-02-22 01:30:00,253.3,143.256,9.6,12.6,0.0,210.0
2026-02-22 01:45:00,252.5,143.256,9.4,12.6,0.0,210.0
2026-02-22 02:00:00,252.3,143.256,9.4,10.8,0.0,43.0
2026-02-22 02:15:00,252.5,143.256,9.4,10.8,0.0,43.0
2026-02-22 02:30:00,252.6,143.256,9.4,10.8,0.0,43.0
2026-02-22 02:45:00,252.5,143.256,9.3,10.8,0.0,43.0
2026-02-22 03:00:00,252.2,143.256,9.3,9.8,0.0,0.0
2026-02-22 03:15:00,252.1,143.256,9.2,9.8,0.0,0.0
2026-02-22 03:30:00,252.4,143.256,9.3,9.8,0.0,0.0
2026-02-22 03:45:00,252.4,140.208,9.2,9.8,0.0,0.0
2026-02-22 04:00:00,252.4,140.208,9.2,9.2,0.0,0.0
2026-02-22 04:15:00,252.4,143.256,9.2,9.2,0.0,0.0
2026-02-22 04:30:00,252.5,143.256,9.2,9.2,0.0,0.0
2026-02-22 04:45:00,252.9,143.256,9.2,9.2,0.0,0.0
2026-02-22 05:00:00,253.0,140.208,9.2,8.8,0.0,0.0
2026-02-22 05:15:00,252.9,140.208,9.2,8.8,0.0,0.0
2026-02-22 05:30:00,252.9,143.256,9.2,8.8,0.0,0.0
2026-02-22 05:45:00,253.4,143.256,9.2,8.8,0.0,0.0
2026-02-22 06:00:00,253.6,140.208,9.2,8.9,0.0,0.0
2026-02-22 06:15:00,253.6,140.208,9.2,8.9,0.0,0.0
2026-02-22 06:30:00,253.4,140.208,9.2,8.9,0.0,0.0
2026-02-22 06:45:00,253.7,143.256,9.2,8.9,0.0,0.0
2026-02-22 07:00:00,254.0,140.208,9.2,9.0,0.0,0.0
2026-02-22 07:15:00,254.0,140.208,9.2,9.0,0.0,0.0
2026-02-22 07:30:00,254.0,140.208,9.2,9.0,0.0,0.0
2026-02-22 07:45:00,253.8,143.256,9.2,9.0,0.0,0.0
2026-02-22 08:00:00,254.5,140.208,9.2,9.2,0.0,0.0
2026-02-22 08:15:00,254.4,140.208,9.2,9.2,0.0,0.0
2026-02-22 08:30:00,254.1,140.208,9.2,9.2,0.0,0.0
2026-02-22 08:45:00,254.1,143.256,9.1,9.2,0.0,0.0
2026-02-22 09:00:00,254.5,140.208,9.2,9.4,0.0,0.0
2026-02-22 09:15:00,254.6,140.208,9.2,9.4,0.0,0.0
2026-02-22 09:30:00,254.6,140.208,9.1,9.4,0.0,0.0
2026-02-22 09:45:00,254.6,140.208,9.1,9.4,0.0,0.0
2026-02-22 10:00:00,254.5,140.208,9.1,9.2,0.0,0.0
2026-02-22 10:15:00,254.9,140.208,9.1,9.2,0.0,0.0
2026-02-22 10:30:00,255.0,140.208,9.1,9.2,0.0,0.0
2026-02-22 10:45:00,255.1,140.208,9.1,9.2,0.0,0.0
2026-02-22 11:00:00,255.0,140.208,9.1,9.1,0.0,0.0
2026-02-22 11:15:00,255.1,140.208,9.1,9.1,0.0,0.0
2026-02-22 11:30:00,255.4,140.208,9.1,9.1,0.0,0.0
2026-02-22 11:45:00,255.3,140.208,9.1,9.1,0.0,0.0
2026-02-22 12:00:00,255.1,140.208,9.0,8.9,0.0,0.0
2026-02-22 12:15:00,255.3,140.208,9.1,8.9,0.0,0.0
2026-02-22 12:30:00,255.9,140.208,9.1,8.9,0.0,0.0
2026-02-22 12:45:00,256.3,137.16,9.1,8.9,0.0,0.0
2026-02-22 13:00:00,256.0,140.208,9.0,8.5,0.0,0.0
2026-02-22 13:15:00,256.2,140.208,9.0,8.5,0.0,0.0
2026-02-22 13:30:00,256.5,140.208,9.0,8.5,0.0,0.0
2026-02-22 13:45:00,256.9,137.16,9.1,8.5,0.0,0.0
2026-02-22 14:00:00,256.9,137.16,9.0,8.5,0.0,0.0
2026-02-22 14:15:00,256.9,137.16,9.0,8.5,0.0,0.0
2026-02-22 14:30:00,257.2,140.208,9.0,8.5,0.0,0.0
2026-02-22 14:45:00,257.7,137.16,9.1,8.5,0.0,0.0
2026-02-22 15:00:00,257.7,140.208,9.0,8.7,0.0,0.0
2026-02-22 15:15:00,257.7,137.16,9.0,8.7,0.0,0.0
2026-02-22 15:30:00,257.6,140.208,8.9,8.7,0.0,0.0
2026-02-22 15:45:00,258.2,137.16,9.0,8.7,0.0,0.0
2026-02-22 16:00:00,258.7,137.16,9.0,10.2,0.0,77.0
2026-02-22 16:15:00,258.5,137.16,9.0,10.2,0.0,77.0
2026-02-22 16:30:00,258.4,137.16,9.0,10.2,0.0,77.0
2026-02-22 16:45:00,258.4,140.208,9.0,10.2,0.0,77.0
2026-02-22 17:00:00,259.0,137.16,9.0,12.4,0.0,243.0
2026-02-22 17:15:00,259.0,137.16,9.0,12.4,0.0,243.0
2026-02-22 17:30:00,259.5,137.16,9.0,12.4,0.0,243.0
2026-02-22 17:45:00,259.5,140.208,9.0,12.4,0.0,243.0
2026-02-22 18:00:00,259.6,137.16,9.1,14.4,0.0,379.0
2026-02-22 18:15:00,260.1,137.16,9.1,14.4,0.0,379.0
2026-02-22 18:30:00,260.5,137.16,9.2,14.4,0.0,379.0
2026-02-22 18:45:00,260.6,137.16,9.2,14.4,0.0,379.0
2026-02-22 19:00:00,261.3,137.16,9.2,15.9,0.0,536.0
2026-02-22 19:15:00,262.2,137.16,9.4,15.9,0.0,536.0
2026-02-22 19:30:00,262.7,134.112,9.4,15.9,0.0,536.0
2026-02-22 19:45:00,262.9,134.112,9.5,15.9,0.0,536.0
2026-02-22 20:00:00,263.4,137.16,9.5,16.8,0.0,557.0
2026-02-22 20:15:00,264.2,134.112,9.6,16.8,0.0,557.0
2026-02-22 20:30:00,265.4,134.112,9.8,16.8,0.0,557.0
2026-02-22 20:45:00,266.0,134.112,9.8,16.8,0.0,557.0
2026-02-22 21:00:00,266.4,134.112,9.9,17.3,0.0,678.0
2026-02-22 21:15:00,267.0,137.16,9.9,17.3,0.0,678.0
2026-02-22 21:30:00,267.8,134.112,10.1,17.3,0.0,678.0
2026-02-22 21:45:00,268.6,134.112,10.2,17.3,0.0,678.0
2026-02-22 22:00:00,268.9,134.112,10.2,17.2,0.0,636.0
2026-02-22 22:15:00,269.1,134.112,10.2,17.2,0.0,636.0
2026-02-22 22:30:00,269.6,134.112,10.3,17.2,0.0,636.0
2026-02-22 22:45:00,270.4,134.112,10.4,17.2,0.0,636.0
2026-02-22 23:00:00,270.9,134.112,10.5,16.9,0.0,531.0
2026-02-22 23:15:00,271.5,134.112,10.5,16.9,0.0,531.0
2026-02-22 23:30:00,271.6,134.112,10.5,16.9,0.0,531.0
2026-02-22 23:45:00,272.0,134.112,10.6,16.9,0.0,531.0
2026-02-23 00:00:00,272.5,131.064,10.6,17.2,0.0,377.0
2026-02-23 00:15:00,272.5,131.064,10.6,17.2,0.0,377.0
2026-02-23 00:30:00,272.2,131.064,10.6,17.2,0.0,377.0
2026-02-23 00:45:00,272.1,134.112,10.6,17.2,0.0,377.0
2026-02-23 01:00:00,272.5,134.112,10.6,16.0,0.0,204.0
2026-02-23 01:15:00,272.5,131.064,10.6,16.0,0.0,204.0
2026-02-23 01:30:00,272.5,134.112,10.6,16.0,0.0,204.0
2026-02-23 01:45:00,272.0,134.112,10.6,16.0,0.0,204.0
2026-02-23 02:00:00,272.0,134.112,10.6,13.2,0.0,42.0
2026-02-23 02:15:00,272.2,134.112,10.6,13.2,0.0,42.0
2026-02-23 02:30:00,272.0,131.064,10.6,13.2,0.0,42.0
2026-02-23 02:45:00,271.9,134.112,10.5,13.2,0.0,42.0
2026-02-23 03:00:00,271.6,134.112,10.5,12.2,0.0,0.0
2026-02-23 03:15:00,272.0,134.112,10.5,12.2,0.0,0.0
2026-02-23 03:30:00,272.0,131.064,10.5,12.2,0.0,0.0
2026-02-23 03:45:00,272.0,131.064,10.5,12.2,0.0,0.0
2026-02-23 04:00:00,271.5,131.064,10.5,11.5,0.0,0.0
2026-02-23 04:15:00,271.5,134.112,10.5,11.5,0.0,0.0
2026-02-23 04:30:00,271.5,134.112,10.5,11.5,0.0,0.0
2026-02-23 04:45:00,271.6,131.064,10.5,11.5,0.0,0.0
2026-02-23 05:00:00,271.6,134.112,10.4,11.3,0.0,0.0
2026-02-23 05:15:00,271.7,134.112,10.4,11.3,0.0,0.0
2026-02-23 05:30:00,271.6,134.112,10.4,11.3,0.0,0.0
2026-02-23 05:45:00,271.9,131.064,10.4,11.3,0.0,0.0
2026-02-23 06:00:00,272.2,131.064,10.4,11.5,0.0,0.0
2026-02-23 06:15:00,272.4,131.064,10.4,11.5,0.0,0.0
2026-02-23 06:30:00,272.6,134.112,10.4,11.5,0.0,0.0
2026-02-23 06:45:00,272.8,134.112,10.4,11.5,0.0,0.0
2026-02-23 07:00:00,273.6,131.064,10.5,11.5,0.0,0.0
2026-02-23 07:15:00,273.5,131.064,10.5,11.5,0.0,0.0
2026-02-23 07:30:00,273.2,134.112,10.4,11.5,0.0,0.0
2026-02-23 07:45:00,273.1,134.112,10.4,11.5,0.0,0.0
2026-02-23 08:00:00,273.2,134.112,10.4,11.0,0.0,0.0
2026-02-23 08:15:00,273.9,131.064,10.4,11.0,0.0,0.0
2026-02-23 08:30:00,274.2,131.064,10.4,11.0,0.0,0.0
2026-02-23 08:45:00,274.2,134.112,10.3,11.0,0.0,0.0
2026-02-23 09:00:00,274.2,134.112,10.3,10.5,0.0,0.0
2026-02-23 09:15:00,274.6,131.064,10.3,10.5,0.0,0.0
2026-02-23 09:30:00,274.8,131.064,10.4,10.5,0.0,0.0
2026-02-23 09:45:00,274.8,131.064,10.3,10.5,0.0,0.0
2026-02-23 10:00:00,274.7,134.112,10.3,9.7,0.0,0.0
2026-02-23 10:15:00,275.0,134.112,10.3,9.7,0.0,0.0
2026-02-23 10:30:00,275.4,134.112,10.3,9.7,0.0,0.0
2026-02-23 10:45:00,275.8,131.064,10.3,9.7,0.0,0.0
2026-02-23 11:00:00,275.8,131.064,10.3,9.2,0.0,0.0
2026-02-23 11:15:00,275.8,134.112,10.2,9.2,0.0,0.0
2026-02-23 11:30:00,275.9,134.112,10.2,9.2,0.0,0.0
2026-02-23 11:45:00,276.6,131.064,10.3,9.2,0.0,0.0
2026-02-23 12:00:00,276.8,131.064,10.2,8.6,0.0,0.0
2026-02-23 12:15:00,276.8,134.112,10.2,8.6,0.0,0.0
2026-02-23 12:30:00,277.4,134.112,10.2,8.6,0.0,0.0
2026-02-23 12:45:00,277.9,131.064,10.2,8.6,0.0,0.0
2026-02-23 13:00:00,277.9,131.064,10.2,7.9,0.0,0.0
2026-02-23 13:15:00,277.9,131.064,10.2,7.9,0.0,0.0
2026-02-23 13:30:00,278.2,134.112,10.1,7.9,0.0,0.0
2026-02-23 13:45:00,278.4,134.112,10.1,7.9,0.0,0.0
2026-02-23 14:00:00,279.1,131.064,10.1,7.6,0.0,0.0
2026-02-23 14:15:00,279.5,131.064,10.2,7.6,0.0,0.0
2026-02-23 14:30:00,279.7,131.064,10.2,7.6,0.0,0.0
2026-02-23 14:45:00,279.9,134.112,10.1,7.6,0.0,0.0
2026-02-23 15:00:00,280.4,134.112,10.1,7.4,0.0,1.0
2026-02-23 15:15:00,280.9,131.064,10.2,7.4,0.0,1.0
2026-02-23 15:30:00,281.3,131.064,10.1,7.4,0.0,1.0
2026-02-23 15:45:00,281.6,131.064,10.1,7.4,0.0,1.0
2026-02-23 16:00:00,282.0,134.112,10.1,9.3,0.0,73.0
2026-02-23 16:15:00,282.4,131.064,10.1,9.3,0.0,73.0
2026-02-23 16:30:00,282.9,131.064,10.1,9.3,0.0,73.0
2026-02-23 16:45:00,283.3,131.064,10.1,9.3,0.0,73.0
2026-02-23 17:00:00,283.6,131.064,10.1,12.5,0.0,213.0
2026-02-23 17:15:00,284.1,134.112,10.1,12.5,0.0,213.0
2026-02-23 17:30:00,285.2,131.064,10.1,12.5,0.0,213.0
2026-02-23 17:45:00,286.1,131.064,10.2,12.5,0.0,213.0
2026-02-23 18:00:00,286.9,131.064,10.2,13.9,0.0,326.0
2026-02-23 18:15:00,287.8,131.064,10.2,13.9,0.0,326.0
2026-02-23 18:30:00,288.5,131.064,10.3,13.9,0.0,326.0
2026-02-23 18:45:00,290.1,131.064,10.3,13.9,0.0,326.0
2026-02-23 19:00:00,291.0,131.064,10.4,16.1,0.0,561.0
2026-02-23 19:15:00,292.0,128.016,10.5,16.1,0.0,561.0
2026-02-23 19:30:00,292.7,131.064,10.5,16.1,0.0,561.0
2026-02-23 19:45:00,293.6,131.064,10.6,16.1,0.0,561.0
2026-02-23 20:00:00,294.4,128.016,10.7,17.9,0.0,662.0
2026-02-23 20:15:00,294.9,128.016,10.7,17.9,0.0,662.0
2026-02-23 20:30:00,295.3,128.016,10.8,17.9,0.0,662.0
2026-02-23 20:45:00,296.2,131.064,10.9,17.9,0.0,662.0
2026-02-23 21:00:00,297.3,128.016,11.0,18.7,0.0,695.0
2026-02-23 21:15:00,297.6,131.064,11.0,18.7,0.0,695.0
2026-02-23 21:30:00,298.1,128.016,11.0,18.7,0.0,695.0
2026-02-23 21:45:00,298.1,131.064,11.1,18.7,0.0,695.0
2026-02-23 22:00:00,298.6,131.064,11.1,18.6,0.0,498.0
2026-02-23 22:15:00,299.0,128.016,11.2,18.6,0.0,498.0
2026-02-23 22:30:00,299.3,128.016,11.2,18.6,0.0,498.0
2026-02-23 22:45:00,299.1,128.016,11.2,18.6,0.0,498.0
2026-02-23 23:00:00,299.5,131.064,11.2,17.9,0.0,365.0
2026-02-23 23:15:00,299.7,128.016,11.2,17.9,0.0,365.0
2026-02-23 23:30:00,299.7,131.064,11.3,17.9,0.0,365.0
2026-02-23 23:45:00,299.7,131.064,11.3,17.9,0.0,365.0
2026-02-24 00:00:00,300.0,131.064,11.3,18.0,0.0,194.0
2026-02-24 00:15:00,299.8,131.064,11.3,18.0,0.0,194.0
2026-02-24 00:30:00,299.5,131.064,11.2,18.0,0.0,194.0
2026-02-24 00:45:00,299.1,128.016,11.2,18.0,0.0,194.0
2026-02-24 01:00:00,298.6,128.016,11.1,16.5,0.0,44.0
2026-02-24 01:15:00,298.3,128.016,11.1,16.5,0.0,44.0
2026-02-24 01:30:00,297.9,128.016,11.0,16.5,0.0,44.0
2026-02-24 01:45:00,297.8,128.016,11.0,16.5,0.0,44.0
2026-02-24 02:00:00,297.9,128.016,11.0,14.5,0.0,23.0
2026-02-24 02:15:00,297.7,128.016,11.0,14.5,0.0,23.0
2026-02-24 02:30:00,297.1,128.016,11.0,14.5,0.0,23.0
2026-02-24 02:45:00,297.0,128.016,10.9,14.5,0.0,23.0
2026-02-24 03:00:00,296.5,128.016,10.9,14.1,0.0,0.0
2026-02-24 03:15:00,296.5,128.016,10.9,14.1,0.0,0.0
2026-02-24 03:30:00,296.5,128.016,10.9,14.1,0.0,0.0
2026-02-24 03:45:00,296.3,128.016,10.8,14.1,0.0,0.0
2026-02-24 04:00:00,296.2,128.016,10.8,13.4,0.0,0.0
2026-02-24 04:15:00,296.2,128.016,10.8,13.4,0.0,0.0
2026-02-24 04:30:00,295.8,128.016,10.8,13.4,0.0,0.0
2026-02-24 04:45:00,295.7,128.016,10.8,13.4,0.0,0.0
2026-02-24 05:00:00,295.3,128.016,10.8,13.4,0.0,0.0
2026-02-24 05:15:00,295.4,128.016,10.8,13.4,0.0,0.0
2026-02-24 05:30:00,295.4,128.016,10.8,13.4,0.0,0.0
2026-02-24 05:45:00,295.4,128.016,10.8,13.4,0.0,0.0
2026-02-24 06:00:00,295.0,128.016,10.7,13.0,0.025,0.0
2026-02-24 06:15:00,294.9,128.016,10.7,13.0,0.025,0.0
2026-02-24 06:30:00,294.9,128.016,10.7,13.0,0.025,0.0
2026-02-24 06:45:00,294.9,128.016,10.7,13.0,0.025,0.0
2026-02-24 07:00:00,294.6,128.016,10.7,12.2,0.075,0.0
2026-02-24 07:15:00,294.5,128.016,10.7,12.2,0.075,0.0
2026-02-24 07:30:00,294.1,128.016,10.7,12.2,0.075,0.0
2026-02-24 07:45:00,294.4,128.016,10.7,12.2,0.075,0.0
2026-02-24 08:00:00,294.4,128.016,10.7,12.2,0.225,0.0
2026-02-24 08:15:00,294.5,128.016,10.7,12.2,0.225,0.0
2026-02-24 08:30:00,294.4,128.016,10.6,12.2,0.225,0.0
2026-02-24 08:45:00,294.5,131.064,10.6,12.2,0.225,0.0
2026-02-24 09:00:00,294.7,134.112,10.6,12.4,0.0,0.0
2026-02-24 09:15:00,294.9,131.064,10.7,12.4,0.0,0.0
2026-02-24 09:30:00,295.2,131.064,10.7,12.4,0.0,0.0
2026-02-24 09:45:00,295.3,131.064,10.8,12.4,0.0,0.0
2026-02-24 10:00:00,295.4,131.064,10.8,12.8,0.0,0.0
2026-02-24 10:15:00,295.5,131.064,10.8,12.8,0.0,0.0
2026-02-24 10:30:00,295.3,131.064,10.8,12.8,0.0,0.0
2026-02-24 10:45:00,295.0,131.064,10.8,12.8,0.0,0.0
2026-02-24 11:00:00,294.9,131.064,10.8,12.7,0.0,0.0
2026-02-24 11:15:00,295.0,131.064,10.8,12.7,0.0,0.0
2026-02-24 11:30:00,295.2,128.016,10.8,12.7,0.0,0.0
2026-02-24 11:45:00,295.3,128.016,10.8,12.7,0.0,0.0
2026-02-24 12:00:00,294.9,128.016,10.8,12.6,0.0,0.0
2026-02-24 12:15:00,294.9,128.016,10.8,12.6,0.0,0.0
2026-02-24 12:30:00,294.9,128.016,10.8,12.6,0.0,0.0
2026-02-24 12:45:00,294.9,128.016,10.8,12.6,0.0,0.0
2026-02-24 13:00:00,295.0,128.016,10.8,13.3,0.0,0.0
2026-02-24 13:15:00,295.0,128.016,10.8,13.3,0.0,0.0
2026-02-24 13:30:00,295.3,128.016,10.7,13.3,0.0,0.0
2026-02-24 13:45:00,295.5,128.016,10.8,13.3,0.0,0.0
2026-02-24 14:00:00,295.7,128.016,10.8,12.9,0.0,0.0
2026-02-24 14:15:00,295.7,124.968,10.7,12.9,0.0,0.0
2026-02-24 14:30:00,295.8,128.016,10.7,12.9,0.0,0.0
2026-02-24 14:45:00,296.2,128.016,10.8,12.9,0.0,0.0
2026-02-24 15:00:00,296.5,128.016,10.8,12.7,0.0,1.0
2026-02-24 15:15:00,296.7,128.016,10.8,12.7,0.0,1.0
2026-02-24 15:30:00,297.0,124.968,10.8,12.7,0.0,1.0
2026-02-24 15:45:00,297.3,124.968,10.7,12.7,0.0,1.0
2026-02-24 16:00:00,297.7,128.016,10.7,14.0,0.0,53.0
2026-02-24 16:15:00,298.4,124.968,10.7,14.0,0.0,53.0
2026-02-24 16:30:00,298.8,124.968,10.8,14.0,0.0,53.0
2026-02-24 16:45:00,299.4,124.968,10.8,14.0,0.0,53.0
2026-02-24 17:00:00,300.1,128.016,10.8,15.9,0.0,214.0
2026-02-24 17:15:00,300.7,128.016,10.8,15.9,0.0,214.0
2026-02-24 17:30:00,301.5,124.968,10.8,15.9,0.0,214.0
2026-02-24 17:45:00,302.3,124.968,10.8,15.9,0.0,214.0
2026-02-24 18:00:00,303.0,124.968,10.9,17.0,0.0,220.0
2026-02-24 18:15:00,304.0,128.016,10.9,17.0,0.0,220.0
2026-02-24 18:30:00,305.1,128.016,10.9,17.0,0.0,220.0
2026-02-24 18:45:00,306.2,124.968,11.0,17.0,0.0,220.0
2026-02-24 19:00:00,307.6,124.968,11.0,18.4,0.0,521.0
2026-02-24 19:15:00,309.1,124.968,11.1,18.4,0.0,521.0
2026-02-24 19:30:00,310.3,128.016,11.1,18.4,0.0,521.0
2026-02-24 19:45:00,311.8,124.968,11.2,18.4,0.0,521.0
2026-02-24 20:00:00,313.9,124.968,11.3,19.1,0.0,528.0
2026-02-24 20:15:00,316.6,124.968,11.3,19.1,0.0,528.0
2026-02-24 20:30:00,319.2,124.968,11.4,19.1,0.0,528.0
2026-02-24 20:45:00,321.9,128.016,11.4,19.1,0.0,528.0
2026-02-24 21:00:00,324.6,124.968,11.6,19.0,0.0,345.0
2026-02-24 21:15:00,327.1,124.968,11.6,19.0,0.0,345.0
2026-02-24 21:30:00,328.8,124.968,11.7,19.0,0.0,345.0
2026-02-24 21:45:00,330.6,124.968,11.8,19.0,0.0,345.0
2026-02-24 22:00:00,331.9,128.016,11.8,18.2,0.0,367.0
2026-02-24 22:15:00,333.6,124.968,11.8,18.2,0.0,367.0
2026-02-24 22:30:00,335.3,124.968,11.9,18.2,0.0,367.0
2026-02-24 22:45:00,336.4,121.92000000000002,11.9,18.2,0.0,367.0
2026-02-24 23:00:00,337.4,121.92000000000002,11.9,16.1,0.0,159.0
2026-02-24 23:15:00,338.5,124.968,11.9,16.1,0.0,159.0
2026-02-24 23:30:00,339.4,124.968,12.0,16.1,0.0,159.0
2026-02-24 23:45:00,340.1,121.92000000000002,11.9,16.1,0.0,159.0
2026-02-25 00:00:00,341.0,121.92000000000002,11.9,17.4,0.0,121.0
2026-02-25 00:15:00,341.4,124.968,11.9,17.4,0.0,121.0
2026-02-25 00:30:00,341.9,124.968,11.9,17.4,0.0,121.0
2026-02-25 00:45:00,342.8,121.92000000000002,11.9,17.4,0.0,121.0
2026-02-25 01:00:00,343.5,124.968,11.9,16.1,0.0,143.0
2026-02-25 01:15:00,343.8,121.92000000000002,11.9,16.1,0.0,143.0
2026-02-25 01:30:00,343.8,124.968,11.9,16.1,0.0,143.0
2026-02-25 01:45:00,344.1,124.968,11.8,16.1,0.0,143.0
2026-02-25 02:00:00,344.2,124.968,11.8,15.2,0.125,29.0
2026-02-25 02:15:00,344.5,124.968,11.8,15.2,0.125,29.0
2026-02-25 02:30:00,344.5,121.92000000000002,11.8,15.2,0.125,29.0
2026-02-25 02:45:00,344.7,124.968,11.8,15.2,0.125,29.0
2026-02-25 03:00:00,344.8,124.968,11.7,14.7,0.0,0.0
2026-02-25 03:15:00,345.1,124.968,11.7,14.7,0.0,0.0
2026-02-25 03:30:00,345.1,121.92000000000002,11.7,14.7,0.0,0.0
2026-02-25 03:45:00,345.3,121.92000000000002,11.7,14.7,0.0,0.0
2026-02-25 04:00:00,345.4,124.968,11.7,14.8,0.05,0.0
2026-02-25 04:15:00,345.7,124.968,11.7,14.8,0.05,0.0
2026-02-25 04:30:00,345.9,124.968,11.7,14.8,0.05,0.0
2026-02-25 04:45:00,346.1,121.92000000000002,11.6,14.8,0.05,0.0
2026-02-25 05:00:00,346.3,121.92000000000002,11.6,13.9,0.35,0.0
2026-02-25 05:15:00,346.4,124.968,11.6,13.9,0.35,0.0
2026-02-25 05:30:00,346.6,124.968,11.6,13.9,0.35,0.0
2026-02-25 05:45:00,346.9,137.16,11.6,13.9,0.35,0.0
2026-02-25 06:00:00,347.8,213.36,11.7,14.0,0.175,0.0
2026-02-25 06:15:00,353.1,277.368,12.2,14.0,0.175,0.0
2026-02-25 06:30:00,352.9,283.464,12.2,14.0,0.175,0.0
2026-02-25 06:45:00,351.4,298.704,12.0,14.0,0.175,0.0
2026-02-25 07:00:00,351.8,329.184,12.1,14.0,0.225,0.0
2026-02-25 07:15:00,352.2,344.424,12.2,14.0,0.225,0.0
2026-02-25 07:30:00,352.0,326.136,12.1,14.0,0.225,0.0
2026-02-25 07:45:00,351.2,289.56,12.1,14.0,0.225,0.0
2026-02-25 08:00:00,350.7,249.936,12.0,14.0,0.125,0.0
2026-02-25 08:15:00,350.2,240.79200000000003,12.0,14.0,0.125,0.0
2026-02-25 08:30:00,349.9,268.224,12.0,14.0,0.125,0.0
2026-02-25 08:45:00,350.6,289.56,12.2,14.0,0.125,0.0
2026-02-25 09:00:00,350.5,286.512,12.1,14.0,0.025,0.0
2026-02-25 09:15:00,348.5,265.176,12.0,14.0,0.025,0.0
2026-02-25 09:30:00,346.5,240.79200000000003,11.9,14.0,0.025,0.0
2026-02-25 09:45:00,345.8,243.84000000000003,11.9,14.0,0.025,0.0
2026-02-25 10:00:00,345.8,262.128,12.0,14.0,0.025,0.0
2026-02-25 10:15:00,346.7,298.704,12.1,14.0,0.025,0.0
2026-02-25 10:30:00,346.2,292.608,12.1,14.0,0.025,0.0
2026-02-25 10:45:00,344.5,280.416,12.0,14.0,0.025,0.0
2026-02-25 11:00:00,343.4,274.32,11.9,13.9,0.025,0.0
2026-02-25 11:15:00,342.2,268.224,11.9,13.9,0.025,0.0
2026-02-25 11:30:00,341.1,249.936,11.9,13.9,0.025,0.0
2026-02-25 11:45:00,340.0,237.74400000000003,11.9,13.9,0.025,0.0
2026-02-25 12:00:00,339.1,225.552,11.8,13.8,0.025,0.0
2026-02-25 12:15:00,338.5,222.504,11.8,13.8,0.025,0.0
2026-02-25 12:30:00,338.4,225.552,11.8,13.8,0.025,0.0
2026-02-25 12:45:00,338.2,222.504,11.8,13.8,0.025,0.0
2026-02-25 13:00:00,337.7,216.408,11.8,13.8,0.025,0.0
2026-02-25 13:15:00,337.1,210.312,11.8,13.8,0.025,0.0
2026-02-25 13:30:00,336.3,204.216,11.8,13.8,0.025,0.0
2026-02-25 13:45:00,335.6,204.216,11.7,13.8,0.025,0.0
2026-02-25 14:00:00,335.3,198.12,11.7,13.7,0.0,0.0
2026-02-25 14:15:00,334.7,195.072,11.7,13.7,0.0,0.0
2026-02-25 14:30:00,334.2,195.072,11.7,13.7,0.0,0.0
2026-02-25 14:45:00,333.3,192.024,11.6,13.7,0.0,0.0
2026-02-25 15:00:00,332.6,188.976,11.6,13.7,0.0,0.0
2026-02-25 15:15:00,332.0,185.928,11.6,13.7,0.0,0.0
2026-02-25 15:30:00,331.2,188.976,11.5,13.7,0.0,0.0
2026-02-25 15:45:00,330.6,188.976,11.5,13.7,0.0,0.0
2026-02-25 16:00:00,329.9,188.976,11.5,14.3,0.0,25.0
2026-02-25 16:15:00,329.5,182.88,11.5,14.3,0.0,25.0
2026-02-25 16:30:00,328.8,179.832,11.5,14.3,0.0,25.0
2026-02-25 16:45:00,328.3,179.832,11.4,14.3,0.0,25.0
2026-02-25 17:00:00,327.4,176.784,11.4,15.0,0.0,74.0
2026-02-25 17:15:00,326.7,173.736,11.4,15.0,0.0,74.0
2026-02-25 17:30:00,326.2,173.736,11.4,15.0,0.0,74.0
2026-02-25 17:45:00,325.6,170.68800000000002,11.3,15.0,0.0,74.0
2026-02-25 18:00:00,325.0,173.736,11.3,15.5,0.0,144.0
2026-02-25 18:15:00,324.6,170.68800000000002,11.3,15.5,0.0,144.0
2026-02-25 18:30:00,324.5,170.68800000000002,11.3,15.5,0.0,144.0
2026-02-25 18:45:00,323.9,170.68800000000002,11.3,15.5,0.0,144.0
2026-02-25 19:00:00,323.6,167.64,11.3,16.1,0.025,183.0
2026-02-25 19:15:00,323.2,167.64,11.3,16.1,0.025,183.0
2026-02-25 19:30:00,322.8,170.68800000000002,11.3,16.1,0.025,183.0
2026-02-25 19:45:00,322.5,167.64,11.3,16.1,0.025,183.0
2026-02-25 20:00:00,322.3,167.64,11.3,16.6,0.025,255.0
2026-02-25 20:15:00,322.0,167.64,11.3,16.6,0.025,255.0
2026-02-25 20:30:00,321.7,167.64,11.3,16.6,0.025,255.0
2026-02-25 20:45:00,321.4,164.592,11.3,16.6,0.025,255.0
2026-02-25 21:00:00,321.4,167.64,11.4,16.8,0.0,264.0
2026-02-25 21:15:00,321.3,161.544,11.4,16.8,0.0,264.0
2026-02-25 21:30:00,321.4,161.544,11.4,16.8,0.0,264.0
2026-02-25 21:45:00,321.5,164.592,11.5,16.8,0.0,264.0
2026-02-25 22:00:00,322.1,161.544,11.6,17.2,0.025,309.0
2026-02-25 22:15:00,322.2,158.496,11.6,17.2,0.025,309.0
2026-02-25 22:30:00,322.2,158.496,11.6,17.2,0.025,309.0
2026-02-25 22:45:00,322.4,158.496,11.7,17.2,0.025,309.0
2026-02-25 23:00:00,322.5,158.496,11.7,16.9,0.0,209.0
2026-02-25 23:15:00,322.5,158.496,11.8,16.9,0.0,209.0
2026-02-25 23:30:00,322.5,158.496,11.8,16.9,0.0,209.0
2026-02-25 23:45:00,322.5,158.496,11.8,16.9,0.0,209.0
2026-02-26 00:00:00,322.5,158.496,11.8,17.2,0.0,145.0
2026-02-26 00:15:00,321.9,158.496,11.8,17.2,0.0,145.0
2026-02-26 00:30:00,321.8,155.448,11.8,17.2,0.0,145.0
2026-02-26 00:45:00,321.5,155.448,11.8,17.2,0.0,145.0
2026-02-26 01:00:00,321.1,155.448,11.8,17.0,0.0,121.0
2026-02-26 01:15:00,320.7,155.448,11.8,17.0,0.0,121.0
2026-02-26 01:30:00,320.4,152.4,11.8,17.0,0.0,121.0
2026-02-26 01:45:00,320.0,152.4,11.8,17.0,0.0,121.0
2026-02-26 02:00:00,319.6,155.448,11.8,15.3,0.0,43.0
2026-02-26 02:15:00,319.3,152.4,11.8,15.3,0.0,43.0
2026-02-26 02:30:00,319.0,152.4,11.7,15.3,0.0,43.0
2026-02-26 02:45:00,318.5,152.4,11.7,15.3,0.0,43.0
2026-02-26 03:00:00,318.2,152.4,11.7,13.8,0.0,0.0
2026-02-26 03:15:00,317.9,152.4,11.7,13.8,0.0,0.0
2026-02-26 03:30:00,317.8,152.4,11.7,13.8,0.0,0.0
2026-02-26 03:45:00,317.2,149.352,11.6,13.8,0.0,0.0
2026-02-26 04:00:00,316.8,152.4,11.6,13.4,0.0,0.0
2026-02-26 04:15:00,316.8,149.352,11.6,13.4,0.0,0.0
2026-02-26 04:30:00,316.4,149.352,11.6,13.4,0.0,0.0
2026-02-26 04:45:00,316.1,149.352,11.6,13.4,0.0,0.0
2026-02-26 05:00:00,315.8,149.352,11.5,13.0,0.0,0.0
2026-02-26 05:15:00,315.6,149.352,11.5,13.0,0.0,0.0
2026-02-26 05:30:00,315.5,149.352,11.5,13.0,0.0,0.0
2026-02-26 05:45:00,315.1,149.352,11.5,13.0,0.0,0.0
2026-02-26 06:00:00,315.1,149.352,11.5,13.3,0.0,0.0
2026-02-26 06:15:00,315.1,152.4,11.5,13.3,0.0,0.0
2026-02-26 06:30:00,314.5,152.4,11.5,13.3,0.0,0.0
2026-02-26 06:45:00,315.0,149.352,11.5,13.3,0.0,0.0
2026-02-26 07:00:00,314.9,146.304,11.5,13.6,0.0,0.0
2026-02-26 07:15:00,314.5,146.304,11.4,13.6,0.0,0.0
2026-02-26 07:30:00,313.9,146.304,11.4,13.6,0.0,0.0
2026-02-26 07:45:00,313.9,146.304,11.4,13.6,0.0,0.0
2026-02-26 08:00:00,314.2,146.304,11.4,13.0,0.0,0.0
2026-02-26 08:15:00,314.2,146.304,11.4,13.0,0.0,0.0
2026-02-26 08:30:00,314.2,149.352,11.4,13.0,0.0,0.0
2026-02-26 08:45:00,314.2,146.304,11.4,13.0,0.0,0.0
2026-02-26 09:00:00,314.2,146.304,11.4,13.0,0.0,0.0
2026-02-26 09:15:00,314.1,146.304,11.3,13.0,0.0,0.0
2026-02-26 09:30:00,314.5,146.304,11.3,13.0,0.0,0.0
2026-02-26 09:45:00,315.3,146.304,11.3,13.0,0.0,0.0
2026-02-26 10:00:00,315.9,146.304,11.3,12.7,0.0,0.0
2026-02-26 10:15:00,316.2,146.304,11.2,12.7,0.0,0.0
2026-02-26 10:30:00,316.4,146.304,11.2,12.7,0.0,0.0
2026-02-26 10:45:00,317.3,146.304,11.2,12.7,0.0,0.0
2026-02-26 11:00:00,317.3,143.256,11.2,12.7,0.0,0.0
2026-02-26 11:15:00,317.6,143.256,11.2,12.7,0.0,0.0
2026-02-26 11:30:00,318.0,146.304,11.1,12.7,0.0,0.0
2026-02-26 11:45:00,318.4,143.256,11.1,12.7,0.0,0.0
2026-02-26 12:00:00,318.7,143.256,11.1,12.5,0.0,0.0
2026-02-26 12:15:00,318.8,143.256,11.1,12.5,0.0,0.0
2026-02-26 12:30:00,319.2,143.256,11.1,12.5,0.0,0.0
2026-02-26 12:45:00,319.6,143.256,11.1,12.5,0.0,0.0
2026-02-26 13:00:00,320.1,143.256,11.0,12.1,0.0,0.0
2026-02-26 13:15:00,320.3,143.256,11.0,12.1,0.0,0.0
2026-02-26 13:30:00,320.8,143.256,11.0,12.1,0.0,0.0
2026-02-26 13:45:00,321.2,143.256,11.0,12.1,0.0,0.0
2026-02-26 14:00:00,321.5,143.256,11.0,11.7,0.0,0.0
2026-02-26 14:15:00,321.6,143.256,10.9,11.7,0.0,0.0
2026-02-26 14:30:00,322.0,143.256,10.9,11.7,0.0,0.0
2026-02-26 14:45:00,322.4,143.256,10.9,11.7,0.0,0.0
2026-02-26 15:00:00,322.9,140.208,10.9,11.7,0.0,1.0
2026-02-26 15:15:00,322.9,143.256,10.9,11.7,0.0,1.0
2026-02-26 15:30:00,323.4,143.256,10.9,11.7,0.0,1.0
2026-02-26 15:45:00,324.0,143.256,10.9,11.7,0.0,1.0
2026-02-26 16:00:00,324.1,140.208,10.8,12.5,0.0,55.0
2026-02-26 16:15:00,324.1,143.256,10.8,12.5,0.0,55.0
2026-02-26 16:30:00,324.5,143.256,10.8,12.5,0.0,55.0
2026-02-26 16:45:00,324.8,140.208,10.8,12.5,0.0,55.0
2026-02-26 17:00:00,325.1,140.208,10.8,14.2,0.0,170.0
2026-02-26 17:15:00,325.5,140.208,10.8,14.2,0.0,170.0
2026-02-26 17:30:00,325.8,140.208,10.8,14.2,0.0,170.0
2026-02-26 17:45:00,326.8,140.208,10.9,14.2,0.0,170.0
2026-02-26 18:00:00,327.2,140.208,10.9,16.4,0.0,314.0
2026-02-26 18:15:00,327.6,140.208,10.9,16.4,0.0,314.0
2026-02-26 18:30:00,328.3,143.256,10.9,16.4,0.0,314.0
2026-02-26 18:45:00,329.1,143.256,11.0,16.4,0.0,314.0
2026-02-26 19:00:00,329.8,140.208,11.0,18.6,0.0,429.0
2026-02-26 19:15:00,330.5,140.208,11.0,18.6,0.0,429.0
2026-02-26 19:30:00,331.6,140.208,11.1,18.6,0.0,429.0
2026-02-26 19:45:00,332.5,140.208,11.2,18.6,0.0,429.0
2026-02-26 20:00:00,333.2,140.208,11.2,19.9,0.0,551.0
2026-02-26 20:15:00,334.7,140.208,11.3,19.9,0.0,551.0
2026-02-26 20:30:00,334.8,140.208,11.4,19.9,0.0,551.0
2026-02-26 20:45:00,336.4,137.16,11.5,19.9,0.0,551.0
2026-02-26 21:00:00,337.5,137.16,11.5,21.1,0.0,659.0
2026-02-26 21:15:00,338.3,137.16,11.6,21.1,0.0,659.0
2026-02-26 21:30:00,339.5,140.208,11.7,21.1,0.0,659.0
2026-02-26 21:45:00,340.9,137.16,11.8,21.1,0.0,659.0
2026-02-26 22:00:00,342.0,137.16,11.9,21.5,0.0,625.0
2026-02-26 22:15:00,342.8,137.16,11.9,21.5,0.0,625.0
2026-02-26 22:30:00,343.8,140.208,12.0,21.5,0.0,625.0
2026-02-26 22:45:00,344.7,137.16,12.1,21.5,0.0,625.0
2026-02-26 23:00:00,345.2,137.16,12.1,21.2,0.0,532.0
2026-02-26 23:15:00,345.5,137.16,12.2,21.2,0.0,532.0
2026-02-26 23:30:00,346.1,137.16,12.2,21.2,0.0,532.0
2026-02-26 23:45:00,346.4,137.16,12.3,21.2,0.0,532.0
2026-02-27 00:00:00,346.9,137.16,12.3,21.1,0.0,402.0
2026-02-27 00:15:00,346.8,137.16,12.3,21.1,0.0,402.0
2026-02-27 00:30:00,346.7,137.16,12.3,21.1,0.0,402.0
2026-02-27 00:45:00,346.7,137.16,12.3,21.1,0.0,402.0
2026-02-27 01:00:00,346.5,134.112,12.3,20.2,0.0,214.0
2026-02-27 01:15:00,346.4,137.16,12.3,20.2,0.0,214.0
2026-02-27 01:30:00,345.8,134.112,12.3,20.2,0.0,214.0
2026-02-27 01:45:00,345.2,137.16,12.2,20.2,0.0,214.0
2026-02-27 02:00:00,345.2,134.112,12.2,17.9,0.0,51.0
2026-02-27 02:15:00,344.8,134.112,12.2,17.9,0.0,51.0
2026-02-27 02:30:00,344.3,134.112,12.2,17.9,0.0,51.0
2026-02-27 02:45:00,343.9,137.16,12.2,17.9,0.0,51.0
2026-02-27 03:00:00,343.6,134.112,12.1,16.2,0.0,0.0
2026-02-27 03:15:00,343.1,134.112,12.1,16.2,0.0,0.0
2026-02-27 03:30:00,342.8,134.112,12.1,16.2,0.0,0.0
2026-02-27 03:45:00,342.2,137.16,12.0,16.2,0.0,0.0
2026-02-27 04:00:00,342.0,137.16,12.0,16.0,0.0,0.0
2026-02-27 04:15:00,341.7,134.112,12.0,16.0,0.0,0.0
2026-02-27 04:30:00,341.3,134.112,12.0,16.0,0.0,0.0
2026-02-27 04:45:00,340.8,137.16,11.9,16.0,0.0,0.0
2026-02-27 05:00:00,340.4,134.112,11.9,15.8,0.0,0.0
2026-02-27 05:15:00,340.4,134.112,11.9,15.8,0.0,0.0
2026-02-27 05:30:00,340.0,134.112,11.9,15.8,0.0,0.0
2026-02-27 05:45:00,339.7,134.112,11.8,15.8,0.0,0.0
2026-02-27 06:00:00,339.4,134.112,11.8,15.3,0.0,0.0
2026-02-27 06:15:00,339.3,134.112,11.8,15.3,0.0,0.0
2026-02-27 06:30:00,338.9,134.112,11.8,15.3,0.0,0.0
2026-02-27 06:45:00,338.6,134.112,11.8,15.3,0.0,0.0
2026-02-27 07:00:00,338.2,137.16,11.7,14.6,0.0,0.0
2026-02-27 07:15:00,338.0,134.112,11.7,14.6,0.0,0.0
2026-02-27 07:30:00,337.8,134.112,11.7,14.6,0.0,0.0
2026-02-27 07:45:00,337.4,134.112,11.7,14.6,0.0,0.0
2026-02-27 08:00:00,336.6,134.112,11.7,14.2,0.0,0.0
2026-02-27 08:15:00,336.6,134.112,11.6,14.2,0.0,0.0
2026-02-27 08:30:00,337.0,137.16,11.6,14.2,0.0,0.0
2026-02-27 08:45:00,337.7,137.16,11.6,14.2,0.0,0.0
2026-02-27 09:00:00,338.7,137.16,11.6,14.3,0.0,0.0
2026-02-27 09:15:00,339.4,137.16,11.6,14.3,0.0,0.0
2026-02-27 09:30:00,339.8,134.112,11.6,14.3,0.0,0.0
2026-02-27 09:45:00,340.1,134.112,11.6,14.3,0.0,0.0
2026-02-27 10:00:00,340.5,134.112,11.5,13.9,0.0,0.0
2026-02-27 10:15:00,340.5,134.112,11.5,13.9,0.0,0.0
2026-02-27 10:30:00,341.2,134.112,11.5,13.9,0.0,0.0
2026-02-27 10:45:00,341.8,134.112,11.5,13.9,0.0,0.0
2026-02-27 11:00:00,341.9,134.112,11.5,13.2,0.0,0.0
2026-02-27 11:15:00,342.4,134.112,11.4,13.2,0.0,0.0
2026-02-27 11:30:00,342.4,134.112,11.5,13.2,0.0,0.0
2026-02-27 11:45:00,342.5,134.112,11.5,13.2,0.0,0.0
2026-02-27 12:00:00,342.8,134.112,11.4,12.4,0.0,0.0
2026-02-27 12:15:00,342.4,134.112,11.4,12.4,0.0,0.0
2026-02-27 12:30:00,342.5,134.112,11.4,12.4,0.0,0.0
2026-02-27 12:45:00,343.1,134.112,11.4,12.4,0.0,0.0
2026-02-27 13:00:00,343.1,134.112,11.4,12.3,0.0,0.0
2026-02-27 13:15:00,343.1,134.112,11.3,12.3,0.0,0.0
2026-02-27 13:30:00,343.5,137.16,11.3,12.3,0.0,0.0
2026-02-27 13:45:00,343.8,134.112,11.3,12.3,0.0,0.0
2026-02-27 14:00:00,344.1,134.112,11.3,12.6,0.0,0.0
2026-02-27 14:15:00,344.5,134.112,11.3,12.6,0.0,0.0
2026-02-27 14:30:00,344.9,134.112,11.3,12.6,0.0,0.0
2026-02-27 14:45:00,345.7,134.112,11.3,12.6,0.0,0.0
2026-02-27 15:00:00,346.2,134.112,11.3,12.7,0.0,2.0
2026-02-27 15:15:00,346.7,134.112,11.2,12.7,0.0,2.0
2026-02-27 15:30:00,346.9,134.112,11.2,12.7,0.0,2.0
2026-02-27 15:45:00,347.5,134.112,11.2,12.7,0.0,2.0
2026-02-27 16:00:00,347.9,134.112,11.2,14.3,0.0,79.0
2026-02-27 16:15:00,348.4,134.112,11.2,14.3,0.0,79.0
2026-02-27 16:30:00,348.2,134.112,11.2,14.3,0.0,79.0
2026-02-27 16:45:00,348.5,134.112,11.2,14.3,0.0,79.0
2026-02-27 17:00:00,349.2,134.112,11.2,18.0,0.0,242.0
2026-02-27 17:15:00,349.7,134.112,11.2,18.0,0.0,242.0
2026-02-27 17:30:00,350.2,134.112,11.2,18.0,0.0,242.0
2026-02-27 17:45:00,350.5,134.112,11.3,18.0,0.0,242.0
2026-02-27 18:00:00,351.7,134.112,11.3,20.6,0.0,440.0
2026-02-27 18:15:00,352.2,131.064,11.3,20.6,0.0,440.0
2026-02-27 18:30:00,352.9,131.064,11.4,20.6,0.0,440.0
2026-02-27 18:45:00,353.5,134.112,11.4,20.6,0.0,440.0
2026-02-27 19:00:00,354.5,131.064,11.5,21.9,0.0,587.0
2026-02-27 19:15:00,355.4,131.064,11.6,21.9,0.0,587.0
2026-02-27 19:30:00,356.2,131.064,11.6,21.9,0.0,587.0
2026-02-27 19:45:00,357.0,131.064,11.7,21.9,0.0,587.0
2026-02-27 20:00:00,358.1,134.112,11.7,22.9,0.0,676.0
2026-02-27 20:15:00,359.2,131.064,11.8,22.9,0.0,676.0
2026-02-27 20:30:00,360.5,131.064,11.9,22.9,0.0,676.0
2026-02-27 20:45:00,361.8,131.064,12.0,22.9,0.0,676.0
2026-02-27 21:00:00,362.7,131.064,12.1,23.2,0.0,699.0
2026-02-27 21:15:00,363.8,131.064,12.1,23.2,0.0,699.0
2026-02-27 21:30:00,365.0,131.064,12.2,23.2,0.0,699.0
2026-02-27 21:45:00,365.7,131.064,12.3,23.2,0.0,699.0
2026-02-27 22:00:00,366.6,128.016,12.4,23.1,0.0,659.0
2026-02-27 22:15:00,367.5,131.064,12.5,23.1,0.0,659.0
2026-02-27 22:30:00,368.7,131.064,12.5,23.1,0.0,659.0
2026-02-27 22:45:00,369.5,131.064,12.6,23.1,0.0,659.0
2026-02-27 23:00:00,370.1,131.064,12.7,22.9,0.0,544.0
2026-02-27 23:15:00,370.7,131.064,12.8,22.9,0.0,544.0
2026-02-27 23:30:00,371.2,131.064,12.8,22.9,0.0,544.0
2026-02-27 23:45:00,371.8,128.016,12.8,22.9,0.0,544.0
2026-02-28 00:00:00,372.0,128.016,12.9,22.8,0.0,360.0
2026-02-28 00:15:00,371.8,128.016,12.9,22.8,0.0,360.0
2026-02-28 00:30:00,371.7,128.016,12.9,22.8,0.0,360.0
2026-02-28 00:45:00,371.8,128.016,12.9,22.8,0.0,360.0
2026-02-28 01:00:00,372.1,128.016,12.9,21.7,0.0,152.0
2026-02-28 01:15:00,372.0,128.016,12.9,21.7,0.0,152.0
2026-02-28 01:30:00,372.0,128.016,12.9,21.7,0.0,152.0
2026-02-28 01:45:00,371.8,128.016,12.9,21.7,0.0,152.0
2026-02-28 02:00:00,371.8,128.016,12.9,19.1,0.0,42.0
2026-02-28 02:15:00,371.8,128.016,12.9,19.1,0.0,42.0
2026-02-28 02:30:00,371.5,128.016,12.9,19.1,0.0,42.0
2026-02-28 02:45:00,371.2,131.064,12.8,19.1,0.0,42.0
2026-02-28 03:00:00,371.2,128.016,12.8,18.1,0.0,0.0
2026-02-28 03:15:00,371.1,128.016,12.8,18.1,0.0,0.0
2026-02-28 03:30:00,370.6,128.016,12.8,18.1,0.0,0.0
2026-02-28 03:45:00,370.4,128.016,12.8,18.1,0.0,0.0
2026-02-28 04:00:00,370.1,131.064,12.7,17.9,0.0,0.0
2026-02-28 04:15:00,370.1,128.016,12.7,17.9,0.0,0.0
2026-02-28 04:30:00,370.0,128.016,12.7,17.9,0.0,0.0
2026-02-28 04:45:00,370.1,128.016,12.7,17.9,0.0,0.0
2026-02-28 05:00:00,369.8,131.064,12.7,17.5,0.0,0.0
2026-02-28 05:15:00,370.1,128.016,12.7,17.5,0.0,0.0
2026-02-28 05:30:00,370.3,128.016,12.7,17.5,0.0,0.0
2026-02-28 05:45:00,370.2,128.016,12.6,17.5,0.0,0.0
2026-02-28 06:00:00,370.0,128.016,12.6,17.1,0.0,0.0
2026-02-28 06:15:00,370.2,131.064,12.6,17.1,0.0,0.0
2026-02-28 06:30:00,370.3,128.016,12.6,17.1,0.0,0.0
2026-02-28 06:45:00,370.3,128.016,12.6,17.1,0.0,0.0
2026-02-28 07:00:00,370.3,128.016,12.6,16.6,0.0,0.0
2026-02-28 07:15:00,370.3,131.064,12.6,16.6,0.0,0.0
2026-02-28 07:30:00,370.3,128.016,12.6,16.6,0.0,0.0
2026-02-28 07:45:00,370.5,128.016,12.6,16.6,0.0,0.0
2026-02-28 08:00:00,370.3,128.016,12.6,16.2,0.0,0.0
2026-02-28 08:15:00,370.5,128.016,12.5,16.2,0.0,0.0
2026-02-28 08:30:00,370.3,131.064,12.5,16.2,0.0,0.0
2026-02-28 08:45:00,370.5,128.016,12.5,16.2,0.0,0.0
2026-02-28 09:00:00,370.5,128.016,12.5,15.9,0.0,0.0
2026-02-28 09:15:00,370.2,128.016,12.5,15.9,0.0,0.0
2026-02-28 09:30:00,370.2,131.064,12.5,15.9,0.0,0.0
2026-02-28 09:45:00,370.3,128.016,12.4,15.9,0.0,0.0
2026-02-28 10:00:00,370.5,128.016,12.4,14.9,0.0,0.0
2026-02-28 10:15:00,370.5,128.016,12.4,14.9,0.0,0.0
2026-02-28 10:30:00,370.5,131.064,12.4,14.9,0.0,0.0
2026-02-28 10:45:00,370.3,131.064,12.4,14.9,0.0,0.0
2026-02-28 11:00:00,370.6,128.016,12.4,15.3,0.0,0.0
2026-02-28 11:15:00,370.5,128.016,12.4,15.3,0.0,0.0
2026-02-28 11:30:00,370.6,128.016,12.4,15.3,0.0,0.0
2026-02-28 11:45:00,370.6,131.064,12.4,15.3,0.0,0.0
2026-02-28 12:00:00,370.8,131.064,12.4,15.7,0.0,0.0
2026-02-28 12:15:00,370.8,128.016,12.4,15.7,0.0,0.0
2026-02-28 12:30:00,370.8,128.016,12.3,15.7,0.0,0.0
2026-02-28 12:45:00,370.8,128.016,12.3,15.7,0.0,0.0
2026-02-28 13:00:00,370.9,131.064,12.3,15.9,0.0,0.0
2026-02-28 13:15:00,371.1,128.016,12.3,15.9,0.0,0.0
2026-02-28 13:30:00,371.4,128.016,12.3,15.9,0.0,0.0
2026-02-28 13:45:00,371.1,128.016,12.3,15.9,0.0,0.0
2026-02-28 14:00:00,370.9,128.016,12.3,14.7,0.0,0.0
2026-02-28 14:15:00,370.9,131.064,12.3,14.7,0.0,0.0
2026-02-28 14:30:00,370.9,131.064,12.3,14.7,0.0,0.0
2026-02-28 14:45:00,371.2,131.064,12.3,14.7,0.0,0.0
2026-02-28 15:00:00,371.1,128.016,12.3,13.6,0.0,2.0
2026-02-28 15:15:00,370.9,131.064,12.2,13.6,0.0,2.0
2026-02-28 15:30:00,371.0,131.064,12.2,13.6,0.0,2.0
2026-02-28 15:45:00,370.8,128.016,12.2,13.6,0.0,2.0
2026-02-28 16:00:00,370.2,128.016,12.2,15.1,0.0,96.0
2026-02-28 16:15:00,370.1,131.064,12.2,15.1,0.0,96.0
2026-02-28 16:30:00,370.1,131.064,12.2,15.1,0.0,96.0
2026-02-28 16:45:00,370.5,131.064,12.2,15.1,0.0,96.0
2026-02-28 17:00:00,370.5,128.016,12.2,19.6,0.0,257.0
2026-02-28 17:15:00,370.7,128.016,12.2,19.6,0.0,257.0
2026-02-28 17:30:00,370.8,128.016,12.2,19.6,0.0,257.0
2026-02-28 17:45:00,370.9,128.016,12.2,19.6,0.0,257.0
2026-02-28 18:00:00,371.2,128.016,12.2,22.5,0.0,426.0
2026-02-28 18:15:00,371.2,128.016,12.3,22.5,0.0,426.0
2026-02-28 18:30:00,371.6,128.016,12.3,22.5,0.0,426.0
2026-02-28 18:45:00,372.1,128.016,12.3,22.5,0.0,426.0
2026-02-28 19:00:00,372.7,128.016,12.4,23.0,0.0,528.0
2026-02-28 19:15:00,373.1,128.016,12.4,23.0,0.0,528.0
2026-02-28 19:30:00,373.5,128.016,12.5,23.0,0.0,528.0
2026-02-28 19:45:00,373.7,128.016,12.5,23.0,0.0,528.0
2026-02-28 20:00:00,374.1,128.016,12.6,22.7,0.0,520.0
2026-02-28 20:15:00,374.8,128.016,12.6,22.7,0.0,520.0
2026-02-28 20:30:00,375.3,128.016,12.7,22.7,0.0,520.0
2026-02-28 20:45:00,375.3,128.016,12.7,22.7,0.0,520.0
2026-02-28 21:00:00,375.7,128.016,12.7,23.0,0.0,611.0
2026-02-28 21:15:00,376.0,128.016,12.8,23.0,0.0,611.0
2026-02-28 21:30:00,376.6,128.016,12.8,23.0,0.0,611.0
2026-02-28 21:45:00,377.2,124.968,12.9,23.0,0.0,611.0
2026-02-28 22:00:00,377.7,128.016,12.9,22.7,0.0,645.0
2026-02-28 22:15:00,378.1,128.016,13.0,22.7,0.0,645.0
2026-02-28 22:30:00,378.7,128.016,13.1,22.7,0.0,645.0
2026-02-28 22:45:00,379.1,124.968,13.1,22.7,0.0,645.0
2026-02-28 23:00:00,379.4,124.968,13.1,22.0,0.0,512.0
2026-02-28 23:15:00,379.6,128.016,13.2,22.0,0.0,512.0
2026-02-28 23:30:00,380.0,128.016,13.2,22.0,0.0,512.0
2026-02-28 23:45:00,380.4,124.968,13.2,22.0,0.0,512.0
2026-03-01 00:00:00,380.6,124.968,13.3,21.9,0.0,362.0
2026-03-01 00:15:00,380.4,124.968,13.3,21.9,0.0,362.0
2026-03-01 00:30:00,380.4,124.968,13.3,21.9,0.0,362.0
2026-03-01 00:45:00,380.3,124.968,13.3,21.9,0.0,362.0
2026-03-01 01:00:00,380.3,124.968,13.3,20.3,0.0,147.0
2026-03-01 01:15:00,380.0,124.968,13.2,20.3,0.0,147.0
2026-03-01 01:30:00,379.5,124.968,13.2,20.3,0.0,147.0
2026-03-01 01:45:00,379.3,128.016,13.2,20.3,0.0,147.0
2026-03-01 02:00:00,379.2,128.016,13.2,17.0,0.0,40.0
2026-03-01 02:15:00,378.9,124.968,13.2,17.0,0.0,40.0
2026-03-01 02:30:00,378.7,124.968,13.1,17.0,0.0,40.0
2026-03-01 02:45:00,377.9,128.016,13.1,17.0,0.0,40.0
2026-03-01 03:00:00,377.5,128.016,13.0,14.9,0.0,0.0
2026-03-01 03:15:00,377.2,128.016,13.0,14.9,0.0,0.0
2026-03-01 03:30:00,376.8,124.968,12.9,14.9,0.0,0.0
2026-03-01 03:45:00,376.1,124.968,12.9,14.9,0.0,0.0
2026-03-01 04:00:00,375.8,128.016,12.8,13.9,0.0,0.0
2026-03-01 04:15:00,375.5,128.016,12.8,13.9,0.0,0.0
2026-03-01 04:30:00,375.2,128.016,12.8,13.9,0.0,0.0
2026-03-01 04:45:00,374.8,128.016,12.7,13.9,0.0,0.0
2026-03-01 05:00:00,374.5,128.016,12.7,13.2,0.0,0.0
2026-03-01 05:15:00,374.0,128.016,12.7,13.2,0.0,0.0
2026-03-01 05:30:00,373.9,128.016,12.6,13.2,0.0,0.0
2026-03-01 05:45:00,373.6,124.968,12.6,13.2,0.0,0.0
2026-03-01 06:00:00,373.2,124.968,12.6,13.2,0.0,0.0
2026-03-01 06:15:00,372.6,128.016,12.5,13.2,0.0,0.0
2026-03-01 06:30:00,372.5,128.016,12.5,13.2,0.0,0.0
2026-03-01 06:45:00,372.1,128.016,12.5,13.2,0.0,0.0
2026-03-01 07:00:00,371.6,128.016,12.5,13.2,0.0,0.0
2026-03-01 07:15:00,371.2,124.968,12.4,13.2,0.0,0.0
2026-03-01 07:30:00,371.1,128.016,12.4,13.2,0.0,0.0
2026-03-01 07:45:00,370.9,128.016,12.4,13.2,0.0,0.0
